[2026-09-23T00:00:04.977+0000] {processor.py:186} INFO - Started process (PID=11300) to work on /opt/airflow/dags/weather_etl.py
[2026-09-23T00:00:04.979+0000] {processor.py:914} INFO - Processing file /opt/airflow/dags/weather_etl.py for tasks to queue
[2026-09-23T00:00:04.983+0000] {logging_mixin.py:190} INFO - [2026-09-23T00:00:04.982+0000] {dagbag.py:587} INFO - Filling up the DagBag from /opt/airflow/dags/weather_etl.py
[2026-09-23T00:00:05.004+0000] {processor.py:925} INFO - DAG(s) 'weather_etl' retrieved from /opt/airflow/dags/weather_etl.py
[2026-09-23T00:00:05.015+0000] {logging_mixin.py:190} INFO - [2026-09-23T00:00:05.015+0000] {dag.py:3229} INFO - Sync 1 DAGs
[2026-09-23T00:00:05.026+0000] {logging_mixin.py:190} INFO - [2026-09-23T00:00:05.026+0000] {dag.py:4156} INFO - Setting next_dagrun for weather_etl to 2026-09-22 02:30:00+00:00, run_after=2026-09-23 02:30:00+00:00
[2026-09-23T00:00:05.033+0000] {processor.py:208} INFO - Processing /opt/airflow/dags/weather_etl.py took 0.067 seconds
[2026-09-23T00:00:35.313+0000] {processor.py:186} INFO - Started process (PID=11312) to work on /opt/airflow/dags/weather_etl.py
[2026-09-23T00:00:35.314+0000] {processor.py:914} INFO - Processing file /opt/airflow/dags/weather_etl.py for tasks to queue
[2026-09-23T00:00:35.317+0000] {logging_mixin.py:190} INFO - [2026-09-23T00:00:35.317+0000] {dagbag.py:587} INFO - Filling up the DagBag from /opt/airflow/dags/weather_etl.py
[2026-09-23T00:00:35.344+0000] {processor.py:925} INFO - DAG(s) 'weather_etl' retrieved from /opt/airflow/dags/weather_etl.py
[2026-09-23T00:00:35.356+0000] {logging_mixin.py:190} INFO - [2026-09-23T00:00:35.356+0000] {dag.py:3229} INFO - Sync 1 DAGs
[2026-09-23T00:00:35.379+0000] {logging_mixin.py:190} INFO - [2026-09-23T00:00:35.379+0000] {dag.py:4156} INFO - Setting next_dagrun for weather_etl to 2026-09-22 02:30:00+00:00, run_after=2026-09-23 02:30:00+00:00
[2026-09-23T00:00:35.393+0000] {processor.py:208} INFO - Processing /opt/airflow/dags/weather_etl.py took 0.091 seconds
[2026-09-23T00:01:05.726+0000] {processor.py:186} INFO - Started process (PID=11323) to work on /opt/airflow/dags/weather_etl.py
[2026-09-23T00:01:05.728+0000] {processor.py:914} INFO - Processing file /opt/airflow/dags/weather_etl.py for tasks to queue
[2026-09-23T00:01:05.739+0000] {logging_mixin.py:190} INFO - [2026-09-23T00:01:05.736+0000] {dagbag.py:587} INFO - Filling up the DagBag from /opt/airflow/dags/weather_etl.py
[2026-09-23T00:01:05.776+0000] {processor.py:925} INFO - DAG(s) 'weather_etl' retrieved from /opt/airflow/dags/weather_etl.py
[2026-09-23T00:01:05.793+0000] {logging_mixin.py:190} INFO - [2026-09-23T00:01:05.793+0000] {dag.py:3229} INFO - Sync 1 DAGs
[2026-09-23T00:01:05.813+0000] {logging_mixin.py:190} INFO - [2026-09-23T00:01:05.812+0000] {dag.py:4156} INFO - Setting next_dagrun for weather_etl to 2026-09-22 02:30:00+00:00, run_after=2026-09-23 02:30:00+00:00
[2026-09-23T00:01:05.822+0000] {processor.py:208} INFO - Processing /opt/airflow/dags/weather_etl.py took 0.109 seconds
[2026-09-23T00:01:36.079+0000] {processor.py:186} INFO - Started process (PID=11334) to work on /opt/airflow/dags/weather_etl.py
[2026-09-23T00:01:36.080+0000] {processor.py:914} INFO - Processing file /opt/airflow/dags/weather_etl.py for tasks to queue
[2026-09-23T00:01:36.082+0000] {logging_mixin.py:190} INFO - [2026-09-23T00:01:36.082+0000] {dagbag.py:587} INFO - Filling up the DagBag from /opt/airflow/dags/weather_etl.py
[2026-09-23T00:01:36.102+0000] {processor.py:925} INFO - DAG(s) 'weather_etl' retrieved from /opt/airflow/dags/weather_etl.py
[2026-09-23T00:01:36.110+0000] {logging_mixin.py:190} INFO - [2026-09-23T00:01:36.110+0000] {dag.py:3229} INFO - Sync 1 DAGs
[2026-09-23T00:01:36.122+0000] {logging_mixin.py:190} INFO - [2026-09-23T00:01:36.122+0000] {dag.py:4156} INFO - Setting next_dagrun for weather_etl to 2026-09-22 02:30:00+00:00, run_after=2026-09-23 02:30:00+00:00
[2026-09-23T00:01:36.130+0000] {processor.py:208} INFO - Processing /opt/airflow/dags/weather_etl.py took 0.059 seconds
[2026-09-23T00:02:06.481+0000] {processor.py:186} INFO - Started process (PID=11345) to work on /opt/airflow/dags/weather_etl.py
[2026-09-23T00:02:06.483+0000] {processor.py:914} INFO - Processing file /opt/airflow/dags/weather_etl.py for tasks to queue
[2026-09-23T00:02:06.486+0000] {logging_mixin.py:190} INFO - [2026-09-23T00:02:06.486+0000] {dagbag.py:587} INFO - Filling up the DagBag from /opt/airflow/dags/weather_etl.py
[2026-09-23T00:02:06.509+0000] {processor.py:925} INFO - DAG(s) 'weather_etl' retrieved from /opt/airflow/dags/weather_etl.py
[2026-09-23T00:02:06.520+0000] {logging_mixin.py:190} INFO - [2026-09-23T00:02:06.520+0000] {dag.py:3229} INFO - Sync 1 DAGs
[2026-09-23T00:02:06.531+0000] {logging_mixin.py:190} INFO - [2026-09-23T00:02:06.530+0000] {dag.py:4156} INFO - Setting next_dagrun for weather_etl to 2026-09-22 02:30:00+00:00, run_after=2026-09-23 02:30:00+00:00
[2026-09-23T00:02:06.537+0000] {processor.py:208} INFO - Processing /opt/airflow/dags/weather_etl.py took 0.068 seconds
[2026-09-23T00:02:36.878+0000] {processor.py:186} INFO - Started process (PID=11356) to work on /opt/airflow/dags/weather_etl.py
[2026-09-23T00:02:36.883+0000] {processor.py:914} INFO - Processing file /opt/airflow/dags/weather_etl.py for tasks to queue
[2026-09-23T00:02:36.885+0000] {logging_mixin.py:190} INFO - [2026-09-23T00:02:36.884+0000] {dagbag.py:587} INFO - Filling up the DagBag from /opt/airflow/dags/weather_etl.py
[2026-09-23T00:02:36.909+0000] {processor.py:925} INFO - DAG(s) 'weather_etl' retrieved from /opt/airflow/dags/weather_etl.py
[2026-09-23T00:02:36.920+0000] {logging_mixin.py:190} INFO - [2026-09-23T00:02:36.920+0000] {dag.py:3229} INFO - Sync 1 DAGs
[2026-09-23T00:02:36.935+0000] {logging_mixin.py:190} INFO - [2026-09-23T00:02:36.934+0000] {dag.py:4156} INFO - Setting next_dagrun for weather_etl to 2026-09-22 02:30:00+00:00, run_after=2026-09-23 02:30:00+00:00
[2026-09-23T00:02:36.945+0000] {processor.py:208} INFO - Processing /opt/airflow/dags/weather_etl.py took 0.080 seconds
[2026-09-23T00:03:07.195+0000] {processor.py:186} INFO - Started process (PID=11367) to work on /opt/airflow/dags/weather_etl.py
[2026-09-23T00:03:07.197+0000] {processor.py:914} INFO - Processing file /opt/airflow/dags/weather_etl.py for tasks to queue
[2026-09-23T00:03:07.200+0000] {logging_mixin.py:190} INFO - [2026-09-23T00:03:07.200+0000] {dagbag.py:587} INFO - Filling up the DagBag from /opt/airflow/dags/weather_etl.py
[2026-09-23T00:03:07.223+0000] {processor.py:925} INFO - DAG(s) 'weather_etl' retrieved from /opt/airflow/dags/weather_etl.py
[2026-09-23T00:03:07.235+0000] {logging_mixin.py:190} INFO - [2026-09-23T00:03:07.235+0000] {dag.py:3229} INFO - Sync 1 DAGs
[2026-09-23T00:03:07.246+0000] {logging_mixin.py:190} INFO - [2026-09-23T00:03:07.246+0000] {dag.py:4156} INFO - Setting next_dagrun for weather_etl to 2026-09-22 02:30:00+00:00, run_after=2026-09-23 02:30:00+00:00
[2026-09-23T00:03:07.253+0000] {processor.py:208} INFO - Processing /opt/airflow/dags/weather_etl.py took 0.069 seconds
[2026-09-23T00:03:37.561+0000] {processor.py:186} INFO - Started process (PID=11378) to work on /opt/airflow/dags/weather_etl.py
[2026-09-23T00:03:37.563+0000] {processor.py:914} INFO - Processing file /opt/airflow/dags/weather_etl.py for tasks to queue
[2026-09-23T00:03:37.565+0000] {logging_mixin.py:190} INFO - [2026-09-23T00:03:37.565+0000] {dagbag.py:587} INFO - Filling up the DagBag from /opt/airflow/dags/weather_etl.py
[2026-09-23T00:03:37.585+0000] {processor.py:925} INFO - DAG(s) 'weather_etl' retrieved from /opt/airflow/dags/weather_etl.py
[2026-09-23T00:03:37.595+0000] {logging_mixin.py:190} INFO - [2026-09-23T00:03:37.595+0000] {dag.py:3229} INFO - Sync 1 DAGs
[2026-09-23T00:03:37.608+0000] {logging_mixin.py:190} INFO - [2026-09-23T00:03:37.608+0000] {dag.py:4156} INFO - Setting next_dagrun for weather_etl to 2026-09-22 02:30:00+00:00, run_after=2026-09-23 02:30:00+00:00
[2026-09-23T00:03:37.616+0000] {processor.py:208} INFO - Processing /opt/airflow/dags/weather_etl.py took 0.061 seconds
[2026-09-23T00:04:07.936+0000] {processor.py:186} INFO - Started process (PID=11389) to work on /opt/airflow/dags/weather_etl.py
[2026-09-23T00:04:07.937+0000] {processor.py:914} INFO - Processing file /opt/airflow/dags/weather_etl.py for tasks to queue
[2026-09-23T00:04:07.940+0000] {logging_mixin.py:190} INFO - [2026-09-23T00:04:07.940+0000] {dagbag.py:587} INFO - Filling up the DagBag from /opt/airflow/dags/weather_etl.py
[2026-09-23T00:04:07.962+0000] {processor.py:925} INFO - DAG(s) 'weather_etl' retrieved from /opt/airflow/dags/weather_etl.py
[2026-09-23T00:04:07.974+0000] {logging_mixin.py:190} INFO - [2026-09-23T00:04:07.973+0000] {dag.py:3229} INFO - Sync 1 DAGs
[2026-09-23T00:04:07.995+0000] {logging_mixin.py:190} INFO - [2026-09-23T00:04:07.995+0000] {dag.py:4156} INFO - Setting next_dagrun for weather_etl to 2026-09-22 02:30:00+00:00, run_after=2026-09-23 02:30:00+00:00
[2026-09-23T00:04:08.007+0000] {processor.py:208} INFO - Processing /opt/airflow/dags/weather_etl.py took 0.078 seconds
[2026-09-23T00:04:38.314+0000] {processor.py:186} INFO - Started process (PID=11400) to work on /opt/airflow/dags/weather_etl.py
[2026-09-23T00:04:38.315+0000] {processor.py:914} INFO - Processing file /opt/airflow/dags/weather_etl.py for tasks to queue
[2026-09-23T00:04:38.317+0000] {logging_mixin.py:190} INFO - [2026-09-23T00:04:38.317+0000] {dagbag.py:587} INFO - Filling up the DagBag from /opt/airflow/dags/weather_etl.py
[2026-09-23T00:04:38.345+0000] {processor.py:925} INFO - DAG(s) 'weather_etl' retrieved from /opt/airflow/dags/weather_etl.py
[2026-09-23T00:04:38.359+0000] {logging_mixin.py:190} INFO - [2026-09-23T00:04:38.358+0000] {dag.py:3229} INFO - Sync 1 DAGs
[2026-09-23T00:04:38.372+0000] {logging_mixin.py:190} INFO - [2026-09-23T00:04:38.371+0000] {dag.py:4156} INFO - Setting next_dagrun for weather_etl to 2026-09-22 02:30:00+00:00, run_after=2026-09-23 02:30:00+00:00
[2026-09-23T00:04:38.379+0000] {processor.py:208} INFO - Processing /opt/airflow/dags/weather_etl.py took 0.072 seconds
[2026-09-23T00:05:08.715+0000] {processor.py:186} INFO - Started process (PID=11411) to work on /opt/airflow/dags/weather_etl.py
[2026-09-23T00:05:08.716+0000] {processor.py:914} INFO - Processing file /opt/airflow/dags/weather_etl.py for tasks to queue
[2026-09-23T00:05:08.720+0000] {logging_mixin.py:190} INFO - [2026-09-23T00:05:08.720+0000] {dagbag.py:587} INFO - Filling up the DagBag from /opt/airflow/dags/weather_etl.py
[2026-09-23T00:05:08.744+0000] {processor.py:925} INFO - DAG(s) 'weather_etl' retrieved from /opt/airflow/dags/weather_etl.py
[2026-09-23T00:05:08.766+0000] {logging_mixin.py:190} INFO - [2026-09-23T00:05:08.766+0000] {dag.py:3229} INFO - Sync 1 DAGs
[2026-09-23T00:05:08.778+0000] {logging_mixin.py:190} INFO - [2026-09-23T00:05:08.778+0000] {dag.py:4156} INFO - Setting next_dagrun for weather_etl to 2026-09-22 02:30:00+00:00, run_after=2026-09-23 02:30:00+00:00
[2026-09-23T00:05:08.787+0000] {processor.py:208} INFO - Processing /opt/airflow/dags/weather_etl.py took 0.078 seconds
[2026-09-23T00:05:39.083+0000] {processor.py:186} INFO - Started process (PID=11422) to work on /opt/airflow/dags/weather_etl.py
[2026-09-23T00:05:39.085+0000] {processor.py:914} INFO - Processing file /opt/airflow/dags/weather_etl.py for tasks to queue
[2026-09-23T00:05:39.087+0000] {logging_mixin.py:190} INFO - [2026-09-23T00:05:39.087+0000] {dagbag.py:587} INFO - Filling up the DagBag from /opt/airflow/dags/weather_etl.py
[2026-09-23T00:05:39.105+0000] {processor.py:925} INFO - DAG(s) 'weather_etl' retrieved from /opt/airflow/dags/weather_etl.py
[2026-09-23T00:05:39.114+0000] {logging_mixin.py:190} INFO - [2026-09-23T00:05:39.114+0000] {dag.py:3229} INFO - Sync 1 DAGs
[2026-09-23T00:05:39.126+0000] {logging_mixin.py:190} INFO - [2026-09-23T00:05:39.126+0000] {dag.py:4156} INFO - Setting next_dagrun for weather_etl to 2026-09-22 02:30:00+00:00, run_after=2026-09-23 02:30:00+00:00
[2026-09-23T00:05:39.133+0000] {processor.py:208} INFO - Processing /opt/airflow/dags/weather_etl.py took 0.058 seconds
[2026-09-23T00:06:09.477+0000] {processor.py:186} INFO - Started process (PID=11433) to work on /opt/airflow/dags/weather_etl.py
[2026-09-23T00:06:09.478+0000] {processor.py:914} INFO - Processing file /opt/airflow/dags/weather_etl.py for tasks to queue
[2026-09-23T00:06:09.480+0000] {logging_mixin.py:190} INFO - [2026-09-23T00:06:09.480+0000] {dagbag.py:587} INFO - Filling up the DagBag from /opt/airflow/dags/weather_etl.py
[2026-09-23T00:06:09.498+0000] {processor.py:925} INFO - DAG(s) 'weather_etl' retrieved from /opt/airflow/dags/weather_etl.py
[2026-09-23T00:06:09.506+0000] {logging_mixin.py:190} INFO - [2026-09-23T00:06:09.506+0000] {dag.py:3229} INFO - Sync 1 DAGs
[2026-09-23T00:06:09.518+0000] {logging_mixin.py:190} INFO - [2026-09-23T00:06:09.518+0000] {dag.py:4156} INFO - Setting next_dagrun for weather_etl to 2026-09-22 02:30:00+00:00, run_after=2026-09-23 02:30:00+00:00
[2026-09-23T00:06:09.525+0000] {processor.py:208} INFO - Processing /opt/airflow/dags/weather_etl.py took 0.055 seconds
[2026-09-23T00:06:39.856+0000] {processor.py:186} INFO - Started process (PID=11444) to work on /opt/airflow/dags/weather_etl.py
[2026-09-23T00:06:39.858+0000] {processor.py:914} INFO - Processing file /opt/airflow/dags/weather_etl.py for tasks to queue
[2026-09-23T00:06:39.861+0000] {logging_mixin.py:190} INFO - [2026-09-23T00:06:39.861+0000] {dagbag.py:587} INFO - Filling up the DagBag from /opt/airflow/dags/weather_etl.py
[2026-09-23T00:06:39.882+0000] {processor.py:925} INFO - DAG(s) 'weather_etl' retrieved from /opt/airflow/dags/weather_etl.py
[2026-09-23T00:06:39.893+0000] {logging_mixin.py:190} INFO - [2026-09-23T00:06:39.893+0000] {dag.py:3229} INFO - Sync 1 DAGs
[2026-09-23T00:06:39.904+0000] {logging_mixin.py:190} INFO - [2026-09-23T00:06:39.904+0000] {dag.py:4156} INFO - Setting next_dagrun for weather_etl to 2026-09-22 02:30:00+00:00, run_after=2026-09-23 02:30:00+00:00
[2026-09-23T00:06:39.911+0000] {processor.py:208} INFO - Processing /opt/airflow/dags/weather_etl.py took 0.063 seconds
[2026-09-23T00:07:10.213+0000] {processor.py:186} INFO - Started process (PID=11455) to work on /opt/airflow/dags/weather_etl.py
[2026-09-23T00:07:10.216+0000] {processor.py:914} INFO - Processing file /opt/airflow/dags/weather_etl.py for tasks to queue
[2026-09-23T00:07:10.218+0000] {logging_mixin.py:190} INFO - [2026-09-23T00:07:10.218+0000] {dagbag.py:587} INFO - Filling up the DagBag from /opt/airflow/dags/weather_etl.py
[2026-09-23T00:07:10.238+0000] {processor.py:925} INFO - DAG(s) 'weather_etl' retrieved from /opt/airflow/dags/weather_etl.py
[2026-09-23T00:07:10.248+0000] {logging_mixin.py:190} INFO - [2026-09-23T00:07:10.247+0000] {dag.py:3229} INFO - Sync 1 DAGs
[2026-09-23T00:07:10.260+0000] {logging_mixin.py:190} INFO - [2026-09-23T00:07:10.260+0000] {dag.py:4156} INFO - Setting next_dagrun for weather_etl to 2026-09-22 02:30:00+00:00, run_after=2026-09-23 02:30:00+00:00
[2026-09-23T00:07:10.267+0000] {processor.py:208} INFO - Processing /opt/airflow/dags/weather_etl.py took 0.061 seconds
[2026-09-23T00:07:40.532+0000] {processor.py:186} INFO - Started process (PID=11466) to work on /opt/airflow/dags/weather_etl.py
[2026-09-23T00:07:40.534+0000] {processor.py:914} INFO - Processing file /opt/airflow/dags/weather_etl.py for tasks to queue
[2026-09-23T00:07:40.537+0000] {logging_mixin.py:190} INFO - [2026-09-23T00:07:40.537+0000] {dagbag.py:587} INFO - Filling up the DagBag from /opt/airflow/dags/weather_etl.py
[2026-09-23T00:07:40.558+0000] {processor.py:925} INFO - DAG(s) 'weather_etl' retrieved from /opt/airflow/dags/weather_etl.py
[2026-09-23T00:07:40.570+0000] {logging_mixin.py:190} INFO - [2026-09-23T00:07:40.570+0000] {dag.py:3229} INFO - Sync 1 DAGs
[2026-09-23T00:07:40.582+0000] {logging_mixin.py:190} INFO - [2026-09-23T00:07:40.582+0000] {dag.py:4156} INFO - Setting next_dagrun for weather_etl to 2026-09-22 02:30:00+00:00, run_after=2026-09-23 02:30:00+00:00
[2026-09-23T00:07:40.589+0000] {processor.py:208} INFO - Processing /opt/airflow/dags/weather_etl.py took 0.064 seconds
[2026-09-23T00:08:10.909+0000] {processor.py:186} INFO - Started process (PID=11477) to work on /opt/airflow/dags/weather_etl.py
[2026-09-23T00:08:10.910+0000] {processor.py:914} INFO - Processing file /opt/airflow/dags/weather_etl.py for tasks to queue
[2026-09-23T00:08:10.912+0000] {logging_mixin.py:190} INFO - [2026-09-23T00:08:10.912+0000] {dagbag.py:587} INFO - Filling up the DagBag from /opt/airflow/dags/weather_etl.py
[2026-09-23T00:08:10.931+0000] {processor.py:925} INFO - DAG(s) 'weather_etl' retrieved from /opt/airflow/dags/weather_etl.py
[2026-09-23T00:08:10.939+0000] {logging_mixin.py:190} INFO - [2026-09-23T00:08:10.939+0000] {dag.py:3229} INFO - Sync 1 DAGs
[2026-09-23T00:08:10.949+0000] {logging_mixin.py:190} INFO - [2026-09-23T00:08:10.949+0000] {dag.py:4156} INFO - Setting next_dagrun for weather_etl to 2026-09-22 02:30:00+00:00, run_after=2026-09-23 02:30:00+00:00
[2026-09-23T00:08:10.956+0000] {processor.py:208} INFO - Processing /opt/airflow/dags/weather_etl.py took 0.053 seconds
[2026-09-23T00:08:41.271+0000] {processor.py:186} INFO - Started process (PID=11488) to work on /opt/airflow/dags/weather_etl.py
[2026-09-23T00:08:41.274+0000] {processor.py:914} INFO - Processing file /opt/airflow/dags/weather_etl.py for tasks to queue
[2026-09-23T00:08:41.276+0000] {logging_mixin.py:190} INFO - [2026-09-23T00:08:41.276+0000] {dagbag.py:587} INFO - Filling up the DagBag from /opt/airflow/dags/weather_etl.py
[2026-09-23T00:08:41.300+0000] {processor.py:925} INFO - DAG(s) 'weather_etl' retrieved from /opt/airflow/dags/weather_etl.py
[2026-09-23T00:08:41.312+0000] {logging_mixin.py:190} INFO - [2026-09-23T00:08:41.312+0000] {dag.py:3229} INFO - Sync 1 DAGs
[2026-09-23T00:08:41.329+0000] {logging_mixin.py:190} INFO - [2026-09-23T00:08:41.329+0000] {dag.py:4156} INFO - Setting next_dagrun for weather_etl to 2026-09-22 02:30:00+00:00, run_after=2026-09-23 02:30:00+00:00
[2026-09-23T00:08:41.339+0000] {processor.py:208} INFO - Processing /opt/airflow/dags/weather_etl.py took 0.075 seconds
[2026-09-23T00:09:11.660+0000] {processor.py:186} INFO - Started process (PID=11499) to work on /opt/airflow/dags/weather_etl.py
[2026-09-23T00:09:11.662+0000] {processor.py:914} INFO - Processing file /opt/airflow/dags/weather_etl.py for tasks to queue
[2026-09-23T00:09:11.666+0000] {logging_mixin.py:190} INFO - [2026-09-23T00:09:11.666+0000] {dagbag.py:587} INFO - Filling up the DagBag from /opt/airflow/dags/weather_etl.py
[2026-09-23T00:09:11.688+0000] {processor.py:925} INFO - DAG(s) 'weather_etl' retrieved from /opt/airflow/dags/weather_etl.py
[2026-09-23T00:09:11.699+0000] {logging_mixin.py:190} INFO - [2026-09-23T00:09:11.698+0000] {dag.py:3229} INFO - Sync 1 DAGs
[2026-09-23T00:09:11.710+0000] {logging_mixin.py:190} INFO - [2026-09-23T00:09:11.710+0000] {dag.py:4156} INFO - Setting next_dagrun for weather_etl to 2026-09-22 02:30:00+00:00, run_after=2026-09-23 02:30:00+00:00
[2026-09-23T00:09:11.716+0000] {processor.py:208} INFO - Processing /opt/airflow/dags/weather_etl.py took 0.065 seconds
[2026-09-23T00:09:42.051+0000] {processor.py:186} INFO - Started process (PID=11510) to work on /opt/airflow/dags/weather_etl.py
[2026-09-23T00:09:42.052+0000] {processor.py:914} INFO - Processing file /opt/airflow/dags/weather_etl.py for tasks to queue
[2026-09-23T00:09:42.055+0000] {logging_mixin.py:190} INFO - [2026-09-23T00:09:42.054+0000] {dagbag.py:587} INFO - Filling up the DagBag from /opt/airflow/dags/weather_etl.py
[2026-09-23T00:09:42.074+0000] {processor.py:925} INFO - DAG(s) 'weather_etl' retrieved from /opt/airflow/dags/weather_etl.py
[2026-09-23T00:09:42.083+0000] {logging_mixin.py:190} INFO - [2026-09-23T00:09:42.083+0000] {dag.py:3229} INFO - Sync 1 DAGs
[2026-09-23T00:09:42.093+0000] {logging_mixin.py:190} INFO - [2026-09-23T00:09:42.093+0000] {dag.py:4156} INFO - Setting next_dagrun for weather_etl to 2026-09-22 02:30:00+00:00, run_after=2026-09-23 02:30:00+00:00
[2026-09-23T00:09:42.100+0000] {processor.py:208} INFO - Processing /opt/airflow/dags/weather_etl.py took 0.056 seconds
[2026-09-23T00:10:12.421+0000] {processor.py:186} INFO - Started process (PID=11521) to work on /opt/airflow/dags/weather_etl.py
[2026-09-23T00:10:12.422+0000] {processor.py:914} INFO - Processing file /opt/airflow/dags/weather_etl.py for tasks to queue
[2026-09-23T00:10:12.425+0000] {logging_mixin.py:190} INFO - [2026-09-23T00:10:12.424+0000] {dagbag.py:587} INFO - Filling up the DagBag from /opt/airflow/dags/weather_etl.py
[2026-09-23T00:10:12.444+0000] {processor.py:925} INFO - DAG(s) 'weather_etl' retrieved from /opt/airflow/dags/weather_etl.py
[2026-09-23T00:10:12.454+0000] {logging_mixin.py:190} INFO - [2026-09-23T00:10:12.454+0000] {dag.py:3229} INFO - Sync 1 DAGs
[2026-09-23T00:10:12.467+0000] {logging_mixin.py:190} INFO - [2026-09-23T00:10:12.466+0000] {dag.py:4156} INFO - Setting next_dagrun for weather_etl to 2026-09-22 02:30:00+00:00, run_after=2026-09-23 02:30:00+00:00
[2026-09-23T00:10:12.476+0000] {processor.py:208} INFO - Processing /opt/airflow/dags/weather_etl.py took 0.061 seconds
[2026-09-23T00:10:42.798+0000] {processor.py:186} INFO - Started process (PID=11532) to work on /opt/airflow/dags/weather_etl.py
[2026-09-23T00:10:42.800+0000] {processor.py:914} INFO - Processing file /opt/airflow/dags/weather_etl.py for tasks to queue
[2026-09-23T00:10:42.802+0000] {logging_mixin.py:190} INFO - [2026-09-23T00:10:42.802+0000] {dagbag.py:587} INFO - Filling up the DagBag from /opt/airflow/dags/weather_etl.py
[2026-09-23T00:10:42.818+0000] {processor.py:925} INFO - DAG(s) 'weather_etl' retrieved from /opt/airflow/dags/weather_etl.py
[2026-09-23T00:10:42.827+0000] {logging_mixin.py:190} INFO - [2026-09-23T00:10:42.827+0000] {dag.py:3229} INFO - Sync 1 DAGs
[2026-09-23T00:10:42.837+0000] {logging_mixin.py:190} INFO - [2026-09-23T00:10:42.837+0000] {dag.py:4156} INFO - Setting next_dagrun for weather_etl to 2026-09-22 02:30:00+00:00, run_after=2026-09-23 02:30:00+00:00
[2026-09-23T00:10:42.845+0000] {processor.py:208} INFO - Processing /opt/airflow/dags/weather_etl.py took 0.055 seconds
[2026-09-23T00:11:13.151+0000] {processor.py:186} INFO - Started process (PID=11543) to work on /opt/airflow/dags/weather_etl.py
[2026-09-23T00:11:13.153+0000] {processor.py:914} INFO - Processing file /opt/airflow/dags/weather_etl.py for tasks to queue
[2026-09-23T00:11:13.156+0000] {logging_mixin.py:190} INFO - [2026-09-23T00:11:13.155+0000] {dagbag.py:587} INFO - Filling up the DagBag from /opt/airflow/dags/weather_etl.py
[2026-09-23T00:11:13.178+0000] {processor.py:925} INFO - DAG(s) 'weather_etl' retrieved from /opt/airflow/dags/weather_etl.py
[2026-09-23T00:11:13.190+0000] {logging_mixin.py:190} INFO - [2026-09-23T00:11:13.190+0000] {dag.py:3229} INFO - Sync 1 DAGs
[2026-09-23T00:11:13.204+0000] {logging_mixin.py:190} INFO - [2026-09-23T00:11:13.203+0000] {dag.py:4156} INFO - Setting next_dagrun for weather_etl to 2026-09-22 02:30:00+00:00, run_after=2026-09-23 02:30:00+00:00
[2026-09-23T00:11:13.211+0000] {processor.py:208} INFO - Processing /opt/airflow/dags/weather_etl.py took 0.067 seconds
[2026-09-23T00:11:43.482+0000] {processor.py:186} INFO - Started process (PID=11555) to work on /opt/airflow/dags/weather_etl.py
[2026-09-23T00:11:43.484+0000] {processor.py:914} INFO - Processing file /opt/airflow/dags/weather_etl.py for tasks to queue
[2026-09-23T00:11:43.487+0000] {logging_mixin.py:190} INFO - [2026-09-23T00:11:43.487+0000] {dagbag.py:587} INFO - Filling up the DagBag from /opt/airflow/dags/weather_etl.py
[2026-09-23T00:11:43.507+0000] {processor.py:925} INFO - DAG(s) 'weather_etl' retrieved from /opt/airflow/dags/weather_etl.py
[2026-09-23T00:11:43.516+0000] {logging_mixin.py:190} INFO - [2026-09-23T00:11:43.516+0000] {dag.py:3229} INFO - Sync 1 DAGs
[2026-09-23T00:11:43.527+0000] {logging_mixin.py:190} INFO - [2026-09-23T00:11:43.527+0000] {dag.py:4156} INFO - Setting next_dagrun for weather_etl to 2026-09-22 02:30:00+00:00, run_after=2026-09-23 02:30:00+00:00
[2026-09-23T00:11:43.534+0000] {processor.py:208} INFO - Processing /opt/airflow/dags/weather_etl.py took 0.058 seconds
[2026-09-23T00:12:13.863+0000] {processor.py:186} INFO - Started process (PID=11566) to work on /opt/airflow/dags/weather_etl.py
[2026-09-23T00:12:13.864+0000] {processor.py:914} INFO - Processing file /opt/airflow/dags/weather_etl.py for tasks to queue
[2026-09-23T00:12:13.867+0000] {logging_mixin.py:190} INFO - [2026-09-23T00:12:13.867+0000] {dagbag.py:587} INFO - Filling up the DagBag from /opt/airflow/dags/weather_etl.py
[2026-09-23T00:12:13.885+0000] {processor.py:925} INFO - DAG(s) 'weather_etl' retrieved from /opt/airflow/dags/weather_etl.py
[2026-09-23T00:12:13.893+0000] {logging_mixin.py:190} INFO - [2026-09-23T00:12:13.893+0000] {dag.py:3229} INFO - Sync 1 DAGs
[2026-09-23T00:12:13.905+0000] {logging_mixin.py:190} INFO - [2026-09-23T00:12:13.904+0000] {dag.py:4156} INFO - Setting next_dagrun for weather_etl to 2026-09-22 02:30:00+00:00, run_after=2026-09-23 02:30:00+00:00
[2026-09-23T00:12:13.911+0000] {processor.py:208} INFO - Processing /opt/airflow/dags/weather_etl.py took 0.053 seconds
[2026-09-23T00:12:44.258+0000] {processor.py:186} INFO - Started process (PID=11577) to work on /opt/airflow/dags/weather_etl.py
[2026-09-23T00:12:44.274+0000] {processor.py:914} INFO - Processing file /opt/airflow/dags/weather_etl.py for tasks to queue
[2026-09-23T00:12:44.280+0000] {logging_mixin.py:190} INFO - [2026-09-23T00:12:44.279+0000] {dagbag.py:587} INFO - Filling up the DagBag from /opt/airflow/dags/weather_etl.py
[2026-09-23T00:12:44.326+0000] {processor.py:925} INFO - DAG(s) 'weather_etl' retrieved from /opt/airflow/dags/weather_etl.py
[2026-09-23T00:12:44.355+0000] {logging_mixin.py:190} INFO - [2026-09-23T00:12:44.354+0000] {dag.py:3229} INFO - Sync 1 DAGs
[2026-09-23T00:12:44.381+0000] {logging_mixin.py:190} INFO - [2026-09-23T00:12:44.381+0000] {dag.py:4156} INFO - Setting next_dagrun for weather_etl to 2026-09-22 02:30:00+00:00, run_after=2026-09-23 02:30:00+00:00
[2026-09-23T00:12:44.403+0000] {processor.py:208} INFO - Processing /opt/airflow/dags/weather_etl.py took 0.166 seconds
[2026-09-23T00:13:14.668+0000] {processor.py:186} INFO - Started process (PID=11588) to work on /opt/airflow/dags/weather_etl.py
[2026-09-23T00:13:14.670+0000] {processor.py:914} INFO - Processing file /opt/airflow/dags/weather_etl.py for tasks to queue
[2026-09-23T00:13:14.676+0000] {logging_mixin.py:190} INFO - [2026-09-23T00:13:14.675+0000] {dagbag.py:587} INFO - Filling up the DagBag from /opt/airflow/dags/weather_etl.py
[2026-09-23T00:13:14.707+0000] {processor.py:925} INFO - DAG(s) 'weather_etl' retrieved from /opt/airflow/dags/weather_etl.py
[2026-09-23T00:13:14.722+0000] {logging_mixin.py:190} INFO - [2026-09-23T00:13:14.722+0000] {dag.py:3229} INFO - Sync 1 DAGs
[2026-09-23T00:13:14.738+0000] {logging_mixin.py:190} INFO - [2026-09-23T00:13:14.738+0000] {dag.py:4156} INFO - Setting next_dagrun for weather_etl to 2026-09-22 02:30:00+00:00, run_after=2026-09-23 02:30:00+00:00
[2026-09-23T00:13:14.746+0000] {processor.py:208} INFO - Processing /opt/airflow/dags/weather_etl.py took 0.089 seconds
[2026-09-23T00:13:45.120+0000] {processor.py:186} INFO - Started process (PID=11599) to work on /opt/airflow/dags/weather_etl.py
[2026-09-23T00:13:45.123+0000] {processor.py:914} INFO - Processing file /opt/airflow/dags/weather_etl.py for tasks to queue
[2026-09-23T00:13:45.125+0000] {logging_mixin.py:190} INFO - [2026-09-23T00:13:45.124+0000] {dagbag.py:587} INFO - Filling up the DagBag from /opt/airflow/dags/weather_etl.py
[2026-09-23T00:13:45.143+0000] {processor.py:925} INFO - DAG(s) 'weather_etl' retrieved from /opt/airflow/dags/weather_etl.py
[2026-09-23T00:13:45.150+0000] {logging_mixin.py:190} INFO - [2026-09-23T00:13:45.150+0000] {dag.py:3229} INFO - Sync 1 DAGs
[2026-09-23T00:13:45.167+0000] {logging_mixin.py:190} INFO - [2026-09-23T00:13:45.167+0000] {dag.py:4156} INFO - Setting next_dagrun for weather_etl to 2026-09-22 02:30:00+00:00, run_after=2026-09-23 02:30:00+00:00
[2026-09-23T00:13:45.192+0000] {processor.py:208} INFO - Processing /opt/airflow/dags/weather_etl.py took 0.080 seconds
[2026-09-23T00:14:15.486+0000] {processor.py:186} INFO - Started process (PID=11610) to work on /opt/airflow/dags/weather_etl.py
[2026-09-23T00:14:15.487+0000] {processor.py:914} INFO - Processing file /opt/airflow/dags/weather_etl.py for tasks to queue
[2026-09-23T00:14:15.489+0000] {logging_mixin.py:190} INFO - [2026-09-23T00:14:15.489+0000] {dagbag.py:587} INFO - Filling up the DagBag from /opt/airflow/dags/weather_etl.py
[2026-09-23T00:14:15.504+0000] {processor.py:925} INFO - DAG(s) 'weather_etl' retrieved from /opt/airflow/dags/weather_etl.py
[2026-09-23T00:14:15.511+0000] {logging_mixin.py:190} INFO - [2026-09-23T00:14:15.511+0000] {dag.py:3229} INFO - Sync 1 DAGs
[2026-09-23T00:14:15.521+0000] {logging_mixin.py:190} INFO - [2026-09-23T00:14:15.521+0000] {dag.py:4156} INFO - Setting next_dagrun for weather_etl to 2026-09-22 02:30:00+00:00, run_after=2026-09-23 02:30:00+00:00
[2026-09-23T00:14:15.528+0000] {processor.py:208} INFO - Processing /opt/airflow/dags/weather_etl.py took 0.059 seconds
[2026-09-23T00:14:45.902+0000] {processor.py:186} INFO - Started process (PID=11621) to work on /opt/airflow/dags/weather_etl.py
[2026-09-23T00:14:45.903+0000] {processor.py:914} INFO - Processing file /opt/airflow/dags/weather_etl.py for tasks to queue
[2026-09-23T00:14:45.905+0000] {logging_mixin.py:190} INFO - [2026-09-23T00:14:45.904+0000] {dagbag.py:587} INFO - Filling up the DagBag from /opt/airflow/dags/weather_etl.py
[2026-09-23T00:14:45.920+0000] {processor.py:925} INFO - DAG(s) 'weather_etl' retrieved from /opt/airflow/dags/weather_etl.py
[2026-09-23T00:14:45.929+0000] {logging_mixin.py:190} INFO - [2026-09-23T00:14:45.929+0000] {dag.py:3229} INFO - Sync 1 DAGs
[2026-09-23T00:14:45.939+0000] {logging_mixin.py:190} INFO - [2026-09-23T00:14:45.939+0000] {dag.py:4156} INFO - Setting next_dagrun for weather_etl to 2026-09-22 02:30:00+00:00, run_after=2026-09-23 02:30:00+00:00
[2026-09-23T00:14:45.945+0000] {processor.py:208} INFO - Processing /opt/airflow/dags/weather_etl.py took 0.048 seconds
[2026-09-23T00:15:16.233+0000] {processor.py:186} INFO - Started process (PID=11638) to work on /opt/airflow/dags/weather_etl.py
[2026-09-23T00:15:16.236+0000] {processor.py:914} INFO - Processing file /opt/airflow/dags/weather_etl.py for tasks to queue
[2026-09-23T00:15:16.240+0000] {logging_mixin.py:190} INFO - [2026-09-23T00:15:16.239+0000] {dagbag.py:587} INFO - Filling up the DagBag from /opt/airflow/dags/weather_etl.py
[2026-09-23T00:15:16.264+0000] {processor.py:925} INFO - DAG(s) 'weather_etl' retrieved from /opt/airflow/dags/weather_etl.py
[2026-09-23T00:15:16.275+0000] {logging_mixin.py:190} INFO - [2026-09-23T00:15:16.275+0000] {dag.py:3229} INFO - Sync 1 DAGs
[2026-09-23T00:15:16.288+0000] {logging_mixin.py:190} INFO - [2026-09-23T00:15:16.288+0000] {dag.py:4156} INFO - Setting next_dagrun for weather_etl to 2026-09-22 02:30:00+00:00, run_after=2026-09-23 02:30:00+00:00
[2026-09-23T00:15:16.296+0000] {processor.py:208} INFO - Processing /opt/airflow/dags/weather_etl.py took 0.071 seconds
[2026-09-23T00:15:46.594+0000] {processor.py:186} INFO - Started process (PID=11649) to work on /opt/airflow/dags/weather_etl.py
[2026-09-23T00:15:46.596+0000] {processor.py:914} INFO - Processing file /opt/airflow/dags/weather_etl.py for tasks to queue
[2026-09-23T00:15:46.598+0000] {logging_mixin.py:190} INFO - [2026-09-23T00:15:46.598+0000] {dagbag.py:587} INFO - Filling up the DagBag from /opt/airflow/dags/weather_etl.py
[2026-09-23T00:15:46.618+0000] {processor.py:925} INFO - DAG(s) 'weather_etl' retrieved from /opt/airflow/dags/weather_etl.py
[2026-09-23T00:15:46.627+0000] {logging_mixin.py:190} INFO - [2026-09-23T00:15:46.627+0000] {dag.py:3229} INFO - Sync 1 DAGs
[2026-09-23T00:15:46.638+0000] {logging_mixin.py:190} INFO - [2026-09-23T00:15:46.638+0000] {dag.py:4156} INFO - Setting next_dagrun for weather_etl to 2026-09-22 02:30:00+00:00, run_after=2026-09-23 02:30:00+00:00
[2026-09-23T00:15:46.645+0000] {processor.py:208} INFO - Processing /opt/airflow/dags/weather_etl.py took 0.057 seconds
[2026-09-23T00:16:16.998+0000] {processor.py:186} INFO - Started process (PID=11660) to work on /opt/airflow/dags/weather_etl.py
[2026-09-23T00:16:17.000+0000] {processor.py:914} INFO - Processing file /opt/airflow/dags/weather_etl.py for tasks to queue
[2026-09-23T00:16:17.006+0000] {logging_mixin.py:190} INFO - [2026-09-23T00:16:17.005+0000] {dagbag.py:587} INFO - Filling up the DagBag from /opt/airflow/dags/weather_etl.py
[2026-09-23T00:16:17.032+0000] {processor.py:925} INFO - DAG(s) 'weather_etl' retrieved from /opt/airflow/dags/weather_etl.py
[2026-09-23T00:16:17.045+0000] {logging_mixin.py:190} INFO - [2026-09-23T00:16:17.045+0000] {dag.py:3229} INFO - Sync 1 DAGs
[2026-09-23T00:16:17.062+0000] {logging_mixin.py:190} INFO - [2026-09-23T00:16:17.062+0000] {dag.py:4156} INFO - Setting next_dagrun for weather_etl to 2026-09-22 02:30:00+00:00, run_after=2026-09-23 02:30:00+00:00
[2026-09-23T00:16:17.071+0000] {processor.py:208} INFO - Processing /opt/airflow/dags/weather_etl.py took 0.082 seconds
[2026-09-23T00:16:47.372+0000] {processor.py:186} INFO - Started process (PID=11671) to work on /opt/airflow/dags/weather_etl.py
[2026-09-23T00:16:47.374+0000] {processor.py:914} INFO - Processing file /opt/airflow/dags/weather_etl.py for tasks to queue
[2026-09-23T00:16:47.376+0000] {logging_mixin.py:190} INFO - [2026-09-23T00:16:47.376+0000] {dagbag.py:587} INFO - Filling up the DagBag from /opt/airflow/dags/weather_etl.py
[2026-09-23T00:16:47.393+0000] {processor.py:925} INFO - DAG(s) 'weather_etl' retrieved from /opt/airflow/dags/weather_etl.py
[2026-09-23T00:16:47.402+0000] {logging_mixin.py:190} INFO - [2026-09-23T00:16:47.401+0000] {dag.py:3229} INFO - Sync 1 DAGs
[2026-09-23T00:16:47.412+0000] {logging_mixin.py:190} INFO - [2026-09-23T00:16:47.412+0000] {dag.py:4156} INFO - Setting next_dagrun for weather_etl to 2026-09-22 02:30:00+00:00, run_after=2026-09-23 02:30:00+00:00
[2026-09-23T00:16:47.418+0000] {processor.py:208} INFO - Processing /opt/airflow/dags/weather_etl.py took 0.052 seconds
[2026-09-23T00:17:17.827+0000] {processor.py:186} INFO - Started process (PID=11682) to work on /opt/airflow/dags/weather_etl.py
[2026-09-23T00:17:17.829+0000] {processor.py:914} INFO - Processing file /opt/airflow/dags/weather_etl.py for tasks to queue
[2026-09-23T00:17:17.833+0000] {logging_mixin.py:190} INFO - [2026-09-23T00:17:17.832+0000] {dagbag.py:587} INFO - Filling up the DagBag from /opt/airflow/dags/weather_etl.py
[2026-09-23T00:17:17.868+0000] {processor.py:925} INFO - DAG(s) 'weather_etl' retrieved from /opt/airflow/dags/weather_etl.py
[2026-09-23T00:17:17.883+0000] {logging_mixin.py:190} INFO - [2026-09-23T00:17:17.882+0000] {dag.py:3229} INFO - Sync 1 DAGs
[2026-09-23T00:17:17.902+0000] {logging_mixin.py:190} INFO - [2026-09-23T00:17:17.902+0000] {dag.py:4156} INFO - Setting next_dagrun for weather_etl to 2026-09-22 02:30:00+00:00, run_after=2026-09-23 02:30:00+00:00
[2026-09-23T00:17:17.911+0000] {processor.py:208} INFO - Processing /opt/airflow/dags/weather_etl.py took 0.091 seconds
[2026-09-23T00:17:48.206+0000] {processor.py:186} INFO - Started process (PID=11693) to work on /opt/airflow/dags/weather_etl.py
[2026-09-23T00:17:48.208+0000] {processor.py:914} INFO - Processing file /opt/airflow/dags/weather_etl.py for tasks to queue
[2026-09-23T00:17:48.211+0000] {logging_mixin.py:190} INFO - [2026-09-23T00:17:48.211+0000] {dagbag.py:587} INFO - Filling up the DagBag from /opt/airflow/dags/weather_etl.py
[2026-09-23T00:17:48.232+0000] {processor.py:925} INFO - DAG(s) 'weather_etl' retrieved from /opt/airflow/dags/weather_etl.py
[2026-09-23T00:17:48.240+0000] {logging_mixin.py:190} INFO - [2026-09-23T00:17:48.240+0000] {dag.py:3229} INFO - Sync 1 DAGs
[2026-09-23T00:17:48.260+0000] {logging_mixin.py:190} INFO - [2026-09-23T00:17:48.260+0000] {dag.py:4156} INFO - Setting next_dagrun for weather_etl to 2026-09-22 02:30:00+00:00, run_after=2026-09-23 02:30:00+00:00
[2026-09-23T00:17:48.269+0000] {processor.py:208} INFO - Processing /opt/airflow/dags/weather_etl.py took 0.068 seconds
[2026-09-23T00:18:18.561+0000] {processor.py:186} INFO - Started process (PID=11704) to work on /opt/airflow/dags/weather_etl.py
[2026-09-23T00:18:18.562+0000] {processor.py:914} INFO - Processing file /opt/airflow/dags/weather_etl.py for tasks to queue
[2026-09-23T00:18:18.564+0000] {logging_mixin.py:190} INFO - [2026-09-23T00:18:18.564+0000] {dagbag.py:587} INFO - Filling up the DagBag from /opt/airflow/dags/weather_etl.py
[2026-09-23T00:18:18.583+0000] {processor.py:925} INFO - DAG(s) 'weather_etl' retrieved from /opt/airflow/dags/weather_etl.py
[2026-09-23T00:18:18.592+0000] {logging_mixin.py:190} INFO - [2026-09-23T00:18:18.592+0000] {dag.py:3229} INFO - Sync 1 DAGs
[2026-09-23T00:18:18.602+0000] {logging_mixin.py:190} INFO - [2026-09-23T00:18:18.602+0000] {dag.py:4156} INFO - Setting next_dagrun for weather_etl to 2026-09-22 02:30:00+00:00, run_after=2026-09-23 02:30:00+00:00
[2026-09-23T00:18:18.609+0000] {processor.py:208} INFO - Processing /opt/airflow/dags/weather_etl.py took 0.059 seconds
[2026-09-23T00:18:48.925+0000] {processor.py:186} INFO - Started process (PID=11715) to work on /opt/airflow/dags/weather_etl.py
[2026-09-23T00:18:48.927+0000] {processor.py:914} INFO - Processing file /opt/airflow/dags/weather_etl.py for tasks to queue
[2026-09-23T00:18:48.930+0000] {logging_mixin.py:190} INFO - [2026-09-23T00:18:48.929+0000] {dagbag.py:587} INFO - Filling up the DagBag from /opt/airflow/dags/weather_etl.py
[2026-09-23T00:18:48.948+0000] {processor.py:925} INFO - DAG(s) 'weather_etl' retrieved from /opt/airflow/dags/weather_etl.py
[2026-09-23T00:18:48.957+0000] {logging_mixin.py:190} INFO - [2026-09-23T00:18:48.956+0000] {dag.py:3229} INFO - Sync 1 DAGs
[2026-09-23T00:18:48.967+0000] {logging_mixin.py:190} INFO - [2026-09-23T00:18:48.967+0000] {dag.py:4156} INFO - Setting next_dagrun for weather_etl to 2026-09-22 02:30:00+00:00, run_after=2026-09-23 02:30:00+00:00
[2026-09-23T00:18:48.975+0000] {processor.py:208} INFO - Processing /opt/airflow/dags/weather_etl.py took 0.056 seconds
[2026-09-23T00:19:19.315+0000] {processor.py:186} INFO - Started process (PID=11726) to work on /opt/airflow/dags/weather_etl.py
[2026-09-23T00:19:19.317+0000] {processor.py:914} INFO - Processing file /opt/airflow/dags/weather_etl.py for tasks to queue
[2026-09-23T00:19:19.321+0000] {logging_mixin.py:190} INFO - [2026-09-23T00:19:19.320+0000] {dagbag.py:587} INFO - Filling up the DagBag from /opt/airflow/dags/weather_etl.py
[2026-09-23T00:19:19.346+0000] {processor.py:925} INFO - DAG(s) 'weather_etl' retrieved from /opt/airflow/dags/weather_etl.py
[2026-09-23T00:19:19.358+0000] {logging_mixin.py:190} INFO - [2026-09-23T00:19:19.357+0000] {dag.py:3229} INFO - Sync 1 DAGs
[2026-09-23T00:19:19.373+0000] {logging_mixin.py:190} INFO - [2026-09-23T00:19:19.373+0000] {dag.py:4156} INFO - Setting next_dagrun for weather_etl to 2026-09-22 02:30:00+00:00, run_after=2026-09-23 02:30:00+00:00
[2026-09-23T00:19:19.380+0000] {processor.py:208} INFO - Processing /opt/airflow/dags/weather_etl.py took 0.073 seconds
[2026-09-23T00:19:49.722+0000] {processor.py:186} INFO - Started process (PID=11737) to work on /opt/airflow/dags/weather_etl.py
[2026-09-23T00:19:49.725+0000] {processor.py:914} INFO - Processing file /opt/airflow/dags/weather_etl.py for tasks to queue
[2026-09-23T00:19:49.727+0000] {logging_mixin.py:190} INFO - [2026-09-23T00:19:49.727+0000] {dagbag.py:587} INFO - Filling up the DagBag from /opt/airflow/dags/weather_etl.py
[2026-09-23T00:19:49.747+0000] {processor.py:925} INFO - DAG(s) 'weather_etl' retrieved from /opt/airflow/dags/weather_etl.py
[2026-09-23T00:19:49.755+0000] {logging_mixin.py:190} INFO - [2026-09-23T00:19:49.755+0000] {dag.py:3229} INFO - Sync 1 DAGs
[2026-09-23T00:19:49.766+0000] {logging_mixin.py:190} INFO - [2026-09-23T00:19:49.766+0000] {dag.py:4156} INFO - Setting next_dagrun for weather_etl to 2026-09-22 02:30:00+00:00, run_after=2026-09-23 02:30:00+00:00
[2026-09-23T00:19:49.773+0000] {processor.py:208} INFO - Processing /opt/airflow/dags/weather_etl.py took 0.057 seconds
[2026-09-23T00:20:20.083+0000] {processor.py:186} INFO - Started process (PID=11748) to work on /opt/airflow/dags/weather_etl.py
[2026-09-23T00:20:20.084+0000] {processor.py:914} INFO - Processing file /opt/airflow/dags/weather_etl.py for tasks to queue
[2026-09-23T00:20:20.086+0000] {logging_mixin.py:190} INFO - [2026-09-23T00:20:20.086+0000] {dagbag.py:587} INFO - Filling up the DagBag from /opt/airflow/dags/weather_etl.py
[2026-09-23T00:20:20.107+0000] {processor.py:925} INFO - DAG(s) 'weather_etl' retrieved from /opt/airflow/dags/weather_etl.py
[2026-09-23T00:20:20.116+0000] {logging_mixin.py:190} INFO - [2026-09-23T00:20:20.116+0000] {dag.py:3229} INFO - Sync 1 DAGs
[2026-09-23T00:20:20.126+0000] {logging_mixin.py:190} INFO - [2026-09-23T00:20:20.126+0000] {dag.py:4156} INFO - Setting next_dagrun for weather_etl to 2026-09-22 02:30:00+00:00, run_after=2026-09-23 02:30:00+00:00
[2026-09-23T00:20:20.136+0000] {processor.py:208} INFO - Processing /opt/airflow/dags/weather_etl.py took 0.059 seconds
[2026-09-23T00:20:50.391+0000] {processor.py:186} INFO - Started process (PID=11759) to work on /opt/airflow/dags/weather_etl.py
[2026-09-23T00:20:50.393+0000] {processor.py:914} INFO - Processing file /opt/airflow/dags/weather_etl.py for tasks to queue
[2026-09-23T00:20:50.398+0000] {logging_mixin.py:190} INFO - [2026-09-23T00:20:50.397+0000] {dagbag.py:587} INFO - Filling up the DagBag from /opt/airflow/dags/weather_etl.py
[2026-09-23T00:20:50.423+0000] {processor.py:925} INFO - DAG(s) 'weather_etl' retrieved from /opt/airflow/dags/weather_etl.py
[2026-09-23T00:20:50.434+0000] {logging_mixin.py:190} INFO - [2026-09-23T00:20:50.434+0000] {dag.py:3229} INFO - Sync 1 DAGs
[2026-09-23T00:20:50.447+0000] {logging_mixin.py:190} INFO - [2026-09-23T00:20:50.447+0000] {dag.py:4156} INFO - Setting next_dagrun for weather_etl to 2026-09-22 02:30:00+00:00, run_after=2026-09-23 02:30:00+00:00
[2026-09-23T00:20:50.454+0000] {processor.py:208} INFO - Processing /opt/airflow/dags/weather_etl.py took 0.074 seconds
[2026-09-23T00:21:20.790+0000] {processor.py:186} INFO - Started process (PID=11770) to work on /opt/airflow/dags/weather_etl.py
[2026-09-23T00:21:20.792+0000] {processor.py:914} INFO - Processing file /opt/airflow/dags/weather_etl.py for tasks to queue
[2026-09-23T00:21:20.794+0000] {logging_mixin.py:190} INFO - [2026-09-23T00:21:20.794+0000] {dagbag.py:587} INFO - Filling up the DagBag from /opt/airflow/dags/weather_etl.py
[2026-09-23T00:21:20.812+0000] {processor.py:925} INFO - DAG(s) 'weather_etl' retrieved from /opt/airflow/dags/weather_etl.py
[2026-09-23T00:21:20.821+0000] {logging_mixin.py:190} INFO - [2026-09-23T00:21:20.820+0000] {dag.py:3229} INFO - Sync 1 DAGs
[2026-09-23T00:21:20.831+0000] {logging_mixin.py:190} INFO - [2026-09-23T00:21:20.831+0000] {dag.py:4156} INFO - Setting next_dagrun for weather_etl to 2026-09-22 02:30:00+00:00, run_after=2026-09-23 02:30:00+00:00
[2026-09-23T00:21:20.838+0000] {processor.py:208} INFO - Processing /opt/airflow/dags/weather_etl.py took 0.054 seconds
[2026-09-23T00:21:51.142+0000] {processor.py:186} INFO - Started process (PID=11781) to work on /opt/airflow/dags/weather_etl.py
[2026-09-23T00:21:51.144+0000] {processor.py:914} INFO - Processing file /opt/airflow/dags/weather_etl.py for tasks to queue
[2026-09-23T00:21:51.146+0000] {logging_mixin.py:190} INFO - [2026-09-23T00:21:51.146+0000] {dagbag.py:587} INFO - Filling up the DagBag from /opt/airflow/dags/weather_etl.py
[2026-09-23T00:21:51.167+0000] {processor.py:925} INFO - DAG(s) 'weather_etl' retrieved from /opt/airflow/dags/weather_etl.py
[2026-09-23T00:21:51.175+0000] {logging_mixin.py:190} INFO - [2026-09-23T00:21:51.175+0000] {dag.py:3229} INFO - Sync 1 DAGs
[2026-09-23T00:21:51.186+0000] {logging_mixin.py:190} INFO - [2026-09-23T00:21:51.186+0000] {dag.py:4156} INFO - Setting next_dagrun for weather_etl to 2026-09-22 02:30:00+00:00, run_after=2026-09-23 02:30:00+00:00
[2026-09-23T00:21:51.192+0000] {processor.py:208} INFO - Processing /opt/airflow/dags/weather_etl.py took 0.060 seconds
[2026-09-23T00:22:21.438+0000] {processor.py:186} INFO - Started process (PID=11792) to work on /opt/airflow/dags/weather_etl.py
[2026-09-23T00:22:21.439+0000] {processor.py:914} INFO - Processing file /opt/airflow/dags/weather_etl.py for tasks to queue
[2026-09-23T00:22:21.442+0000] {logging_mixin.py:190} INFO - [2026-09-23T00:22:21.442+0000] {dagbag.py:587} INFO - Filling up the DagBag from /opt/airflow/dags/weather_etl.py
[2026-09-23T00:22:21.463+0000] {processor.py:925} INFO - DAG(s) 'weather_etl' retrieved from /opt/airflow/dags/weather_etl.py
[2026-09-23T00:22:21.472+0000] {logging_mixin.py:190} INFO - [2026-09-23T00:22:21.472+0000] {dag.py:3229} INFO - Sync 1 DAGs
[2026-09-23T00:22:21.483+0000] {logging_mixin.py:190} INFO - [2026-09-23T00:22:21.483+0000] {dag.py:4156} INFO - Setting next_dagrun for weather_etl to 2026-09-22 02:30:00+00:00, run_after=2026-09-23 02:30:00+00:00
[2026-09-23T00:22:21.496+0000] {processor.py:208} INFO - Processing /opt/airflow/dags/weather_etl.py took 0.065 seconds
[2026-09-23T00:22:51.801+0000] {processor.py:186} INFO - Started process (PID=11803) to work on /opt/airflow/dags/weather_etl.py
[2026-09-23T00:22:51.802+0000] {processor.py:914} INFO - Processing file /opt/airflow/dags/weather_etl.py for tasks to queue
[2026-09-23T00:22:51.805+0000] {logging_mixin.py:190} INFO - [2026-09-23T00:22:51.805+0000] {dagbag.py:587} INFO - Filling up the DagBag from /opt/airflow/dags/weather_etl.py
[2026-09-23T00:22:51.826+0000] {processor.py:925} INFO - DAG(s) 'weather_etl' retrieved from /opt/airflow/dags/weather_etl.py
[2026-09-23T00:22:51.838+0000] {logging_mixin.py:190} INFO - [2026-09-23T00:22:51.838+0000] {dag.py:3229} INFO - Sync 1 DAGs
[2026-09-23T00:22:51.851+0000] {logging_mixin.py:190} INFO - [2026-09-23T00:22:51.851+0000] {dag.py:4156} INFO - Setting next_dagrun for weather_etl to 2026-09-22 02:30:00+00:00, run_after=2026-09-23 02:30:00+00:00
[2026-09-23T00:22:51.858+0000] {processor.py:208} INFO - Processing /opt/airflow/dags/weather_etl.py took 0.063 seconds
[2026-09-23T00:23:22.155+0000] {processor.py:186} INFO - Started process (PID=11814) to work on /opt/airflow/dags/weather_etl.py
[2026-09-23T00:23:22.157+0000] {processor.py:914} INFO - Processing file /opt/airflow/dags/weather_etl.py for tasks to queue
[2026-09-23T00:23:22.160+0000] {logging_mixin.py:190} INFO - [2026-09-23T00:23:22.159+0000] {dagbag.py:587} INFO - Filling up the DagBag from /opt/airflow/dags/weather_etl.py
[2026-09-23T00:23:22.179+0000] {processor.py:925} INFO - DAG(s) 'weather_etl' retrieved from /opt/airflow/dags/weather_etl.py
[2026-09-23T00:23:22.189+0000] {logging_mixin.py:190} INFO - [2026-09-23T00:23:22.189+0000] {dag.py:3229} INFO - Sync 1 DAGs
[2026-09-23T00:23:22.199+0000] {logging_mixin.py:190} INFO - [2026-09-23T00:23:22.199+0000] {dag.py:4156} INFO - Setting next_dagrun for weather_etl to 2026-09-22 02:30:00+00:00, run_after=2026-09-23 02:30:00+00:00
[2026-09-23T00:23:22.206+0000] {processor.py:208} INFO - Processing /opt/airflow/dags/weather_etl.py took 0.057 seconds
[2026-09-23T00:23:52.523+0000] {processor.py:186} INFO - Started process (PID=11825) to work on /opt/airflow/dags/weather_etl.py
[2026-09-23T00:23:52.525+0000] {processor.py:914} INFO - Processing file /opt/airflow/dags/weather_etl.py for tasks to queue
[2026-09-23T00:23:52.529+0000] {logging_mixin.py:190} INFO - [2026-09-23T00:23:52.528+0000] {dagbag.py:587} INFO - Filling up the DagBag from /opt/airflow/dags/weather_etl.py
[2026-09-23T00:23:52.554+0000] {processor.py:925} INFO - DAG(s) 'weather_etl' retrieved from /opt/airflow/dags/weather_etl.py
[2026-09-23T00:23:52.567+0000] {logging_mixin.py:190} INFO - [2026-09-23T00:23:52.566+0000] {dag.py:3229} INFO - Sync 1 DAGs
[2026-09-23T00:23:52.580+0000] {logging_mixin.py:190} INFO - [2026-09-23T00:23:52.580+0000] {dag.py:4156} INFO - Setting next_dagrun for weather_etl to 2026-09-22 02:30:00+00:00, run_after=2026-09-23 02:30:00+00:00
[2026-09-23T00:23:52.588+0000] {processor.py:208} INFO - Processing /opt/airflow/dags/weather_etl.py took 0.071 seconds
[2026-09-23T00:24:22.883+0000] {processor.py:186} INFO - Started process (PID=11836) to work on /opt/airflow/dags/weather_etl.py
[2026-09-23T00:24:22.884+0000] {processor.py:914} INFO - Processing file /opt/airflow/dags/weather_etl.py for tasks to queue
[2026-09-23T00:24:22.886+0000] {logging_mixin.py:190} INFO - [2026-09-23T00:24:22.886+0000] {dagbag.py:587} INFO - Filling up the DagBag from /opt/airflow/dags/weather_etl.py
[2026-09-23T00:24:22.902+0000] {processor.py:925} INFO - DAG(s) 'weather_etl' retrieved from /opt/airflow/dags/weather_etl.py
[2026-09-23T00:24:22.910+0000] {logging_mixin.py:190} INFO - [2026-09-23T00:24:22.909+0000] {dag.py:3229} INFO - Sync 1 DAGs
[2026-09-23T00:24:22.919+0000] {logging_mixin.py:190} INFO - [2026-09-23T00:24:22.919+0000] {dag.py:4156} INFO - Setting next_dagrun for weather_etl to 2026-09-22 02:30:00+00:00, run_after=2026-09-23 02:30:00+00:00
[2026-09-23T00:24:22.925+0000] {processor.py:208} INFO - Processing /opt/airflow/dags/weather_etl.py took 0.050 seconds
[2026-09-23T00:24:53.255+0000] {processor.py:186} INFO - Started process (PID=11847) to work on /opt/airflow/dags/weather_etl.py
[2026-09-23T00:24:53.257+0000] {processor.py:914} INFO - Processing file /opt/airflow/dags/weather_etl.py for tasks to queue
[2026-09-23T00:24:53.260+0000] {logging_mixin.py:190} INFO - [2026-09-23T00:24:53.260+0000] {dagbag.py:587} INFO - Filling up the DagBag from /opt/airflow/dags/weather_etl.py
[2026-09-23T00:24:53.280+0000] {processor.py:925} INFO - DAG(s) 'weather_etl' retrieved from /opt/airflow/dags/weather_etl.py
[2026-09-23T00:24:53.288+0000] {logging_mixin.py:190} INFO - [2026-09-23T00:24:53.288+0000] {dag.py:3229} INFO - Sync 1 DAGs
[2026-09-23T00:24:53.298+0000] {logging_mixin.py:190} INFO - [2026-09-23T00:24:53.298+0000] {dag.py:4156} INFO - Setting next_dagrun for weather_etl to 2026-09-22 02:30:00+00:00, run_after=2026-09-23 02:30:00+00:00
[2026-09-23T00:24:53.304+0000] {processor.py:208} INFO - Processing /opt/airflow/dags/weather_etl.py took 0.057 seconds
[2026-09-23T00:25:23.638+0000] {processor.py:186} INFO - Started process (PID=11858) to work on /opt/airflow/dags/weather_etl.py
[2026-09-23T00:25:23.640+0000] {processor.py:914} INFO - Processing file /opt/airflow/dags/weather_etl.py for tasks to queue
[2026-09-23T00:25:23.644+0000] {logging_mixin.py:190} INFO - [2026-09-23T00:25:23.643+0000] {dagbag.py:587} INFO - Filling up the DagBag from /opt/airflow/dags/weather_etl.py
[2026-09-23T00:25:23.669+0000] {processor.py:925} INFO - DAG(s) 'weather_etl' retrieved from /opt/airflow/dags/weather_etl.py
[2026-09-23T00:25:23.680+0000] {logging_mixin.py:190} INFO - [2026-09-23T00:25:23.680+0000] {dag.py:3229} INFO - Sync 1 DAGs
[2026-09-23T00:25:23.695+0000] {logging_mixin.py:190} INFO - [2026-09-23T00:25:23.695+0000] {dag.py:4156} INFO - Setting next_dagrun for weather_etl to 2026-09-22 02:30:00+00:00, run_after=2026-09-23 02:30:00+00:00
[2026-09-23T00:25:23.702+0000] {processor.py:208} INFO - Processing /opt/airflow/dags/weather_etl.py took 0.072 seconds
[2026-09-23T00:25:53.997+0000] {processor.py:186} INFO - Started process (PID=11869) to work on /opt/airflow/dags/weather_etl.py
[2026-09-23T00:25:53.999+0000] {processor.py:914} INFO - Processing file /opt/airflow/dags/weather_etl.py for tasks to queue
[2026-09-23T00:25:54.002+0000] {logging_mixin.py:190} INFO - [2026-09-23T00:25:54.002+0000] {dagbag.py:587} INFO - Filling up the DagBag from /opt/airflow/dags/weather_etl.py
[2026-09-23T00:25:54.023+0000] {processor.py:925} INFO - DAG(s) 'weather_etl' retrieved from /opt/airflow/dags/weather_etl.py
[2026-09-23T00:25:54.032+0000] {logging_mixin.py:190} INFO - [2026-09-23T00:25:54.032+0000] {dag.py:3229} INFO - Sync 1 DAGs
[2026-09-23T00:25:54.043+0000] {logging_mixin.py:190} INFO - [2026-09-23T00:25:54.043+0000] {dag.py:4156} INFO - Setting next_dagrun for weather_etl to 2026-09-22 02:30:00+00:00, run_after=2026-09-23 02:30:00+00:00
[2026-09-23T00:25:54.050+0000] {processor.py:208} INFO - Processing /opt/airflow/dags/weather_etl.py took 0.059 seconds
[2026-09-23T00:26:24.559+0000] {processor.py:186} INFO - Started process (PID=11880) to work on /opt/airflow/dags/weather_etl.py
[2026-09-23T00:26:24.561+0000] {processor.py:914} INFO - Processing file /opt/airflow/dags/weather_etl.py for tasks to queue
[2026-09-23T00:26:24.565+0000] {logging_mixin.py:190} INFO - [2026-09-23T00:26:24.565+0000] {dagbag.py:587} INFO - Filling up the DagBag from /opt/airflow/dags/weather_etl.py
[2026-09-23T00:26:24.599+0000] {processor.py:925} INFO - DAG(s) 'weather_etl' retrieved from /opt/airflow/dags/weather_etl.py
[2026-09-23T00:26:24.616+0000] {logging_mixin.py:190} INFO - [2026-09-23T00:26:24.615+0000] {dag.py:3229} INFO - Sync 1 DAGs
[2026-09-23T00:26:24.638+0000] {logging_mixin.py:190} INFO - [2026-09-23T00:26:24.638+0000] {dag.py:4156} INFO - Setting next_dagrun for weather_etl to 2026-09-22 02:30:00+00:00, run_after=2026-09-23 02:30:00+00:00
[2026-09-23T00:26:24.652+0000] {processor.py:208} INFO - Processing /opt/airflow/dags/weather_etl.py took 0.105 seconds
[2026-09-23T00:35:37.340+0000] {processor.py:186} INFO - Started process (PID=11885) to work on /opt/airflow/dags/weather_etl.py
[2026-09-23T00:35:37.342+0000] {processor.py:914} INFO - Processing file /opt/airflow/dags/weather_etl.py for tasks to queue
[2026-09-23T00:35:37.346+0000] {logging_mixin.py:190} INFO - [2026-09-23T00:35:37.346+0000] {dagbag.py:587} INFO - Filling up the DagBag from /opt/airflow/dags/weather_etl.py
[2026-09-23T00:35:37.399+0000] {processor.py:925} INFO - DAG(s) 'weather_etl' retrieved from /opt/airflow/dags/weather_etl.py
[2026-09-23T00:35:37.417+0000] {logging_mixin.py:190} INFO - [2026-09-23T00:35:37.417+0000] {dag.py:3229} INFO - Sync 1 DAGs
[2026-09-23T00:35:37.431+0000] {logging_mixin.py:190} INFO - [2026-09-23T00:35:37.431+0000] {dag.py:4156} INFO - Setting next_dagrun for weather_etl to 2026-09-22 02:30:00+00:00, run_after=2026-09-23 02:30:00+00:00
[2026-09-23T00:35:37.438+0000] {processor.py:208} INFO - Processing /opt/airflow/dags/weather_etl.py took 0.108 seconds
[2026-09-23T00:36:07.806+0000] {processor.py:186} INFO - Started process (PID=11896) to work on /opt/airflow/dags/weather_etl.py
[2026-09-23T00:36:07.807+0000] {processor.py:914} INFO - Processing file /opt/airflow/dags/weather_etl.py for tasks to queue
[2026-09-23T00:36:07.814+0000] {logging_mixin.py:190} INFO - [2026-09-23T00:36:07.814+0000] {dagbag.py:587} INFO - Filling up the DagBag from /opt/airflow/dags/weather_etl.py
[2026-09-23T00:36:07.851+0000] {processor.py:925} INFO - DAG(s) 'weather_etl' retrieved from /opt/airflow/dags/weather_etl.py
[2026-09-23T00:36:07.871+0000] {logging_mixin.py:190} INFO - [2026-09-23T00:36:07.871+0000] {dag.py:3229} INFO - Sync 1 DAGs
[2026-09-23T00:36:07.889+0000] {logging_mixin.py:190} INFO - [2026-09-23T00:36:07.889+0000] {dag.py:4156} INFO - Setting next_dagrun for weather_etl to 2026-09-22 02:30:00+00:00, run_after=2026-09-23 02:30:00+00:00
[2026-09-23T00:36:07.901+0000] {processor.py:208} INFO - Processing /opt/airflow/dags/weather_etl.py took 0.102 seconds
[2026-09-23T00:36:38.174+0000] {processor.py:186} INFO - Started process (PID=11907) to work on /opt/airflow/dags/weather_etl.py
[2026-09-23T00:36:38.176+0000] {processor.py:914} INFO - Processing file /opt/airflow/dags/weather_etl.py for tasks to queue
[2026-09-23T00:36:38.179+0000] {logging_mixin.py:190} INFO - [2026-09-23T00:36:38.179+0000] {dagbag.py:587} INFO - Filling up the DagBag from /opt/airflow/dags/weather_etl.py
[2026-09-23T00:36:38.204+0000] {processor.py:925} INFO - DAG(s) 'weather_etl' retrieved from /opt/airflow/dags/weather_etl.py
[2026-09-23T00:36:38.214+0000] {logging_mixin.py:190} INFO - [2026-09-23T00:36:38.214+0000] {dag.py:3229} INFO - Sync 1 DAGs
[2026-09-23T00:36:38.232+0000] {logging_mixin.py:190} INFO - [2026-09-23T00:36:38.232+0000] {dag.py:4156} INFO - Setting next_dagrun for weather_etl to 2026-09-22 02:30:00+00:00, run_after=2026-09-23 02:30:00+00:00
[2026-09-23T00:36:38.245+0000] {processor.py:208} INFO - Processing /opt/airflow/dags/weather_etl.py took 0.081 seconds
[2026-09-23T00:37:08.602+0000] {processor.py:186} INFO - Started process (PID=11918) to work on /opt/airflow/dags/weather_etl.py
[2026-09-23T00:37:08.604+0000] {processor.py:914} INFO - Processing file /opt/airflow/dags/weather_etl.py for tasks to queue
[2026-09-23T00:37:08.608+0000] {logging_mixin.py:190} INFO - [2026-09-23T00:37:08.608+0000] {dagbag.py:587} INFO - Filling up the DagBag from /opt/airflow/dags/weather_etl.py
[2026-09-23T00:37:08.632+0000] {processor.py:925} INFO - DAG(s) 'weather_etl' retrieved from /opt/airflow/dags/weather_etl.py
[2026-09-23T00:37:08.645+0000] {logging_mixin.py:190} INFO - [2026-09-23T00:37:08.644+0000] {dag.py:3229} INFO - Sync 1 DAGs
[2026-09-23T00:37:08.658+0000] {logging_mixin.py:190} INFO - [2026-09-23T00:37:08.658+0000] {dag.py:4156} INFO - Setting next_dagrun for weather_etl to 2026-09-22 02:30:00+00:00, run_after=2026-09-23 02:30:00+00:00
[2026-09-23T00:37:08.666+0000] {processor.py:208} INFO - Processing /opt/airflow/dags/weather_etl.py took 0.072 seconds
[2026-09-23T00:37:38.982+0000] {processor.py:186} INFO - Started process (PID=11929) to work on /opt/airflow/dags/weather_etl.py
[2026-09-23T00:37:38.983+0000] {processor.py:914} INFO - Processing file /opt/airflow/dags/weather_etl.py for tasks to queue
[2026-09-23T00:37:38.986+0000] {logging_mixin.py:190} INFO - [2026-09-23T00:37:38.986+0000] {dagbag.py:587} INFO - Filling up the DagBag from /opt/airflow/dags/weather_etl.py
[2026-09-23T00:37:39.008+0000] {processor.py:925} INFO - DAG(s) 'weather_etl' retrieved from /opt/airflow/dags/weather_etl.py
[2026-09-23T00:37:39.019+0000] {logging_mixin.py:190} INFO - [2026-09-23T00:37:39.018+0000] {dag.py:3229} INFO - Sync 1 DAGs
[2026-09-23T00:37:39.031+0000] {logging_mixin.py:190} INFO - [2026-09-23T00:37:39.031+0000] {dag.py:4156} INFO - Setting next_dagrun for weather_etl to 2026-09-22 02:30:00+00:00, run_after=2026-09-23 02:30:00+00:00
[2026-09-23T00:37:39.038+0000] {processor.py:208} INFO - Processing /opt/airflow/dags/weather_etl.py took 0.065 seconds
[2026-09-23T00:38:09.373+0000] {processor.py:186} INFO - Started process (PID=11940) to work on /opt/airflow/dags/weather_etl.py
[2026-09-23T00:38:09.374+0000] {processor.py:914} INFO - Processing file /opt/airflow/dags/weather_etl.py for tasks to queue
[2026-09-23T00:38:09.379+0000] {logging_mixin.py:190} INFO - [2026-09-23T00:38:09.378+0000] {dagbag.py:587} INFO - Filling up the DagBag from /opt/airflow/dags/weather_etl.py
[2026-09-23T00:38:09.418+0000] {processor.py:925} INFO - DAG(s) 'weather_etl' retrieved from /opt/airflow/dags/weather_etl.py
[2026-09-23T00:38:09.451+0000] {logging_mixin.py:190} INFO - [2026-09-23T00:38:09.450+0000] {dag.py:3229} INFO - Sync 1 DAGs
[2026-09-23T00:38:09.474+0000] {logging_mixin.py:190} INFO - [2026-09-23T00:38:09.474+0000] {dag.py:4156} INFO - Setting next_dagrun for weather_etl to 2026-09-22 02:30:00+00:00, run_after=2026-09-23 02:30:00+00:00
[2026-09-23T00:38:09.491+0000] {processor.py:208} INFO - Processing /opt/airflow/dags/weather_etl.py took 0.127 seconds
[2026-09-23T00:38:39.714+0000] {processor.py:186} INFO - Started process (PID=11951) to work on /opt/airflow/dags/weather_etl.py
[2026-09-23T00:38:39.717+0000] {processor.py:914} INFO - Processing file /opt/airflow/dags/weather_etl.py for tasks to queue
[2026-09-23T00:38:39.720+0000] {logging_mixin.py:190} INFO - [2026-09-23T00:38:39.719+0000] {dagbag.py:587} INFO - Filling up the DagBag from /opt/airflow/dags/weather_etl.py
[2026-09-23T00:38:39.740+0000] {processor.py:925} INFO - DAG(s) 'weather_etl' retrieved from /opt/airflow/dags/weather_etl.py
[2026-09-23T00:38:39.750+0000] {logging_mixin.py:190} INFO - [2026-09-23T00:38:39.750+0000] {dag.py:3229} INFO - Sync 1 DAGs
[2026-09-23T00:38:39.762+0000] {logging_mixin.py:190} INFO - [2026-09-23T00:38:39.762+0000] {dag.py:4156} INFO - Setting next_dagrun for weather_etl to 2026-09-22 02:30:00+00:00, run_after=2026-09-23 02:30:00+00:00
[2026-09-23T00:38:39.770+0000] {processor.py:208} INFO - Processing /opt/airflow/dags/weather_etl.py took 0.064 seconds
[2026-09-23T00:39:10.129+0000] {processor.py:186} INFO - Started process (PID=11962) to work on /opt/airflow/dags/weather_etl.py
[2026-09-23T00:39:10.131+0000] {processor.py:914} INFO - Processing file /opt/airflow/dags/weather_etl.py for tasks to queue
[2026-09-23T00:39:10.135+0000] {logging_mixin.py:190} INFO - [2026-09-23T00:39:10.135+0000] {dagbag.py:587} INFO - Filling up the DagBag from /opt/airflow/dags/weather_etl.py
[2026-09-23T00:39:10.157+0000] {processor.py:925} INFO - DAG(s) 'weather_etl' retrieved from /opt/airflow/dags/weather_etl.py
[2026-09-23T00:39:10.168+0000] {logging_mixin.py:190} INFO - [2026-09-23T00:39:10.168+0000] {dag.py:3229} INFO - Sync 1 DAGs
[2026-09-23T00:39:10.182+0000] {logging_mixin.py:190} INFO - [2026-09-23T00:39:10.181+0000] {dag.py:4156} INFO - Setting next_dagrun for weather_etl to 2026-09-22 02:30:00+00:00, run_after=2026-09-23 02:30:00+00:00
[2026-09-23T00:39:10.190+0000] {processor.py:208} INFO - Processing /opt/airflow/dags/weather_etl.py took 0.069 seconds
[2026-09-23T00:39:40.469+0000] {processor.py:186} INFO - Started process (PID=11973) to work on /opt/airflow/dags/weather_etl.py
[2026-09-23T00:39:40.471+0000] {processor.py:914} INFO - Processing file /opt/airflow/dags/weather_etl.py for tasks to queue
[2026-09-23T00:39:40.472+0000] {logging_mixin.py:190} INFO - [2026-09-23T00:39:40.472+0000] {dagbag.py:587} INFO - Filling up the DagBag from /opt/airflow/dags/weather_etl.py
[2026-09-23T00:39:40.486+0000] {processor.py:925} INFO - DAG(s) 'weather_etl' retrieved from /opt/airflow/dags/weather_etl.py
[2026-09-23T00:39:40.496+0000] {logging_mixin.py:190} INFO - [2026-09-23T00:39:40.496+0000] {dag.py:3229} INFO - Sync 1 DAGs
[2026-09-23T00:39:40.508+0000] {logging_mixin.py:190} INFO - [2026-09-23T00:39:40.507+0000] {dag.py:4156} INFO - Setting next_dagrun for weather_etl to 2026-09-22 02:30:00+00:00, run_after=2026-09-23 02:30:00+00:00
[2026-09-23T00:39:40.514+0000] {processor.py:208} INFO - Processing /opt/airflow/dags/weather_etl.py took 0.049 seconds
[2026-09-23T00:40:10.856+0000] {processor.py:186} INFO - Started process (PID=11984) to work on /opt/airflow/dags/weather_etl.py
[2026-09-23T00:40:10.858+0000] {processor.py:914} INFO - Processing file /opt/airflow/dags/weather_etl.py for tasks to queue
[2026-09-23T00:40:10.860+0000] {logging_mixin.py:190} INFO - [2026-09-23T00:40:10.860+0000] {dagbag.py:587} INFO - Filling up the DagBag from /opt/airflow/dags/weather_etl.py
[2026-09-23T00:40:10.878+0000] {processor.py:925} INFO - DAG(s) 'weather_etl' retrieved from /opt/airflow/dags/weather_etl.py
[2026-09-23T00:40:10.886+0000] {logging_mixin.py:190} INFO - [2026-09-23T00:40:10.886+0000] {dag.py:3229} INFO - Sync 1 DAGs
[2026-09-23T00:40:10.896+0000] {logging_mixin.py:190} INFO - [2026-09-23T00:40:10.896+0000] {dag.py:4156} INFO - Setting next_dagrun for weather_etl to 2026-09-22 02:30:00+00:00, run_after=2026-09-23 02:30:00+00:00
[2026-09-23T00:40:10.903+0000] {processor.py:208} INFO - Processing /opt/airflow/dags/weather_etl.py took 0.053 seconds
[2026-09-23T00:40:41.265+0000] {processor.py:186} INFO - Started process (PID=11995) to work on /opt/airflow/dags/weather_etl.py
[2026-09-23T00:40:41.267+0000] {processor.py:914} INFO - Processing file /opt/airflow/dags/weather_etl.py for tasks to queue
[2026-09-23T00:40:41.269+0000] {logging_mixin.py:190} INFO - [2026-09-23T00:40:41.269+0000] {dagbag.py:587} INFO - Filling up the DagBag from /opt/airflow/dags/weather_etl.py
[2026-09-23T00:40:41.287+0000] {processor.py:925} INFO - DAG(s) 'weather_etl' retrieved from /opt/airflow/dags/weather_etl.py
[2026-09-23T00:40:41.296+0000] {logging_mixin.py:190} INFO - [2026-09-23T00:40:41.296+0000] {dag.py:3229} INFO - Sync 1 DAGs
[2026-09-23T00:40:41.306+0000] {logging_mixin.py:190} INFO - [2026-09-23T00:40:41.306+0000] {dag.py:4156} INFO - Setting next_dagrun for weather_etl to 2026-09-22 02:30:00+00:00, run_after=2026-09-23 02:30:00+00:00
[2026-09-23T00:40:41.313+0000] {processor.py:208} INFO - Processing /opt/airflow/dags/weather_etl.py took 0.054 seconds
[2026-09-23T00:41:11.645+0000] {processor.py:186} INFO - Started process (PID=12006) to work on /opt/airflow/dags/weather_etl.py
[2026-09-23T00:41:11.646+0000] {processor.py:914} INFO - Processing file /opt/airflow/dags/weather_etl.py for tasks to queue
[2026-09-23T00:41:11.649+0000] {logging_mixin.py:190} INFO - [2026-09-23T00:41:11.649+0000] {dagbag.py:587} INFO - Filling up the DagBag from /opt/airflow/dags/weather_etl.py
[2026-09-23T00:41:11.670+0000] {processor.py:925} INFO - DAG(s) 'weather_etl' retrieved from /opt/airflow/dags/weather_etl.py
[2026-09-23T00:41:11.680+0000] {logging_mixin.py:190} INFO - [2026-09-23T00:41:11.680+0000] {dag.py:3229} INFO - Sync 1 DAGs
[2026-09-23T00:41:11.693+0000] {logging_mixin.py:190} INFO - [2026-09-23T00:41:11.693+0000] {dag.py:4156} INFO - Setting next_dagrun for weather_etl to 2026-09-22 02:30:00+00:00, run_after=2026-09-23 02:30:00+00:00
[2026-09-23T00:41:11.700+0000] {processor.py:208} INFO - Processing /opt/airflow/dags/weather_etl.py took 0.061 seconds
[2026-09-23T00:41:42.032+0000] {processor.py:186} INFO - Started process (PID=12017) to work on /opt/airflow/dags/weather_etl.py
[2026-09-23T00:41:42.035+0000] {processor.py:914} INFO - Processing file /opt/airflow/dags/weather_etl.py for tasks to queue
[2026-09-23T00:41:42.038+0000] {logging_mixin.py:190} INFO - [2026-09-23T00:41:42.038+0000] {dagbag.py:587} INFO - Filling up the DagBag from /opt/airflow/dags/weather_etl.py
[2026-09-23T00:41:42.059+0000] {processor.py:925} INFO - DAG(s) 'weather_etl' retrieved from /opt/airflow/dags/weather_etl.py
[2026-09-23T00:41:42.069+0000] {logging_mixin.py:190} INFO - [2026-09-23T00:41:42.069+0000] {dag.py:3229} INFO - Sync 1 DAGs
[2026-09-23T00:41:42.081+0000] {logging_mixin.py:190} INFO - [2026-09-23T00:41:42.080+0000] {dag.py:4156} INFO - Setting next_dagrun for weather_etl to 2026-09-22 02:30:00+00:00, run_after=2026-09-23 02:30:00+00:00
[2026-09-23T00:41:42.087+0000] {processor.py:208} INFO - Processing /opt/airflow/dags/weather_etl.py took 0.061 seconds
[2026-09-23T00:42:12.361+0000] {processor.py:186} INFO - Started process (PID=12028) to work on /opt/airflow/dags/weather_etl.py
[2026-09-23T00:42:12.363+0000] {processor.py:914} INFO - Processing file /opt/airflow/dags/weather_etl.py for tasks to queue
[2026-09-23T00:42:12.365+0000] {logging_mixin.py:190} INFO - [2026-09-23T00:42:12.365+0000] {dagbag.py:587} INFO - Filling up the DagBag from /opt/airflow/dags/weather_etl.py
[2026-09-23T00:42:12.381+0000] {processor.py:925} INFO - DAG(s) 'weather_etl' retrieved from /opt/airflow/dags/weather_etl.py
[2026-09-23T00:42:12.390+0000] {logging_mixin.py:190} INFO - [2026-09-23T00:42:12.390+0000] {dag.py:3229} INFO - Sync 1 DAGs
[2026-09-23T00:42:12.400+0000] {logging_mixin.py:190} INFO - [2026-09-23T00:42:12.400+0000] {dag.py:4156} INFO - Setting next_dagrun for weather_etl to 2026-09-22 02:30:00+00:00, run_after=2026-09-23 02:30:00+00:00
[2026-09-23T00:42:12.407+0000] {processor.py:208} INFO - Processing /opt/airflow/dags/weather_etl.py took 0.054 seconds
[2026-09-23T00:42:42.702+0000] {processor.py:186} INFO - Started process (PID=12039) to work on /opt/airflow/dags/weather_etl.py
[2026-09-23T00:42:42.704+0000] {processor.py:914} INFO - Processing file /opt/airflow/dags/weather_etl.py for tasks to queue
[2026-09-23T00:42:42.706+0000] {logging_mixin.py:190} INFO - [2026-09-23T00:42:42.706+0000] {dagbag.py:587} INFO - Filling up the DagBag from /opt/airflow/dags/weather_etl.py
[2026-09-23T00:42:42.724+0000] {processor.py:925} INFO - DAG(s) 'weather_etl' retrieved from /opt/airflow/dags/weather_etl.py
[2026-09-23T00:42:42.732+0000] {logging_mixin.py:190} INFO - [2026-09-23T00:42:42.732+0000] {dag.py:3229} INFO - Sync 1 DAGs
[2026-09-23T00:42:42.744+0000] {logging_mixin.py:190} INFO - [2026-09-23T00:42:42.744+0000] {dag.py:4156} INFO - Setting next_dagrun for weather_etl to 2026-09-22 02:30:00+00:00, run_after=2026-09-23 02:30:00+00:00
[2026-09-23T00:42:42.752+0000] {processor.py:208} INFO - Processing /opt/airflow/dags/weather_etl.py took 0.055 seconds
[2026-09-23T00:43:13.018+0000] {processor.py:186} INFO - Started process (PID=12050) to work on /opt/airflow/dags/weather_etl.py
[2026-09-23T00:43:13.019+0000] {processor.py:914} INFO - Processing file /opt/airflow/dags/weather_etl.py for tasks to queue
[2026-09-23T00:43:13.021+0000] {logging_mixin.py:190} INFO - [2026-09-23T00:43:13.021+0000] {dagbag.py:587} INFO - Filling up the DagBag from /opt/airflow/dags/weather_etl.py
[2026-09-23T00:43:13.037+0000] {processor.py:925} INFO - DAG(s) 'weather_etl' retrieved from /opt/airflow/dags/weather_etl.py
[2026-09-23T00:43:13.045+0000] {logging_mixin.py:190} INFO - [2026-09-23T00:43:13.045+0000] {dag.py:3229} INFO - Sync 1 DAGs
[2026-09-23T00:43:13.055+0000] {logging_mixin.py:190} INFO - [2026-09-23T00:43:13.055+0000] {dag.py:4156} INFO - Setting next_dagrun for weather_etl to 2026-09-22 02:30:00+00:00, run_after=2026-09-23 02:30:00+00:00
[2026-09-23T00:43:13.062+0000] {processor.py:208} INFO - Processing /opt/airflow/dags/weather_etl.py took 0.049 seconds
[2026-09-23T00:43:43.396+0000] {processor.py:186} INFO - Started process (PID=12061) to work on /opt/airflow/dags/weather_etl.py
[2026-09-23T00:43:43.397+0000] {processor.py:914} INFO - Processing file /opt/airflow/dags/weather_etl.py for tasks to queue
[2026-09-23T00:43:43.400+0000] {logging_mixin.py:190} INFO - [2026-09-23T00:43:43.399+0000] {dagbag.py:587} INFO - Filling up the DagBag from /opt/airflow/dags/weather_etl.py
[2026-09-23T00:43:43.418+0000] {processor.py:925} INFO - DAG(s) 'weather_etl' retrieved from /opt/airflow/dags/weather_etl.py
[2026-09-23T00:43:43.427+0000] {logging_mixin.py:190} INFO - [2026-09-23T00:43:43.427+0000] {dag.py:3229} INFO - Sync 1 DAGs
[2026-09-23T00:43:43.437+0000] {logging_mixin.py:190} INFO - [2026-09-23T00:43:43.437+0000] {dag.py:4156} INFO - Setting next_dagrun for weather_etl to 2026-09-22 02:30:00+00:00, run_after=2026-09-23 02:30:00+00:00
[2026-09-23T00:43:43.444+0000] {processor.py:208} INFO - Processing /opt/airflow/dags/weather_etl.py took 0.054 seconds
[2026-09-23T00:44:13.809+0000] {processor.py:186} INFO - Started process (PID=12072) to work on /opt/airflow/dags/weather_etl.py
[2026-09-23T00:44:13.811+0000] {processor.py:914} INFO - Processing file /opt/airflow/dags/weather_etl.py for tasks to queue
[2026-09-23T00:44:13.814+0000] {logging_mixin.py:190} INFO - [2026-09-23T00:44:13.813+0000] {dagbag.py:587} INFO - Filling up the DagBag from /opt/airflow/dags/weather_etl.py
[2026-09-23T00:44:13.832+0000] {processor.py:925} INFO - DAG(s) 'weather_etl' retrieved from /opt/airflow/dags/weather_etl.py
[2026-09-23T00:44:13.841+0000] {logging_mixin.py:190} INFO - [2026-09-23T00:44:13.841+0000] {dag.py:3229} INFO - Sync 1 DAGs
[2026-09-23T00:44:13.851+0000] {logging_mixin.py:190} INFO - [2026-09-23T00:44:13.851+0000] {dag.py:4156} INFO - Setting next_dagrun for weather_etl to 2026-09-22 02:30:00+00:00, run_after=2026-09-23 02:30:00+00:00
[2026-09-23T00:44:13.858+0000] {processor.py:208} INFO - Processing /opt/airflow/dags/weather_etl.py took 0.054 seconds
[2026-09-23T00:44:44.258+0000] {processor.py:186} INFO - Started process (PID=12083) to work on /opt/airflow/dags/weather_etl.py
[2026-09-23T00:44:44.259+0000] {processor.py:914} INFO - Processing file /opt/airflow/dags/weather_etl.py for tasks to queue
[2026-09-23T00:44:44.261+0000] {logging_mixin.py:190} INFO - [2026-09-23T00:44:44.260+0000] {dagbag.py:587} INFO - Filling up the DagBag from /opt/airflow/dags/weather_etl.py
[2026-09-23T00:44:44.277+0000] {processor.py:925} INFO - DAG(s) 'weather_etl' retrieved from /opt/airflow/dags/weather_etl.py
[2026-09-23T00:44:44.286+0000] {logging_mixin.py:190} INFO - [2026-09-23T00:44:44.286+0000] {dag.py:3229} INFO - Sync 1 DAGs
[2026-09-23T00:44:44.299+0000] {logging_mixin.py:190} INFO - [2026-09-23T00:44:44.299+0000] {dag.py:4156} INFO - Setting next_dagrun for weather_etl to 2026-09-22 02:30:00+00:00, run_after=2026-09-23 02:30:00+00:00
[2026-09-23T00:44:44.307+0000] {processor.py:208} INFO - Processing /opt/airflow/dags/weather_etl.py took 0.053 seconds
[2026-09-23T00:45:14.682+0000] {processor.py:186} INFO - Started process (PID=12094) to work on /opt/airflow/dags/weather_etl.py
[2026-09-23T00:45:14.684+0000] {processor.py:914} INFO - Processing file /opt/airflow/dags/weather_etl.py for tasks to queue
[2026-09-23T00:45:14.686+0000] {logging_mixin.py:190} INFO - [2026-09-23T00:45:14.686+0000] {dagbag.py:587} INFO - Filling up the DagBag from /opt/airflow/dags/weather_etl.py
[2026-09-23T00:45:14.707+0000] {processor.py:925} INFO - DAG(s) 'weather_etl' retrieved from /opt/airflow/dags/weather_etl.py
[2026-09-23T00:45:14.719+0000] {logging_mixin.py:190} INFO - [2026-09-23T00:45:14.718+0000] {dag.py:3229} INFO - Sync 1 DAGs
[2026-09-23T00:45:14.730+0000] {logging_mixin.py:190} INFO - [2026-09-23T00:45:14.730+0000] {dag.py:4156} INFO - Setting next_dagrun for weather_etl to 2026-09-22 02:30:00+00:00, run_after=2026-09-23 02:30:00+00:00
[2026-09-23T00:45:14.737+0000] {processor.py:208} INFO - Processing /opt/airflow/dags/weather_etl.py took 0.061 seconds
[2026-09-23T00:45:45.243+0000] {processor.py:186} INFO - Started process (PID=12105) to work on /opt/airflow/dags/weather_etl.py
[2026-09-23T00:45:45.245+0000] {processor.py:914} INFO - Processing file /opt/airflow/dags/weather_etl.py for tasks to queue
[2026-09-23T00:45:45.254+0000] {logging_mixin.py:190} INFO - [2026-09-23T00:45:45.254+0000] {dagbag.py:587} INFO - Filling up the DagBag from /opt/airflow/dags/weather_etl.py
[2026-09-23T00:45:45.277+0000] {processor.py:925} INFO - DAG(s) 'weather_etl' retrieved from /opt/airflow/dags/weather_etl.py
[2026-09-23T00:45:45.290+0000] {logging_mixin.py:190} INFO - [2026-09-23T00:45:45.290+0000] {dag.py:3229} INFO - Sync 1 DAGs
[2026-09-23T00:45:45.302+0000] {logging_mixin.py:190} INFO - [2026-09-23T00:45:45.302+0000] {dag.py:4156} INFO - Setting next_dagrun for weather_etl to 2026-09-22 02:30:00+00:00, run_after=2026-09-23 02:30:00+00:00
[2026-09-23T00:45:45.312+0000] {processor.py:208} INFO - Processing /opt/airflow/dags/weather_etl.py took 0.076 seconds
[2026-09-23T00:46:15.556+0000] {processor.py:186} INFO - Started process (PID=12116) to work on /opt/airflow/dags/weather_etl.py
[2026-09-23T00:46:15.558+0000] {processor.py:914} INFO - Processing file /opt/airflow/dags/weather_etl.py for tasks to queue
[2026-09-23T00:46:15.560+0000] {logging_mixin.py:190} INFO - [2026-09-23T00:46:15.560+0000] {dagbag.py:587} INFO - Filling up the DagBag from /opt/airflow/dags/weather_etl.py
[2026-09-23T00:46:15.575+0000] {processor.py:925} INFO - DAG(s) 'weather_etl' retrieved from /opt/airflow/dags/weather_etl.py
[2026-09-23T00:46:15.583+0000] {logging_mixin.py:190} INFO - [2026-09-23T00:46:15.583+0000] {dag.py:3229} INFO - Sync 1 DAGs
[2026-09-23T00:46:15.593+0000] {logging_mixin.py:190} INFO - [2026-09-23T00:46:15.593+0000] {dag.py:4156} INFO - Setting next_dagrun for weather_etl to 2026-09-22 02:30:00+00:00, run_after=2026-09-23 02:30:00+00:00
[2026-09-23T00:46:15.599+0000] {processor.py:208} INFO - Processing /opt/airflow/dags/weather_etl.py took 0.051 seconds
[2026-09-23T00:46:45.878+0000] {processor.py:186} INFO - Started process (PID=12127) to work on /opt/airflow/dags/weather_etl.py
[2026-09-23T00:46:45.881+0000] {processor.py:914} INFO - Processing file /opt/airflow/dags/weather_etl.py for tasks to queue
[2026-09-23T00:46:45.883+0000] {logging_mixin.py:190} INFO - [2026-09-23T00:46:45.883+0000] {dagbag.py:587} INFO - Filling up the DagBag from /opt/airflow/dags/weather_etl.py
[2026-09-23T00:46:45.901+0000] {processor.py:925} INFO - DAG(s) 'weather_etl' retrieved from /opt/airflow/dags/weather_etl.py
[2026-09-23T00:46:45.910+0000] {logging_mixin.py:190} INFO - [2026-09-23T00:46:45.910+0000] {dag.py:3229} INFO - Sync 1 DAGs
[2026-09-23T00:46:45.922+0000] {logging_mixin.py:190} INFO - [2026-09-23T00:46:45.922+0000] {dag.py:4156} INFO - Setting next_dagrun for weather_etl to 2026-09-22 02:30:00+00:00, run_after=2026-09-23 02:30:00+00:00
[2026-09-23T00:46:45.930+0000] {processor.py:208} INFO - Processing /opt/airflow/dags/weather_etl.py took 0.060 seconds
[2026-09-23T00:47:16.312+0000] {processor.py:186} INFO - Started process (PID=12138) to work on /opt/airflow/dags/weather_etl.py
[2026-09-23T00:47:16.314+0000] {processor.py:914} INFO - Processing file /opt/airflow/dags/weather_etl.py for tasks to queue
[2026-09-23T00:47:16.317+0000] {logging_mixin.py:190} INFO - [2026-09-23T00:47:16.317+0000] {dagbag.py:587} INFO - Filling up the DagBag from /opt/airflow/dags/weather_etl.py
[2026-09-23T00:47:16.343+0000] {processor.py:925} INFO - DAG(s) 'weather_etl' retrieved from /opt/airflow/dags/weather_etl.py
[2026-09-23T00:47:16.356+0000] {logging_mixin.py:190} INFO - [2026-09-23T00:47:16.355+0000] {dag.py:3229} INFO - Sync 1 DAGs
[2026-09-23T00:47:16.370+0000] {logging_mixin.py:190} INFO - [2026-09-23T00:47:16.370+0000] {dag.py:4156} INFO - Setting next_dagrun for weather_etl to 2026-09-22 02:30:00+00:00, run_after=2026-09-23 02:30:00+00:00
[2026-09-23T00:47:16.379+0000] {processor.py:208} INFO - Processing /opt/airflow/dags/weather_etl.py took 0.076 seconds
[2026-09-23T00:47:46.666+0000] {processor.py:186} INFO - Started process (PID=12149) to work on /opt/airflow/dags/weather_etl.py
[2026-09-23T00:47:46.668+0000] {processor.py:914} INFO - Processing file /opt/airflow/dags/weather_etl.py for tasks to queue
[2026-09-23T00:47:46.670+0000] {logging_mixin.py:190} INFO - [2026-09-23T00:47:46.670+0000] {dagbag.py:587} INFO - Filling up the DagBag from /opt/airflow/dags/weather_etl.py
[2026-09-23T00:47:46.687+0000] {processor.py:925} INFO - DAG(s) 'weather_etl' retrieved from /opt/airflow/dags/weather_etl.py
[2026-09-23T00:47:46.696+0000] {logging_mixin.py:190} INFO - [2026-09-23T00:47:46.696+0000] {dag.py:3229} INFO - Sync 1 DAGs
[2026-09-23T00:47:46.707+0000] {logging_mixin.py:190} INFO - [2026-09-23T00:47:46.707+0000] {dag.py:4156} INFO - Setting next_dagrun for weather_etl to 2026-09-22 02:30:00+00:00, run_after=2026-09-23 02:30:00+00:00
[2026-09-23T00:47:46.713+0000] {processor.py:208} INFO - Processing /opt/airflow/dags/weather_etl.py took 0.057 seconds
[2026-09-23T00:48:17.047+0000] {processor.py:186} INFO - Started process (PID=12160) to work on /opt/airflow/dags/weather_etl.py
[2026-09-23T00:48:17.049+0000] {processor.py:914} INFO - Processing file /opt/airflow/dags/weather_etl.py for tasks to queue
[2026-09-23T00:48:17.052+0000] {logging_mixin.py:190} INFO - [2026-09-23T00:48:17.051+0000] {dagbag.py:587} INFO - Filling up the DagBag from /opt/airflow/dags/weather_etl.py
[2026-09-23T00:48:17.070+0000] {processor.py:925} INFO - DAG(s) 'weather_etl' retrieved from /opt/airflow/dags/weather_etl.py
[2026-09-23T00:48:17.079+0000] {logging_mixin.py:190} INFO - [2026-09-23T00:48:17.079+0000] {dag.py:3229} INFO - Sync 1 DAGs
[2026-09-23T00:48:17.089+0000] {logging_mixin.py:190} INFO - [2026-09-23T00:48:17.089+0000] {dag.py:4156} INFO - Setting next_dagrun for weather_etl to 2026-09-22 02:30:00+00:00, run_after=2026-09-23 02:30:00+00:00
[2026-09-23T00:48:17.096+0000] {processor.py:208} INFO - Processing /opt/airflow/dags/weather_etl.py took 0.057 seconds
[2026-09-23T00:48:47.423+0000] {processor.py:186} INFO - Started process (PID=12171) to work on /opt/airflow/dags/weather_etl.py
[2026-09-23T00:48:47.425+0000] {processor.py:914} INFO - Processing file /opt/airflow/dags/weather_etl.py for tasks to queue
[2026-09-23T00:48:47.427+0000] {logging_mixin.py:190} INFO - [2026-09-23T00:48:47.427+0000] {dagbag.py:587} INFO - Filling up the DagBag from /opt/airflow/dags/weather_etl.py
[2026-09-23T00:48:47.445+0000] {processor.py:925} INFO - DAG(s) 'weather_etl' retrieved from /opt/airflow/dags/weather_etl.py
[2026-09-23T00:48:47.453+0000] {logging_mixin.py:190} INFO - [2026-09-23T00:48:47.453+0000] {dag.py:3229} INFO - Sync 1 DAGs
[2026-09-23T00:48:47.462+0000] {logging_mixin.py:190} INFO - [2026-09-23T00:48:47.462+0000] {dag.py:4156} INFO - Setting next_dagrun for weather_etl to 2026-09-22 02:30:00+00:00, run_after=2026-09-23 02:30:00+00:00
[2026-09-23T00:48:47.469+0000] {processor.py:208} INFO - Processing /opt/airflow/dags/weather_etl.py took 0.051 seconds
[2026-09-23T00:49:17.773+0000] {processor.py:186} INFO - Started process (PID=12182) to work on /opt/airflow/dags/weather_etl.py
[2026-09-23T00:49:17.774+0000] {processor.py:914} INFO - Processing file /opt/airflow/dags/weather_etl.py for tasks to queue
[2026-09-23T00:49:17.776+0000] {logging_mixin.py:190} INFO - [2026-09-23T00:49:17.776+0000] {dagbag.py:587} INFO - Filling up the DagBag from /opt/airflow/dags/weather_etl.py
[2026-09-23T00:49:17.793+0000] {processor.py:925} INFO - DAG(s) 'weather_etl' retrieved from /opt/airflow/dags/weather_etl.py
[2026-09-23T00:49:17.802+0000] {logging_mixin.py:190} INFO - [2026-09-23T00:49:17.801+0000] {dag.py:3229} INFO - Sync 1 DAGs
[2026-09-23T00:49:17.814+0000] {logging_mixin.py:190} INFO - [2026-09-23T00:49:17.814+0000] {dag.py:4156} INFO - Setting next_dagrun for weather_etl to 2026-09-22 02:30:00+00:00, run_after=2026-09-23 02:30:00+00:00
[2026-09-23T00:49:17.822+0000] {processor.py:208} INFO - Processing /opt/airflow/dags/weather_etl.py took 0.055 seconds
[2026-09-23T00:49:48.151+0000] {processor.py:186} INFO - Started process (PID=12193) to work on /opt/airflow/dags/weather_etl.py
[2026-09-23T00:49:48.154+0000] {processor.py:914} INFO - Processing file /opt/airflow/dags/weather_etl.py for tasks to queue
[2026-09-23T00:49:48.156+0000] {logging_mixin.py:190} INFO - [2026-09-23T00:49:48.156+0000] {dagbag.py:587} INFO - Filling up the DagBag from /opt/airflow/dags/weather_etl.py
[2026-09-23T00:49:48.173+0000] {processor.py:925} INFO - DAG(s) 'weather_etl' retrieved from /opt/airflow/dags/weather_etl.py
[2026-09-23T00:49:48.181+0000] {logging_mixin.py:190} INFO - [2026-09-23T00:49:48.181+0000] {dag.py:3229} INFO - Sync 1 DAGs
[2026-09-23T00:49:48.191+0000] {logging_mixin.py:190} INFO - [2026-09-23T00:49:48.191+0000] {dag.py:4156} INFO - Setting next_dagrun for weather_etl to 2026-09-22 02:30:00+00:00, run_after=2026-09-23 02:30:00+00:00
[2026-09-23T00:49:48.197+0000] {processor.py:208} INFO - Processing /opt/airflow/dags/weather_etl.py took 0.051 seconds
[2026-09-23T00:50:18.507+0000] {processor.py:186} INFO - Started process (PID=12204) to work on /opt/airflow/dags/weather_etl.py
[2026-09-23T00:50:18.508+0000] {processor.py:914} INFO - Processing file /opt/airflow/dags/weather_etl.py for tasks to queue
[2026-09-23T00:50:18.510+0000] {logging_mixin.py:190} INFO - [2026-09-23T00:50:18.510+0000] {dagbag.py:587} INFO - Filling up the DagBag from /opt/airflow/dags/weather_etl.py
[2026-09-23T00:50:18.529+0000] {processor.py:925} INFO - DAG(s) 'weather_etl' retrieved from /opt/airflow/dags/weather_etl.py
[2026-09-23T00:50:18.538+0000] {logging_mixin.py:190} INFO - [2026-09-23T00:50:18.538+0000] {dag.py:3229} INFO - Sync 1 DAGs
[2026-09-23T00:50:18.550+0000] {logging_mixin.py:190} INFO - [2026-09-23T00:50:18.550+0000] {dag.py:4156} INFO - Setting next_dagrun for weather_etl to 2026-09-22 02:30:00+00:00, run_after=2026-09-23 02:30:00+00:00
[2026-09-23T00:50:18.557+0000] {processor.py:208} INFO - Processing /opt/airflow/dags/weather_etl.py took 0.058 seconds
[2026-09-23T00:50:48.843+0000] {processor.py:186} INFO - Started process (PID=12215) to work on /opt/airflow/dags/weather_etl.py
[2026-09-23T00:50:48.844+0000] {processor.py:914} INFO - Processing file /opt/airflow/dags/weather_etl.py for tasks to queue
[2026-09-23T00:50:48.847+0000] {logging_mixin.py:190} INFO - [2026-09-23T00:50:48.847+0000] {dagbag.py:587} INFO - Filling up the DagBag from /opt/airflow/dags/weather_etl.py
[2026-09-23T00:50:48.867+0000] {processor.py:925} INFO - DAG(s) 'weather_etl' retrieved from /opt/airflow/dags/weather_etl.py
[2026-09-23T00:50:48.878+0000] {logging_mixin.py:190} INFO - [2026-09-23T00:50:48.878+0000] {dag.py:3229} INFO - Sync 1 DAGs
[2026-09-23T00:50:48.891+0000] {logging_mixin.py:190} INFO - [2026-09-23T00:50:48.890+0000] {dag.py:4156} INFO - Setting next_dagrun for weather_etl to 2026-09-22 02:30:00+00:00, run_after=2026-09-23 02:30:00+00:00
[2026-09-23T00:50:48.897+0000] {processor.py:208} INFO - Processing /opt/airflow/dags/weather_etl.py took 0.062 seconds
[2026-09-23T00:51:19.138+0000] {processor.py:186} INFO - Started process (PID=12227) to work on /opt/airflow/dags/weather_etl.py
[2026-09-23T00:51:19.140+0000] {processor.py:914} INFO - Processing file /opt/airflow/dags/weather_etl.py for tasks to queue
[2026-09-23T00:51:19.142+0000] {logging_mixin.py:190} INFO - [2026-09-23T00:51:19.142+0000] {dagbag.py:587} INFO - Filling up the DagBag from /opt/airflow/dags/weather_etl.py
[2026-09-23T00:51:19.160+0000] {processor.py:925} INFO - DAG(s) 'weather_etl' retrieved from /opt/airflow/dags/weather_etl.py
[2026-09-23T00:51:19.170+0000] {logging_mixin.py:190} INFO - [2026-09-23T00:51:19.170+0000] {dag.py:3229} INFO - Sync 1 DAGs
[2026-09-23T00:51:19.183+0000] {logging_mixin.py:190} INFO - [2026-09-23T00:51:19.183+0000] {dag.py:4156} INFO - Setting next_dagrun for weather_etl to 2026-09-22 02:30:00+00:00, run_after=2026-09-23 02:30:00+00:00
[2026-09-23T00:51:19.190+0000] {processor.py:208} INFO - Processing /opt/airflow/dags/weather_etl.py took 0.059 seconds
[2026-09-23T00:51:49.511+0000] {processor.py:186} INFO - Started process (PID=12238) to work on /opt/airflow/dags/weather_etl.py
[2026-09-23T00:51:49.513+0000] {processor.py:914} INFO - Processing file /opt/airflow/dags/weather_etl.py for tasks to queue
[2026-09-23T00:51:49.516+0000] {logging_mixin.py:190} INFO - [2026-09-23T00:51:49.515+0000] {dagbag.py:587} INFO - Filling up the DagBag from /opt/airflow/dags/weather_etl.py
[2026-09-23T00:51:49.536+0000] {processor.py:925} INFO - DAG(s) 'weather_etl' retrieved from /opt/airflow/dags/weather_etl.py
[2026-09-23T00:51:49.547+0000] {logging_mixin.py:190} INFO - [2026-09-23T00:51:49.546+0000] {dag.py:3229} INFO - Sync 1 DAGs
[2026-09-23T00:51:49.558+0000] {logging_mixin.py:190} INFO - [2026-09-23T00:51:49.558+0000] {dag.py:4156} INFO - Setting next_dagrun for weather_etl to 2026-09-22 02:30:00+00:00, run_after=2026-09-23 02:30:00+00:00
[2026-09-23T00:51:49.565+0000] {processor.py:208} INFO - Processing /opt/airflow/dags/weather_etl.py took 0.062 seconds
[2026-09-23T00:52:19.898+0000] {processor.py:186} INFO - Started process (PID=12249) to work on /opt/airflow/dags/weather_etl.py
[2026-09-23T00:52:19.900+0000] {processor.py:914} INFO - Processing file /opt/airflow/dags/weather_etl.py for tasks to queue
[2026-09-23T00:52:19.902+0000] {logging_mixin.py:190} INFO - [2026-09-23T00:52:19.902+0000] {dagbag.py:587} INFO - Filling up the DagBag from /opt/airflow/dags/weather_etl.py
[2026-09-23T00:52:19.917+0000] {processor.py:925} INFO - DAG(s) 'weather_etl' retrieved from /opt/airflow/dags/weather_etl.py
[2026-09-23T00:52:19.926+0000] {logging_mixin.py:190} INFO - [2026-09-23T00:52:19.925+0000] {dag.py:3229} INFO - Sync 1 DAGs
[2026-09-23T00:52:19.936+0000] {logging_mixin.py:190} INFO - [2026-09-23T00:52:19.936+0000] {dag.py:4156} INFO - Setting next_dagrun for weather_etl to 2026-09-22 02:30:00+00:00, run_after=2026-09-23 02:30:00+00:00
[2026-09-23T00:52:19.942+0000] {processor.py:208} INFO - Processing /opt/airflow/dags/weather_etl.py took 0.051 seconds
[2026-09-23T00:52:50.275+0000] {processor.py:186} INFO - Started process (PID=12260) to work on /opt/airflow/dags/weather_etl.py
[2026-09-23T00:52:50.278+0000] {processor.py:914} INFO - Processing file /opt/airflow/dags/weather_etl.py for tasks to queue
[2026-09-23T00:52:50.280+0000] {logging_mixin.py:190} INFO - [2026-09-23T00:52:50.280+0000] {dagbag.py:587} INFO - Filling up the DagBag from /opt/airflow/dags/weather_etl.py
[2026-09-23T00:52:50.299+0000] {processor.py:925} INFO - DAG(s) 'weather_etl' retrieved from /opt/airflow/dags/weather_etl.py
[2026-09-23T00:52:50.309+0000] {logging_mixin.py:190} INFO - [2026-09-23T00:52:50.308+0000] {dag.py:3229} INFO - Sync 1 DAGs
[2026-09-23T00:52:50.321+0000] {logging_mixin.py:190} INFO - [2026-09-23T00:52:50.321+0000] {dag.py:4156} INFO - Setting next_dagrun for weather_etl to 2026-09-22 02:30:00+00:00, run_after=2026-09-23 02:30:00+00:00
[2026-09-23T00:52:50.328+0000] {processor.py:208} INFO - Processing /opt/airflow/dags/weather_etl.py took 0.058 seconds
[2026-09-23T00:53:20.659+0000] {processor.py:186} INFO - Started process (PID=12271) to work on /opt/airflow/dags/weather_etl.py
[2026-09-23T00:53:20.660+0000] {processor.py:914} INFO - Processing file /opt/airflow/dags/weather_etl.py for tasks to queue
[2026-09-23T00:53:20.663+0000] {logging_mixin.py:190} INFO - [2026-09-23T00:53:20.662+0000] {dagbag.py:587} INFO - Filling up the DagBag from /opt/airflow/dags/weather_etl.py
[2026-09-23T00:53:20.682+0000] {processor.py:925} INFO - DAG(s) 'weather_etl' retrieved from /opt/airflow/dags/weather_etl.py
[2026-09-23T00:53:20.691+0000] {logging_mixin.py:190} INFO - [2026-09-23T00:53:20.691+0000] {dag.py:3229} INFO - Sync 1 DAGs
[2026-09-23T00:53:20.701+0000] {logging_mixin.py:190} INFO - [2026-09-23T00:53:20.701+0000] {dag.py:4156} INFO - Setting next_dagrun for weather_etl to 2026-09-22 02:30:00+00:00, run_after=2026-09-23 02:30:00+00:00
[2026-09-23T00:53:20.708+0000] {processor.py:208} INFO - Processing /opt/airflow/dags/weather_etl.py took 0.055 seconds
[2026-09-23T00:53:51.021+0000] {processor.py:186} INFO - Started process (PID=12282) to work on /opt/airflow/dags/weather_etl.py
[2026-09-23T00:53:51.023+0000] {processor.py:914} INFO - Processing file /opt/airflow/dags/weather_etl.py for tasks to queue
[2026-09-23T00:53:51.026+0000] {logging_mixin.py:190} INFO - [2026-09-23T00:53:51.025+0000] {dagbag.py:587} INFO - Filling up the DagBag from /opt/airflow/dags/weather_etl.py
[2026-09-23T00:53:51.044+0000] {processor.py:925} INFO - DAG(s) 'weather_etl' retrieved from /opt/airflow/dags/weather_etl.py
[2026-09-23T00:53:51.053+0000] {logging_mixin.py:190} INFO - [2026-09-23T00:53:51.053+0000] {dag.py:3229} INFO - Sync 1 DAGs
[2026-09-23T00:53:51.063+0000] {logging_mixin.py:190} INFO - [2026-09-23T00:53:51.063+0000] {dag.py:4156} INFO - Setting next_dagrun for weather_etl to 2026-09-22 02:30:00+00:00, run_after=2026-09-23 02:30:00+00:00
[2026-09-23T00:53:51.070+0000] {processor.py:208} INFO - Processing /opt/airflow/dags/weather_etl.py took 0.054 seconds
[2026-09-23T00:54:21.342+0000] {processor.py:186} INFO - Started process (PID=12293) to work on /opt/airflow/dags/weather_etl.py
[2026-09-23T00:54:21.344+0000] {processor.py:914} INFO - Processing file /opt/airflow/dags/weather_etl.py for tasks to queue
[2026-09-23T00:54:21.346+0000] {logging_mixin.py:190} INFO - [2026-09-23T00:54:21.346+0000] {dagbag.py:587} INFO - Filling up the DagBag from /opt/airflow/dags/weather_etl.py
[2026-09-23T00:54:21.361+0000] {processor.py:925} INFO - DAG(s) 'weather_etl' retrieved from /opt/airflow/dags/weather_etl.py
[2026-09-23T00:54:21.369+0000] {logging_mixin.py:190} INFO - [2026-09-23T00:54:21.368+0000] {dag.py:3229} INFO - Sync 1 DAGs
[2026-09-23T00:54:21.378+0000] {logging_mixin.py:190} INFO - [2026-09-23T00:54:21.378+0000] {dag.py:4156} INFO - Setting next_dagrun for weather_etl to 2026-09-22 02:30:00+00:00, run_after=2026-09-23 02:30:00+00:00
[2026-09-23T00:54:21.385+0000] {processor.py:208} INFO - Processing /opt/airflow/dags/weather_etl.py took 0.048 seconds
[2026-09-23T00:54:51.702+0000] {processor.py:186} INFO - Started process (PID=12304) to work on /opt/airflow/dags/weather_etl.py
[2026-09-23T00:54:51.704+0000] {processor.py:914} INFO - Processing file /opt/airflow/dags/weather_etl.py for tasks to queue
[2026-09-23T00:54:51.707+0000] {logging_mixin.py:190} INFO - [2026-09-23T00:54:51.706+0000] {dagbag.py:587} INFO - Filling up the DagBag from /opt/airflow/dags/weather_etl.py
[2026-09-23T00:54:51.725+0000] {processor.py:925} INFO - DAG(s) 'weather_etl' retrieved from /opt/airflow/dags/weather_etl.py
[2026-09-23T00:54:51.735+0000] {logging_mixin.py:190} INFO - [2026-09-23T00:54:51.735+0000] {dag.py:3229} INFO - Sync 1 DAGs
[2026-09-23T00:54:51.746+0000] {logging_mixin.py:190} INFO - [2026-09-23T00:54:51.746+0000] {dag.py:4156} INFO - Setting next_dagrun for weather_etl to 2026-09-22 02:30:00+00:00, run_after=2026-09-23 02:30:00+00:00
[2026-09-23T00:54:51.753+0000] {processor.py:208} INFO - Processing /opt/airflow/dags/weather_etl.py took 0.057 seconds
[2026-09-23T00:55:22.071+0000] {processor.py:186} INFO - Started process (PID=12315) to work on /opt/airflow/dags/weather_etl.py
[2026-09-23T00:55:22.072+0000] {processor.py:914} INFO - Processing file /opt/airflow/dags/weather_etl.py for tasks to queue
[2026-09-23T00:55:22.075+0000] {logging_mixin.py:190} INFO - [2026-09-23T00:55:22.074+0000] {dagbag.py:587} INFO - Filling up the DagBag from /opt/airflow/dags/weather_etl.py
[2026-09-23T00:55:22.094+0000] {processor.py:925} INFO - DAG(s) 'weather_etl' retrieved from /opt/airflow/dags/weather_etl.py
[2026-09-23T00:55:22.102+0000] {logging_mixin.py:190} INFO - [2026-09-23T00:55:22.102+0000] {dag.py:3229} INFO - Sync 1 DAGs
[2026-09-23T00:55:22.112+0000] {logging_mixin.py:190} INFO - [2026-09-23T00:55:22.112+0000] {dag.py:4156} INFO - Setting next_dagrun for weather_etl to 2026-09-22 02:30:00+00:00, run_after=2026-09-23 02:30:00+00:00
[2026-09-23T00:55:22.119+0000] {processor.py:208} INFO - Processing /opt/airflow/dags/weather_etl.py took 0.054 seconds
[2026-09-23T00:55:52.429+0000] {processor.py:186} INFO - Started process (PID=12326) to work on /opt/airflow/dags/weather_etl.py
[2026-09-23T00:55:52.432+0000] {processor.py:914} INFO - Processing file /opt/airflow/dags/weather_etl.py for tasks to queue
[2026-09-23T00:55:52.434+0000] {logging_mixin.py:190} INFO - [2026-09-23T00:55:52.433+0000] {dagbag.py:587} INFO - Filling up the DagBag from /opt/airflow/dags/weather_etl.py
[2026-09-23T00:55:52.452+0000] {processor.py:925} INFO - DAG(s) 'weather_etl' retrieved from /opt/airflow/dags/weather_etl.py
[2026-09-23T00:55:52.461+0000] {logging_mixin.py:190} INFO - [2026-09-23T00:55:52.461+0000] {dag.py:3229} INFO - Sync 1 DAGs
[2026-09-23T00:55:52.472+0000] {logging_mixin.py:190} INFO - [2026-09-23T00:55:52.471+0000] {dag.py:4156} INFO - Setting next_dagrun for weather_etl to 2026-09-22 02:30:00+00:00, run_after=2026-09-23 02:30:00+00:00
[2026-09-23T00:55:52.478+0000] {processor.py:208} INFO - Processing /opt/airflow/dags/weather_etl.py took 0.054 seconds
[2026-09-23T00:56:22.812+0000] {processor.py:186} INFO - Started process (PID=12337) to work on /opt/airflow/dags/weather_etl.py
[2026-09-23T00:56:22.814+0000] {processor.py:914} INFO - Processing file /opt/airflow/dags/weather_etl.py for tasks to queue
[2026-09-23T00:56:22.817+0000] {logging_mixin.py:190} INFO - [2026-09-23T00:56:22.816+0000] {dagbag.py:587} INFO - Filling up the DagBag from /opt/airflow/dags/weather_etl.py
[2026-09-23T00:56:22.836+0000] {processor.py:925} INFO - DAG(s) 'weather_etl' retrieved from /opt/airflow/dags/weather_etl.py
[2026-09-23T00:56:22.845+0000] {logging_mixin.py:190} INFO - [2026-09-23T00:56:22.845+0000] {dag.py:3229} INFO - Sync 1 DAGs
[2026-09-23T00:56:22.856+0000] {logging_mixin.py:190} INFO - [2026-09-23T00:56:22.856+0000] {dag.py:4156} INFO - Setting next_dagrun for weather_etl to 2026-09-22 02:30:00+00:00, run_after=2026-09-23 02:30:00+00:00
[2026-09-23T00:56:22.863+0000] {processor.py:208} INFO - Processing /opt/airflow/dags/weather_etl.py took 0.058 seconds
[2026-09-23T00:56:53.214+0000] {processor.py:186} INFO - Started process (PID=12348) to work on /opt/airflow/dags/weather_etl.py
[2026-09-23T00:56:53.216+0000] {processor.py:914} INFO - Processing file /opt/airflow/dags/weather_etl.py for tasks to queue
[2026-09-23T00:56:53.218+0000] {logging_mixin.py:190} INFO - [2026-09-23T00:56:53.218+0000] {dagbag.py:587} INFO - Filling up the DagBag from /opt/airflow/dags/weather_etl.py
[2026-09-23T00:56:53.237+0000] {processor.py:925} INFO - DAG(s) 'weather_etl' retrieved from /opt/airflow/dags/weather_etl.py
[2026-09-23T00:56:53.246+0000] {logging_mixin.py:190} INFO - [2026-09-23T00:56:53.246+0000] {dag.py:3229} INFO - Sync 1 DAGs
[2026-09-23T00:56:53.257+0000] {logging_mixin.py:190} INFO - [2026-09-23T00:56:53.257+0000] {dag.py:4156} INFO - Setting next_dagrun for weather_etl to 2026-09-22 02:30:00+00:00, run_after=2026-09-23 02:30:00+00:00
[2026-09-23T00:56:53.263+0000] {processor.py:208} INFO - Processing /opt/airflow/dags/weather_etl.py took 0.056 seconds
[2026-09-23T00:57:23.689+0000] {processor.py:186} INFO - Started process (PID=12359) to work on /opt/airflow/dags/weather_etl.py
[2026-09-23T00:57:23.690+0000] {processor.py:914} INFO - Processing file /opt/airflow/dags/weather_etl.py for tasks to queue
[2026-09-23T00:57:23.692+0000] {logging_mixin.py:190} INFO - [2026-09-23T00:57:23.692+0000] {dagbag.py:587} INFO - Filling up the DagBag from /opt/airflow/dags/weather_etl.py
[2026-09-23T00:57:23.710+0000] {processor.py:925} INFO - DAG(s) 'weather_etl' retrieved from /opt/airflow/dags/weather_etl.py
[2026-09-23T00:57:23.719+0000] {logging_mixin.py:190} INFO - [2026-09-23T00:57:23.718+0000] {dag.py:3229} INFO - Sync 1 DAGs
[2026-09-23T00:57:23.731+0000] {logging_mixin.py:190} INFO - [2026-09-23T00:57:23.731+0000] {dag.py:4156} INFO - Setting next_dagrun for weather_etl to 2026-09-22 02:30:00+00:00, run_after=2026-09-23 02:30:00+00:00
[2026-09-23T00:57:23.738+0000] {processor.py:208} INFO - Processing /opt/airflow/dags/weather_etl.py took 0.055 seconds
[2026-09-23T00:57:54.079+0000] {processor.py:186} INFO - Started process (PID=12370) to work on /opt/airflow/dags/weather_etl.py
[2026-09-23T00:57:54.081+0000] {processor.py:914} INFO - Processing file /opt/airflow/dags/weather_etl.py for tasks to queue
[2026-09-23T00:57:54.083+0000] {logging_mixin.py:190} INFO - [2026-09-23T00:57:54.082+0000] {dagbag.py:587} INFO - Filling up the DagBag from /opt/airflow/dags/weather_etl.py
[2026-09-23T00:57:54.099+0000] {processor.py:925} INFO - DAG(s) 'weather_etl' retrieved from /opt/airflow/dags/weather_etl.py
[2026-09-23T00:57:54.107+0000] {logging_mixin.py:190} INFO - [2026-09-23T00:57:54.107+0000] {dag.py:3229} INFO - Sync 1 DAGs
[2026-09-23T00:57:54.117+0000] {logging_mixin.py:190} INFO - [2026-09-23T00:57:54.117+0000] {dag.py:4156} INFO - Setting next_dagrun for weather_etl to 2026-09-22 02:30:00+00:00, run_after=2026-09-23 02:30:00+00:00
[2026-09-23T00:57:54.123+0000] {processor.py:208} INFO - Processing /opt/airflow/dags/weather_etl.py took 0.051 seconds
[2026-09-23T00:58:24.546+0000] {processor.py:186} INFO - Started process (PID=12381) to work on /opt/airflow/dags/weather_etl.py
[2026-09-23T00:58:24.549+0000] {processor.py:914} INFO - Processing file /opt/airflow/dags/weather_etl.py for tasks to queue
[2026-09-23T00:58:24.553+0000] {logging_mixin.py:190} INFO - [2026-09-23T00:58:24.553+0000] {dagbag.py:587} INFO - Filling up the DagBag from /opt/airflow/dags/weather_etl.py
[2026-09-23T00:58:24.577+0000] {processor.py:925} INFO - DAG(s) 'weather_etl' retrieved from /opt/airflow/dags/weather_etl.py
[2026-09-23T00:58:24.590+0000] {logging_mixin.py:190} INFO - [2026-09-23T00:58:24.590+0000] {dag.py:3229} INFO - Sync 1 DAGs
[2026-09-23T00:58:24.603+0000] {logging_mixin.py:190} INFO - [2026-09-23T00:58:24.603+0000] {dag.py:4156} INFO - Setting next_dagrun for weather_etl to 2026-09-22 02:30:00+00:00, run_after=2026-09-23 02:30:00+00:00
[2026-09-23T00:58:24.612+0000] {processor.py:208} INFO - Processing /opt/airflow/dags/weather_etl.py took 0.074 seconds
[2026-09-23T00:58:54.886+0000] {processor.py:186} INFO - Started process (PID=12392) to work on /opt/airflow/dags/weather_etl.py
[2026-09-23T00:58:54.887+0000] {processor.py:914} INFO - Processing file /opt/airflow/dags/weather_etl.py for tasks to queue
[2026-09-23T00:58:54.890+0000] {logging_mixin.py:190} INFO - [2026-09-23T00:58:54.890+0000] {dagbag.py:587} INFO - Filling up the DagBag from /opt/airflow/dags/weather_etl.py
[2026-09-23T00:58:54.913+0000] {processor.py:925} INFO - DAG(s) 'weather_etl' retrieved from /opt/airflow/dags/weather_etl.py
[2026-09-23T00:58:54.925+0000] {logging_mixin.py:190} INFO - [2026-09-23T00:58:54.925+0000] {dag.py:3229} INFO - Sync 1 DAGs
[2026-09-23T00:58:54.939+0000] {logging_mixin.py:190} INFO - [2026-09-23T00:58:54.939+0000] {dag.py:4156} INFO - Setting next_dagrun for weather_etl to 2026-09-22 02:30:00+00:00, run_after=2026-09-23 02:30:00+00:00
[2026-09-23T00:58:54.946+0000] {processor.py:208} INFO - Processing /opt/airflow/dags/weather_etl.py took 0.068 seconds
[2026-09-23T00:59:25.276+0000] {processor.py:186} INFO - Started process (PID=12403) to work on /opt/airflow/dags/weather_etl.py
[2026-09-23T00:59:25.277+0000] {processor.py:914} INFO - Processing file /opt/airflow/dags/weather_etl.py for tasks to queue
[2026-09-23T00:59:25.280+0000] {logging_mixin.py:190} INFO - [2026-09-23T00:59:25.280+0000] {dagbag.py:587} INFO - Filling up the DagBag from /opt/airflow/dags/weather_etl.py
[2026-09-23T00:59:25.301+0000] {processor.py:925} INFO - DAG(s) 'weather_etl' retrieved from /opt/airflow/dags/weather_etl.py
[2026-09-23T00:59:25.311+0000] {logging_mixin.py:190} INFO - [2026-09-23T00:59:25.311+0000] {dag.py:3229} INFO - Sync 1 DAGs
[2026-09-23T00:59:25.323+0000] {logging_mixin.py:190} INFO - [2026-09-23T00:59:25.323+0000] {dag.py:4156} INFO - Setting next_dagrun for weather_etl to 2026-09-22 02:30:00+00:00, run_after=2026-09-23 02:30:00+00:00
[2026-09-23T00:59:25.330+0000] {processor.py:208} INFO - Processing /opt/airflow/dags/weather_etl.py took 0.061 seconds
[2026-09-23T00:59:55.616+0000] {processor.py:186} INFO - Started process (PID=12414) to work on /opt/airflow/dags/weather_etl.py
[2026-09-23T00:59:55.617+0000] {processor.py:914} INFO - Processing file /opt/airflow/dags/weather_etl.py for tasks to queue
[2026-09-23T00:59:55.618+0000] {logging_mixin.py:190} INFO - [2026-09-23T00:59:55.618+0000] {dagbag.py:587} INFO - Filling up the DagBag from /opt/airflow/dags/weather_etl.py
[2026-09-23T00:59:55.632+0000] {processor.py:925} INFO - DAG(s) 'weather_etl' retrieved from /opt/airflow/dags/weather_etl.py
[2026-09-23T00:59:55.640+0000] {logging_mixin.py:190} INFO - [2026-09-23T00:59:55.640+0000] {dag.py:3229} INFO - Sync 1 DAGs
[2026-09-23T00:59:55.652+0000] {logging_mixin.py:190} INFO - [2026-09-23T00:59:55.651+0000] {dag.py:4156} INFO - Setting next_dagrun for weather_etl to 2026-09-22 02:30:00+00:00, run_after=2026-09-23 02:30:00+00:00
[2026-09-23T00:59:55.658+0000] {processor.py:208} INFO - Processing /opt/airflow/dags/weather_etl.py took 0.047 seconds
[2026-09-23T01:00:25.993+0000] {processor.py:186} INFO - Started process (PID=12425) to work on /opt/airflow/dags/weather_etl.py
[2026-09-23T01:00:25.995+0000] {processor.py:914} INFO - Processing file /opt/airflow/dags/weather_etl.py for tasks to queue
[2026-09-23T01:00:25.997+0000] {logging_mixin.py:190} INFO - [2026-09-23T01:00:25.997+0000] {dagbag.py:587} INFO - Filling up the DagBag from /opt/airflow/dags/weather_etl.py
[2026-09-23T01:00:26.016+0000] {processor.py:925} INFO - DAG(s) 'weather_etl' retrieved from /opt/airflow/dags/weather_etl.py
[2026-09-23T01:00:26.024+0000] {logging_mixin.py:190} INFO - [2026-09-23T01:00:26.024+0000] {dag.py:3229} INFO - Sync 1 DAGs
[2026-09-23T01:00:26.034+0000] {logging_mixin.py:190} INFO - [2026-09-23T01:00:26.034+0000] {dag.py:4156} INFO - Setting next_dagrun for weather_etl to 2026-09-22 02:30:00+00:00, run_after=2026-09-23 02:30:00+00:00
[2026-09-23T01:00:26.040+0000] {processor.py:208} INFO - Processing /opt/airflow/dags/weather_etl.py took 0.053 seconds
[2026-09-23T01:00:56.388+0000] {processor.py:186} INFO - Started process (PID=12436) to work on /opt/airflow/dags/weather_etl.py
[2026-09-23T01:00:56.391+0000] {processor.py:914} INFO - Processing file /opt/airflow/dags/weather_etl.py for tasks to queue
[2026-09-23T01:00:56.394+0000] {logging_mixin.py:190} INFO - [2026-09-23T01:00:56.393+0000] {dagbag.py:587} INFO - Filling up the DagBag from /opt/airflow/dags/weather_etl.py
[2026-09-23T01:00:56.412+0000] {processor.py:925} INFO - DAG(s) 'weather_etl' retrieved from /opt/airflow/dags/weather_etl.py
[2026-09-23T01:00:56.421+0000] {logging_mixin.py:190} INFO - [2026-09-23T01:00:56.421+0000] {dag.py:3229} INFO - Sync 1 DAGs
[2026-09-23T01:00:56.432+0000] {logging_mixin.py:190} INFO - [2026-09-23T01:00:56.432+0000] {dag.py:4156} INFO - Setting next_dagrun for weather_etl to 2026-09-22 02:30:00+00:00, run_after=2026-09-23 02:30:00+00:00
[2026-09-23T01:00:56.438+0000] {processor.py:208} INFO - Processing /opt/airflow/dags/weather_etl.py took 0.060 seconds
[2026-09-23T01:01:26.741+0000] {processor.py:186} INFO - Started process (PID=12447) to work on /opt/airflow/dags/weather_etl.py
[2026-09-23T01:01:26.742+0000] {processor.py:914} INFO - Processing file /opt/airflow/dags/weather_etl.py for tasks to queue
[2026-09-23T01:01:26.745+0000] {logging_mixin.py:190} INFO - [2026-09-23T01:01:26.744+0000] {dagbag.py:587} INFO - Filling up the DagBag from /opt/airflow/dags/weather_etl.py
[2026-09-23T01:01:26.760+0000] {processor.py:925} INFO - DAG(s) 'weather_etl' retrieved from /opt/airflow/dags/weather_etl.py
[2026-09-23T01:01:26.768+0000] {logging_mixin.py:190} INFO - [2026-09-23T01:01:26.768+0000] {dag.py:3229} INFO - Sync 1 DAGs
[2026-09-23T01:01:26.782+0000] {logging_mixin.py:190} INFO - [2026-09-23T01:01:26.781+0000] {dag.py:4156} INFO - Setting next_dagrun for weather_etl to 2026-09-22 02:30:00+00:00, run_after=2026-09-23 02:30:00+00:00
[2026-09-23T01:01:26.790+0000] {processor.py:208} INFO - Processing /opt/airflow/dags/weather_etl.py took 0.056 seconds
[2026-09-23T01:01:57.090+0000] {processor.py:186} INFO - Started process (PID=12459) to work on /opt/airflow/dags/weather_etl.py
[2026-09-23T01:01:57.092+0000] {processor.py:914} INFO - Processing file /opt/airflow/dags/weather_etl.py for tasks to queue
[2026-09-23T01:01:57.096+0000] {logging_mixin.py:190} INFO - [2026-09-23T01:01:57.095+0000] {dagbag.py:587} INFO - Filling up the DagBag from /opt/airflow/dags/weather_etl.py
[2026-09-23T01:01:57.117+0000] {processor.py:925} INFO - DAG(s) 'weather_etl' retrieved from /opt/airflow/dags/weather_etl.py
[2026-09-23T01:01:57.128+0000] {logging_mixin.py:190} INFO - [2026-09-23T01:01:57.128+0000] {dag.py:3229} INFO - Sync 1 DAGs
[2026-09-23T01:01:57.139+0000] {logging_mixin.py:190} INFO - [2026-09-23T01:01:57.139+0000] {dag.py:4156} INFO - Setting next_dagrun for weather_etl to 2026-09-22 02:30:00+00:00, run_after=2026-09-23 02:30:00+00:00
[2026-09-23T01:01:57.146+0000] {processor.py:208} INFO - Processing /opt/airflow/dags/weather_etl.py took 0.064 seconds
[2026-09-23T01:02:27.425+0000] {processor.py:186} INFO - Started process (PID=12470) to work on /opt/airflow/dags/weather_etl.py
[2026-09-23T01:02:27.427+0000] {processor.py:914} INFO - Processing file /opt/airflow/dags/weather_etl.py for tasks to queue
[2026-09-23T01:02:27.429+0000] {logging_mixin.py:190} INFO - [2026-09-23T01:02:27.428+0000] {dagbag.py:587} INFO - Filling up the DagBag from /opt/airflow/dags/weather_etl.py
[2026-09-23T01:02:27.447+0000] {processor.py:925} INFO - DAG(s) 'weather_etl' retrieved from /opt/airflow/dags/weather_etl.py
[2026-09-23T01:02:27.456+0000] {logging_mixin.py:190} INFO - [2026-09-23T01:02:27.455+0000] {dag.py:3229} INFO - Sync 1 DAGs
[2026-09-23T01:02:27.466+0000] {logging_mixin.py:190} INFO - [2026-09-23T01:02:27.466+0000] {dag.py:4156} INFO - Setting next_dagrun for weather_etl to 2026-09-22 02:30:00+00:00, run_after=2026-09-23 02:30:00+00:00
[2026-09-23T01:02:27.473+0000] {processor.py:208} INFO - Processing /opt/airflow/dags/weather_etl.py took 0.054 seconds
[2026-09-23T01:02:57.761+0000] {processor.py:186} INFO - Started process (PID=12481) to work on /opt/airflow/dags/weather_etl.py
[2026-09-23T01:02:57.763+0000] {processor.py:914} INFO - Processing file /opt/airflow/dags/weather_etl.py for tasks to queue
[2026-09-23T01:02:57.765+0000] {logging_mixin.py:190} INFO - [2026-09-23T01:02:57.764+0000] {dagbag.py:587} INFO - Filling up the DagBag from /opt/airflow/dags/weather_etl.py
[2026-09-23T01:02:57.779+0000] {processor.py:925} INFO - DAG(s) 'weather_etl' retrieved from /opt/airflow/dags/weather_etl.py
[2026-09-23T01:02:57.788+0000] {logging_mixin.py:190} INFO - [2026-09-23T01:02:57.788+0000] {dag.py:3229} INFO - Sync 1 DAGs
[2026-09-23T01:02:57.799+0000] {logging_mixin.py:190} INFO - [2026-09-23T01:02:57.799+0000] {dag.py:4156} INFO - Setting next_dagrun for weather_etl to 2026-09-22 02:30:00+00:00, run_after=2026-09-23 02:30:00+00:00
[2026-09-23T01:02:57.805+0000] {processor.py:208} INFO - Processing /opt/airflow/dags/weather_etl.py took 0.049 seconds
[2026-09-23T01:03:28.145+0000] {processor.py:186} INFO - Started process (PID=12492) to work on /opt/airflow/dags/weather_etl.py
[2026-09-23T01:03:28.146+0000] {processor.py:914} INFO - Processing file /opt/airflow/dags/weather_etl.py for tasks to queue
[2026-09-23T01:03:28.149+0000] {logging_mixin.py:190} INFO - [2026-09-23T01:03:28.148+0000] {dagbag.py:587} INFO - Filling up the DagBag from /opt/airflow/dags/weather_etl.py
[2026-09-23T01:03:28.167+0000] {processor.py:925} INFO - DAG(s) 'weather_etl' retrieved from /opt/airflow/dags/weather_etl.py
[2026-09-23T01:03:28.176+0000] {logging_mixin.py:190} INFO - [2026-09-23T01:03:28.175+0000] {dag.py:3229} INFO - Sync 1 DAGs
[2026-09-23T01:03:28.186+0000] {logging_mixin.py:190} INFO - [2026-09-23T01:03:28.186+0000] {dag.py:4156} INFO - Setting next_dagrun for weather_etl to 2026-09-22 02:30:00+00:00, run_after=2026-09-23 02:30:00+00:00
[2026-09-23T01:03:28.195+0000] {processor.py:208} INFO - Processing /opt/airflow/dags/weather_etl.py took 0.055 seconds
[2026-09-23T01:03:58.506+0000] {processor.py:186} INFO - Started process (PID=12503) to work on /opt/airflow/dags/weather_etl.py
[2026-09-23T01:03:58.509+0000] {processor.py:914} INFO - Processing file /opt/airflow/dags/weather_etl.py for tasks to queue
[2026-09-23T01:03:58.512+0000] {logging_mixin.py:190} INFO - [2026-09-23T01:03:58.512+0000] {dagbag.py:587} INFO - Filling up the DagBag from /opt/airflow/dags/weather_etl.py
[2026-09-23T01:03:58.535+0000] {processor.py:925} INFO - DAG(s) 'weather_etl' retrieved from /opt/airflow/dags/weather_etl.py
[2026-09-23T01:03:58.547+0000] {logging_mixin.py:190} INFO - [2026-09-23T01:03:58.547+0000] {dag.py:3229} INFO - Sync 1 DAGs
[2026-09-23T01:03:58.560+0000] {logging_mixin.py:190} INFO - [2026-09-23T01:03:58.560+0000] {dag.py:4156} INFO - Setting next_dagrun for weather_etl to 2026-09-22 02:30:00+00:00, run_after=2026-09-23 02:30:00+00:00
[2026-09-23T01:03:58.568+0000] {processor.py:208} INFO - Processing /opt/airflow/dags/weather_etl.py took 0.068 seconds
[2026-09-23T01:04:28.879+0000] {processor.py:186} INFO - Started process (PID=12514) to work on /opt/airflow/dags/weather_etl.py
[2026-09-23T01:04:28.882+0000] {processor.py:914} INFO - Processing file /opt/airflow/dags/weather_etl.py for tasks to queue
[2026-09-23T01:04:28.884+0000] {logging_mixin.py:190} INFO - [2026-09-23T01:04:28.884+0000] {dagbag.py:587} INFO - Filling up the DagBag from /opt/airflow/dags/weather_etl.py
[2026-09-23T01:04:28.902+0000] {processor.py:925} INFO - DAG(s) 'weather_etl' retrieved from /opt/airflow/dags/weather_etl.py
[2026-09-23T01:04:28.911+0000] {logging_mixin.py:190} INFO - [2026-09-23T01:04:28.911+0000] {dag.py:3229} INFO - Sync 1 DAGs
[2026-09-23T01:04:28.923+0000] {logging_mixin.py:190} INFO - [2026-09-23T01:04:28.923+0000] {dag.py:4156} INFO - Setting next_dagrun for weather_etl to 2026-09-22 02:30:00+00:00, run_after=2026-09-23 02:30:00+00:00
[2026-09-23T01:04:28.931+0000] {processor.py:208} INFO - Processing /opt/airflow/dags/weather_etl.py took 0.058 seconds
[2026-09-23T01:19:52.534+0000] {processor.py:186} INFO - Started process (PID=12525) to work on /opt/airflow/dags/weather_etl.py
[2026-09-23T01:19:52.537+0000] {processor.py:914} INFO - Processing file /opt/airflow/dags/weather_etl.py for tasks to queue
[2026-09-23T01:19:52.540+0000] {logging_mixin.py:190} INFO - [2026-09-23T01:19:52.540+0000] {dagbag.py:587} INFO - Filling up the DagBag from /opt/airflow/dags/weather_etl.py
[2026-09-23T01:19:52.561+0000] {processor.py:925} INFO - DAG(s) 'weather_etl' retrieved from /opt/airflow/dags/weather_etl.py
[2026-09-23T01:19:52.572+0000] {logging_mixin.py:190} INFO - [2026-09-23T01:19:52.571+0000] {dag.py:3229} INFO - Sync 1 DAGs
[2026-09-23T01:19:52.583+0000] {logging_mixin.py:190} INFO - [2026-09-23T01:19:52.583+0000] {dag.py:4156} INFO - Setting next_dagrun for weather_etl to 2026-09-22 02:30:00+00:00, run_after=2026-09-23 02:30:00+00:00
[2026-09-23T01:19:52.590+0000] {processor.py:208} INFO - Processing /opt/airflow/dags/weather_etl.py took 0.062 seconds
[2026-09-23T01:20:23.006+0000] {processor.py:186} INFO - Started process (PID=12536) to work on /opt/airflow/dags/weather_etl.py
[2026-09-23T01:20:23.008+0000] {processor.py:914} INFO - Processing file /opt/airflow/dags/weather_etl.py for tasks to queue
[2026-09-23T01:20:23.012+0000] {logging_mixin.py:190} INFO - [2026-09-23T01:20:23.011+0000] {dagbag.py:587} INFO - Filling up the DagBag from /opt/airflow/dags/weather_etl.py
[2026-09-23T01:20:23.040+0000] {processor.py:925} INFO - DAG(s) 'weather_etl' retrieved from /opt/airflow/dags/weather_etl.py
[2026-09-23T01:20:23.056+0000] {logging_mixin.py:190} INFO - [2026-09-23T01:20:23.055+0000] {dag.py:3229} INFO - Sync 1 DAGs
[2026-09-23T01:20:23.072+0000] {logging_mixin.py:190} INFO - [2026-09-23T01:20:23.072+0000] {dag.py:4156} INFO - Setting next_dagrun for weather_etl to 2026-09-22 02:30:00+00:00, run_after=2026-09-23 02:30:00+00:00
[2026-09-23T01:20:23.081+0000] {processor.py:208} INFO - Processing /opt/airflow/dags/weather_etl.py took 0.083 seconds
[2026-09-23T01:27:57.741+0000] {processor.py:186} INFO - Started process (PID=12547) to work on /opt/airflow/dags/weather_etl.py
[2026-09-23T01:27:57.742+0000] {processor.py:914} INFO - Processing file /opt/airflow/dags/weather_etl.py for tasks to queue
[2026-09-23T01:27:57.746+0000] {logging_mixin.py:190} INFO - [2026-09-23T01:27:57.746+0000] {dagbag.py:587} INFO - Filling up the DagBag from /opt/airflow/dags/weather_etl.py
[2026-09-23T01:27:57.791+0000] {processor.py:925} INFO - DAG(s) 'weather_etl' retrieved from /opt/airflow/dags/weather_etl.py
[2026-09-23T01:27:57.811+0000] {logging_mixin.py:190} INFO - [2026-09-23T01:27:57.810+0000] {dag.py:3229} INFO - Sync 1 DAGs
[2026-09-23T01:27:57.832+0000] {logging_mixin.py:190} INFO - [2026-09-23T01:27:57.832+0000] {dag.py:4156} INFO - Setting next_dagrun for weather_etl to 2026-09-22 02:30:00+00:00, run_after=2026-09-23 02:30:00+00:00
[2026-09-23T01:27:57.845+0000] {processor.py:208} INFO - Processing /opt/airflow/dags/weather_etl.py took 0.113 seconds
[2026-09-23T01:28:28.232+0000] {processor.py:186} INFO - Started process (PID=12558) to work on /opt/airflow/dags/weather_etl.py
[2026-09-23T01:28:28.234+0000] {processor.py:914} INFO - Processing file /opt/airflow/dags/weather_etl.py for tasks to queue
[2026-09-23T01:28:28.241+0000] {logging_mixin.py:190} INFO - [2026-09-23T01:28:28.241+0000] {dagbag.py:587} INFO - Filling up the DagBag from /opt/airflow/dags/weather_etl.py
[2026-09-23T01:28:28.285+0000] {processor.py:925} INFO - DAG(s) 'weather_etl' retrieved from /opt/airflow/dags/weather_etl.py
[2026-09-23T01:28:28.305+0000] {logging_mixin.py:190} INFO - [2026-09-23T01:28:28.305+0000] {dag.py:3229} INFO - Sync 1 DAGs
[2026-09-23T01:28:28.330+0000] {logging_mixin.py:190} INFO - [2026-09-23T01:28:28.330+0000] {dag.py:4156} INFO - Setting next_dagrun for weather_etl to 2026-09-22 02:30:00+00:00, run_after=2026-09-23 02:30:00+00:00
[2026-09-23T01:28:28.340+0000] {processor.py:208} INFO - Processing /opt/airflow/dags/weather_etl.py took 0.128 seconds
[2026-09-23T01:28:58.640+0000] {processor.py:186} INFO - Started process (PID=12569) to work on /opt/airflow/dags/weather_etl.py
[2026-09-23T01:28:58.642+0000] {processor.py:914} INFO - Processing file /opt/airflow/dags/weather_etl.py for tasks to queue
[2026-09-23T01:28:58.647+0000] {logging_mixin.py:190} INFO - [2026-09-23T01:28:58.646+0000] {dagbag.py:587} INFO - Filling up the DagBag from /opt/airflow/dags/weather_etl.py
[2026-09-23T01:28:58.679+0000] {processor.py:925} INFO - DAG(s) 'weather_etl' retrieved from /opt/airflow/dags/weather_etl.py
[2026-09-23T01:28:58.693+0000] {logging_mixin.py:190} INFO - [2026-09-23T01:28:58.692+0000] {dag.py:3229} INFO - Sync 1 DAGs
[2026-09-23T01:28:58.708+0000] {logging_mixin.py:190} INFO - [2026-09-23T01:28:58.708+0000] {dag.py:4156} INFO - Setting next_dagrun for weather_etl to 2026-09-22 02:30:00+00:00, run_after=2026-09-23 02:30:00+00:00
[2026-09-23T01:28:58.716+0000] {processor.py:208} INFO - Processing /opt/airflow/dags/weather_etl.py took 0.094 seconds
[2026-09-23T01:29:29.181+0000] {processor.py:186} INFO - Started process (PID=12580) to work on /opt/airflow/dags/weather_etl.py
[2026-09-23T01:29:29.183+0000] {processor.py:914} INFO - Processing file /opt/airflow/dags/weather_etl.py for tasks to queue
[2026-09-23T01:29:29.194+0000] {logging_mixin.py:190} INFO - [2026-09-23T01:29:29.193+0000] {dagbag.py:587} INFO - Filling up the DagBag from /opt/airflow/dags/weather_etl.py
[2026-09-23T01:29:29.234+0000] {processor.py:925} INFO - DAG(s) 'weather_etl' retrieved from /opt/airflow/dags/weather_etl.py
[2026-09-23T01:29:29.263+0000] {logging_mixin.py:190} INFO - [2026-09-23T01:29:29.263+0000] {dag.py:3229} INFO - Sync 1 DAGs
[2026-09-23T01:29:29.283+0000] {logging_mixin.py:190} INFO - [2026-09-23T01:29:29.283+0000] {dag.py:4156} INFO - Setting next_dagrun for weather_etl to 2026-09-22 02:30:00+00:00, run_after=2026-09-23 02:30:00+00:00
[2026-09-23T01:29:29.298+0000] {processor.py:208} INFO - Processing /opt/airflow/dags/weather_etl.py took 0.133 seconds
[2026-09-23T01:29:59.526+0000] {processor.py:186} INFO - Started process (PID=12591) to work on /opt/airflow/dags/weather_etl.py
[2026-09-23T01:29:59.528+0000] {processor.py:914} INFO - Processing file /opt/airflow/dags/weather_etl.py for tasks to queue
[2026-09-23T01:29:59.530+0000] {logging_mixin.py:190} INFO - [2026-09-23T01:29:59.530+0000] {dagbag.py:587} INFO - Filling up the DagBag from /opt/airflow/dags/weather_etl.py
[2026-09-23T01:29:59.549+0000] {processor.py:925} INFO - DAG(s) 'weather_etl' retrieved from /opt/airflow/dags/weather_etl.py
[2026-09-23T01:29:59.557+0000] {logging_mixin.py:190} INFO - [2026-09-23T01:29:59.557+0000] {dag.py:3229} INFO - Sync 1 DAGs
[2026-09-23T01:29:59.567+0000] {logging_mixin.py:190} INFO - [2026-09-23T01:29:59.567+0000] {dag.py:4156} INFO - Setting next_dagrun for weather_etl to 2026-09-22 02:30:00+00:00, run_after=2026-09-23 02:30:00+00:00
[2026-09-23T01:29:59.574+0000] {processor.py:208} INFO - Processing /opt/airflow/dags/weather_etl.py took 0.058 seconds
[2026-09-23T01:30:29.944+0000] {processor.py:186} INFO - Started process (PID=12602) to work on /opt/airflow/dags/weather_etl.py
[2026-09-23T01:30:29.947+0000] {processor.py:914} INFO - Processing file /opt/airflow/dags/weather_etl.py for tasks to queue
[2026-09-23T01:30:29.952+0000] {logging_mixin.py:190} INFO - [2026-09-23T01:30:29.951+0000] {dagbag.py:587} INFO - Filling up the DagBag from /opt/airflow/dags/weather_etl.py
[2026-09-23T01:30:30.002+0000] {processor.py:925} INFO - DAG(s) 'weather_etl' retrieved from /opt/airflow/dags/weather_etl.py
[2026-09-23T01:30:30.023+0000] {logging_mixin.py:190} INFO - [2026-09-23T01:30:30.023+0000] {dag.py:3229} INFO - Sync 1 DAGs
[2026-09-23T01:30:30.043+0000] {logging_mixin.py:190} INFO - [2026-09-23T01:30:30.043+0000] {dag.py:4156} INFO - Setting next_dagrun for weather_etl to 2026-09-22 02:30:00+00:00, run_after=2026-09-23 02:30:00+00:00
[2026-09-23T01:30:30.051+0000] {processor.py:208} INFO - Processing /opt/airflow/dags/weather_etl.py took 0.118 seconds
[2026-09-23T01:31:00.307+0000] {processor.py:186} INFO - Started process (PID=12613) to work on /opt/airflow/dags/weather_etl.py
[2026-09-23T01:31:00.309+0000] {processor.py:914} INFO - Processing file /opt/airflow/dags/weather_etl.py for tasks to queue
[2026-09-23T01:31:00.311+0000] {logging_mixin.py:190} INFO - [2026-09-23T01:31:00.311+0000] {dagbag.py:587} INFO - Filling up the DagBag from /opt/airflow/dags/weather_etl.py
[2026-09-23T01:31:00.331+0000] {processor.py:925} INFO - DAG(s) 'weather_etl' retrieved from /opt/airflow/dags/weather_etl.py
[2026-09-23T01:31:00.340+0000] {logging_mixin.py:190} INFO - [2026-09-23T01:31:00.340+0000] {dag.py:3229} INFO - Sync 1 DAGs
[2026-09-23T01:31:00.351+0000] {logging_mixin.py:190} INFO - [2026-09-23T01:31:00.351+0000] {dag.py:4156} INFO - Setting next_dagrun for weather_etl to 2026-09-22 02:30:00+00:00, run_after=2026-09-23 02:30:00+00:00
[2026-09-23T01:31:00.357+0000] {processor.py:208} INFO - Processing /opt/airflow/dags/weather_etl.py took 0.055 seconds
[2026-09-23T01:31:30.711+0000] {processor.py:186} INFO - Started process (PID=12624) to work on /opt/airflow/dags/weather_etl.py
[2026-09-23T01:31:30.713+0000] {processor.py:914} INFO - Processing file /opt/airflow/dags/weather_etl.py for tasks to queue
[2026-09-23T01:31:30.717+0000] {logging_mixin.py:190} INFO - [2026-09-23T01:31:30.716+0000] {dagbag.py:587} INFO - Filling up the DagBag from /opt/airflow/dags/weather_etl.py
[2026-09-23T01:31:30.742+0000] {processor.py:925} INFO - DAG(s) 'weather_etl' retrieved from /opt/airflow/dags/weather_etl.py
[2026-09-23T01:31:30.754+0000] {logging_mixin.py:190} INFO - [2026-09-23T01:31:30.754+0000] {dag.py:3229} INFO - Sync 1 DAGs
[2026-09-23T01:31:30.768+0000] {logging_mixin.py:190} INFO - [2026-09-23T01:31:30.768+0000] {dag.py:4156} INFO - Setting next_dagrun for weather_etl to 2026-09-22 02:30:00+00:00, run_after=2026-09-23 02:30:00+00:00
[2026-09-23T01:31:30.775+0000] {processor.py:208} INFO - Processing /opt/airflow/dags/weather_etl.py took 0.074 seconds
[2026-09-23T01:32:01.130+0000] {processor.py:186} INFO - Started process (PID=12635) to work on /opt/airflow/dags/weather_etl.py
[2026-09-23T01:32:01.132+0000] {processor.py:914} INFO - Processing file /opt/airflow/dags/weather_etl.py for tasks to queue
[2026-09-23T01:32:01.136+0000] {logging_mixin.py:190} INFO - [2026-09-23T01:32:01.135+0000] {dagbag.py:587} INFO - Filling up the DagBag from /opt/airflow/dags/weather_etl.py
[2026-09-23T01:32:01.177+0000] {processor.py:925} INFO - DAG(s) 'weather_etl' retrieved from /opt/airflow/dags/weather_etl.py
[2026-09-23T01:32:01.194+0000] {logging_mixin.py:190} INFO - [2026-09-23T01:32:01.194+0000] {dag.py:3229} INFO - Sync 1 DAGs
[2026-09-23T01:32:01.211+0000] {logging_mixin.py:190} INFO - [2026-09-23T01:32:01.210+0000] {dag.py:4156} INFO - Setting next_dagrun for weather_etl to 2026-09-22 02:30:00+00:00, run_after=2026-09-23 02:30:00+00:00
[2026-09-23T01:32:01.220+0000] {processor.py:208} INFO - Processing /opt/airflow/dags/weather_etl.py took 0.099 seconds
[2026-09-23T01:32:31.469+0000] {processor.py:186} INFO - Started process (PID=12646) to work on /opt/airflow/dags/weather_etl.py
[2026-09-23T01:32:31.471+0000] {processor.py:914} INFO - Processing file /opt/airflow/dags/weather_etl.py for tasks to queue
[2026-09-23T01:32:31.475+0000] {logging_mixin.py:190} INFO - [2026-09-23T01:32:31.474+0000] {dagbag.py:587} INFO - Filling up the DagBag from /opt/airflow/dags/weather_etl.py
[2026-09-23T01:32:31.505+0000] {processor.py:925} INFO - DAG(s) 'weather_etl' retrieved from /opt/airflow/dags/weather_etl.py
[2026-09-23T01:32:31.520+0000] {logging_mixin.py:190} INFO - [2026-09-23T01:32:31.520+0000] {dag.py:3229} INFO - Sync 1 DAGs
[2026-09-23T01:32:31.537+0000] {logging_mixin.py:190} INFO - [2026-09-23T01:32:31.537+0000] {dag.py:4156} INFO - Setting next_dagrun for weather_etl to 2026-09-22 02:30:00+00:00, run_after=2026-09-23 02:30:00+00:00
[2026-09-23T01:32:31.547+0000] {processor.py:208} INFO - Processing /opt/airflow/dags/weather_etl.py took 0.088 seconds
[2026-09-23T01:33:01.914+0000] {processor.py:186} INFO - Started process (PID=12657) to work on /opt/airflow/dags/weather_etl.py
[2026-09-23T01:33:01.916+0000] {processor.py:914} INFO - Processing file /opt/airflow/dags/weather_etl.py for tasks to queue
[2026-09-23T01:33:01.918+0000] {logging_mixin.py:190} INFO - [2026-09-23T01:33:01.918+0000] {dagbag.py:587} INFO - Filling up the DagBag from /opt/airflow/dags/weather_etl.py
[2026-09-23T01:33:01.932+0000] {processor.py:925} INFO - DAG(s) 'weather_etl' retrieved from /opt/airflow/dags/weather_etl.py
[2026-09-23T01:33:01.941+0000] {logging_mixin.py:190} INFO - [2026-09-23T01:33:01.941+0000] {dag.py:3229} INFO - Sync 1 DAGs
[2026-09-23T01:33:01.951+0000] {logging_mixin.py:190} INFO - [2026-09-23T01:33:01.951+0000] {dag.py:4156} INFO - Setting next_dagrun for weather_etl to 2026-09-22 02:30:00+00:00, run_after=2026-09-23 02:30:00+00:00
[2026-09-23T01:33:01.960+0000] {processor.py:208} INFO - Processing /opt/airflow/dags/weather_etl.py took 0.051 seconds
[2026-09-23T01:33:32.303+0000] {processor.py:186} INFO - Started process (PID=12668) to work on /opt/airflow/dags/weather_etl.py
[2026-09-23T01:33:32.304+0000] {processor.py:914} INFO - Processing file /opt/airflow/dags/weather_etl.py for tasks to queue
[2026-09-23T01:33:32.308+0000] {logging_mixin.py:190} INFO - [2026-09-23T01:33:32.307+0000] {dagbag.py:587} INFO - Filling up the DagBag from /opt/airflow/dags/weather_etl.py
[2026-09-23T01:33:32.333+0000] {processor.py:925} INFO - DAG(s) 'weather_etl' retrieved from /opt/airflow/dags/weather_etl.py
[2026-09-23T01:33:32.347+0000] {logging_mixin.py:190} INFO - [2026-09-23T01:33:32.346+0000] {dag.py:3229} INFO - Sync 1 DAGs
[2026-09-23T01:33:32.362+0000] {logging_mixin.py:190} INFO - [2026-09-23T01:33:32.361+0000] {dag.py:4156} INFO - Setting next_dagrun for weather_etl to 2026-09-22 02:30:00+00:00, run_after=2026-09-23 02:30:00+00:00
[2026-09-23T01:33:32.371+0000] {processor.py:208} INFO - Processing /opt/airflow/dags/weather_etl.py took 0.076 seconds
[2026-09-23T01:34:02.641+0000] {processor.py:186} INFO - Started process (PID=12679) to work on /opt/airflow/dags/weather_etl.py
[2026-09-23T01:34:02.643+0000] {processor.py:914} INFO - Processing file /opt/airflow/dags/weather_etl.py for tasks to queue
[2026-09-23T01:34:02.645+0000] {logging_mixin.py:190} INFO - [2026-09-23T01:34:02.644+0000] {dagbag.py:587} INFO - Filling up the DagBag from /opt/airflow/dags/weather_etl.py
[2026-09-23T01:34:02.660+0000] {processor.py:925} INFO - DAG(s) 'weather_etl' retrieved from /opt/airflow/dags/weather_etl.py
[2026-09-23T01:34:02.669+0000] {logging_mixin.py:190} INFO - [2026-09-23T01:34:02.669+0000] {dag.py:3229} INFO - Sync 1 DAGs
[2026-09-23T01:34:02.682+0000] {logging_mixin.py:190} INFO - [2026-09-23T01:34:02.682+0000] {dag.py:4156} INFO - Setting next_dagrun for weather_etl to 2026-09-22 02:30:00+00:00, run_after=2026-09-23 02:30:00+00:00
[2026-09-23T01:34:02.689+0000] {processor.py:208} INFO - Processing /opt/airflow/dags/weather_etl.py took 0.055 seconds
[2026-09-23T01:34:33.015+0000] {processor.py:186} INFO - Started process (PID=12690) to work on /opt/airflow/dags/weather_etl.py
[2026-09-23T01:34:33.018+0000] {processor.py:914} INFO - Processing file /opt/airflow/dags/weather_etl.py for tasks to queue
[2026-09-23T01:34:33.022+0000] {logging_mixin.py:190} INFO - [2026-09-23T01:34:33.022+0000] {dagbag.py:587} INFO - Filling up the DagBag from /opt/airflow/dags/weather_etl.py
[2026-09-23T01:34:33.048+0000] {processor.py:925} INFO - DAG(s) 'weather_etl' retrieved from /opt/airflow/dags/weather_etl.py
[2026-09-23T01:34:33.059+0000] {logging_mixin.py:190} INFO - [2026-09-23T01:34:33.059+0000] {dag.py:3229} INFO - Sync 1 DAGs
[2026-09-23T01:34:33.073+0000] {logging_mixin.py:190} INFO - [2026-09-23T01:34:33.073+0000] {dag.py:4156} INFO - Setting next_dagrun for weather_etl to 2026-09-22 02:30:00+00:00, run_after=2026-09-23 02:30:00+00:00
[2026-09-23T01:34:33.081+0000] {processor.py:208} INFO - Processing /opt/airflow/dags/weather_etl.py took 0.074 seconds
[2026-09-23T01:35:03.387+0000] {processor.py:186} INFO - Started process (PID=12701) to work on /opt/airflow/dags/weather_etl.py
[2026-09-23T01:35:03.390+0000] {processor.py:914} INFO - Processing file /opt/airflow/dags/weather_etl.py for tasks to queue
[2026-09-23T01:35:03.392+0000] {logging_mixin.py:190} INFO - [2026-09-23T01:35:03.391+0000] {dagbag.py:587} INFO - Filling up the DagBag from /opt/airflow/dags/weather_etl.py
[2026-09-23T01:35:03.408+0000] {processor.py:925} INFO - DAG(s) 'weather_etl' retrieved from /opt/airflow/dags/weather_etl.py
[2026-09-23T01:35:03.416+0000] {logging_mixin.py:190} INFO - [2026-09-23T01:35:03.416+0000] {dag.py:3229} INFO - Sync 1 DAGs
[2026-09-23T01:35:03.426+0000] {logging_mixin.py:190} INFO - [2026-09-23T01:35:03.426+0000] {dag.py:4156} INFO - Setting next_dagrun for weather_etl to 2026-09-22 02:30:00+00:00, run_after=2026-09-23 02:30:00+00:00
[2026-09-23T01:35:03.433+0000] {processor.py:208} INFO - Processing /opt/airflow/dags/weather_etl.py took 0.054 seconds
[2026-09-23T01:35:33.734+0000] {processor.py:186} INFO - Started process (PID=12712) to work on /opt/airflow/dags/weather_etl.py
[2026-09-23T01:35:33.735+0000] {processor.py:914} INFO - Processing file /opt/airflow/dags/weather_etl.py for tasks to queue
[2026-09-23T01:35:33.738+0000] {logging_mixin.py:190} INFO - [2026-09-23T01:35:33.737+0000] {dagbag.py:587} INFO - Filling up the DagBag from /opt/airflow/dags/weather_etl.py
[2026-09-23T01:35:33.755+0000] {processor.py:925} INFO - DAG(s) 'weather_etl' retrieved from /opt/airflow/dags/weather_etl.py
[2026-09-23T01:35:33.764+0000] {logging_mixin.py:190} INFO - [2026-09-23T01:35:33.764+0000] {dag.py:3229} INFO - Sync 1 DAGs
[2026-09-23T01:35:33.775+0000] {logging_mixin.py:190} INFO - [2026-09-23T01:35:33.775+0000] {dag.py:4156} INFO - Setting next_dagrun for weather_etl to 2026-09-22 02:30:00+00:00, run_after=2026-09-23 02:30:00+00:00
[2026-09-23T01:35:33.782+0000] {processor.py:208} INFO - Processing /opt/airflow/dags/weather_etl.py took 0.054 seconds
[2026-09-23T01:36:04.056+0000] {processor.py:186} INFO - Started process (PID=12723) to work on /opt/airflow/dags/weather_etl.py
[2026-09-23T01:36:04.059+0000] {processor.py:914} INFO - Processing file /opt/airflow/dags/weather_etl.py for tasks to queue
[2026-09-23T01:36:04.060+0000] {logging_mixin.py:190} INFO - [2026-09-23T01:36:04.060+0000] {dagbag.py:587} INFO - Filling up the DagBag from /opt/airflow/dags/weather_etl.py
[2026-09-23T01:36:04.079+0000] {processor.py:925} INFO - DAG(s) 'weather_etl' retrieved from /opt/airflow/dags/weather_etl.py
[2026-09-23T01:36:04.090+0000] {logging_mixin.py:190} INFO - [2026-09-23T01:36:04.089+0000] {dag.py:3229} INFO - Sync 1 DAGs
[2026-09-23T01:36:04.105+0000] {logging_mixin.py:190} INFO - [2026-09-23T01:36:04.104+0000] {dag.py:4156} INFO - Setting next_dagrun for weather_etl to 2026-09-22 02:30:00+00:00, run_after=2026-09-23 02:30:00+00:00
[2026-09-23T01:36:04.112+0000] {processor.py:208} INFO - Processing /opt/airflow/dags/weather_etl.py took 0.061 seconds
[2026-09-23T01:36:34.442+0000] {processor.py:186} INFO - Started process (PID=12734) to work on /opt/airflow/dags/weather_etl.py
[2026-09-23T01:36:34.445+0000] {processor.py:914} INFO - Processing file /opt/airflow/dags/weather_etl.py for tasks to queue
[2026-09-23T01:36:34.449+0000] {logging_mixin.py:190} INFO - [2026-09-23T01:36:34.448+0000] {dagbag.py:587} INFO - Filling up the DagBag from /opt/airflow/dags/weather_etl.py
[2026-09-23T01:36:34.473+0000] {processor.py:925} INFO - DAG(s) 'weather_etl' retrieved from /opt/airflow/dags/weather_etl.py
[2026-09-23T01:36:34.484+0000] {logging_mixin.py:190} INFO - [2026-09-23T01:36:34.484+0000] {dag.py:3229} INFO - Sync 1 DAGs
[2026-09-23T01:36:34.497+0000] {logging_mixin.py:190} INFO - [2026-09-23T01:36:34.497+0000] {dag.py:4156} INFO - Setting next_dagrun for weather_etl to 2026-09-22 02:30:00+00:00, run_after=2026-09-23 02:30:00+00:00
[2026-09-23T01:36:34.505+0000] {processor.py:208} INFO - Processing /opt/airflow/dags/weather_etl.py took 0.071 seconds
[2026-09-23T01:37:04.809+0000] {processor.py:186} INFO - Started process (PID=12745) to work on /opt/airflow/dags/weather_etl.py
[2026-09-23T01:37:04.812+0000] {processor.py:914} INFO - Processing file /opt/airflow/dags/weather_etl.py for tasks to queue
[2026-09-23T01:37:04.814+0000] {logging_mixin.py:190} INFO - [2026-09-23T01:37:04.814+0000] {dagbag.py:587} INFO - Filling up the DagBag from /opt/airflow/dags/weather_etl.py
[2026-09-23T01:37:04.833+0000] {processor.py:925} INFO - DAG(s) 'weather_etl' retrieved from /opt/airflow/dags/weather_etl.py
[2026-09-23T01:37:04.842+0000] {logging_mixin.py:190} INFO - [2026-09-23T01:37:04.842+0000] {dag.py:3229} INFO - Sync 1 DAGs
[2026-09-23T01:37:04.853+0000] {logging_mixin.py:190} INFO - [2026-09-23T01:37:04.853+0000] {dag.py:4156} INFO - Setting next_dagrun for weather_etl to 2026-09-22 02:30:00+00:00, run_after=2026-09-23 02:30:00+00:00
[2026-09-23T01:37:04.859+0000] {processor.py:208} INFO - Processing /opt/airflow/dags/weather_etl.py took 0.056 seconds
[2026-09-23T01:37:35.216+0000] {processor.py:186} INFO - Started process (PID=12756) to work on /opt/airflow/dags/weather_etl.py
[2026-09-23T01:37:35.218+0000] {processor.py:914} INFO - Processing file /opt/airflow/dags/weather_etl.py for tasks to queue
[2026-09-23T01:37:35.222+0000] {logging_mixin.py:190} INFO - [2026-09-23T01:37:35.222+0000] {dagbag.py:587} INFO - Filling up the DagBag from /opt/airflow/dags/weather_etl.py
[2026-09-23T01:37:35.252+0000] {processor.py:925} INFO - DAG(s) 'weather_etl' retrieved from /opt/airflow/dags/weather_etl.py
[2026-09-23T01:37:35.264+0000] {logging_mixin.py:190} INFO - [2026-09-23T01:37:35.264+0000] {dag.py:3229} INFO - Sync 1 DAGs
[2026-09-23T01:37:35.277+0000] {logging_mixin.py:190} INFO - [2026-09-23T01:37:35.277+0000] {dag.py:4156} INFO - Setting next_dagrun for weather_etl to 2026-09-22 02:30:00+00:00, run_after=2026-09-23 02:30:00+00:00
[2026-09-23T01:37:35.285+0000] {processor.py:208} INFO - Processing /opt/airflow/dags/weather_etl.py took 0.078 seconds
[2026-09-23T01:38:05.599+0000] {processor.py:186} INFO - Started process (PID=12767) to work on /opt/airflow/dags/weather_etl.py
[2026-09-23T01:38:05.602+0000] {processor.py:914} INFO - Processing file /opt/airflow/dags/weather_etl.py for tasks to queue
[2026-09-23T01:38:05.607+0000] {logging_mixin.py:190} INFO - [2026-09-23T01:38:05.606+0000] {dagbag.py:587} INFO - Filling up the DagBag from /opt/airflow/dags/weather_etl.py
[2026-09-23T01:38:05.643+0000] {processor.py:925} INFO - DAG(s) 'weather_etl' retrieved from /opt/airflow/dags/weather_etl.py
[2026-09-23T01:38:05.663+0000] {logging_mixin.py:190} INFO - [2026-09-23T01:38:05.663+0000] {dag.py:3229} INFO - Sync 1 DAGs
[2026-09-23T01:38:05.685+0000] {logging_mixin.py:190} INFO - [2026-09-23T01:38:05.685+0000] {dag.py:4156} INFO - Setting next_dagrun for weather_etl to 2026-09-22 02:30:00+00:00, run_after=2026-09-23 02:30:00+00:00
[2026-09-23T01:38:05.699+0000] {processor.py:208} INFO - Processing /opt/airflow/dags/weather_etl.py took 0.111 seconds
[2026-09-23T01:38:35.917+0000] {processor.py:186} INFO - Started process (PID=12778) to work on /opt/airflow/dags/weather_etl.py
[2026-09-23T01:38:35.919+0000] {processor.py:914} INFO - Processing file /opt/airflow/dags/weather_etl.py for tasks to queue
[2026-09-23T01:38:35.921+0000] {logging_mixin.py:190} INFO - [2026-09-23T01:38:35.921+0000] {dagbag.py:587} INFO - Filling up the DagBag from /opt/airflow/dags/weather_etl.py
[2026-09-23T01:38:35.940+0000] {processor.py:925} INFO - DAG(s) 'weather_etl' retrieved from /opt/airflow/dags/weather_etl.py
[2026-09-23T01:38:35.951+0000] {logging_mixin.py:190} INFO - [2026-09-23T01:38:35.950+0000] {dag.py:3229} INFO - Sync 1 DAGs
[2026-09-23T01:38:35.966+0000] {logging_mixin.py:190} INFO - [2026-09-23T01:38:35.966+0000] {dag.py:4156} INFO - Setting next_dagrun for weather_etl to 2026-09-22 02:30:00+00:00, run_after=2026-09-23 02:30:00+00:00
[2026-09-23T01:38:35.976+0000] {processor.py:208} INFO - Processing /opt/airflow/dags/weather_etl.py took 0.066 seconds
[2026-09-23T01:39:06.256+0000] {processor.py:186} INFO - Started process (PID=12789) to work on /opt/airflow/dags/weather_etl.py
[2026-09-23T01:39:06.257+0000] {processor.py:914} INFO - Processing file /opt/airflow/dags/weather_etl.py for tasks to queue
[2026-09-23T01:39:06.260+0000] {logging_mixin.py:190} INFO - [2026-09-23T01:39:06.259+0000] {dagbag.py:587} INFO - Filling up the DagBag from /opt/airflow/dags/weather_etl.py
[2026-09-23T01:39:06.279+0000] {processor.py:925} INFO - DAG(s) 'weather_etl' retrieved from /opt/airflow/dags/weather_etl.py
[2026-09-23T01:39:06.287+0000] {logging_mixin.py:190} INFO - [2026-09-23T01:39:06.287+0000] {dag.py:3229} INFO - Sync 1 DAGs
[2026-09-23T01:39:06.298+0000] {logging_mixin.py:190} INFO - [2026-09-23T01:39:06.297+0000] {dag.py:4156} INFO - Setting next_dagrun for weather_etl to 2026-09-22 02:30:00+00:00, run_after=2026-09-23 02:30:00+00:00
[2026-09-23T01:39:06.304+0000] {processor.py:208} INFO - Processing /opt/airflow/dags/weather_etl.py took 0.055 seconds
[2026-09-23T01:39:36.616+0000] {processor.py:186} INFO - Started process (PID=12800) to work on /opt/airflow/dags/weather_etl.py
[2026-09-23T01:39:36.618+0000] {processor.py:914} INFO - Processing file /opt/airflow/dags/weather_etl.py for tasks to queue
[2026-09-23T01:39:36.620+0000] {logging_mixin.py:190} INFO - [2026-09-23T01:39:36.620+0000] {dagbag.py:587} INFO - Filling up the DagBag from /opt/airflow/dags/weather_etl.py
[2026-09-23T01:39:36.640+0000] {processor.py:925} INFO - DAG(s) 'weather_etl' retrieved from /opt/airflow/dags/weather_etl.py
[2026-09-23T01:39:36.648+0000] {logging_mixin.py:190} INFO - [2026-09-23T01:39:36.648+0000] {dag.py:3229} INFO - Sync 1 DAGs
[2026-09-23T01:39:36.659+0000] {logging_mixin.py:190} INFO - [2026-09-23T01:39:36.659+0000] {dag.py:4156} INFO - Setting next_dagrun for weather_etl to 2026-09-22 02:30:00+00:00, run_after=2026-09-23 02:30:00+00:00
[2026-09-23T01:39:36.665+0000] {processor.py:208} INFO - Processing /opt/airflow/dags/weather_etl.py took 0.055 seconds
[2026-09-23T01:40:07.026+0000] {processor.py:186} INFO - Started process (PID=12811) to work on /opt/airflow/dags/weather_etl.py
[2026-09-23T01:40:07.028+0000] {processor.py:914} INFO - Processing file /opt/airflow/dags/weather_etl.py for tasks to queue
[2026-09-23T01:40:07.032+0000] {logging_mixin.py:190} INFO - [2026-09-23T01:40:07.031+0000] {dagbag.py:587} INFO - Filling up the DagBag from /opt/airflow/dags/weather_etl.py
[2026-09-23T01:40:07.058+0000] {processor.py:925} INFO - DAG(s) 'weather_etl' retrieved from /opt/airflow/dags/weather_etl.py
[2026-09-23T01:40:07.071+0000] {logging_mixin.py:190} INFO - [2026-09-23T01:40:07.071+0000] {dag.py:3229} INFO - Sync 1 DAGs
[2026-09-23T01:40:07.085+0000] {logging_mixin.py:190} INFO - [2026-09-23T01:40:07.085+0000] {dag.py:4156} INFO - Setting next_dagrun for weather_etl to 2026-09-22 02:30:00+00:00, run_after=2026-09-23 02:30:00+00:00
[2026-09-23T01:40:07.092+0000] {processor.py:208} INFO - Processing /opt/airflow/dags/weather_etl.py took 0.075 seconds
[2026-09-23T01:40:37.389+0000] {processor.py:186} INFO - Started process (PID=12822) to work on /opt/airflow/dags/weather_etl.py
[2026-09-23T01:40:37.391+0000] {processor.py:914} INFO - Processing file /opt/airflow/dags/weather_etl.py for tasks to queue
[2026-09-23T01:40:37.393+0000] {logging_mixin.py:190} INFO - [2026-09-23T01:40:37.393+0000] {dagbag.py:587} INFO - Filling up the DagBag from /opt/airflow/dags/weather_etl.py
[2026-09-23T01:40:37.411+0000] {processor.py:925} INFO - DAG(s) 'weather_etl' retrieved from /opt/airflow/dags/weather_etl.py
[2026-09-23T01:40:37.420+0000] {logging_mixin.py:190} INFO - [2026-09-23T01:40:37.420+0000] {dag.py:3229} INFO - Sync 1 DAGs
[2026-09-23T01:40:37.430+0000] {logging_mixin.py:190} INFO - [2026-09-23T01:40:37.430+0000] {dag.py:4156} INFO - Setting next_dagrun for weather_etl to 2026-09-22 02:30:00+00:00, run_after=2026-09-23 02:30:00+00:00
[2026-09-23T01:40:37.436+0000] {processor.py:208} INFO - Processing /opt/airflow/dags/weather_etl.py took 0.054 seconds
[2026-09-23T01:41:07.751+0000] {processor.py:186} INFO - Started process (PID=12833) to work on /opt/airflow/dags/weather_etl.py
[2026-09-23T01:41:07.753+0000] {processor.py:914} INFO - Processing file /opt/airflow/dags/weather_etl.py for tasks to queue
[2026-09-23T01:41:07.756+0000] {logging_mixin.py:190} INFO - [2026-09-23T01:41:07.756+0000] {dagbag.py:587} INFO - Filling up the DagBag from /opt/airflow/dags/weather_etl.py
[2026-09-23T01:41:07.777+0000] {processor.py:925} INFO - DAG(s) 'weather_etl' retrieved from /opt/airflow/dags/weather_etl.py
[2026-09-23T01:41:07.785+0000] {logging_mixin.py:190} INFO - [2026-09-23T01:41:07.785+0000] {dag.py:3229} INFO - Sync 1 DAGs
[2026-09-23T01:41:07.797+0000] {logging_mixin.py:190} INFO - [2026-09-23T01:41:07.797+0000] {dag.py:4156} INFO - Setting next_dagrun for weather_etl to 2026-09-22 02:30:00+00:00, run_after=2026-09-23 02:30:00+00:00
[2026-09-23T01:41:07.803+0000] {processor.py:208} INFO - Processing /opt/airflow/dags/weather_etl.py took 0.058 seconds
[2026-09-23T01:41:38.137+0000] {processor.py:186} INFO - Started process (PID=12844) to work on /opt/airflow/dags/weather_etl.py
[2026-09-23T01:41:38.138+0000] {processor.py:914} INFO - Processing file /opt/airflow/dags/weather_etl.py for tasks to queue
[2026-09-23T01:41:38.142+0000] {logging_mixin.py:190} INFO - [2026-09-23T01:41:38.142+0000] {dagbag.py:587} INFO - Filling up the DagBag from /opt/airflow/dags/weather_etl.py
[2026-09-23T01:41:38.166+0000] {processor.py:925} INFO - DAG(s) 'weather_etl' retrieved from /opt/airflow/dags/weather_etl.py
[2026-09-23T01:41:38.179+0000] {logging_mixin.py:190} INFO - [2026-09-23T01:41:38.178+0000] {dag.py:3229} INFO - Sync 1 DAGs
[2026-09-23T01:41:38.192+0000] {logging_mixin.py:190} INFO - [2026-09-23T01:41:38.192+0000] {dag.py:4156} INFO - Setting next_dagrun for weather_etl to 2026-09-22 02:30:00+00:00, run_after=2026-09-23 02:30:00+00:00
[2026-09-23T01:41:38.200+0000] {processor.py:208} INFO - Processing /opt/airflow/dags/weather_etl.py took 0.069 seconds
[2026-09-23T01:42:08.530+0000] {processor.py:186} INFO - Started process (PID=12855) to work on /opt/airflow/dags/weather_etl.py
[2026-09-23T01:42:08.533+0000] {processor.py:914} INFO - Processing file /opt/airflow/dags/weather_etl.py for tasks to queue
[2026-09-23T01:42:08.537+0000] {logging_mixin.py:190} INFO - [2026-09-23T01:42:08.536+0000] {dagbag.py:587} INFO - Filling up the DagBag from /opt/airflow/dags/weather_etl.py
[2026-09-23T01:42:08.561+0000] {processor.py:925} INFO - DAG(s) 'weather_etl' retrieved from /opt/airflow/dags/weather_etl.py
[2026-09-23T01:42:08.573+0000] {logging_mixin.py:190} INFO - [2026-09-23T01:42:08.572+0000] {dag.py:3229} INFO - Sync 1 DAGs
[2026-09-23T01:42:08.585+0000] {logging_mixin.py:190} INFO - [2026-09-23T01:42:08.585+0000] {dag.py:4156} INFO - Setting next_dagrun for weather_etl to 2026-09-22 02:30:00+00:00, run_after=2026-09-23 02:30:00+00:00
[2026-09-23T01:42:08.592+0000] {processor.py:208} INFO - Processing /opt/airflow/dags/weather_etl.py took 0.071 seconds
[2026-09-23T01:42:38.891+0000] {processor.py:186} INFO - Started process (PID=12865) to work on /opt/airflow/dags/weather_etl.py
[2026-09-23T01:42:38.893+0000] {processor.py:914} INFO - Processing file /opt/airflow/dags/weather_etl.py for tasks to queue
[2026-09-23T01:42:38.895+0000] {logging_mixin.py:190} INFO - [2026-09-23T01:42:38.894+0000] {dagbag.py:587} INFO - Filling up the DagBag from /opt/airflow/dags/weather_etl.py
[2026-09-23T01:42:38.913+0000] {processor.py:925} INFO - DAG(s) 'weather_etl' retrieved from /opt/airflow/dags/weather_etl.py
[2026-09-23T01:42:38.922+0000] {logging_mixin.py:190} INFO - [2026-09-23T01:42:38.922+0000] {dag.py:3229} INFO - Sync 1 DAGs
[2026-09-23T01:42:38.934+0000] {logging_mixin.py:190} INFO - [2026-09-23T01:42:38.934+0000] {dag.py:4156} INFO - Setting next_dagrun for weather_etl to 2026-09-22 02:30:00+00:00, run_after=2026-09-23 02:30:00+00:00
[2026-09-23T01:42:38.941+0000] {processor.py:208} INFO - Processing /opt/airflow/dags/weather_etl.py took 0.056 seconds
[2026-09-23T01:43:09.235+0000] {processor.py:186} INFO - Started process (PID=12876) to work on /opt/airflow/dags/weather_etl.py
[2026-09-23T01:43:09.238+0000] {processor.py:914} INFO - Processing file /opt/airflow/dags/weather_etl.py for tasks to queue
[2026-09-23T01:43:09.240+0000] {logging_mixin.py:190} INFO - [2026-09-23T01:43:09.240+0000] {dagbag.py:587} INFO - Filling up the DagBag from /opt/airflow/dags/weather_etl.py
[2026-09-23T01:43:09.259+0000] {processor.py:925} INFO - DAG(s) 'weather_etl' retrieved from /opt/airflow/dags/weather_etl.py
[2026-09-23T01:43:09.267+0000] {logging_mixin.py:190} INFO - [2026-09-23T01:43:09.267+0000] {dag.py:3229} INFO - Sync 1 DAGs
[2026-09-23T01:43:09.278+0000] {logging_mixin.py:190} INFO - [2026-09-23T01:43:09.278+0000] {dag.py:4156} INFO - Setting next_dagrun for weather_etl to 2026-09-22 02:30:00+00:00, run_after=2026-09-23 02:30:00+00:00
[2026-09-23T01:43:09.285+0000] {processor.py:208} INFO - Processing /opt/airflow/dags/weather_etl.py took 0.060 seconds
[2026-09-23T01:43:39.612+0000] {processor.py:186} INFO - Started process (PID=12887) to work on /opt/airflow/dags/weather_etl.py
[2026-09-23T01:43:39.614+0000] {processor.py:914} INFO - Processing file /opt/airflow/dags/weather_etl.py for tasks to queue
[2026-09-23T01:43:39.616+0000] {logging_mixin.py:190} INFO - [2026-09-23T01:43:39.616+0000] {dagbag.py:587} INFO - Filling up the DagBag from /opt/airflow/dags/weather_etl.py
[2026-09-23T01:43:39.635+0000] {processor.py:925} INFO - DAG(s) 'weather_etl' retrieved from /opt/airflow/dags/weather_etl.py
[2026-09-23T01:43:39.644+0000] {logging_mixin.py:190} INFO - [2026-09-23T01:43:39.644+0000] {dag.py:3229} INFO - Sync 1 DAGs
[2026-09-23T01:43:39.655+0000] {logging_mixin.py:190} INFO - [2026-09-23T01:43:39.655+0000] {dag.py:4156} INFO - Setting next_dagrun for weather_etl to 2026-09-22 02:30:00+00:00, run_after=2026-09-23 02:30:00+00:00
[2026-09-23T01:43:39.661+0000] {processor.py:208} INFO - Processing /opt/airflow/dags/weather_etl.py took 0.057 seconds
[2026-09-23T01:44:09.987+0000] {processor.py:186} INFO - Started process (PID=12898) to work on /opt/airflow/dags/weather_etl.py
[2026-09-23T01:44:09.991+0000] {processor.py:914} INFO - Processing file /opt/airflow/dags/weather_etl.py for tasks to queue
[2026-09-23T01:44:09.994+0000] {logging_mixin.py:190} INFO - [2026-09-23T01:44:09.994+0000] {dagbag.py:587} INFO - Filling up the DagBag from /opt/airflow/dags/weather_etl.py
[2026-09-23T01:44:10.018+0000] {processor.py:925} INFO - DAG(s) 'weather_etl' retrieved from /opt/airflow/dags/weather_etl.py
[2026-09-23T01:44:10.029+0000] {logging_mixin.py:190} INFO - [2026-09-23T01:44:10.029+0000] {dag.py:3229} INFO - Sync 1 DAGs
[2026-09-23T01:44:10.043+0000] {logging_mixin.py:190} INFO - [2026-09-23T01:44:10.043+0000] {dag.py:4156} INFO - Setting next_dagrun for weather_etl to 2026-09-22 02:30:00+00:00, run_after=2026-09-23 02:30:00+00:00
[2026-09-23T01:44:10.050+0000] {processor.py:208} INFO - Processing /opt/airflow/dags/weather_etl.py took 0.071 seconds
[2026-09-23T01:44:40.390+0000] {processor.py:186} INFO - Started process (PID=12909) to work on /opt/airflow/dags/weather_etl.py
[2026-09-23T01:44:40.392+0000] {processor.py:914} INFO - Processing file /opt/airflow/dags/weather_etl.py for tasks to queue
[2026-09-23T01:44:40.395+0000] {logging_mixin.py:190} INFO - [2026-09-23T01:44:40.395+0000] {dagbag.py:587} INFO - Filling up the DagBag from /opt/airflow/dags/weather_etl.py
[2026-09-23T01:44:40.414+0000] {processor.py:925} INFO - DAG(s) 'weather_etl' retrieved from /opt/airflow/dags/weather_etl.py
[2026-09-23T01:44:40.424+0000] {logging_mixin.py:190} INFO - [2026-09-23T01:44:40.424+0000] {dag.py:3229} INFO - Sync 1 DAGs
[2026-09-23T01:44:40.437+0000] {logging_mixin.py:190} INFO - [2026-09-23T01:44:40.437+0000] {dag.py:4156} INFO - Setting next_dagrun for weather_etl to 2026-09-22 02:30:00+00:00, run_after=2026-09-23 02:30:00+00:00
[2026-09-23T01:44:40.445+0000] {processor.py:208} INFO - Processing /opt/airflow/dags/weather_etl.py took 0.061 seconds
[2026-09-23T01:45:10.774+0000] {processor.py:186} INFO - Started process (PID=12920) to work on /opt/airflow/dags/weather_etl.py
[2026-09-23T01:45:10.775+0000] {processor.py:914} INFO - Processing file /opt/airflow/dags/weather_etl.py for tasks to queue
[2026-09-23T01:45:10.779+0000] {logging_mixin.py:190} INFO - [2026-09-23T01:45:10.778+0000] {dagbag.py:587} INFO - Filling up the DagBag from /opt/airflow/dags/weather_etl.py
[2026-09-23T01:45:10.807+0000] {processor.py:925} INFO - DAG(s) 'weather_etl' retrieved from /opt/airflow/dags/weather_etl.py
[2026-09-23T01:45:10.819+0000] {logging_mixin.py:190} INFO - [2026-09-23T01:45:10.819+0000] {dag.py:3229} INFO - Sync 1 DAGs
[2026-09-23T01:45:10.832+0000] {logging_mixin.py:190} INFO - [2026-09-23T01:45:10.831+0000] {dag.py:4156} INFO - Setting next_dagrun for weather_etl to 2026-09-22 02:30:00+00:00, run_after=2026-09-23 02:30:00+00:00
[2026-09-23T01:45:10.839+0000] {processor.py:208} INFO - Processing /opt/airflow/dags/weather_etl.py took 0.075 seconds
[2026-09-23T01:45:41.132+0000] {processor.py:186} INFO - Started process (PID=12931) to work on /opt/airflow/dags/weather_etl.py
[2026-09-23T01:45:41.134+0000] {processor.py:914} INFO - Processing file /opt/airflow/dags/weather_etl.py for tasks to queue
[2026-09-23T01:45:41.137+0000] {logging_mixin.py:190} INFO - [2026-09-23T01:45:41.136+0000] {dagbag.py:587} INFO - Filling up the DagBag from /opt/airflow/dags/weather_etl.py
[2026-09-23T01:45:41.157+0000] {processor.py:925} INFO - DAG(s) 'weather_etl' retrieved from /opt/airflow/dags/weather_etl.py
[2026-09-23T01:45:41.168+0000] {logging_mixin.py:190} INFO - [2026-09-23T01:45:41.167+0000] {dag.py:3229} INFO - Sync 1 DAGs
[2026-09-23T01:45:41.179+0000] {logging_mixin.py:190} INFO - [2026-09-23T01:45:41.179+0000] {dag.py:4156} INFO - Setting next_dagrun for weather_etl to 2026-09-22 02:30:00+00:00, run_after=2026-09-23 02:30:00+00:00
[2026-09-23T01:45:41.186+0000] {processor.py:208} INFO - Processing /opt/airflow/dags/weather_etl.py took 0.059 seconds
[2026-09-23T01:46:11.516+0000] {processor.py:186} INFO - Started process (PID=12942) to work on /opt/airflow/dags/weather_etl.py
[2026-09-23T01:46:11.517+0000] {processor.py:914} INFO - Processing file /opt/airflow/dags/weather_etl.py for tasks to queue
[2026-09-23T01:46:11.519+0000] {logging_mixin.py:190} INFO - [2026-09-23T01:46:11.519+0000] {dagbag.py:587} INFO - Filling up the DagBag from /opt/airflow/dags/weather_etl.py
[2026-09-23T01:46:11.539+0000] {processor.py:925} INFO - DAG(s) 'weather_etl' retrieved from /opt/airflow/dags/weather_etl.py
[2026-09-23T01:46:11.550+0000] {logging_mixin.py:190} INFO - [2026-09-23T01:46:11.550+0000] {dag.py:3229} INFO - Sync 1 DAGs
[2026-09-23T01:46:11.565+0000] {logging_mixin.py:190} INFO - [2026-09-23T01:46:11.565+0000] {dag.py:4156} INFO - Setting next_dagrun for weather_etl to 2026-09-22 02:30:00+00:00, run_after=2026-09-23 02:30:00+00:00
[2026-09-23T01:46:11.574+0000] {processor.py:208} INFO - Processing /opt/airflow/dags/weather_etl.py took 0.062 seconds
[2026-09-23T01:46:41.851+0000] {processor.py:186} INFO - Started process (PID=12953) to work on /opt/airflow/dags/weather_etl.py
[2026-09-23T01:46:41.853+0000] {processor.py:914} INFO - Processing file /opt/airflow/dags/weather_etl.py for tasks to queue
[2026-09-23T01:46:41.856+0000] {logging_mixin.py:190} INFO - [2026-09-23T01:46:41.856+0000] {dagbag.py:587} INFO - Filling up the DagBag from /opt/airflow/dags/weather_etl.py
[2026-09-23T01:46:41.874+0000] {processor.py:925} INFO - DAG(s) 'weather_etl' retrieved from /opt/airflow/dags/weather_etl.py
[2026-09-23T01:46:41.883+0000] {logging_mixin.py:190} INFO - [2026-09-23T01:46:41.883+0000] {dag.py:3229} INFO - Sync 1 DAGs
[2026-09-23T01:46:41.896+0000] {logging_mixin.py:190} INFO - [2026-09-23T01:46:41.896+0000] {dag.py:4156} INFO - Setting next_dagrun for weather_etl to 2026-09-22 02:30:00+00:00, run_after=2026-09-23 02:30:00+00:00
[2026-09-23T01:46:41.904+0000] {processor.py:208} INFO - Processing /opt/airflow/dags/weather_etl.py took 0.059 seconds
[2026-09-23T01:47:12.180+0000] {processor.py:186} INFO - Started process (PID=12964) to work on /opt/airflow/dags/weather_etl.py
[2026-09-23T01:47:12.183+0000] {processor.py:914} INFO - Processing file /opt/airflow/dags/weather_etl.py for tasks to queue
[2026-09-23T01:47:12.186+0000] {logging_mixin.py:190} INFO - [2026-09-23T01:47:12.186+0000] {dagbag.py:587} INFO - Filling up the DagBag from /opt/airflow/dags/weather_etl.py
[2026-09-23T01:47:12.207+0000] {processor.py:925} INFO - DAG(s) 'weather_etl' retrieved from /opt/airflow/dags/weather_etl.py
[2026-09-23T01:47:12.218+0000] {logging_mixin.py:190} INFO - [2026-09-23T01:47:12.217+0000] {dag.py:3229} INFO - Sync 1 DAGs
[2026-09-23T01:47:12.229+0000] {logging_mixin.py:190} INFO - [2026-09-23T01:47:12.229+0000] {dag.py:4156} INFO - Setting next_dagrun for weather_etl to 2026-09-22 02:30:00+00:00, run_after=2026-09-23 02:30:00+00:00
[2026-09-23T01:47:12.236+0000] {processor.py:208} INFO - Processing /opt/airflow/dags/weather_etl.py took 0.064 seconds
[2026-09-23T01:47:42.544+0000] {processor.py:186} INFO - Started process (PID=12975) to work on /opt/airflow/dags/weather_etl.py
[2026-09-23T01:47:42.546+0000] {processor.py:914} INFO - Processing file /opt/airflow/dags/weather_etl.py for tasks to queue
[2026-09-23T01:47:42.547+0000] {logging_mixin.py:190} INFO - [2026-09-23T01:47:42.547+0000] {dagbag.py:587} INFO - Filling up the DagBag from /opt/airflow/dags/weather_etl.py
[2026-09-23T01:47:42.567+0000] {processor.py:925} INFO - DAG(s) 'weather_etl' retrieved from /opt/airflow/dags/weather_etl.py
[2026-09-23T01:47:42.578+0000] {logging_mixin.py:190} INFO - [2026-09-23T01:47:42.577+0000] {dag.py:3229} INFO - Sync 1 DAGs
[2026-09-23T01:47:42.590+0000] {logging_mixin.py:190} INFO - [2026-09-23T01:47:42.590+0000] {dag.py:4156} INFO - Setting next_dagrun for weather_etl to 2026-09-22 02:30:00+00:00, run_after=2026-09-23 02:30:00+00:00
[2026-09-23T01:47:42.599+0000] {processor.py:208} INFO - Processing /opt/airflow/dags/weather_etl.py took 0.060 seconds
[2026-09-23T01:48:12.936+0000] {processor.py:186} INFO - Started process (PID=12986) to work on /opt/airflow/dags/weather_etl.py
[2026-09-23T01:48:12.938+0000] {processor.py:914} INFO - Processing file /opt/airflow/dags/weather_etl.py for tasks to queue
[2026-09-23T01:48:12.942+0000] {logging_mixin.py:190} INFO - [2026-09-23T01:48:12.941+0000] {dagbag.py:587} INFO - Filling up the DagBag from /opt/airflow/dags/weather_etl.py
[2026-09-23T01:48:12.966+0000] {processor.py:925} INFO - DAG(s) 'weather_etl' retrieved from /opt/airflow/dags/weather_etl.py
[2026-09-23T01:48:12.980+0000] {logging_mixin.py:190} INFO - [2026-09-23T01:48:12.979+0000] {dag.py:3229} INFO - Sync 1 DAGs
[2026-09-23T01:48:12.994+0000] {logging_mixin.py:190} INFO - [2026-09-23T01:48:12.994+0000] {dag.py:4156} INFO - Setting next_dagrun for weather_etl to 2026-09-22 02:30:00+00:00, run_after=2026-09-23 02:30:00+00:00
[2026-09-23T01:48:13.001+0000] {processor.py:208} INFO - Processing /opt/airflow/dags/weather_etl.py took 0.072 seconds
[2026-09-23T01:48:43.337+0000] {processor.py:186} INFO - Started process (PID=12997) to work on /opt/airflow/dags/weather_etl.py
[2026-09-23T01:48:43.339+0000] {processor.py:914} INFO - Processing file /opt/airflow/dags/weather_etl.py for tasks to queue
[2026-09-23T01:48:43.342+0000] {logging_mixin.py:190} INFO - [2026-09-23T01:48:43.341+0000] {dagbag.py:587} INFO - Filling up the DagBag from /opt/airflow/dags/weather_etl.py
[2026-09-23T01:48:43.361+0000] {processor.py:925} INFO - DAG(s) 'weather_etl' retrieved from /opt/airflow/dags/weather_etl.py
[2026-09-23T01:48:43.370+0000] {logging_mixin.py:190} INFO - [2026-09-23T01:48:43.370+0000] {dag.py:3229} INFO - Sync 1 DAGs
[2026-09-23T01:48:43.383+0000] {logging_mixin.py:190} INFO - [2026-09-23T01:48:43.383+0000] {dag.py:4156} INFO - Setting next_dagrun for weather_etl to 2026-09-22 02:30:00+00:00, run_after=2026-09-23 02:30:00+00:00
[2026-09-23T01:48:43.390+0000] {processor.py:208} INFO - Processing /opt/airflow/dags/weather_etl.py took 0.061 seconds
[2026-09-23T01:49:13.701+0000] {processor.py:186} INFO - Started process (PID=13008) to work on /opt/airflow/dags/weather_etl.py
[2026-09-23T01:49:13.703+0000] {processor.py:914} INFO - Processing file /opt/airflow/dags/weather_etl.py for tasks to queue
[2026-09-23T01:49:13.706+0000] {logging_mixin.py:190} INFO - [2026-09-23T01:49:13.705+0000] {dagbag.py:587} INFO - Filling up the DagBag from /opt/airflow/dags/weather_etl.py
[2026-09-23T01:49:13.725+0000] {processor.py:925} INFO - DAG(s) 'weather_etl' retrieved from /opt/airflow/dags/weather_etl.py
[2026-09-23T01:49:13.736+0000] {logging_mixin.py:190} INFO - [2026-09-23T01:49:13.735+0000] {dag.py:3229} INFO - Sync 1 DAGs
[2026-09-23T01:49:13.748+0000] {logging_mixin.py:190} INFO - [2026-09-23T01:49:13.748+0000] {dag.py:4156} INFO - Setting next_dagrun for weather_etl to 2026-09-22 02:30:00+00:00, run_after=2026-09-23 02:30:00+00:00
[2026-09-23T01:49:13.755+0000] {processor.py:208} INFO - Processing /opt/airflow/dags/weather_etl.py took 0.061 seconds
[2026-09-23T01:49:44.074+0000] {processor.py:186} INFO - Started process (PID=13019) to work on /opt/airflow/dags/weather_etl.py
[2026-09-23T01:49:44.076+0000] {processor.py:914} INFO - Processing file /opt/airflow/dags/weather_etl.py for tasks to queue
[2026-09-23T01:49:44.078+0000] {logging_mixin.py:190} INFO - [2026-09-23T01:49:44.078+0000] {dagbag.py:587} INFO - Filling up the DagBag from /opt/airflow/dags/weather_etl.py
[2026-09-23T01:49:44.096+0000] {processor.py:925} INFO - DAG(s) 'weather_etl' retrieved from /opt/airflow/dags/weather_etl.py
[2026-09-23T01:49:44.105+0000] {logging_mixin.py:190} INFO - [2026-09-23T01:49:44.105+0000] {dag.py:3229} INFO - Sync 1 DAGs
[2026-09-23T01:49:44.115+0000] {logging_mixin.py:190} INFO - [2026-09-23T01:49:44.115+0000] {dag.py:4156} INFO - Setting next_dagrun for weather_etl to 2026-09-22 02:30:00+00:00, run_after=2026-09-23 02:30:00+00:00
[2026-09-23T01:49:44.122+0000] {processor.py:208} INFO - Processing /opt/airflow/dags/weather_etl.py took 0.057 seconds
[2026-09-23T01:50:14.440+0000] {processor.py:186} INFO - Started process (PID=13030) to work on /opt/airflow/dags/weather_etl.py
[2026-09-23T01:50:14.444+0000] {processor.py:914} INFO - Processing file /opt/airflow/dags/weather_etl.py for tasks to queue
[2026-09-23T01:50:14.446+0000] {logging_mixin.py:190} INFO - [2026-09-23T01:50:14.446+0000] {dagbag.py:587} INFO - Filling up the DagBag from /opt/airflow/dags/weather_etl.py
[2026-09-23T01:50:14.468+0000] {processor.py:925} INFO - DAG(s) 'weather_etl' retrieved from /opt/airflow/dags/weather_etl.py
[2026-09-23T01:50:14.478+0000] {logging_mixin.py:190} INFO - [2026-09-23T01:50:14.478+0000] {dag.py:3229} INFO - Sync 1 DAGs
[2026-09-23T01:50:14.489+0000] {logging_mixin.py:190} INFO - [2026-09-23T01:50:14.489+0000] {dag.py:4156} INFO - Setting next_dagrun for weather_etl to 2026-09-22 02:30:00+00:00, run_after=2026-09-23 02:30:00+00:00
[2026-09-23T01:50:14.496+0000] {processor.py:208} INFO - Processing /opt/airflow/dags/weather_etl.py took 0.063 seconds
[2026-09-23T01:50:44.805+0000] {processor.py:186} INFO - Started process (PID=13041) to work on /opt/airflow/dags/weather_etl.py
[2026-09-23T01:50:44.807+0000] {processor.py:914} INFO - Processing file /opt/airflow/dags/weather_etl.py for tasks to queue
[2026-09-23T01:50:44.810+0000] {logging_mixin.py:190} INFO - [2026-09-23T01:50:44.809+0000] {dagbag.py:587} INFO - Filling up the DagBag from /opt/airflow/dags/weather_etl.py
[2026-09-23T01:50:44.829+0000] {processor.py:925} INFO - DAG(s) 'weather_etl' retrieved from /opt/airflow/dags/weather_etl.py
[2026-09-23T01:50:44.837+0000] {logging_mixin.py:190} INFO - [2026-09-23T01:50:44.837+0000] {dag.py:3229} INFO - Sync 1 DAGs
[2026-09-23T01:50:44.847+0000] {logging_mixin.py:190} INFO - [2026-09-23T01:50:44.847+0000] {dag.py:4156} INFO - Setting next_dagrun for weather_etl to 2026-09-22 02:30:00+00:00, run_after=2026-09-23 02:30:00+00:00
[2026-09-23T01:50:44.854+0000] {processor.py:208} INFO - Processing /opt/airflow/dags/weather_etl.py took 0.055 seconds
[2026-09-23T01:51:15.162+0000] {processor.py:186} INFO - Started process (PID=13052) to work on /opt/airflow/dags/weather_etl.py
[2026-09-23T01:51:15.165+0000] {processor.py:914} INFO - Processing file /opt/airflow/dags/weather_etl.py for tasks to queue
[2026-09-23T01:51:15.169+0000] {logging_mixin.py:190} INFO - [2026-09-23T01:51:15.168+0000] {dagbag.py:587} INFO - Filling up the DagBag from /opt/airflow/dags/weather_etl.py
[2026-09-23T01:51:15.191+0000] {processor.py:925} INFO - DAG(s) 'weather_etl' retrieved from /opt/airflow/dags/weather_etl.py
[2026-09-23T01:51:15.201+0000] {logging_mixin.py:190} INFO - [2026-09-23T01:51:15.201+0000] {dag.py:3229} INFO - Sync 1 DAGs
[2026-09-23T01:51:15.215+0000] {logging_mixin.py:190} INFO - [2026-09-23T01:51:15.215+0000] {dag.py:4156} INFO - Setting next_dagrun for weather_etl to 2026-09-22 02:30:00+00:00, run_after=2026-09-23 02:30:00+00:00
[2026-09-23T01:51:15.223+0000] {processor.py:208} INFO - Processing /opt/airflow/dags/weather_etl.py took 0.068 seconds
[2026-09-23T01:51:45.479+0000] {processor.py:186} INFO - Started process (PID=13063) to work on /opt/airflow/dags/weather_etl.py
[2026-09-23T01:51:45.481+0000] {processor.py:914} INFO - Processing file /opt/airflow/dags/weather_etl.py for tasks to queue
[2026-09-23T01:51:45.483+0000] {logging_mixin.py:190} INFO - [2026-09-23T01:51:45.483+0000] {dagbag.py:587} INFO - Filling up the DagBag from /opt/airflow/dags/weather_etl.py
[2026-09-23T01:51:45.503+0000] {processor.py:925} INFO - DAG(s) 'weather_etl' retrieved from /opt/airflow/dags/weather_etl.py
[2026-09-23T01:51:45.512+0000] {logging_mixin.py:190} INFO - [2026-09-23T01:51:45.511+0000] {dag.py:3229} INFO - Sync 1 DAGs
[2026-09-23T01:51:45.522+0000] {logging_mixin.py:190} INFO - [2026-09-23T01:51:45.522+0000] {dag.py:4156} INFO - Setting next_dagrun for weather_etl to 2026-09-22 02:30:00+00:00, run_after=2026-09-23 02:30:00+00:00
[2026-09-23T01:51:45.529+0000] {processor.py:208} INFO - Processing /opt/airflow/dags/weather_etl.py took 0.056 seconds
[2026-09-23T01:52:15.859+0000] {processor.py:186} INFO - Started process (PID=13074) to work on /opt/airflow/dags/weather_etl.py
[2026-09-23T01:52:15.863+0000] {processor.py:914} INFO - Processing file /opt/airflow/dags/weather_etl.py for tasks to queue
[2026-09-23T01:52:15.868+0000] {logging_mixin.py:190} INFO - [2026-09-23T01:52:15.867+0000] {dagbag.py:587} INFO - Filling up the DagBag from /opt/airflow/dags/weather_etl.py
[2026-09-23T01:52:15.900+0000] {processor.py:925} INFO - DAG(s) 'weather_etl' retrieved from /opt/airflow/dags/weather_etl.py
[2026-09-23T01:52:15.913+0000] {logging_mixin.py:190} INFO - [2026-09-23T01:52:15.913+0000] {dag.py:3229} INFO - Sync 1 DAGs
[2026-09-23T01:52:15.927+0000] {logging_mixin.py:190} INFO - [2026-09-23T01:52:15.927+0000] {dag.py:4156} INFO - Setting next_dagrun for weather_etl to 2026-09-22 02:30:00+00:00, run_after=2026-09-23 02:30:00+00:00
[2026-09-23T01:52:15.936+0000] {processor.py:208} INFO - Processing /opt/airflow/dags/weather_etl.py took 0.088 seconds
[2026-09-23T01:52:46.244+0000] {processor.py:186} INFO - Started process (PID=13085) to work on /opt/airflow/dags/weather_etl.py
[2026-09-23T01:52:46.246+0000] {processor.py:914} INFO - Processing file /opt/airflow/dags/weather_etl.py for tasks to queue
[2026-09-23T01:52:46.249+0000] {logging_mixin.py:190} INFO - [2026-09-23T01:52:46.248+0000] {dagbag.py:587} INFO - Filling up the DagBag from /opt/airflow/dags/weather_etl.py
[2026-09-23T01:52:46.269+0000] {processor.py:925} INFO - DAG(s) 'weather_etl' retrieved from /opt/airflow/dags/weather_etl.py
[2026-09-23T01:52:46.279+0000] {logging_mixin.py:190} INFO - [2026-09-23T01:52:46.278+0000] {dag.py:3229} INFO - Sync 1 DAGs
[2026-09-23T01:52:46.292+0000] {logging_mixin.py:190} INFO - [2026-09-23T01:52:46.292+0000] {dag.py:4156} INFO - Setting next_dagrun for weather_etl to 2026-09-22 02:30:00+00:00, run_after=2026-09-23 02:30:00+00:00
[2026-09-23T01:52:46.300+0000] {processor.py:208} INFO - Processing /opt/airflow/dags/weather_etl.py took 0.063 seconds
[2026-09-23T01:53:16.682+0000] {processor.py:186} INFO - Started process (PID=13096) to work on /opt/airflow/dags/weather_etl.py
[2026-09-23T01:53:16.685+0000] {processor.py:914} INFO - Processing file /opt/airflow/dags/weather_etl.py for tasks to queue
[2026-09-23T01:53:16.689+0000] {logging_mixin.py:190} INFO - [2026-09-23T01:53:16.688+0000] {dagbag.py:587} INFO - Filling up the DagBag from /opt/airflow/dags/weather_etl.py
[2026-09-23T01:53:16.720+0000] {processor.py:925} INFO - DAG(s) 'weather_etl' retrieved from /opt/airflow/dags/weather_etl.py
[2026-09-23T01:53:16.737+0000] {logging_mixin.py:190} INFO - [2026-09-23T01:53:16.736+0000] {dag.py:3229} INFO - Sync 1 DAGs
[2026-09-23T01:53:16.756+0000] {logging_mixin.py:190} INFO - [2026-09-23T01:53:16.756+0000] {dag.py:4156} INFO - Setting next_dagrun for weather_etl to 2026-09-22 02:30:00+00:00, run_after=2026-09-23 02:30:00+00:00
[2026-09-23T01:53:16.768+0000] {processor.py:208} INFO - Processing /opt/airflow/dags/weather_etl.py took 0.093 seconds
[2026-09-23T01:53:47.064+0000] {processor.py:186} INFO - Started process (PID=13107) to work on /opt/airflow/dags/weather_etl.py
[2026-09-23T01:53:47.066+0000] {processor.py:914} INFO - Processing file /opt/airflow/dags/weather_etl.py for tasks to queue
[2026-09-23T01:53:47.068+0000] {logging_mixin.py:190} INFO - [2026-09-23T01:53:47.068+0000] {dagbag.py:587} INFO - Filling up the DagBag from /opt/airflow/dags/weather_etl.py
[2026-09-23T01:53:47.088+0000] {processor.py:925} INFO - DAG(s) 'weather_etl' retrieved from /opt/airflow/dags/weather_etl.py
[2026-09-23T01:53:47.096+0000] {logging_mixin.py:190} INFO - [2026-09-23T01:53:47.096+0000] {dag.py:3229} INFO - Sync 1 DAGs
[2026-09-23T01:53:47.110+0000] {logging_mixin.py:190} INFO - [2026-09-23T01:53:47.110+0000] {dag.py:4156} INFO - Setting next_dagrun for weather_etl to 2026-09-22 02:30:00+00:00, run_after=2026-09-23 02:30:00+00:00
[2026-09-23T01:53:47.116+0000] {processor.py:208} INFO - Processing /opt/airflow/dags/weather_etl.py took 0.061 seconds
[2026-09-23T01:54:17.459+0000] {processor.py:186} INFO - Started process (PID=13118) to work on /opt/airflow/dags/weather_etl.py
[2026-09-23T01:54:17.462+0000] {processor.py:914} INFO - Processing file /opt/airflow/dags/weather_etl.py for tasks to queue
[2026-09-23T01:54:17.465+0000] {logging_mixin.py:190} INFO - [2026-09-23T01:54:17.464+0000] {dagbag.py:587} INFO - Filling up the DagBag from /opt/airflow/dags/weather_etl.py
[2026-09-23T01:54:17.486+0000] {processor.py:925} INFO - DAG(s) 'weather_etl' retrieved from /opt/airflow/dags/weather_etl.py
[2026-09-23T01:54:17.494+0000] {logging_mixin.py:190} INFO - [2026-09-23T01:54:17.494+0000] {dag.py:3229} INFO - Sync 1 DAGs
[2026-09-23T01:54:17.505+0000] {logging_mixin.py:190} INFO - [2026-09-23T01:54:17.505+0000] {dag.py:4156} INFO - Setting next_dagrun for weather_etl to 2026-09-22 02:30:00+00:00, run_after=2026-09-23 02:30:00+00:00
[2026-09-23T01:54:17.511+0000] {processor.py:208} INFO - Processing /opt/airflow/dags/weather_etl.py took 0.059 seconds
[2026-09-23T01:54:47.881+0000] {processor.py:186} INFO - Started process (PID=13129) to work on /opt/airflow/dags/weather_etl.py
[2026-09-23T01:54:47.884+0000] {processor.py:914} INFO - Processing file /opt/airflow/dags/weather_etl.py for tasks to queue
[2026-09-23T01:54:47.887+0000] {logging_mixin.py:190} INFO - [2026-09-23T01:54:47.887+0000] {dagbag.py:587} INFO - Filling up the DagBag from /opt/airflow/dags/weather_etl.py
[2026-09-23T01:54:47.910+0000] {processor.py:925} INFO - DAG(s) 'weather_etl' retrieved from /opt/airflow/dags/weather_etl.py
[2026-09-23T01:54:47.921+0000] {logging_mixin.py:190} INFO - [2026-09-23T01:54:47.921+0000] {dag.py:3229} INFO - Sync 1 DAGs
[2026-09-23T01:54:47.933+0000] {logging_mixin.py:190} INFO - [2026-09-23T01:54:47.933+0000] {dag.py:4156} INFO - Setting next_dagrun for weather_etl to 2026-09-22 02:30:00+00:00, run_after=2026-09-23 02:30:00+00:00
[2026-09-23T01:54:47.941+0000] {processor.py:208} INFO - Processing /opt/airflow/dags/weather_etl.py took 0.070 seconds
[2026-09-23T01:55:18.260+0000] {processor.py:186} INFO - Started process (PID=13140) to work on /opt/airflow/dags/weather_etl.py
[2026-09-23T01:55:18.263+0000] {processor.py:914} INFO - Processing file /opt/airflow/dags/weather_etl.py for tasks to queue
[2026-09-23T01:55:18.265+0000] {logging_mixin.py:190} INFO - [2026-09-23T01:55:18.265+0000] {dagbag.py:587} INFO - Filling up the DagBag from /opt/airflow/dags/weather_etl.py
[2026-09-23T01:55:18.284+0000] {processor.py:925} INFO - DAG(s) 'weather_etl' retrieved from /opt/airflow/dags/weather_etl.py
[2026-09-23T01:55:18.294+0000] {logging_mixin.py:190} INFO - [2026-09-23T01:55:18.293+0000] {dag.py:3229} INFO - Sync 1 DAGs
[2026-09-23T01:55:18.305+0000] {logging_mixin.py:190} INFO - [2026-09-23T01:55:18.305+0000] {dag.py:4156} INFO - Setting next_dagrun for weather_etl to 2026-09-22 02:30:00+00:00, run_after=2026-09-23 02:30:00+00:00
[2026-09-23T01:55:18.312+0000] {processor.py:208} INFO - Processing /opt/airflow/dags/weather_etl.py took 0.059 seconds
[2026-09-23T01:55:48.577+0000] {processor.py:186} INFO - Started process (PID=13151) to work on /opt/airflow/dags/weather_etl.py
[2026-09-23T01:55:48.578+0000] {processor.py:914} INFO - Processing file /opt/airflow/dags/weather_etl.py for tasks to queue
[2026-09-23T01:55:48.581+0000] {logging_mixin.py:190} INFO - [2026-09-23T01:55:48.581+0000] {dagbag.py:587} INFO - Filling up the DagBag from /opt/airflow/dags/weather_etl.py
[2026-09-23T01:55:48.601+0000] {processor.py:925} INFO - DAG(s) 'weather_etl' retrieved from /opt/airflow/dags/weather_etl.py
[2026-09-23T01:55:48.612+0000] {logging_mixin.py:190} INFO - [2026-09-23T01:55:48.612+0000] {dag.py:3229} INFO - Sync 1 DAGs
[2026-09-23T01:55:48.624+0000] {logging_mixin.py:190} INFO - [2026-09-23T01:55:48.624+0000] {dag.py:4156} INFO - Setting next_dagrun for weather_etl to 2026-09-22 02:30:00+00:00, run_after=2026-09-23 02:30:00+00:00
[2026-09-23T01:55:48.631+0000] {processor.py:208} INFO - Processing /opt/airflow/dags/weather_etl.py took 0.061 seconds
[2026-09-23T01:56:18.893+0000] {processor.py:186} INFO - Started process (PID=13162) to work on /opt/airflow/dags/weather_etl.py
[2026-09-23T01:56:18.896+0000] {processor.py:914} INFO - Processing file /opt/airflow/dags/weather_etl.py for tasks to queue
[2026-09-23T01:56:18.898+0000] {logging_mixin.py:190} INFO - [2026-09-23T01:56:18.898+0000] {dagbag.py:587} INFO - Filling up the DagBag from /opt/airflow/dags/weather_etl.py
[2026-09-23T01:56:18.915+0000] {processor.py:925} INFO - DAG(s) 'weather_etl' retrieved from /opt/airflow/dags/weather_etl.py
[2026-09-23T01:56:18.926+0000] {logging_mixin.py:190} INFO - [2026-09-23T01:56:18.926+0000] {dag.py:3229} INFO - Sync 1 DAGs
[2026-09-23T01:56:18.939+0000] {logging_mixin.py:190} INFO - [2026-09-23T01:56:18.938+0000] {dag.py:4156} INFO - Setting next_dagrun for weather_etl to 2026-09-22 02:30:00+00:00, run_after=2026-09-23 02:30:00+00:00
[2026-09-23T01:56:18.948+0000] {processor.py:208} INFO - Processing /opt/airflow/dags/weather_etl.py took 0.062 seconds
[2026-09-23T01:56:49.240+0000] {processor.py:186} INFO - Started process (PID=13173) to work on /opt/airflow/dags/weather_etl.py
[2026-09-23T01:56:49.243+0000] {processor.py:914} INFO - Processing file /opt/airflow/dags/weather_etl.py for tasks to queue
[2026-09-23T01:56:49.246+0000] {logging_mixin.py:190} INFO - [2026-09-23T01:56:49.246+0000] {dagbag.py:587} INFO - Filling up the DagBag from /opt/airflow/dags/weather_etl.py
[2026-09-23T01:56:49.267+0000] {processor.py:925} INFO - DAG(s) 'weather_etl' retrieved from /opt/airflow/dags/weather_etl.py
[2026-09-23T01:56:49.277+0000] {logging_mixin.py:190} INFO - [2026-09-23T01:56:49.277+0000] {dag.py:3229} INFO - Sync 1 DAGs
[2026-09-23T01:56:49.290+0000] {logging_mixin.py:190} INFO - [2026-09-23T01:56:49.290+0000] {dag.py:4156} INFO - Setting next_dagrun for weather_etl to 2026-09-22 02:30:00+00:00, run_after=2026-09-23 02:30:00+00:00
[2026-09-23T01:56:49.298+0000] {processor.py:208} INFO - Processing /opt/airflow/dags/weather_etl.py took 0.065 seconds
[2026-09-23T01:57:19.674+0000] {processor.py:186} INFO - Started process (PID=13184) to work on /opt/airflow/dags/weather_etl.py
[2026-09-23T01:57:19.677+0000] {processor.py:914} INFO - Processing file /opt/airflow/dags/weather_etl.py for tasks to queue
[2026-09-23T01:57:19.681+0000] {logging_mixin.py:190} INFO - [2026-09-23T01:57:19.680+0000] {dagbag.py:587} INFO - Filling up the DagBag from /opt/airflow/dags/weather_etl.py
[2026-09-23T01:57:19.707+0000] {processor.py:925} INFO - DAG(s) 'weather_etl' retrieved from /opt/airflow/dags/weather_etl.py
[2026-09-23T01:57:19.724+0000] {logging_mixin.py:190} INFO - [2026-09-23T01:57:19.723+0000] {dag.py:3229} INFO - Sync 1 DAGs
[2026-09-23T01:57:19.739+0000] {logging_mixin.py:190} INFO - [2026-09-23T01:57:19.739+0000] {dag.py:4156} INFO - Setting next_dagrun for weather_etl to 2026-09-22 02:30:00+00:00, run_after=2026-09-23 02:30:00+00:00
[2026-09-23T01:57:19.751+0000] {processor.py:208} INFO - Processing /opt/airflow/dags/weather_etl.py took 0.099 seconds
[2026-09-23T01:57:50.050+0000] {processor.py:186} INFO - Started process (PID=13195) to work on /opt/airflow/dags/weather_etl.py
[2026-09-23T01:57:50.053+0000] {processor.py:914} INFO - Processing file /opt/airflow/dags/weather_etl.py for tasks to queue
[2026-09-23T01:57:50.058+0000] {logging_mixin.py:190} INFO - [2026-09-23T01:57:50.057+0000] {dagbag.py:587} INFO - Filling up the DagBag from /opt/airflow/dags/weather_etl.py
[2026-09-23T01:57:50.089+0000] {processor.py:925} INFO - DAG(s) 'weather_etl' retrieved from /opt/airflow/dags/weather_etl.py
[2026-09-23T01:57:50.100+0000] {logging_mixin.py:190} INFO - [2026-09-23T01:57:50.100+0000] {dag.py:3229} INFO - Sync 1 DAGs
[2026-09-23T01:57:50.114+0000] {logging_mixin.py:190} INFO - [2026-09-23T01:57:50.114+0000] {dag.py:4156} INFO - Setting next_dagrun for weather_etl to 2026-09-22 02:30:00+00:00, run_after=2026-09-23 02:30:00+00:00
[2026-09-23T01:57:50.122+0000] {processor.py:208} INFO - Processing /opt/airflow/dags/weather_etl.py took 0.079 seconds
[2026-09-23T01:58:20.482+0000] {processor.py:186} INFO - Started process (PID=13206) to work on /opt/airflow/dags/weather_etl.py
[2026-09-23T01:58:20.485+0000] {processor.py:914} INFO - Processing file /opt/airflow/dags/weather_etl.py for tasks to queue
[2026-09-23T01:58:20.489+0000] {logging_mixin.py:190} INFO - [2026-09-23T01:58:20.488+0000] {dagbag.py:587} INFO - Filling up the DagBag from /opt/airflow/dags/weather_etl.py
[2026-09-23T01:58:20.512+0000] {processor.py:925} INFO - DAG(s) 'weather_etl' retrieved from /opt/airflow/dags/weather_etl.py
[2026-09-23T01:58:20.523+0000] {logging_mixin.py:190} INFO - [2026-09-23T01:58:20.522+0000] {dag.py:3229} INFO - Sync 1 DAGs
[2026-09-23T01:58:20.535+0000] {logging_mixin.py:190} INFO - [2026-09-23T01:58:20.534+0000] {dag.py:4156} INFO - Setting next_dagrun for weather_etl to 2026-09-22 02:30:00+00:00, run_after=2026-09-23 02:30:00+00:00
[2026-09-23T01:58:20.541+0000] {processor.py:208} INFO - Processing /opt/airflow/dags/weather_etl.py took 0.067 seconds
[2026-09-23T01:58:50.852+0000] {processor.py:186} INFO - Started process (PID=13217) to work on /opt/airflow/dags/weather_etl.py
[2026-09-23T01:58:50.855+0000] {processor.py:914} INFO - Processing file /opt/airflow/dags/weather_etl.py for tasks to queue
[2026-09-23T01:58:50.858+0000] {logging_mixin.py:190} INFO - [2026-09-23T01:58:50.857+0000] {dagbag.py:587} INFO - Filling up the DagBag from /opt/airflow/dags/weather_etl.py
[2026-09-23T01:58:50.885+0000] {processor.py:925} INFO - DAG(s) 'weather_etl' retrieved from /opt/airflow/dags/weather_etl.py
[2026-09-23T01:58:50.909+0000] {logging_mixin.py:190} INFO - [2026-09-23T01:58:50.908+0000] {dag.py:3229} INFO - Sync 1 DAGs
[2026-09-23T01:58:50.983+0000] {logging_mixin.py:190} INFO - [2026-09-23T01:58:50.983+0000] {dag.py:4156} INFO - Setting next_dagrun for weather_etl to 2026-09-22 02:30:00+00:00, run_after=2026-09-23 02:30:00+00:00
[2026-09-23T01:58:50.992+0000] {processor.py:208} INFO - Processing /opt/airflow/dags/weather_etl.py took 0.145 seconds
[2026-09-23T01:59:21.180+0000] {processor.py:186} INFO - Started process (PID=13228) to work on /opt/airflow/dags/weather_etl.py
[2026-09-23T01:59:21.183+0000] {processor.py:914} INFO - Processing file /opt/airflow/dags/weather_etl.py for tasks to queue
[2026-09-23T01:59:21.185+0000] {logging_mixin.py:190} INFO - [2026-09-23T01:59:21.185+0000] {dagbag.py:587} INFO - Filling up the DagBag from /opt/airflow/dags/weather_etl.py
[2026-09-23T01:59:21.216+0000] {processor.py:925} INFO - DAG(s) 'weather_etl' retrieved from /opt/airflow/dags/weather_etl.py
[2026-09-23T01:59:21.229+0000] {logging_mixin.py:190} INFO - [2026-09-23T01:59:21.229+0000] {dag.py:3229} INFO - Sync 1 DAGs
[2026-09-23T01:59:21.310+0000] {logging_mixin.py:190} INFO - [2026-09-23T01:59:21.310+0000] {dag.py:4156} INFO - Setting next_dagrun for weather_etl to 2026-09-22 02:30:00+00:00, run_after=2026-09-23 02:30:00+00:00
[2026-09-23T01:59:21.322+0000] {processor.py:208} INFO - Processing /opt/airflow/dags/weather_etl.py took 0.148 seconds
[2026-09-23T01:59:51.629+0000] {processor.py:186} INFO - Started process (PID=13239) to work on /opt/airflow/dags/weather_etl.py
[2026-09-23T01:59:51.631+0000] {processor.py:914} INFO - Processing file /opt/airflow/dags/weather_etl.py for tasks to queue
[2026-09-23T01:59:51.635+0000] {logging_mixin.py:190} INFO - [2026-09-23T01:59:51.634+0000] {dagbag.py:587} INFO - Filling up the DagBag from /opt/airflow/dags/weather_etl.py
[2026-09-23T01:59:51.676+0000] {processor.py:925} INFO - DAG(s) 'weather_etl' retrieved from /opt/airflow/dags/weather_etl.py
[2026-09-23T01:59:51.694+0000] {logging_mixin.py:190} INFO - [2026-09-23T01:59:51.692+0000] {dag.py:3229} INFO - Sync 1 DAGs
[2026-09-23T01:59:51.713+0000] {logging_mixin.py:190} INFO - [2026-09-23T01:59:51.712+0000] {dag.py:4156} INFO - Setting next_dagrun for weather_etl to 2026-09-22 02:30:00+00:00, run_after=2026-09-23 02:30:00+00:00
[2026-09-23T01:59:51.721+0000] {processor.py:208} INFO - Processing /opt/airflow/dags/weather_etl.py took 0.100 seconds
[2026-09-23T02:00:21.983+0000] {processor.py:186} INFO - Started process (PID=13250) to work on /opt/airflow/dags/weather_etl.py
[2026-09-23T02:00:21.987+0000] {processor.py:914} INFO - Processing file /opt/airflow/dags/weather_etl.py for tasks to queue
[2026-09-23T02:00:21.989+0000] {logging_mixin.py:190} INFO - [2026-09-23T02:00:21.989+0000] {dagbag.py:587} INFO - Filling up the DagBag from /opt/airflow/dags/weather_etl.py
[2026-09-23T02:00:22.008+0000] {processor.py:925} INFO - DAG(s) 'weather_etl' retrieved from /opt/airflow/dags/weather_etl.py
[2026-09-23T02:00:22.016+0000] {logging_mixin.py:190} INFO - [2026-09-23T02:00:22.016+0000] {dag.py:3229} INFO - Sync 1 DAGs
[2026-09-23T02:00:22.027+0000] {logging_mixin.py:190} INFO - [2026-09-23T02:00:22.027+0000] {dag.py:4156} INFO - Setting next_dagrun for weather_etl to 2026-09-22 02:30:00+00:00, run_after=2026-09-23 02:30:00+00:00
[2026-09-23T02:00:22.033+0000] {processor.py:208} INFO - Processing /opt/airflow/dags/weather_etl.py took 0.057 seconds
[2026-09-23T02:00:52.396+0000] {processor.py:186} INFO - Started process (PID=13261) to work on /opt/airflow/dags/weather_etl.py
[2026-09-23T02:00:52.398+0000] {processor.py:914} INFO - Processing file /opt/airflow/dags/weather_etl.py for tasks to queue
[2026-09-23T02:00:52.402+0000] {logging_mixin.py:190} INFO - [2026-09-23T02:00:52.401+0000] {dagbag.py:587} INFO - Filling up the DagBag from /opt/airflow/dags/weather_etl.py
[2026-09-23T02:00:52.431+0000] {processor.py:925} INFO - DAG(s) 'weather_etl' retrieved from /opt/airflow/dags/weather_etl.py
[2026-09-23T02:00:52.448+0000] {logging_mixin.py:190} INFO - [2026-09-23T02:00:52.447+0000] {dag.py:3229} INFO - Sync 1 DAGs
[2026-09-23T02:00:52.467+0000] {logging_mixin.py:190} INFO - [2026-09-23T02:00:52.467+0000] {dag.py:4156} INFO - Setting next_dagrun for weather_etl to 2026-09-22 02:30:00+00:00, run_after=2026-09-23 02:30:00+00:00
[2026-09-23T02:00:52.476+0000] {processor.py:208} INFO - Processing /opt/airflow/dags/weather_etl.py took 0.089 seconds
[2026-09-23T02:01:22.774+0000] {processor.py:186} INFO - Started process (PID=13272) to work on /opt/airflow/dags/weather_etl.py
[2026-09-23T02:01:22.777+0000] {processor.py:914} INFO - Processing file /opt/airflow/dags/weather_etl.py for tasks to queue
[2026-09-23T02:01:22.779+0000] {logging_mixin.py:190} INFO - [2026-09-23T02:01:22.779+0000] {dagbag.py:587} INFO - Filling up the DagBag from /opt/airflow/dags/weather_etl.py
[2026-09-23T02:01:22.800+0000] {processor.py:925} INFO - DAG(s) 'weather_etl' retrieved from /opt/airflow/dags/weather_etl.py
[2026-09-23T02:01:22.809+0000] {logging_mixin.py:190} INFO - [2026-09-23T02:01:22.809+0000] {dag.py:3229} INFO - Sync 1 DAGs
[2026-09-23T02:01:22.820+0000] {logging_mixin.py:190} INFO - [2026-09-23T02:01:22.820+0000] {dag.py:4156} INFO - Setting next_dagrun for weather_etl to 2026-09-22 02:30:00+00:00, run_after=2026-09-23 02:30:00+00:00
[2026-09-23T02:01:22.827+0000] {processor.py:208} INFO - Processing /opt/airflow/dags/weather_etl.py took 0.062 seconds
[2026-09-23T02:01:53.176+0000] {processor.py:186} INFO - Started process (PID=13283) to work on /opt/airflow/dags/weather_etl.py
[2026-09-23T02:01:53.178+0000] {processor.py:914} INFO - Processing file /opt/airflow/dags/weather_etl.py for tasks to queue
[2026-09-23T02:01:53.183+0000] {logging_mixin.py:190} INFO - [2026-09-23T02:01:53.182+0000] {dagbag.py:587} INFO - Filling up the DagBag from /opt/airflow/dags/weather_etl.py
[2026-09-23T02:01:53.208+0000] {processor.py:925} INFO - DAG(s) 'weather_etl' retrieved from /opt/airflow/dags/weather_etl.py
[2026-09-23T02:01:53.220+0000] {logging_mixin.py:190} INFO - [2026-09-23T02:01:53.220+0000] {dag.py:3229} INFO - Sync 1 DAGs
[2026-09-23T02:01:53.235+0000] {logging_mixin.py:190} INFO - [2026-09-23T02:01:53.235+0000] {dag.py:4156} INFO - Setting next_dagrun for weather_etl to 2026-09-22 02:30:00+00:00, run_after=2026-09-23 02:30:00+00:00
[2026-09-23T02:01:53.243+0000] {processor.py:208} INFO - Processing /opt/airflow/dags/weather_etl.py took 0.076 seconds
[2026-09-23T02:02:23.550+0000] {processor.py:186} INFO - Started process (PID=13294) to work on /opt/airflow/dags/weather_etl.py
[2026-09-23T02:02:23.552+0000] {processor.py:914} INFO - Processing file /opt/airflow/dags/weather_etl.py for tasks to queue
[2026-09-23T02:02:23.555+0000] {logging_mixin.py:190} INFO - [2026-09-23T02:02:23.555+0000] {dagbag.py:587} INFO - Filling up the DagBag from /opt/airflow/dags/weather_etl.py
[2026-09-23T02:02:23.594+0000] {processor.py:925} INFO - DAG(s) 'weather_etl' retrieved from /opt/airflow/dags/weather_etl.py
[2026-09-23T02:02:23.614+0000] {logging_mixin.py:190} INFO - [2026-09-23T02:02:23.614+0000] {dag.py:3229} INFO - Sync 1 DAGs
[2026-09-23T02:02:23.632+0000] {logging_mixin.py:190} INFO - [2026-09-23T02:02:23.632+0000] {dag.py:4156} INFO - Setting next_dagrun for weather_etl to 2026-09-22 02:30:00+00:00, run_after=2026-09-23 02:30:00+00:00
[2026-09-23T02:02:23.640+0000] {processor.py:208} INFO - Processing /opt/airflow/dags/weather_etl.py took 0.098 seconds
[2026-09-23T02:02:53.923+0000] {processor.py:186} INFO - Started process (PID=13305) to work on /opt/airflow/dags/weather_etl.py
[2026-09-23T02:02:53.925+0000] {processor.py:914} INFO - Processing file /opt/airflow/dags/weather_etl.py for tasks to queue
[2026-09-23T02:02:53.927+0000] {logging_mixin.py:190} INFO - [2026-09-23T02:02:53.927+0000] {dagbag.py:587} INFO - Filling up the DagBag from /opt/airflow/dags/weather_etl.py
[2026-09-23T02:02:53.944+0000] {processor.py:925} INFO - DAG(s) 'weather_etl' retrieved from /opt/airflow/dags/weather_etl.py
[2026-09-23T02:02:53.952+0000] {logging_mixin.py:190} INFO - [2026-09-23T02:02:53.952+0000] {dag.py:3229} INFO - Sync 1 DAGs
[2026-09-23T02:02:53.963+0000] {logging_mixin.py:190} INFO - [2026-09-23T02:02:53.963+0000] {dag.py:4156} INFO - Setting next_dagrun for weather_etl to 2026-09-22 02:30:00+00:00, run_after=2026-09-23 02:30:00+00:00
[2026-09-23T02:02:53.969+0000] {processor.py:208} INFO - Processing /opt/airflow/dags/weather_etl.py took 0.053 seconds
[2026-09-23T02:03:24.279+0000] {processor.py:186} INFO - Started process (PID=13316) to work on /opt/airflow/dags/weather_etl.py
[2026-09-23T02:03:24.282+0000] {processor.py:914} INFO - Processing file /opt/airflow/dags/weather_etl.py for tasks to queue
[2026-09-23T02:03:24.284+0000] {logging_mixin.py:190} INFO - [2026-09-23T02:03:24.283+0000] {dagbag.py:587} INFO - Filling up the DagBag from /opt/airflow/dags/weather_etl.py
[2026-09-23T02:03:24.303+0000] {processor.py:925} INFO - DAG(s) 'weather_etl' retrieved from /opt/airflow/dags/weather_etl.py
[2026-09-23T02:03:24.313+0000] {logging_mixin.py:190} INFO - [2026-09-23T02:03:24.313+0000] {dag.py:3229} INFO - Sync 1 DAGs
[2026-09-23T02:03:24.323+0000] {logging_mixin.py:190} INFO - [2026-09-23T02:03:24.323+0000] {dag.py:4156} INFO - Setting next_dagrun for weather_etl to 2026-09-22 02:30:00+00:00, run_after=2026-09-23 02:30:00+00:00
[2026-09-23T02:03:24.330+0000] {processor.py:208} INFO - Processing /opt/airflow/dags/weather_etl.py took 0.059 seconds
[2026-09-23T02:03:54.653+0000] {processor.py:186} INFO - Started process (PID=13327) to work on /opt/airflow/dags/weather_etl.py
[2026-09-23T02:03:54.655+0000] {processor.py:914} INFO - Processing file /opt/airflow/dags/weather_etl.py for tasks to queue
[2026-09-23T02:03:54.659+0000] {logging_mixin.py:190} INFO - [2026-09-23T02:03:54.658+0000] {dagbag.py:587} INFO - Filling up the DagBag from /opt/airflow/dags/weather_etl.py
[2026-09-23T02:03:54.691+0000] {processor.py:925} INFO - DAG(s) 'weather_etl' retrieved from /opt/airflow/dags/weather_etl.py
[2026-09-23T02:03:54.704+0000] {logging_mixin.py:190} INFO - [2026-09-23T02:03:54.704+0000] {dag.py:3229} INFO - Sync 1 DAGs
[2026-09-23T02:03:54.721+0000] {logging_mixin.py:190} INFO - [2026-09-23T02:03:54.720+0000] {dag.py:4156} INFO - Setting next_dagrun for weather_etl to 2026-09-22 02:30:00+00:00, run_after=2026-09-23 02:30:00+00:00
[2026-09-23T02:03:54.733+0000] {processor.py:208} INFO - Processing /opt/airflow/dags/weather_etl.py took 0.086 seconds
[2026-09-23T02:04:24.991+0000] {processor.py:186} INFO - Started process (PID=13344) to work on /opt/airflow/dags/weather_etl.py
[2026-09-23T02:04:24.993+0000] {processor.py:914} INFO - Processing file /opt/airflow/dags/weather_etl.py for tasks to queue
[2026-09-23T02:04:24.994+0000] {logging_mixin.py:190} INFO - [2026-09-23T02:04:24.994+0000] {dagbag.py:587} INFO - Filling up the DagBag from /opt/airflow/dags/weather_etl.py
[2026-09-23T02:04:25.012+0000] {processor.py:925} INFO - DAG(s) 'weather_etl' retrieved from /opt/airflow/dags/weather_etl.py
[2026-09-23T02:04:25.020+0000] {logging_mixin.py:190} INFO - [2026-09-23T02:04:25.020+0000] {dag.py:3229} INFO - Sync 1 DAGs
[2026-09-23T02:04:25.032+0000] {logging_mixin.py:190} INFO - [2026-09-23T02:04:25.032+0000] {dag.py:4156} INFO - Setting next_dagrun for weather_etl to 2026-09-22 02:30:00+00:00, run_after=2026-09-23 02:30:00+00:00
[2026-09-23T02:04:25.041+0000] {processor.py:208} INFO - Processing /opt/airflow/dags/weather_etl.py took 0.057 seconds
[2026-09-23T02:04:55.440+0000] {processor.py:186} INFO - Started process (PID=13355) to work on /opt/airflow/dags/weather_etl.py
[2026-09-23T02:04:55.443+0000] {processor.py:914} INFO - Processing file /opt/airflow/dags/weather_etl.py for tasks to queue
[2026-09-23T02:04:55.447+0000] {logging_mixin.py:190} INFO - [2026-09-23T02:04:55.447+0000] {dagbag.py:587} INFO - Filling up the DagBag from /opt/airflow/dags/weather_etl.py
[2026-09-23T02:04:55.470+0000] {processor.py:925} INFO - DAG(s) 'weather_etl' retrieved from /opt/airflow/dags/weather_etl.py
[2026-09-23T02:04:55.480+0000] {logging_mixin.py:190} INFO - [2026-09-23T02:04:55.480+0000] {dag.py:3229} INFO - Sync 1 DAGs
[2026-09-23T02:04:55.491+0000] {logging_mixin.py:190} INFO - [2026-09-23T02:04:55.491+0000] {dag.py:4156} INFO - Setting next_dagrun for weather_etl to 2026-09-22 02:30:00+00:00, run_after=2026-09-23 02:30:00+00:00
[2026-09-23T02:04:55.497+0000] {processor.py:208} INFO - Processing /opt/airflow/dags/weather_etl.py took 0.065 seconds
[2026-09-23T02:05:25.799+0000] {processor.py:186} INFO - Started process (PID=13366) to work on /opt/airflow/dags/weather_etl.py
[2026-09-23T02:05:25.801+0000] {processor.py:914} INFO - Processing file /opt/airflow/dags/weather_etl.py for tasks to queue
[2026-09-23T02:05:25.804+0000] {logging_mixin.py:190} INFO - [2026-09-23T02:05:25.804+0000] {dagbag.py:587} INFO - Filling up the DagBag from /opt/airflow/dags/weather_etl.py
[2026-09-23T02:05:25.826+0000] {processor.py:925} INFO - DAG(s) 'weather_etl' retrieved from /opt/airflow/dags/weather_etl.py
[2026-09-23T02:05:25.839+0000] {logging_mixin.py:190} INFO - [2026-09-23T02:05:25.839+0000] {dag.py:3229} INFO - Sync 1 DAGs
[2026-09-23T02:05:25.854+0000] {logging_mixin.py:190} INFO - [2026-09-23T02:05:25.853+0000] {dag.py:4156} INFO - Setting next_dagrun for weather_etl to 2026-09-22 02:30:00+00:00, run_after=2026-09-23 02:30:00+00:00
[2026-09-23T02:05:25.861+0000] {processor.py:208} INFO - Processing /opt/airflow/dags/weather_etl.py took 0.070 seconds
[2026-09-23T02:05:56.132+0000] {processor.py:186} INFO - Started process (PID=13377) to work on /opt/airflow/dags/weather_etl.py
[2026-09-23T02:05:56.134+0000] {processor.py:914} INFO - Processing file /opt/airflow/dags/weather_etl.py for tasks to queue
[2026-09-23T02:05:56.137+0000] {logging_mixin.py:190} INFO - [2026-09-23T02:05:56.137+0000] {dagbag.py:587} INFO - Filling up the DagBag from /opt/airflow/dags/weather_etl.py
[2026-09-23T02:05:56.170+0000] {processor.py:925} INFO - DAG(s) 'weather_etl' retrieved from /opt/airflow/dags/weather_etl.py
[2026-09-23T02:05:56.179+0000] {logging_mixin.py:190} INFO - [2026-09-23T02:05:56.179+0000] {dag.py:3229} INFO - Sync 1 DAGs
[2026-09-23T02:05:56.193+0000] {logging_mixin.py:190} INFO - [2026-09-23T02:05:56.193+0000] {dag.py:4156} INFO - Setting next_dagrun for weather_etl to 2026-09-22 02:30:00+00:00, run_after=2026-09-23 02:30:00+00:00
[2026-09-23T02:05:56.201+0000] {processor.py:208} INFO - Processing /opt/airflow/dags/weather_etl.py took 0.079 seconds
[2026-09-23T02:06:26.529+0000] {processor.py:186} INFO - Started process (PID=13388) to work on /opt/airflow/dags/weather_etl.py
[2026-09-23T02:06:26.532+0000] {processor.py:914} INFO - Processing file /opt/airflow/dags/weather_etl.py for tasks to queue
[2026-09-23T02:06:26.537+0000] {logging_mixin.py:190} INFO - [2026-09-23T02:06:26.536+0000] {dagbag.py:587} INFO - Filling up the DagBag from /opt/airflow/dags/weather_etl.py
[2026-09-23T02:06:26.570+0000] {processor.py:925} INFO - DAG(s) 'weather_etl' retrieved from /opt/airflow/dags/weather_etl.py
[2026-09-23T02:06:26.595+0000] {logging_mixin.py:190} INFO - [2026-09-23T02:06:26.595+0000] {dag.py:3229} INFO - Sync 1 DAGs
[2026-09-23T02:06:26.613+0000] {logging_mixin.py:190} INFO - [2026-09-23T02:06:26.613+0000] {dag.py:4156} INFO - Setting next_dagrun for weather_etl to 2026-09-22 02:30:00+00:00, run_after=2026-09-23 02:30:00+00:00
[2026-09-23T02:06:26.625+0000] {processor.py:208} INFO - Processing /opt/airflow/dags/weather_etl.py took 0.104 seconds
[2026-09-23T02:06:56.890+0000] {processor.py:186} INFO - Started process (PID=13399) to work on /opt/airflow/dags/weather_etl.py
[2026-09-23T02:06:56.893+0000] {processor.py:914} INFO - Processing file /opt/airflow/dags/weather_etl.py for tasks to queue
[2026-09-23T02:06:56.897+0000] {logging_mixin.py:190} INFO - [2026-09-23T02:06:56.896+0000] {dagbag.py:587} INFO - Filling up the DagBag from /opt/airflow/dags/weather_etl.py
[2026-09-23T02:06:56.928+0000] {processor.py:925} INFO - DAG(s) 'weather_etl' retrieved from /opt/airflow/dags/weather_etl.py
[2026-09-23T02:06:56.943+0000] {logging_mixin.py:190} INFO - [2026-09-23T02:06:56.943+0000] {dag.py:3229} INFO - Sync 1 DAGs
[2026-09-23T02:06:56.959+0000] {logging_mixin.py:190} INFO - [2026-09-23T02:06:56.959+0000] {dag.py:4156} INFO - Setting next_dagrun for weather_etl to 2026-09-22 02:30:00+00:00, run_after=2026-09-23 02:30:00+00:00
[2026-09-23T02:06:56.967+0000] {processor.py:208} INFO - Processing /opt/airflow/dags/weather_etl.py took 0.085 seconds
[2026-09-23T02:07:27.223+0000] {processor.py:186} INFO - Started process (PID=13410) to work on /opt/airflow/dags/weather_etl.py
[2026-09-23T02:07:27.225+0000] {processor.py:914} INFO - Processing file /opt/airflow/dags/weather_etl.py for tasks to queue
[2026-09-23T02:07:27.232+0000] {logging_mixin.py:190} INFO - [2026-09-23T02:07:27.231+0000] {dagbag.py:587} INFO - Filling up the DagBag from /opt/airflow/dags/weather_etl.py
[2026-09-23T02:07:27.269+0000] {processor.py:925} INFO - DAG(s) 'weather_etl' retrieved from /opt/airflow/dags/weather_etl.py
[2026-09-23T02:07:27.284+0000] {logging_mixin.py:190} INFO - [2026-09-23T02:07:27.284+0000] {dag.py:3229} INFO - Sync 1 DAGs
[2026-09-23T02:07:27.307+0000] {logging_mixin.py:190} INFO - [2026-09-23T02:07:27.306+0000] {dag.py:4156} INFO - Setting next_dagrun for weather_etl to 2026-09-22 02:30:00+00:00, run_after=2026-09-23 02:30:00+00:00
[2026-09-23T02:07:27.315+0000] {processor.py:208} INFO - Processing /opt/airflow/dags/weather_etl.py took 0.106 seconds
[2026-09-23T02:07:57.638+0000] {processor.py:186} INFO - Started process (PID=13421) to work on /opt/airflow/dags/weather_etl.py
[2026-09-23T02:07:57.640+0000] {processor.py:914} INFO - Processing file /opt/airflow/dags/weather_etl.py for tasks to queue
[2026-09-23T02:07:57.644+0000] {logging_mixin.py:190} INFO - [2026-09-23T02:07:57.644+0000] {dagbag.py:587} INFO - Filling up the DagBag from /opt/airflow/dags/weather_etl.py
[2026-09-23T02:07:57.671+0000] {processor.py:925} INFO - DAG(s) 'weather_etl' retrieved from /opt/airflow/dags/weather_etl.py
[2026-09-23T02:07:57.684+0000] {logging_mixin.py:190} INFO - [2026-09-23T02:07:57.684+0000] {dag.py:3229} INFO - Sync 1 DAGs
[2026-09-23T02:07:57.698+0000] {logging_mixin.py:190} INFO - [2026-09-23T02:07:57.698+0000] {dag.py:4156} INFO - Setting next_dagrun for weather_etl to 2026-09-22 02:30:00+00:00, run_after=2026-09-23 02:30:00+00:00
[2026-09-23T02:07:57.706+0000] {processor.py:208} INFO - Processing /opt/airflow/dags/weather_etl.py took 0.076 seconds
[2026-09-23T02:08:28.082+0000] {processor.py:186} INFO - Started process (PID=13432) to work on /opt/airflow/dags/weather_etl.py
[2026-09-23T02:08:28.085+0000] {processor.py:914} INFO - Processing file /opt/airflow/dags/weather_etl.py for tasks to queue
[2026-09-23T02:08:28.089+0000] {logging_mixin.py:190} INFO - [2026-09-23T02:08:28.088+0000] {dagbag.py:587} INFO - Filling up the DagBag from /opt/airflow/dags/weather_etl.py
[2026-09-23T02:08:28.135+0000] {processor.py:925} INFO - DAG(s) 'weather_etl' retrieved from /opt/airflow/dags/weather_etl.py
[2026-09-23T02:08:28.160+0000] {logging_mixin.py:190} INFO - [2026-09-23T02:08:28.158+0000] {dag.py:3229} INFO - Sync 1 DAGs
[2026-09-23T02:08:28.193+0000] {logging_mixin.py:190} INFO - [2026-09-23T02:08:28.193+0000] {dag.py:4156} INFO - Setting next_dagrun for weather_etl to 2026-09-22 02:30:00+00:00, run_after=2026-09-23 02:30:00+00:00
[2026-09-23T02:08:28.206+0000] {processor.py:208} INFO - Processing /opt/airflow/dags/weather_etl.py took 0.139 seconds
[2026-09-23T02:08:58.441+0000] {processor.py:186} INFO - Started process (PID=13443) to work on /opt/airflow/dags/weather_etl.py
[2026-09-23T02:08:58.446+0000] {processor.py:914} INFO - Processing file /opt/airflow/dags/weather_etl.py for tasks to queue
[2026-09-23T02:08:58.450+0000] {logging_mixin.py:190} INFO - [2026-09-23T02:08:58.449+0000] {dagbag.py:587} INFO - Filling up the DagBag from /opt/airflow/dags/weather_etl.py
[2026-09-23T02:08:58.496+0000] {processor.py:925} INFO - DAG(s) 'weather_etl' retrieved from /opt/airflow/dags/weather_etl.py
[2026-09-23T02:08:58.529+0000] {logging_mixin.py:190} INFO - [2026-09-23T02:08:58.528+0000] {dag.py:3229} INFO - Sync 1 DAGs
[2026-09-23T02:08:58.545+0000] {logging_mixin.py:190} INFO - [2026-09-23T02:08:58.545+0000] {dag.py:4156} INFO - Setting next_dagrun for weather_etl to 2026-09-22 02:30:00+00:00, run_after=2026-09-23 02:30:00+00:00
[2026-09-23T02:08:58.555+0000] {processor.py:208} INFO - Processing /opt/airflow/dags/weather_etl.py took 0.130 seconds
[2026-09-23T02:09:28.809+0000] {processor.py:186} INFO - Started process (PID=13454) to work on /opt/airflow/dags/weather_etl.py
[2026-09-23T02:09:28.811+0000] {processor.py:914} INFO - Processing file /opt/airflow/dags/weather_etl.py for tasks to queue
[2026-09-23T02:09:28.816+0000] {logging_mixin.py:190} INFO - [2026-09-23T02:09:28.816+0000] {dagbag.py:587} INFO - Filling up the DagBag from /opt/airflow/dags/weather_etl.py
[2026-09-23T02:09:28.852+0000] {processor.py:925} INFO - DAG(s) 'weather_etl' retrieved from /opt/airflow/dags/weather_etl.py
[2026-09-23T02:09:28.869+0000] {logging_mixin.py:190} INFO - [2026-09-23T02:09:28.868+0000] {dag.py:3229} INFO - Sync 1 DAGs
[2026-09-23T02:09:28.887+0000] {logging_mixin.py:190} INFO - [2026-09-23T02:09:28.887+0000] {dag.py:4156} INFO - Setting next_dagrun for weather_etl to 2026-09-22 02:30:00+00:00, run_after=2026-09-23 02:30:00+00:00
[2026-09-23T02:09:28.897+0000] {processor.py:208} INFO - Processing /opt/airflow/dags/weather_etl.py took 0.094 seconds
[2026-09-23T02:09:59.212+0000] {processor.py:186} INFO - Started process (PID=13465) to work on /opt/airflow/dags/weather_etl.py
[2026-09-23T02:09:59.213+0000] {processor.py:914} INFO - Processing file /opt/airflow/dags/weather_etl.py for tasks to queue
[2026-09-23T02:09:59.216+0000] {logging_mixin.py:190} INFO - [2026-09-23T02:09:59.215+0000] {dagbag.py:587} INFO - Filling up the DagBag from /opt/airflow/dags/weather_etl.py
[2026-09-23T02:09:59.233+0000] {processor.py:925} INFO - DAG(s) 'weather_etl' retrieved from /opt/airflow/dags/weather_etl.py
[2026-09-23T02:09:59.241+0000] {logging_mixin.py:190} INFO - [2026-09-23T02:09:59.241+0000] {dag.py:3229} INFO - Sync 1 DAGs
[2026-09-23T02:09:59.250+0000] {logging_mixin.py:190} INFO - [2026-09-23T02:09:59.250+0000] {dag.py:4156} INFO - Setting next_dagrun for weather_etl to 2026-09-22 02:30:00+00:00, run_after=2026-09-23 02:30:00+00:00
[2026-09-23T02:09:59.257+0000] {processor.py:208} INFO - Processing /opt/airflow/dags/weather_etl.py took 0.052 seconds
[2026-09-23T02:10:29.596+0000] {processor.py:186} INFO - Started process (PID=13476) to work on /opt/airflow/dags/weather_etl.py
[2026-09-23T02:10:29.599+0000] {processor.py:914} INFO - Processing file /opt/airflow/dags/weather_etl.py for tasks to queue
[2026-09-23T02:10:29.601+0000] {logging_mixin.py:190} INFO - [2026-09-23T02:10:29.601+0000] {dagbag.py:587} INFO - Filling up the DagBag from /opt/airflow/dags/weather_etl.py
[2026-09-23T02:10:29.620+0000] {processor.py:925} INFO - DAG(s) 'weather_etl' retrieved from /opt/airflow/dags/weather_etl.py
[2026-09-23T02:10:29.628+0000] {logging_mixin.py:190} INFO - [2026-09-23T02:10:29.628+0000] {dag.py:3229} INFO - Sync 1 DAGs
[2026-09-23T02:10:29.638+0000] {logging_mixin.py:190} INFO - [2026-09-23T02:10:29.638+0000] {dag.py:4156} INFO - Setting next_dagrun for weather_etl to 2026-09-22 02:30:00+00:00, run_after=2026-09-23 02:30:00+00:00
[2026-09-23T02:10:29.645+0000] {processor.py:208} INFO - Processing /opt/airflow/dags/weather_etl.py took 0.055 seconds
[2026-09-23T02:10:59.956+0000] {processor.py:186} INFO - Started process (PID=13487) to work on /opt/airflow/dags/weather_etl.py
[2026-09-23T02:10:59.957+0000] {processor.py:914} INFO - Processing file /opt/airflow/dags/weather_etl.py for tasks to queue
[2026-09-23T02:10:59.961+0000] {logging_mixin.py:190} INFO - [2026-09-23T02:10:59.961+0000] {dagbag.py:587} INFO - Filling up the DagBag from /opt/airflow/dags/weather_etl.py
[2026-09-23T02:10:59.988+0000] {processor.py:925} INFO - DAG(s) 'weather_etl' retrieved from /opt/airflow/dags/weather_etl.py
[2026-09-23T02:11:00.001+0000] {logging_mixin.py:190} INFO - [2026-09-23T02:11:00.000+0000] {dag.py:3229} INFO - Sync 1 DAGs
[2026-09-23T02:11:00.017+0000] {logging_mixin.py:190} INFO - [2026-09-23T02:11:00.017+0000] {dag.py:4156} INFO - Setting next_dagrun for weather_etl to 2026-09-22 02:30:00+00:00, run_after=2026-09-23 02:30:00+00:00
[2026-09-23T02:11:00.026+0000] {processor.py:208} INFO - Processing /opt/airflow/dags/weather_etl.py took 0.078 seconds
[2026-09-23T02:11:30.288+0000] {processor.py:186} INFO - Started process (PID=13498) to work on /opt/airflow/dags/weather_etl.py
[2026-09-23T02:11:30.290+0000] {processor.py:914} INFO - Processing file /opt/airflow/dags/weather_etl.py for tasks to queue
[2026-09-23T02:11:30.292+0000] {logging_mixin.py:190} INFO - [2026-09-23T02:11:30.291+0000] {dagbag.py:587} INFO - Filling up the DagBag from /opt/airflow/dags/weather_etl.py
[2026-09-23T02:11:30.311+0000] {processor.py:925} INFO - DAG(s) 'weather_etl' retrieved from /opt/airflow/dags/weather_etl.py
[2026-09-23T02:11:30.319+0000] {logging_mixin.py:190} INFO - [2026-09-23T02:11:30.319+0000] {dag.py:3229} INFO - Sync 1 DAGs
[2026-09-23T02:11:30.331+0000] {logging_mixin.py:190} INFO - [2026-09-23T02:11:30.331+0000] {dag.py:4156} INFO - Setting next_dagrun for weather_etl to 2026-09-22 02:30:00+00:00, run_after=2026-09-23 02:30:00+00:00
[2026-09-23T02:11:30.339+0000] {processor.py:208} INFO - Processing /opt/airflow/dags/weather_etl.py took 0.057 seconds
[2026-09-23T02:12:00.708+0000] {processor.py:186} INFO - Started process (PID=13509) to work on /opt/airflow/dags/weather_etl.py
[2026-09-23T02:12:00.710+0000] {processor.py:914} INFO - Processing file /opt/airflow/dags/weather_etl.py for tasks to queue
[2026-09-23T02:12:00.712+0000] {logging_mixin.py:190} INFO - [2026-09-23T02:12:00.712+0000] {dagbag.py:587} INFO - Filling up the DagBag from /opt/airflow/dags/weather_etl.py
[2026-09-23T02:12:00.730+0000] {processor.py:925} INFO - DAG(s) 'weather_etl' retrieved from /opt/airflow/dags/weather_etl.py
[2026-09-23T02:12:00.738+0000] {logging_mixin.py:190} INFO - [2026-09-23T02:12:00.738+0000] {dag.py:3229} INFO - Sync 1 DAGs
[2026-09-23T02:12:00.749+0000] {logging_mixin.py:190} INFO - [2026-09-23T02:12:00.749+0000] {dag.py:4156} INFO - Setting next_dagrun for weather_etl to 2026-09-22 02:30:00+00:00, run_after=2026-09-23 02:30:00+00:00
[2026-09-23T02:12:00.757+0000] {processor.py:208} INFO - Processing /opt/airflow/dags/weather_etl.py took 0.055 seconds
[2026-09-23T02:12:31.632+0000] {processor.py:186} INFO - Started process (PID=13521) to work on /opt/airflow/dags/weather_etl.py
[2026-09-23T02:12:31.635+0000] {processor.py:914} INFO - Processing file /opt/airflow/dags/weather_etl.py for tasks to queue
[2026-09-23T02:12:31.639+0000] {logging_mixin.py:190} INFO - [2026-09-23T02:12:31.638+0000] {dagbag.py:587} INFO - Filling up the DagBag from /opt/airflow/dags/weather_etl.py
[2026-09-23T02:12:31.667+0000] {processor.py:925} INFO - DAG(s) 'weather_etl' retrieved from /opt/airflow/dags/weather_etl.py
[2026-09-23T02:12:31.683+0000] {logging_mixin.py:190} INFO - [2026-09-23T02:12:31.683+0000] {dag.py:3229} INFO - Sync 1 DAGs
[2026-09-23T02:12:31.706+0000] {logging_mixin.py:190} INFO - [2026-09-23T02:12:31.705+0000] {dag.py:4156} INFO - Setting next_dagrun for weather_etl to 2026-09-22 02:30:00+00:00, run_after=2026-09-23 02:30:00+00:00
[2026-09-23T02:12:31.718+0000] {processor.py:208} INFO - Processing /opt/airflow/dags/weather_etl.py took 0.094 seconds
[2026-09-23T02:13:02.024+0000] {processor.py:186} INFO - Started process (PID=13532) to work on /opt/airflow/dags/weather_etl.py
[2026-09-23T02:13:02.030+0000] {processor.py:914} INFO - Processing file /opt/airflow/dags/weather_etl.py for tasks to queue
[2026-09-23T02:13:02.032+0000] {logging_mixin.py:190} INFO - [2026-09-23T02:13:02.032+0000] {dagbag.py:587} INFO - Filling up the DagBag from /opt/airflow/dags/weather_etl.py
[2026-09-23T02:13:02.046+0000] {processor.py:925} INFO - DAG(s) 'weather_etl' retrieved from /opt/airflow/dags/weather_etl.py
[2026-09-23T02:13:02.054+0000] {logging_mixin.py:190} INFO - [2026-09-23T02:13:02.053+0000] {dag.py:3229} INFO - Sync 1 DAGs
[2026-09-23T02:13:02.063+0000] {logging_mixin.py:190} INFO - [2026-09-23T02:13:02.063+0000] {dag.py:4156} INFO - Setting next_dagrun for weather_etl to 2026-09-22 02:30:00+00:00, run_after=2026-09-23 02:30:00+00:00
[2026-09-23T02:13:02.070+0000] {processor.py:208} INFO - Processing /opt/airflow/dags/weather_etl.py took 0.075 seconds
[2026-09-23T02:13:32.423+0000] {processor.py:186} INFO - Started process (PID=13543) to work on /opt/airflow/dags/weather_etl.py
[2026-09-23T02:13:32.426+0000] {processor.py:914} INFO - Processing file /opt/airflow/dags/weather_etl.py for tasks to queue
[2026-09-23T02:13:32.431+0000] {logging_mixin.py:190} INFO - [2026-09-23T02:13:32.430+0000] {dagbag.py:587} INFO - Filling up the DagBag from /opt/airflow/dags/weather_etl.py
[2026-09-23T02:13:32.461+0000] {processor.py:925} INFO - DAG(s) 'weather_etl' retrieved from /opt/airflow/dags/weather_etl.py
[2026-09-23T02:13:32.478+0000] {logging_mixin.py:190} INFO - [2026-09-23T02:13:32.478+0000] {dag.py:3229} INFO - Sync 1 DAGs
[2026-09-23T02:13:32.502+0000] {logging_mixin.py:190} INFO - [2026-09-23T02:13:32.502+0000] {dag.py:4156} INFO - Setting next_dagrun for weather_etl to 2026-09-22 02:30:00+00:00, run_after=2026-09-23 02:30:00+00:00
[2026-09-23T02:13:32.523+0000] {processor.py:208} INFO - Processing /opt/airflow/dags/weather_etl.py took 0.141 seconds
[2026-09-23T02:14:02.760+0000] {processor.py:186} INFO - Started process (PID=13554) to work on /opt/airflow/dags/weather_etl.py
[2026-09-23T02:14:02.762+0000] {processor.py:914} INFO - Processing file /opt/airflow/dags/weather_etl.py for tasks to queue
[2026-09-23T02:14:02.764+0000] {logging_mixin.py:190} INFO - [2026-09-23T02:14:02.763+0000] {dagbag.py:587} INFO - Filling up the DagBag from /opt/airflow/dags/weather_etl.py
[2026-09-23T02:14:02.779+0000] {processor.py:925} INFO - DAG(s) 'weather_etl' retrieved from /opt/airflow/dags/weather_etl.py
[2026-09-23T02:14:02.787+0000] {logging_mixin.py:190} INFO - [2026-09-23T02:14:02.787+0000] {dag.py:3229} INFO - Sync 1 DAGs
[2026-09-23T02:14:02.797+0000] {logging_mixin.py:190} INFO - [2026-09-23T02:14:02.797+0000] {dag.py:4156} INFO - Setting next_dagrun for weather_etl to 2026-09-22 02:30:00+00:00, run_after=2026-09-23 02:30:00+00:00
[2026-09-23T02:14:02.804+0000] {processor.py:208} INFO - Processing /opt/airflow/dags/weather_etl.py took 0.056 seconds
[2026-09-23T02:14:33.113+0000] {processor.py:186} INFO - Started process (PID=13565) to work on /opt/airflow/dags/weather_etl.py
[2026-09-23T02:14:33.116+0000] {processor.py:914} INFO - Processing file /opt/airflow/dags/weather_etl.py for tasks to queue
[2026-09-23T02:14:33.120+0000] {logging_mixin.py:190} INFO - [2026-09-23T02:14:33.120+0000] {dagbag.py:587} INFO - Filling up the DagBag from /opt/airflow/dags/weather_etl.py
[2026-09-23T02:14:33.144+0000] {processor.py:925} INFO - DAG(s) 'weather_etl' retrieved from /opt/airflow/dags/weather_etl.py
[2026-09-23T02:14:33.155+0000] {logging_mixin.py:190} INFO - [2026-09-23T02:14:33.155+0000] {dag.py:3229} INFO - Sync 1 DAGs
[2026-09-23T02:14:33.168+0000] {logging_mixin.py:190} INFO - [2026-09-23T02:14:33.168+0000] {dag.py:4156} INFO - Setting next_dagrun for weather_etl to 2026-09-22 02:30:00+00:00, run_after=2026-09-23 02:30:00+00:00
[2026-09-23T02:14:33.176+0000] {processor.py:208} INFO - Processing /opt/airflow/dags/weather_etl.py took 0.072 seconds
[2026-09-23T02:15:03.526+0000] {processor.py:186} INFO - Started process (PID=13576) to work on /opt/airflow/dags/weather_etl.py
[2026-09-23T02:15:03.528+0000] {processor.py:914} INFO - Processing file /opt/airflow/dags/weather_etl.py for tasks to queue
[2026-09-23T02:15:03.535+0000] {logging_mixin.py:190} INFO - [2026-09-23T02:15:03.534+0000] {dagbag.py:587} INFO - Filling up the DagBag from /opt/airflow/dags/weather_etl.py
[2026-09-23T02:15:03.553+0000] {processor.py:925} INFO - DAG(s) 'weather_etl' retrieved from /opt/airflow/dags/weather_etl.py
[2026-09-23T02:15:03.563+0000] {logging_mixin.py:190} INFO - [2026-09-23T02:15:03.563+0000] {dag.py:3229} INFO - Sync 1 DAGs
[2026-09-23T02:15:03.574+0000] {logging_mixin.py:190} INFO - [2026-09-23T02:15:03.574+0000] {dag.py:4156} INFO - Setting next_dagrun for weather_etl to 2026-09-22 02:30:00+00:00, run_after=2026-09-23 02:30:00+00:00
[2026-09-23T02:15:03.584+0000] {processor.py:208} INFO - Processing /opt/airflow/dags/weather_etl.py took 0.069 seconds
[2026-09-23T02:15:33.906+0000] {processor.py:186} INFO - Started process (PID=13587) to work on /opt/airflow/dags/weather_etl.py
[2026-09-23T02:15:33.908+0000] {processor.py:914} INFO - Processing file /opt/airflow/dags/weather_etl.py for tasks to queue
[2026-09-23T02:15:33.911+0000] {logging_mixin.py:190} INFO - [2026-09-23T02:15:33.911+0000] {dagbag.py:587} INFO - Filling up the DagBag from /opt/airflow/dags/weather_etl.py
[2026-09-23T02:15:33.934+0000] {processor.py:925} INFO - DAG(s) 'weather_etl' retrieved from /opt/airflow/dags/weather_etl.py
[2026-09-23T02:15:33.946+0000] {logging_mixin.py:190} INFO - [2026-09-23T02:15:33.946+0000] {dag.py:3229} INFO - Sync 1 DAGs
[2026-09-23T02:15:33.959+0000] {logging_mixin.py:190} INFO - [2026-09-23T02:15:33.959+0000] {dag.py:4156} INFO - Setting next_dagrun for weather_etl to 2026-09-22 02:30:00+00:00, run_after=2026-09-23 02:30:00+00:00
[2026-09-23T02:15:33.966+0000] {processor.py:208} INFO - Processing /opt/airflow/dags/weather_etl.py took 0.068 seconds
[2026-09-23T02:16:04.295+0000] {processor.py:186} INFO - Started process (PID=13598) to work on /opt/airflow/dags/weather_etl.py
[2026-09-23T02:16:04.298+0000] {processor.py:914} INFO - Processing file /opt/airflow/dags/weather_etl.py for tasks to queue
[2026-09-23T02:16:04.301+0000] {logging_mixin.py:190} INFO - [2026-09-23T02:16:04.300+0000] {dagbag.py:587} INFO - Filling up the DagBag from /opt/airflow/dags/weather_etl.py
[2026-09-23T02:16:04.321+0000] {processor.py:925} INFO - DAG(s) 'weather_etl' retrieved from /opt/airflow/dags/weather_etl.py
[2026-09-23T02:16:04.330+0000] {logging_mixin.py:190} INFO - [2026-09-23T02:16:04.329+0000] {dag.py:3229} INFO - Sync 1 DAGs
[2026-09-23T02:16:04.340+0000] {logging_mixin.py:190} INFO - [2026-09-23T02:16:04.340+0000] {dag.py:4156} INFO - Setting next_dagrun for weather_etl to 2026-09-22 02:30:00+00:00, run_after=2026-09-23 02:30:00+00:00
[2026-09-23T02:16:04.348+0000] {processor.py:208} INFO - Processing /opt/airflow/dags/weather_etl.py took 0.063 seconds
[2026-09-23T02:16:34.805+0000] {processor.py:186} INFO - Started process (PID=13609) to work on /opt/airflow/dags/weather_etl.py
[2026-09-23T02:16:34.814+0000] {processor.py:914} INFO - Processing file /opt/airflow/dags/weather_etl.py for tasks to queue
[2026-09-23T02:16:34.827+0000] {logging_mixin.py:190} INFO - [2026-09-23T02:16:34.826+0000] {dagbag.py:587} INFO - Filling up the DagBag from /opt/airflow/dags/weather_etl.py
[2026-09-23T02:16:34.898+0000] {processor.py:925} INFO - DAG(s) 'weather_etl' retrieved from /opt/airflow/dags/weather_etl.py
[2026-09-23T02:16:34.927+0000] {logging_mixin.py:190} INFO - [2026-09-23T02:16:34.927+0000] {dag.py:3229} INFO - Sync 1 DAGs
[2026-09-23T02:16:34.944+0000] {logging_mixin.py:190} INFO - [2026-09-23T02:16:34.944+0000] {dag.py:4156} INFO - Setting next_dagrun for weather_etl to 2026-09-22 02:30:00+00:00, run_after=2026-09-23 02:30:00+00:00
[2026-09-23T02:16:34.956+0000] {processor.py:208} INFO - Processing /opt/airflow/dags/weather_etl.py took 0.169 seconds
[2026-09-23T02:17:05.224+0000] {processor.py:186} INFO - Started process (PID=13620) to work on /opt/airflow/dags/weather_etl.py
[2026-09-23T02:17:05.230+0000] {processor.py:914} INFO - Processing file /opt/airflow/dags/weather_etl.py for tasks to queue
[2026-09-23T02:17:05.233+0000] {logging_mixin.py:190} INFO - [2026-09-23T02:17:05.232+0000] {dagbag.py:587} INFO - Filling up the DagBag from /opt/airflow/dags/weather_etl.py
[2026-09-23T02:17:05.258+0000] {processor.py:925} INFO - DAG(s) 'weather_etl' retrieved from /opt/airflow/dags/weather_etl.py
[2026-09-23T02:17:05.268+0000] {logging_mixin.py:190} INFO - [2026-09-23T02:17:05.268+0000] {dag.py:3229} INFO - Sync 1 DAGs
[2026-09-23T02:17:05.280+0000] {logging_mixin.py:190} INFO - [2026-09-23T02:17:05.280+0000] {dag.py:4156} INFO - Setting next_dagrun for weather_etl to 2026-09-22 02:30:00+00:00, run_after=2026-09-23 02:30:00+00:00
[2026-09-23T02:17:05.291+0000] {processor.py:208} INFO - Processing /opt/airflow/dags/weather_etl.py took 0.078 seconds
[2026-09-23T02:17:35.700+0000] {processor.py:186} INFO - Started process (PID=13631) to work on /opt/airflow/dags/weather_etl.py
[2026-09-23T02:17:35.702+0000] {processor.py:914} INFO - Processing file /opt/airflow/dags/weather_etl.py for tasks to queue
[2026-09-23T02:17:35.716+0000] {logging_mixin.py:190} INFO - [2026-09-23T02:17:35.714+0000] {dagbag.py:587} INFO - Filling up the DagBag from /opt/airflow/dags/weather_etl.py
[2026-09-23T02:17:35.807+0000] {processor.py:925} INFO - DAG(s) 'weather_etl' retrieved from /opt/airflow/dags/weather_etl.py
[2026-09-23T02:17:35.825+0000] {logging_mixin.py:190} INFO - [2026-09-23T02:17:35.825+0000] {dag.py:3229} INFO - Sync 1 DAGs
[2026-09-23T02:17:35.844+0000] {logging_mixin.py:190} INFO - [2026-09-23T02:17:35.844+0000] {dag.py:4156} INFO - Setting next_dagrun for weather_etl to 2026-09-22 02:30:00+00:00, run_after=2026-09-23 02:30:00+00:00
[2026-09-23T02:17:35.855+0000] {processor.py:208} INFO - Processing /opt/airflow/dags/weather_etl.py took 0.181 seconds
[2026-09-23T02:18:06.064+0000] {processor.py:186} INFO - Started process (PID=13642) to work on /opt/airflow/dags/weather_etl.py
[2026-09-23T02:18:06.067+0000] {processor.py:914} INFO - Processing file /opt/airflow/dags/weather_etl.py for tasks to queue
[2026-09-23T02:18:06.072+0000] {logging_mixin.py:190} INFO - [2026-09-23T02:18:06.072+0000] {dagbag.py:587} INFO - Filling up the DagBag from /opt/airflow/dags/weather_etl.py
[2026-09-23T02:18:06.104+0000] {processor.py:925} INFO - DAG(s) 'weather_etl' retrieved from /opt/airflow/dags/weather_etl.py
[2026-09-23T02:18:06.120+0000] {logging_mixin.py:190} INFO - [2026-09-23T02:18:06.120+0000] {dag.py:3229} INFO - Sync 1 DAGs
[2026-09-23T02:18:06.135+0000] {logging_mixin.py:190} INFO - [2026-09-23T02:18:06.135+0000] {dag.py:4156} INFO - Setting next_dagrun for weather_etl to 2026-09-22 02:30:00+00:00, run_after=2026-09-23 02:30:00+00:00
[2026-09-23T02:18:06.142+0000] {processor.py:208} INFO - Processing /opt/airflow/dags/weather_etl.py took 0.089 seconds
[2026-09-23T02:18:36.409+0000] {processor.py:186} INFO - Started process (PID=13653) to work on /opt/airflow/dags/weather_etl.py
[2026-09-23T02:18:36.412+0000] {processor.py:914} INFO - Processing file /opt/airflow/dags/weather_etl.py for tasks to queue
[2026-09-23T02:18:36.414+0000] {logging_mixin.py:190} INFO - [2026-09-23T02:18:36.413+0000] {dagbag.py:587} INFO - Filling up the DagBag from /opt/airflow/dags/weather_etl.py
[2026-09-23T02:18:36.432+0000] {processor.py:925} INFO - DAG(s) 'weather_etl' retrieved from /opt/airflow/dags/weather_etl.py
[2026-09-23T02:18:36.441+0000] {logging_mixin.py:190} INFO - [2026-09-23T02:18:36.440+0000] {dag.py:3229} INFO - Sync 1 DAGs
[2026-09-23T02:18:36.450+0000] {logging_mixin.py:190} INFO - [2026-09-23T02:18:36.450+0000] {dag.py:4156} INFO - Setting next_dagrun for weather_etl to 2026-09-22 02:30:00+00:00, run_after=2026-09-23 02:30:00+00:00
[2026-09-23T02:18:36.458+0000] {processor.py:208} INFO - Processing /opt/airflow/dags/weather_etl.py took 0.059 seconds
[2026-09-23T02:19:06.848+0000] {processor.py:186} INFO - Started process (PID=13664) to work on /opt/airflow/dags/weather_etl.py
[2026-09-23T02:19:06.851+0000] {processor.py:914} INFO - Processing file /opt/airflow/dags/weather_etl.py for tasks to queue
[2026-09-23T02:19:06.854+0000] {logging_mixin.py:190} INFO - [2026-09-23T02:19:06.854+0000] {dagbag.py:587} INFO - Filling up the DagBag from /opt/airflow/dags/weather_etl.py
[2026-09-23T02:19:06.878+0000] {processor.py:925} INFO - DAG(s) 'weather_etl' retrieved from /opt/airflow/dags/weather_etl.py
[2026-09-23T02:19:06.890+0000] {logging_mixin.py:190} INFO - [2026-09-23T02:19:06.889+0000] {dag.py:3229} INFO - Sync 1 DAGs
[2026-09-23T02:19:06.903+0000] {logging_mixin.py:190} INFO - [2026-09-23T02:19:06.903+0000] {dag.py:4156} INFO - Setting next_dagrun for weather_etl to 2026-09-22 02:30:00+00:00, run_after=2026-09-23 02:30:00+00:00
[2026-09-23T02:19:06.911+0000] {processor.py:208} INFO - Processing /opt/airflow/dags/weather_etl.py took 0.070 seconds
[2026-09-23T02:19:37.234+0000] {processor.py:186} INFO - Started process (PID=13675) to work on /opt/airflow/dags/weather_etl.py
[2026-09-23T02:19:37.237+0000] {processor.py:914} INFO - Processing file /opt/airflow/dags/weather_etl.py for tasks to queue
[2026-09-23T02:19:37.239+0000] {logging_mixin.py:190} INFO - [2026-09-23T02:19:37.239+0000] {dagbag.py:587} INFO - Filling up the DagBag from /opt/airflow/dags/weather_etl.py
[2026-09-23T02:19:37.257+0000] {processor.py:925} INFO - DAG(s) 'weather_etl' retrieved from /opt/airflow/dags/weather_etl.py
[2026-09-23T02:19:37.265+0000] {logging_mixin.py:190} INFO - [2026-09-23T02:19:37.265+0000] {dag.py:3229} INFO - Sync 1 DAGs
[2026-09-23T02:19:37.276+0000] {logging_mixin.py:190} INFO - [2026-09-23T02:19:37.276+0000] {dag.py:4156} INFO - Setting next_dagrun for weather_etl to 2026-09-22 02:30:00+00:00, run_after=2026-09-23 02:30:00+00:00
[2026-09-23T02:19:37.283+0000] {processor.py:208} INFO - Processing /opt/airflow/dags/weather_etl.py took 0.056 seconds
[2026-09-23T02:20:07.692+0000] {processor.py:186} INFO - Started process (PID=13686) to work on /opt/airflow/dags/weather_etl.py
[2026-09-23T02:20:07.695+0000] {processor.py:914} INFO - Processing file /opt/airflow/dags/weather_etl.py for tasks to queue
[2026-09-23T02:20:07.699+0000] {logging_mixin.py:190} INFO - [2026-09-23T02:20:07.699+0000] {dagbag.py:587} INFO - Filling up the DagBag from /opt/airflow/dags/weather_etl.py
[2026-09-23T02:20:07.736+0000] {processor.py:925} INFO - DAG(s) 'weather_etl' retrieved from /opt/airflow/dags/weather_etl.py
[2026-09-23T02:20:07.770+0000] {logging_mixin.py:190} INFO - [2026-09-23T02:20:07.769+0000] {dag.py:3229} INFO - Sync 1 DAGs
[2026-09-23T02:20:07.800+0000] {logging_mixin.py:190} INFO - [2026-09-23T02:20:07.800+0000] {dag.py:4156} INFO - Setting next_dagrun for weather_etl to 2026-09-22 02:30:00+00:00, run_after=2026-09-23 02:30:00+00:00
[2026-09-23T02:20:07.820+0000] {processor.py:208} INFO - Processing /opt/airflow/dags/weather_etl.py took 0.136 seconds
[2026-09-23T02:20:38.121+0000] {processor.py:186} INFO - Started process (PID=13697) to work on /opt/airflow/dags/weather_etl.py
[2026-09-23T02:20:38.123+0000] {processor.py:914} INFO - Processing file /opt/airflow/dags/weather_etl.py for tasks to queue
[2026-09-23T02:20:38.127+0000] {logging_mixin.py:190} INFO - [2026-09-23T02:20:38.127+0000] {dagbag.py:587} INFO - Filling up the DagBag from /opt/airflow/dags/weather_etl.py
[2026-09-23T02:20:38.170+0000] {processor.py:925} INFO - DAG(s) 'weather_etl' retrieved from /opt/airflow/dags/weather_etl.py
[2026-09-23T02:20:38.188+0000] {logging_mixin.py:190} INFO - [2026-09-23T02:20:38.187+0000] {dag.py:3229} INFO - Sync 1 DAGs
[2026-09-23T02:20:38.208+0000] {logging_mixin.py:190} INFO - [2026-09-23T02:20:38.207+0000] {dag.py:4156} INFO - Setting next_dagrun for weather_etl to 2026-09-22 02:30:00+00:00, run_after=2026-09-23 02:30:00+00:00
[2026-09-23T02:20:38.217+0000] {processor.py:208} INFO - Processing /opt/airflow/dags/weather_etl.py took 0.105 seconds
[2026-09-23T02:21:08.519+0000] {processor.py:186} INFO - Started process (PID=13708) to work on /opt/airflow/dags/weather_etl.py
[2026-09-23T02:21:08.522+0000] {processor.py:914} INFO - Processing file /opt/airflow/dags/weather_etl.py for tasks to queue
[2026-09-23T02:21:08.526+0000] {logging_mixin.py:190} INFO - [2026-09-23T02:21:08.526+0000] {dagbag.py:587} INFO - Filling up the DagBag from /opt/airflow/dags/weather_etl.py
[2026-09-23T02:21:08.551+0000] {processor.py:925} INFO - DAG(s) 'weather_etl' retrieved from /opt/airflow/dags/weather_etl.py
[2026-09-23T02:21:08.564+0000] {logging_mixin.py:190} INFO - [2026-09-23T02:21:08.563+0000] {dag.py:3229} INFO - Sync 1 DAGs
[2026-09-23T02:21:08.577+0000] {logging_mixin.py:190} INFO - [2026-09-23T02:21:08.577+0000] {dag.py:4156} INFO - Setting next_dagrun for weather_etl to 2026-09-22 02:30:00+00:00, run_after=2026-09-23 02:30:00+00:00
[2026-09-23T02:21:08.585+0000] {processor.py:208} INFO - Processing /opt/airflow/dags/weather_etl.py took 0.075 seconds
[2026-09-23T02:21:38.881+0000] {processor.py:186} INFO - Started process (PID=13719) to work on /opt/airflow/dags/weather_etl.py
[2026-09-23T02:21:38.883+0000] {processor.py:914} INFO - Processing file /opt/airflow/dags/weather_etl.py for tasks to queue
[2026-09-23T02:21:38.885+0000] {logging_mixin.py:190} INFO - [2026-09-23T02:21:38.885+0000] {dagbag.py:587} INFO - Filling up the DagBag from /opt/airflow/dags/weather_etl.py
[2026-09-23T02:21:38.944+0000] {processor.py:925} INFO - DAG(s) 'weather_etl' retrieved from /opt/airflow/dags/weather_etl.py
[2026-09-23T02:21:38.961+0000] {logging_mixin.py:190} INFO - [2026-09-23T02:21:38.960+0000] {dag.py:3229} INFO - Sync 1 DAGs
[2026-09-23T02:21:38.977+0000] {logging_mixin.py:190} INFO - [2026-09-23T02:21:38.977+0000] {dag.py:4156} INFO - Setting next_dagrun for weather_etl to 2026-09-22 02:30:00+00:00, run_after=2026-09-23 02:30:00+00:00
[2026-09-23T02:21:38.985+0000] {processor.py:208} INFO - Processing /opt/airflow/dags/weather_etl.py took 0.110 seconds
[2026-09-23T02:22:09.280+0000] {processor.py:186} INFO - Started process (PID=13730) to work on /opt/airflow/dags/weather_etl.py
[2026-09-23T02:22:09.282+0000] {processor.py:914} INFO - Processing file /opt/airflow/dags/weather_etl.py for tasks to queue
[2026-09-23T02:22:09.293+0000] {logging_mixin.py:190} INFO - [2026-09-23T02:22:09.292+0000] {dagbag.py:587} INFO - Filling up the DagBag from /opt/airflow/dags/weather_etl.py
[2026-09-23T02:22:09.333+0000] {processor.py:925} INFO - DAG(s) 'weather_etl' retrieved from /opt/airflow/dags/weather_etl.py
[2026-09-23T02:22:09.351+0000] {logging_mixin.py:190} INFO - [2026-09-23T02:22:09.351+0000] {dag.py:3229} INFO - Sync 1 DAGs
[2026-09-23T02:22:09.369+0000] {logging_mixin.py:190} INFO - [2026-09-23T02:22:09.368+0000] {dag.py:4156} INFO - Setting next_dagrun for weather_etl to 2026-09-22 02:30:00+00:00, run_after=2026-09-23 02:30:00+00:00
[2026-09-23T02:22:09.377+0000] {processor.py:208} INFO - Processing /opt/airflow/dags/weather_etl.py took 0.111 seconds
[2026-09-23T02:22:39.671+0000] {processor.py:186} INFO - Started process (PID=13741) to work on /opt/airflow/dags/weather_etl.py
[2026-09-23T02:22:39.673+0000] {processor.py:914} INFO - Processing file /opt/airflow/dags/weather_etl.py for tasks to queue
[2026-09-23T02:22:39.675+0000] {logging_mixin.py:190} INFO - [2026-09-23T02:22:39.675+0000] {dagbag.py:587} INFO - Filling up the DagBag from /opt/airflow/dags/weather_etl.py
[2026-09-23T02:22:39.695+0000] {processor.py:925} INFO - DAG(s) 'weather_etl' retrieved from /opt/airflow/dags/weather_etl.py
[2026-09-23T02:22:39.706+0000] {logging_mixin.py:190} INFO - [2026-09-23T02:22:39.705+0000] {dag.py:3229} INFO - Sync 1 DAGs
[2026-09-23T02:22:39.722+0000] {logging_mixin.py:190} INFO - [2026-09-23T02:22:39.722+0000] {dag.py:4156} INFO - Setting next_dagrun for weather_etl to 2026-09-22 02:30:00+00:00, run_after=2026-09-23 02:30:00+00:00
[2026-09-23T02:22:39.731+0000] {processor.py:208} INFO - Processing /opt/airflow/dags/weather_etl.py took 0.065 seconds
[2026-09-23T02:23:10.038+0000] {processor.py:186} INFO - Started process (PID=13752) to work on /opt/airflow/dags/weather_etl.py
[2026-09-23T02:23:10.039+0000] {processor.py:914} INFO - Processing file /opt/airflow/dags/weather_etl.py for tasks to queue
[2026-09-23T02:23:10.042+0000] {logging_mixin.py:190} INFO - [2026-09-23T02:23:10.041+0000] {dagbag.py:587} INFO - Filling up the DagBag from /opt/airflow/dags/weather_etl.py
[2026-09-23T02:23:10.062+0000] {processor.py:925} INFO - DAG(s) 'weather_etl' retrieved from /opt/airflow/dags/weather_etl.py
[2026-09-23T02:23:10.072+0000] {logging_mixin.py:190} INFO - [2026-09-23T02:23:10.072+0000] {dag.py:3229} INFO - Sync 1 DAGs
[2026-09-23T02:23:10.086+0000] {logging_mixin.py:190} INFO - [2026-09-23T02:23:10.085+0000] {dag.py:4156} INFO - Setting next_dagrun for weather_etl to 2026-09-22 02:30:00+00:00, run_after=2026-09-23 02:30:00+00:00
[2026-09-23T02:23:10.094+0000] {processor.py:208} INFO - Processing /opt/airflow/dags/weather_etl.py took 0.064 seconds
[2026-09-23T02:23:40.408+0000] {processor.py:186} INFO - Started process (PID=13763) to work on /opt/airflow/dags/weather_etl.py
[2026-09-23T02:23:40.412+0000] {processor.py:914} INFO - Processing file /opt/airflow/dags/weather_etl.py for tasks to queue
[2026-09-23T02:23:40.416+0000] {logging_mixin.py:190} INFO - [2026-09-23T02:23:40.416+0000] {dagbag.py:587} INFO - Filling up the DagBag from /opt/airflow/dags/weather_etl.py
[2026-09-23T02:23:40.459+0000] {processor.py:925} INFO - DAG(s) 'weather_etl' retrieved from /opt/airflow/dags/weather_etl.py
[2026-09-23T02:23:40.471+0000] {logging_mixin.py:190} INFO - [2026-09-23T02:23:40.471+0000] {dag.py:3229} INFO - Sync 1 DAGs
[2026-09-23T02:23:40.486+0000] {logging_mixin.py:190} INFO - [2026-09-23T02:23:40.486+0000] {dag.py:4156} INFO - Setting next_dagrun for weather_etl to 2026-09-22 02:30:00+00:00, run_after=2026-09-23 02:30:00+00:00
[2026-09-23T02:23:40.493+0000] {processor.py:208} INFO - Processing /opt/airflow/dags/weather_etl.py took 0.094 seconds
[2026-09-23T02:24:10.748+0000] {processor.py:186} INFO - Started process (PID=13774) to work on /opt/airflow/dags/weather_etl.py
[2026-09-23T02:24:10.751+0000] {processor.py:914} INFO - Processing file /opt/airflow/dags/weather_etl.py for tasks to queue
[2026-09-23T02:24:10.755+0000] {logging_mixin.py:190} INFO - [2026-09-23T02:24:10.755+0000] {dagbag.py:587} INFO - Filling up the DagBag from /opt/airflow/dags/weather_etl.py
[2026-09-23T02:24:10.781+0000] {processor.py:925} INFO - DAG(s) 'weather_etl' retrieved from /opt/airflow/dags/weather_etl.py
[2026-09-23T02:24:10.793+0000] {logging_mixin.py:190} INFO - [2026-09-23T02:24:10.793+0000] {dag.py:3229} INFO - Sync 1 DAGs
[2026-09-23T02:24:10.807+0000] {logging_mixin.py:190} INFO - [2026-09-23T02:24:10.806+0000] {dag.py:4156} INFO - Setting next_dagrun for weather_etl to 2026-09-22 02:30:00+00:00, run_after=2026-09-23 02:30:00+00:00
[2026-09-23T02:24:10.814+0000] {processor.py:208} INFO - Processing /opt/airflow/dags/weather_etl.py took 0.077 seconds
[2026-09-23T02:24:41.148+0000] {processor.py:186} INFO - Started process (PID=13785) to work on /opt/airflow/dags/weather_etl.py
[2026-09-23T02:24:41.150+0000] {processor.py:914} INFO - Processing file /opt/airflow/dags/weather_etl.py for tasks to queue
[2026-09-23T02:24:41.153+0000] {logging_mixin.py:190} INFO - [2026-09-23T02:24:41.152+0000] {dagbag.py:587} INFO - Filling up the DagBag from /opt/airflow/dags/weather_etl.py
[2026-09-23T02:24:41.170+0000] {processor.py:925} INFO - DAG(s) 'weather_etl' retrieved from /opt/airflow/dags/weather_etl.py
[2026-09-23T02:24:41.179+0000] {logging_mixin.py:190} INFO - [2026-09-23T02:24:41.178+0000] {dag.py:3229} INFO - Sync 1 DAGs
[2026-09-23T02:24:41.189+0000] {logging_mixin.py:190} INFO - [2026-09-23T02:24:41.189+0000] {dag.py:4156} INFO - Setting next_dagrun for weather_etl to 2026-09-22 02:30:00+00:00, run_after=2026-09-23 02:30:00+00:00
[2026-09-23T02:24:41.195+0000] {processor.py:208} INFO - Processing /opt/airflow/dags/weather_etl.py took 0.054 seconds
[2026-09-23T02:25:11.540+0000] {processor.py:186} INFO - Started process (PID=13796) to work on /opt/airflow/dags/weather_etl.py
[2026-09-23T02:25:11.542+0000] {processor.py:914} INFO - Processing file /opt/airflow/dags/weather_etl.py for tasks to queue
[2026-09-23T02:25:11.545+0000] {logging_mixin.py:190} INFO - [2026-09-23T02:25:11.545+0000] {dagbag.py:587} INFO - Filling up the DagBag from /opt/airflow/dags/weather_etl.py
[2026-09-23T02:25:11.566+0000] {processor.py:925} INFO - DAG(s) 'weather_etl' retrieved from /opt/airflow/dags/weather_etl.py
[2026-09-23T02:25:11.575+0000] {logging_mixin.py:190} INFO - [2026-09-23T02:25:11.575+0000] {dag.py:3229} INFO - Sync 1 DAGs
[2026-09-23T02:25:11.587+0000] {logging_mixin.py:190} INFO - [2026-09-23T02:25:11.587+0000] {dag.py:4156} INFO - Setting next_dagrun for weather_etl to 2026-09-22 02:30:00+00:00, run_after=2026-09-23 02:30:00+00:00
[2026-09-23T02:25:11.593+0000] {processor.py:208} INFO - Processing /opt/airflow/dags/weather_etl.py took 0.060 seconds
[2026-09-23T02:25:41.929+0000] {processor.py:186} INFO - Started process (PID=13807) to work on /opt/airflow/dags/weather_etl.py
[2026-09-23T02:25:41.930+0000] {processor.py:914} INFO - Processing file /opt/airflow/dags/weather_etl.py for tasks to queue
[2026-09-23T02:25:41.934+0000] {logging_mixin.py:190} INFO - [2026-09-23T02:25:41.933+0000] {dagbag.py:587} INFO - Filling up the DagBag from /opt/airflow/dags/weather_etl.py
[2026-09-23T02:25:41.959+0000] {processor.py:925} INFO - DAG(s) 'weather_etl' retrieved from /opt/airflow/dags/weather_etl.py
[2026-09-23T02:25:41.972+0000] {logging_mixin.py:190} INFO - [2026-09-23T02:25:41.971+0000] {dag.py:3229} INFO - Sync 1 DAGs
[2026-09-23T02:25:41.984+0000] {logging_mixin.py:190} INFO - [2026-09-23T02:25:41.984+0000] {dag.py:4156} INFO - Setting next_dagrun for weather_etl to 2026-09-22 02:30:00+00:00, run_after=2026-09-23 02:30:00+00:00
[2026-09-23T02:25:41.992+0000] {processor.py:208} INFO - Processing /opt/airflow/dags/weather_etl.py took 0.070 seconds
[2026-09-23T02:26:12.308+0000] {processor.py:186} INFO - Started process (PID=13818) to work on /opt/airflow/dags/weather_etl.py
[2026-09-23T02:26:12.311+0000] {processor.py:914} INFO - Processing file /opt/airflow/dags/weather_etl.py for tasks to queue
[2026-09-23T02:26:12.313+0000] {logging_mixin.py:190} INFO - [2026-09-23T02:26:12.313+0000] {dagbag.py:587} INFO - Filling up the DagBag from /opt/airflow/dags/weather_etl.py
[2026-09-23T02:26:12.332+0000] {processor.py:925} INFO - DAG(s) 'weather_etl' retrieved from /opt/airflow/dags/weather_etl.py
[2026-09-23T02:26:12.340+0000] {logging_mixin.py:190} INFO - [2026-09-23T02:26:12.340+0000] {dag.py:3229} INFO - Sync 1 DAGs
[2026-09-23T02:26:12.351+0000] {logging_mixin.py:190} INFO - [2026-09-23T02:26:12.351+0000] {dag.py:4156} INFO - Setting next_dagrun for weather_etl to 2026-09-22 02:30:00+00:00, run_after=2026-09-23 02:30:00+00:00
[2026-09-23T02:26:12.357+0000] {processor.py:208} INFO - Processing /opt/airflow/dags/weather_etl.py took 0.054 seconds
[2026-09-23T02:26:42.690+0000] {processor.py:186} INFO - Started process (PID=13829) to work on /opt/airflow/dags/weather_etl.py
[2026-09-23T02:26:42.693+0000] {processor.py:914} INFO - Processing file /opt/airflow/dags/weather_etl.py for tasks to queue
[2026-09-23T02:26:42.695+0000] {logging_mixin.py:190} INFO - [2026-09-23T02:26:42.695+0000] {dagbag.py:587} INFO - Filling up the DagBag from /opt/airflow/dags/weather_etl.py
[2026-09-23T02:26:42.716+0000] {processor.py:925} INFO - DAG(s) 'weather_etl' retrieved from /opt/airflow/dags/weather_etl.py
[2026-09-23T02:26:42.725+0000] {logging_mixin.py:190} INFO - [2026-09-23T02:26:42.724+0000] {dag.py:3229} INFO - Sync 1 DAGs
[2026-09-23T02:26:42.736+0000] {logging_mixin.py:190} INFO - [2026-09-23T02:26:42.736+0000] {dag.py:4156} INFO - Setting next_dagrun for weather_etl to 2026-09-22 02:30:00+00:00, run_after=2026-09-23 02:30:00+00:00
[2026-09-23T02:26:42.743+0000] {processor.py:208} INFO - Processing /opt/airflow/dags/weather_etl.py took 0.061 seconds
[2026-09-23T02:27:13.100+0000] {processor.py:186} INFO - Started process (PID=13840) to work on /opt/airflow/dags/weather_etl.py
[2026-09-23T02:27:13.102+0000] {processor.py:914} INFO - Processing file /opt/airflow/dags/weather_etl.py for tasks to queue
[2026-09-23T02:27:13.105+0000] {logging_mixin.py:190} INFO - [2026-09-23T02:27:13.105+0000] {dagbag.py:587} INFO - Filling up the DagBag from /opt/airflow/dags/weather_etl.py
[2026-09-23T02:27:13.127+0000] {processor.py:925} INFO - DAG(s) 'weather_etl' retrieved from /opt/airflow/dags/weather_etl.py
[2026-09-23T02:27:13.139+0000] {logging_mixin.py:190} INFO - [2026-09-23T02:27:13.138+0000] {dag.py:3229} INFO - Sync 1 DAGs
[2026-09-23T02:27:13.152+0000] {logging_mixin.py:190} INFO - [2026-09-23T02:27:13.152+0000] {dag.py:4156} INFO - Setting next_dagrun for weather_etl to 2026-09-22 02:30:00+00:00, run_after=2026-09-23 02:30:00+00:00
[2026-09-23T02:27:13.159+0000] {processor.py:208} INFO - Processing /opt/airflow/dags/weather_etl.py took 0.066 seconds
[2026-09-23T02:27:43.448+0000] {processor.py:186} INFO - Started process (PID=13851) to work on /opt/airflow/dags/weather_etl.py
[2026-09-23T02:27:43.450+0000] {processor.py:914} INFO - Processing file /opt/airflow/dags/weather_etl.py for tasks to queue
[2026-09-23T02:27:43.453+0000] {logging_mixin.py:190} INFO - [2026-09-23T02:27:43.452+0000] {dagbag.py:587} INFO - Filling up the DagBag from /opt/airflow/dags/weather_etl.py
[2026-09-23T02:27:43.473+0000] {processor.py:925} INFO - DAG(s) 'weather_etl' retrieved from /opt/airflow/dags/weather_etl.py
[2026-09-23T02:27:43.482+0000] {logging_mixin.py:190} INFO - [2026-09-23T02:27:43.482+0000] {dag.py:3229} INFO - Sync 1 DAGs
[2026-09-23T02:27:43.496+0000] {logging_mixin.py:190} INFO - [2026-09-23T02:27:43.496+0000] {dag.py:4156} INFO - Setting next_dagrun for weather_etl to 2026-09-22 02:30:00+00:00, run_after=2026-09-23 02:30:00+00:00
[2026-09-23T02:27:43.503+0000] {processor.py:208} INFO - Processing /opt/airflow/dags/weather_etl.py took 0.063 seconds
[2026-09-23T02:28:13.794+0000] {processor.py:186} INFO - Started process (PID=13862) to work on /opt/airflow/dags/weather_etl.py
[2026-09-23T02:28:13.795+0000] {processor.py:914} INFO - Processing file /opt/airflow/dags/weather_etl.py for tasks to queue
[2026-09-23T02:28:13.799+0000] {logging_mixin.py:190} INFO - [2026-09-23T02:28:13.799+0000] {dagbag.py:587} INFO - Filling up the DagBag from /opt/airflow/dags/weather_etl.py
[2026-09-23T02:28:13.833+0000] {processor.py:925} INFO - DAG(s) 'weather_etl' retrieved from /opt/airflow/dags/weather_etl.py
[2026-09-23T02:28:13.848+0000] {logging_mixin.py:190} INFO - [2026-09-23T02:28:13.848+0000] {dag.py:3229} INFO - Sync 1 DAGs
[2026-09-23T02:28:13.864+0000] {logging_mixin.py:190} INFO - [2026-09-23T02:28:13.863+0000] {dag.py:4156} INFO - Setting next_dagrun for weather_etl to 2026-09-22 02:30:00+00:00, run_after=2026-09-23 02:30:00+00:00
[2026-09-23T02:28:13.872+0000] {processor.py:208} INFO - Processing /opt/airflow/dags/weather_etl.py took 0.086 seconds
[2026-09-23T02:28:44.209+0000] {processor.py:186} INFO - Started process (PID=13873) to work on /opt/airflow/dags/weather_etl.py
[2026-09-23T02:28:44.211+0000] {processor.py:914} INFO - Processing file /opt/airflow/dags/weather_etl.py for tasks to queue
[2026-09-23T02:28:44.215+0000] {logging_mixin.py:190} INFO - [2026-09-23T02:28:44.214+0000] {dagbag.py:587} INFO - Filling up the DagBag from /opt/airflow/dags/weather_etl.py
[2026-09-23T02:28:44.243+0000] {processor.py:925} INFO - DAG(s) 'weather_etl' retrieved from /opt/airflow/dags/weather_etl.py
[2026-09-23T02:28:44.257+0000] {logging_mixin.py:190} INFO - [2026-09-23T02:28:44.257+0000] {dag.py:3229} INFO - Sync 1 DAGs
[2026-09-23T02:28:44.274+0000] {logging_mixin.py:190} INFO - [2026-09-23T02:28:44.274+0000] {dag.py:4156} INFO - Setting next_dagrun for weather_etl to 2026-09-22 02:30:00+00:00, run_after=2026-09-23 02:30:00+00:00
[2026-09-23T02:28:44.285+0000] {processor.py:208} INFO - Processing /opt/airflow/dags/weather_etl.py took 0.083 seconds
[2026-09-23T02:29:14.577+0000] {processor.py:186} INFO - Started process (PID=13884) to work on /opt/airflow/dags/weather_etl.py
[2026-09-23T02:29:14.583+0000] {processor.py:914} INFO - Processing file /opt/airflow/dags/weather_etl.py for tasks to queue
[2026-09-23T02:29:14.590+0000] {logging_mixin.py:190} INFO - [2026-09-23T02:29:14.590+0000] {dagbag.py:587} INFO - Filling up the DagBag from /opt/airflow/dags/weather_etl.py
[2026-09-23T02:29:14.626+0000] {processor.py:925} INFO - DAG(s) 'weather_etl' retrieved from /opt/airflow/dags/weather_etl.py
[2026-09-23T02:29:14.644+0000] {logging_mixin.py:190} INFO - [2026-09-23T02:29:14.643+0000] {dag.py:3229} INFO - Sync 1 DAGs
[2026-09-23T02:29:14.664+0000] {logging_mixin.py:190} INFO - [2026-09-23T02:29:14.664+0000] {dag.py:4156} INFO - Setting next_dagrun for weather_etl to 2026-09-22 02:30:00+00:00, run_after=2026-09-23 02:30:00+00:00
[2026-09-23T02:29:14.673+0000] {processor.py:208} INFO - Processing /opt/airflow/dags/weather_etl.py took 0.116 seconds
[2026-09-23T02:29:44.939+0000] {processor.py:186} INFO - Started process (PID=13895) to work on /opt/airflow/dags/weather_etl.py
[2026-09-23T02:29:44.940+0000] {processor.py:914} INFO - Processing file /opt/airflow/dags/weather_etl.py for tasks to queue
[2026-09-23T02:29:44.943+0000] {logging_mixin.py:190} INFO - [2026-09-23T02:29:44.942+0000] {dagbag.py:587} INFO - Filling up the DagBag from /opt/airflow/dags/weather_etl.py
[2026-09-23T02:29:44.966+0000] {processor.py:925} INFO - DAG(s) 'weather_etl' retrieved from /opt/airflow/dags/weather_etl.py
[2026-09-23T02:29:44.977+0000] {logging_mixin.py:190} INFO - [2026-09-23T02:29:44.977+0000] {dag.py:3229} INFO - Sync 1 DAGs
[2026-09-23T02:29:44.990+0000] {logging_mixin.py:190} INFO - [2026-09-23T02:29:44.990+0000] {dag.py:4156} INFO - Setting next_dagrun for weather_etl to 2026-09-22 02:30:00+00:00, run_after=2026-09-23 02:30:00+00:00
[2026-09-23T02:29:44.997+0000] {processor.py:208} INFO - Processing /opt/airflow/dags/weather_etl.py took 0.065 seconds
[2026-09-23T02:30:15.318+0000] {processor.py:186} INFO - Started process (PID=13921) to work on /opt/airflow/dags/weather_etl.py
[2026-09-23T02:30:15.320+0000] {processor.py:914} INFO - Processing file /opt/airflow/dags/weather_etl.py for tasks to queue
[2026-09-23T02:30:15.323+0000] {logging_mixin.py:190} INFO - [2026-09-23T02:30:15.322+0000] {dagbag.py:587} INFO - Filling up the DagBag from /opt/airflow/dags/weather_etl.py
[2026-09-23T02:30:15.341+0000] {processor.py:925} INFO - DAG(s) 'weather_etl' retrieved from /opt/airflow/dags/weather_etl.py
[2026-09-23T02:30:15.353+0000] {logging_mixin.py:190} INFO - [2026-09-23T02:30:15.353+0000] {dag.py:3229} INFO - Sync 1 DAGs
[2026-09-23T02:30:15.366+0000] {logging_mixin.py:190} INFO - [2026-09-23T02:30:15.365+0000] {dag.py:4156} INFO - Setting next_dagrun for weather_etl to 2026-09-23 02:30:00+00:00, run_after=2026-09-24 02:30:00+00:00
[2026-09-23T02:30:15.372+0000] {processor.py:208} INFO - Processing /opt/airflow/dags/weather_etl.py took 0.069 seconds
[2026-09-23T02:30:45.687+0000] {processor.py:186} INFO - Started process (PID=13932) to work on /opt/airflow/dags/weather_etl.py
[2026-09-23T02:30:45.689+0000] {processor.py:914} INFO - Processing file /opt/airflow/dags/weather_etl.py for tasks to queue
[2026-09-23T02:30:45.692+0000] {logging_mixin.py:190} INFO - [2026-09-23T02:30:45.692+0000] {dagbag.py:587} INFO - Filling up the DagBag from /opt/airflow/dags/weather_etl.py
[2026-09-23T02:30:45.713+0000] {processor.py:925} INFO - DAG(s) 'weather_etl' retrieved from /opt/airflow/dags/weather_etl.py
[2026-09-23T02:30:45.723+0000] {logging_mixin.py:190} INFO - [2026-09-23T02:30:45.723+0000] {dag.py:3229} INFO - Sync 1 DAGs
[2026-09-23T02:30:45.735+0000] {logging_mixin.py:190} INFO - [2026-09-23T02:30:45.735+0000] {dag.py:4156} INFO - Setting next_dagrun for weather_etl to 2026-09-23 02:30:00+00:00, run_after=2026-09-24 02:30:00+00:00
[2026-09-23T02:30:45.741+0000] {processor.py:208} INFO - Processing /opt/airflow/dags/weather_etl.py took 0.062 seconds
[2026-09-23T02:31:16.082+0000] {processor.py:186} INFO - Started process (PID=13943) to work on /opt/airflow/dags/weather_etl.py
[2026-09-23T02:31:16.085+0000] {processor.py:914} INFO - Processing file /opt/airflow/dags/weather_etl.py for tasks to queue
[2026-09-23T02:31:16.089+0000] {logging_mixin.py:190} INFO - [2026-09-23T02:31:16.088+0000] {dagbag.py:587} INFO - Filling up the DagBag from /opt/airflow/dags/weather_etl.py
[2026-09-23T02:31:16.113+0000] {processor.py:925} INFO - DAG(s) 'weather_etl' retrieved from /opt/airflow/dags/weather_etl.py
[2026-09-23T02:31:16.125+0000] {logging_mixin.py:190} INFO - [2026-09-23T02:31:16.124+0000] {dag.py:3229} INFO - Sync 1 DAGs
[2026-09-23T02:31:16.138+0000] {logging_mixin.py:190} INFO - [2026-09-23T02:31:16.138+0000] {dag.py:4156} INFO - Setting next_dagrun for weather_etl to 2026-09-23 02:30:00+00:00, run_after=2026-09-24 02:30:00+00:00
[2026-09-23T02:31:16.145+0000] {processor.py:208} INFO - Processing /opt/airflow/dags/weather_etl.py took 0.070 seconds
[2026-09-23T02:31:46.517+0000] {processor.py:186} INFO - Started process (PID=13954) to work on /opt/airflow/dags/weather_etl.py
[2026-09-23T02:31:46.519+0000] {processor.py:914} INFO - Processing file /opt/airflow/dags/weather_etl.py for tasks to queue
[2026-09-23T02:31:46.522+0000] {logging_mixin.py:190} INFO - [2026-09-23T02:31:46.522+0000] {dagbag.py:587} INFO - Filling up the DagBag from /opt/airflow/dags/weather_etl.py
[2026-09-23T02:31:46.552+0000] {processor.py:925} INFO - DAG(s) 'weather_etl' retrieved from /opt/airflow/dags/weather_etl.py
[2026-09-23T02:31:46.564+0000] {logging_mixin.py:190} INFO - [2026-09-23T02:31:46.563+0000] {dag.py:3229} INFO - Sync 1 DAGs
[2026-09-23T02:31:46.581+0000] {logging_mixin.py:190} INFO - [2026-09-23T02:31:46.581+0000] {dag.py:4156} INFO - Setting next_dagrun for weather_etl to 2026-09-23 02:30:00+00:00, run_after=2026-09-24 02:30:00+00:00
[2026-09-23T02:31:46.590+0000] {processor.py:208} INFO - Processing /opt/airflow/dags/weather_etl.py took 0.081 seconds
[2026-09-23T02:32:16.896+0000] {processor.py:186} INFO - Started process (PID=13965) to work on /opt/airflow/dags/weather_etl.py
[2026-09-23T02:32:16.898+0000] {processor.py:914} INFO - Processing file /opt/airflow/dags/weather_etl.py for tasks to queue
[2026-09-23T02:32:16.901+0000] {logging_mixin.py:190} INFO - [2026-09-23T02:32:16.901+0000] {dagbag.py:587} INFO - Filling up the DagBag from /opt/airflow/dags/weather_etl.py
[2026-09-23T02:32:16.924+0000] {processor.py:925} INFO - DAG(s) 'weather_etl' retrieved from /opt/airflow/dags/weather_etl.py
[2026-09-23T02:32:16.936+0000] {logging_mixin.py:190} INFO - [2026-09-23T02:32:16.936+0000] {dag.py:3229} INFO - Sync 1 DAGs
[2026-09-23T02:32:16.949+0000] {logging_mixin.py:190} INFO - [2026-09-23T02:32:16.949+0000] {dag.py:4156} INFO - Setting next_dagrun for weather_etl to 2026-09-23 02:30:00+00:00, run_after=2026-09-24 02:30:00+00:00
[2026-09-23T02:32:16.957+0000] {processor.py:208} INFO - Processing /opt/airflow/dags/weather_etl.py took 0.068 seconds
[2026-09-23T02:32:47.289+0000] {processor.py:186} INFO - Started process (PID=13976) to work on /opt/airflow/dags/weather_etl.py
[2026-09-23T02:32:47.292+0000] {processor.py:914} INFO - Processing file /opt/airflow/dags/weather_etl.py for tasks to queue
[2026-09-23T02:32:47.294+0000] {logging_mixin.py:190} INFO - [2026-09-23T02:32:47.294+0000] {dagbag.py:587} INFO - Filling up the DagBag from /opt/airflow/dags/weather_etl.py
[2026-09-23T02:32:47.313+0000] {processor.py:925} INFO - DAG(s) 'weather_etl' retrieved from /opt/airflow/dags/weather_etl.py
[2026-09-23T02:32:47.321+0000] {logging_mixin.py:190} INFO - [2026-09-23T02:32:47.321+0000] {dag.py:3229} INFO - Sync 1 DAGs
[2026-09-23T02:32:47.332+0000] {logging_mixin.py:190} INFO - [2026-09-23T02:32:47.332+0000] {dag.py:4156} INFO - Setting next_dagrun for weather_etl to 2026-09-23 02:30:00+00:00, run_after=2026-09-24 02:30:00+00:00
[2026-09-23T02:32:47.339+0000] {processor.py:208} INFO - Processing /opt/airflow/dags/weather_etl.py took 0.056 seconds
[2026-09-23T02:33:17.814+0000] {processor.py:186} INFO - Started process (PID=13987) to work on /opt/airflow/dags/weather_etl.py
[2026-09-23T02:33:17.823+0000] {processor.py:914} INFO - Processing file /opt/airflow/dags/weather_etl.py for tasks to queue
[2026-09-23T02:33:17.826+0000] {logging_mixin.py:190} INFO - [2026-09-23T02:33:17.826+0000] {dagbag.py:587} INFO - Filling up the DagBag from /opt/airflow/dags/weather_etl.py
[2026-09-23T02:33:17.863+0000] {processor.py:925} INFO - DAG(s) 'weather_etl' retrieved from /opt/airflow/dags/weather_etl.py
[2026-09-23T02:33:17.878+0000] {logging_mixin.py:190} INFO - [2026-09-23T02:33:17.877+0000] {dag.py:3229} INFO - Sync 1 DAGs
[2026-09-23T02:33:17.893+0000] {logging_mixin.py:190} INFO - [2026-09-23T02:33:17.893+0000] {dag.py:4156} INFO - Setting next_dagrun for weather_etl to 2026-09-23 02:30:00+00:00, run_after=2026-09-24 02:30:00+00:00
[2026-09-23T02:33:17.902+0000] {processor.py:208} INFO - Processing /opt/airflow/dags/weather_etl.py took 0.120 seconds
[2026-09-23T02:33:48.120+0000] {processor.py:186} INFO - Started process (PID=13998) to work on /opt/airflow/dags/weather_etl.py
[2026-09-23T02:33:48.121+0000] {processor.py:914} INFO - Processing file /opt/airflow/dags/weather_etl.py for tasks to queue
[2026-09-23T02:33:48.126+0000] {logging_mixin.py:190} INFO - [2026-09-23T02:33:48.125+0000] {dagbag.py:587} INFO - Filling up the DagBag from /opt/airflow/dags/weather_etl.py
[2026-09-23T02:33:48.152+0000] {processor.py:925} INFO - DAG(s) 'weather_etl' retrieved from /opt/airflow/dags/weather_etl.py
[2026-09-23T02:33:48.163+0000] {logging_mixin.py:190} INFO - [2026-09-23T02:33:48.163+0000] {dag.py:3229} INFO - Sync 1 DAGs
[2026-09-23T02:33:48.176+0000] {logging_mixin.py:190} INFO - [2026-09-23T02:33:48.176+0000] {dag.py:4156} INFO - Setting next_dagrun for weather_etl to 2026-09-23 02:30:00+00:00, run_after=2026-09-24 02:30:00+00:00
[2026-09-23T02:33:48.183+0000] {processor.py:208} INFO - Processing /opt/airflow/dags/weather_etl.py took 0.073 seconds
[2026-09-23T02:34:18.549+0000] {processor.py:186} INFO - Started process (PID=14009) to work on /opt/airflow/dags/weather_etl.py
[2026-09-23T02:34:18.552+0000] {processor.py:914} INFO - Processing file /opt/airflow/dags/weather_etl.py for tasks to queue
[2026-09-23T02:34:18.561+0000] {logging_mixin.py:190} INFO - [2026-09-23T02:34:18.556+0000] {dagbag.py:587} INFO - Filling up the DagBag from /opt/airflow/dags/weather_etl.py
[2026-09-23T02:34:18.604+0000] {processor.py:925} INFO - DAG(s) 'weather_etl' retrieved from /opt/airflow/dags/weather_etl.py
[2026-09-23T02:34:18.625+0000] {logging_mixin.py:190} INFO - [2026-09-23T02:34:18.624+0000] {dag.py:3229} INFO - Sync 1 DAGs
[2026-09-23T02:34:18.638+0000] {logging_mixin.py:190} INFO - [2026-09-23T02:34:18.638+0000] {dag.py:4156} INFO - Setting next_dagrun for weather_etl to 2026-09-23 02:30:00+00:00, run_after=2026-09-24 02:30:00+00:00
[2026-09-23T02:34:18.646+0000] {processor.py:208} INFO - Processing /opt/airflow/dags/weather_etl.py took 0.106 seconds
[2026-09-23T02:34:48.963+0000] {processor.py:186} INFO - Started process (PID=14020) to work on /opt/airflow/dags/weather_etl.py
[2026-09-23T02:34:48.965+0000] {processor.py:914} INFO - Processing file /opt/airflow/dags/weather_etl.py for tasks to queue
[2026-09-23T02:34:48.968+0000] {logging_mixin.py:190} INFO - [2026-09-23T02:34:48.968+0000] {dagbag.py:587} INFO - Filling up the DagBag from /opt/airflow/dags/weather_etl.py
[2026-09-23T02:34:48.988+0000] {processor.py:925} INFO - DAG(s) 'weather_etl' retrieved from /opt/airflow/dags/weather_etl.py
[2026-09-23T02:34:49.001+0000] {logging_mixin.py:190} INFO - [2026-09-23T02:34:49.000+0000] {dag.py:3229} INFO - Sync 1 DAGs
[2026-09-23T02:34:49.015+0000] {logging_mixin.py:190} INFO - [2026-09-23T02:34:49.015+0000] {dag.py:4156} INFO - Setting next_dagrun for weather_etl to 2026-09-23 02:30:00+00:00, run_after=2026-09-24 02:30:00+00:00
[2026-09-23T02:34:49.023+0000] {processor.py:208} INFO - Processing /opt/airflow/dags/weather_etl.py took 0.069 seconds
[2026-09-23T02:35:19.386+0000] {processor.py:186} INFO - Started process (PID=14031) to work on /opt/airflow/dags/weather_etl.py
[2026-09-23T02:35:19.389+0000] {processor.py:914} INFO - Processing file /opt/airflow/dags/weather_etl.py for tasks to queue
[2026-09-23T02:35:19.399+0000] {logging_mixin.py:190} INFO - [2026-09-23T02:35:19.398+0000] {dagbag.py:587} INFO - Filling up the DagBag from /opt/airflow/dags/weather_etl.py
[2026-09-23T02:35:19.447+0000] {processor.py:925} INFO - DAG(s) 'weather_etl' retrieved from /opt/airflow/dags/weather_etl.py
[2026-09-23T02:35:19.465+0000] {logging_mixin.py:190} INFO - [2026-09-23T02:35:19.465+0000] {dag.py:3229} INFO - Sync 1 DAGs
[2026-09-23T02:35:19.491+0000] {logging_mixin.py:190} INFO - [2026-09-23T02:35:19.491+0000] {dag.py:4156} INFO - Setting next_dagrun for weather_etl to 2026-09-23 02:30:00+00:00, run_after=2026-09-24 02:30:00+00:00
[2026-09-23T02:35:19.501+0000] {processor.py:208} INFO - Processing /opt/airflow/dags/weather_etl.py took 0.123 seconds
[2026-09-23T02:35:49.798+0000] {processor.py:186} INFO - Started process (PID=14042) to work on /opt/airflow/dags/weather_etl.py
[2026-09-23T02:35:49.799+0000] {processor.py:914} INFO - Processing file /opt/airflow/dags/weather_etl.py for tasks to queue
[2026-09-23T02:35:49.807+0000] {logging_mixin.py:190} INFO - [2026-09-23T02:35:49.806+0000] {dagbag.py:587} INFO - Filling up the DagBag from /opt/airflow/dags/weather_etl.py
[2026-09-23T02:35:49.844+0000] {processor.py:925} INFO - DAG(s) 'weather_etl' retrieved from /opt/airflow/dags/weather_etl.py
[2026-09-23T02:35:49.864+0000] {logging_mixin.py:190} INFO - [2026-09-23T02:35:49.864+0000] {dag.py:3229} INFO - Sync 1 DAGs
[2026-09-23T02:35:49.882+0000] {logging_mixin.py:190} INFO - [2026-09-23T02:35:49.882+0000] {dag.py:4156} INFO - Setting next_dagrun for weather_etl to 2026-09-23 02:30:00+00:00, run_after=2026-09-24 02:30:00+00:00
[2026-09-23T02:35:49.898+0000] {processor.py:208} INFO - Processing /opt/airflow/dags/weather_etl.py took 0.115 seconds
[2026-09-23T02:36:20.179+0000] {processor.py:186} INFO - Started process (PID=14053) to work on /opt/airflow/dags/weather_etl.py
[2026-09-23T02:36:20.181+0000] {processor.py:914} INFO - Processing file /opt/airflow/dags/weather_etl.py for tasks to queue
[2026-09-23T02:36:20.185+0000] {logging_mixin.py:190} INFO - [2026-09-23T02:36:20.184+0000] {dagbag.py:587} INFO - Filling up the DagBag from /opt/airflow/dags/weather_etl.py
[2026-09-23T02:36:20.210+0000] {processor.py:925} INFO - DAG(s) 'weather_etl' retrieved from /opt/airflow/dags/weather_etl.py
[2026-09-23T02:36:20.223+0000] {logging_mixin.py:190} INFO - [2026-09-23T02:36:20.223+0000] {dag.py:3229} INFO - Sync 1 DAGs
[2026-09-23T02:36:20.236+0000] {logging_mixin.py:190} INFO - [2026-09-23T02:36:20.236+0000] {dag.py:4156} INFO - Setting next_dagrun for weather_etl to 2026-09-23 02:30:00+00:00, run_after=2026-09-24 02:30:00+00:00
[2026-09-23T02:36:20.244+0000] {processor.py:208} INFO - Processing /opt/airflow/dags/weather_etl.py took 0.071 seconds
[2026-09-23T02:36:50.541+0000] {processor.py:186} INFO - Started process (PID=14064) to work on /opt/airflow/dags/weather_etl.py
[2026-09-23T02:36:50.544+0000] {processor.py:914} INFO - Processing file /opt/airflow/dags/weather_etl.py for tasks to queue
[2026-09-23T02:36:50.547+0000] {logging_mixin.py:190} INFO - [2026-09-23T02:36:50.546+0000] {dagbag.py:587} INFO - Filling up the DagBag from /opt/airflow/dags/weather_etl.py
[2026-09-23T02:36:50.569+0000] {processor.py:925} INFO - DAG(s) 'weather_etl' retrieved from /opt/airflow/dags/weather_etl.py
[2026-09-23T02:36:50.577+0000] {logging_mixin.py:190} INFO - [2026-09-23T02:36:50.577+0000] {dag.py:3229} INFO - Sync 1 DAGs
[2026-09-23T02:36:50.588+0000] {logging_mixin.py:190} INFO - [2026-09-23T02:36:50.588+0000] {dag.py:4156} INFO - Setting next_dagrun for weather_etl to 2026-09-23 02:30:00+00:00, run_after=2026-09-24 02:30:00+00:00
[2026-09-23T02:36:50.595+0000] {processor.py:208} INFO - Processing /opt/airflow/dags/weather_etl.py took 0.061 seconds
[2026-09-23T02:37:20.937+0000] {processor.py:186} INFO - Started process (PID=14075) to work on /opt/airflow/dags/weather_etl.py
[2026-09-23T02:37:20.939+0000] {processor.py:914} INFO - Processing file /opt/airflow/dags/weather_etl.py for tasks to queue
[2026-09-23T02:37:20.942+0000] {logging_mixin.py:190} INFO - [2026-09-23T02:37:20.942+0000] {dagbag.py:587} INFO - Filling up the DagBag from /opt/airflow/dags/weather_etl.py
[2026-09-23T02:37:20.965+0000] {processor.py:925} INFO - DAG(s) 'weather_etl' retrieved from /opt/airflow/dags/weather_etl.py
[2026-09-23T02:37:20.978+0000] {logging_mixin.py:190} INFO - [2026-09-23T02:37:20.978+0000] {dag.py:3229} INFO - Sync 1 DAGs
[2026-09-23T02:37:20.994+0000] {logging_mixin.py:190} INFO - [2026-09-23T02:37:20.994+0000] {dag.py:4156} INFO - Setting next_dagrun for weather_etl to 2026-09-23 02:30:00+00:00, run_after=2026-09-24 02:30:00+00:00
[2026-09-23T02:37:21.002+0000] {processor.py:208} INFO - Processing /opt/airflow/dags/weather_etl.py took 0.072 seconds
[2026-09-23T02:37:51.333+0000] {processor.py:186} INFO - Started process (PID=14086) to work on /opt/airflow/dags/weather_etl.py
[2026-09-23T02:37:51.335+0000] {processor.py:914} INFO - Processing file /opt/airflow/dags/weather_etl.py for tasks to queue
[2026-09-23T02:37:51.339+0000] {logging_mixin.py:190} INFO - [2026-09-23T02:37:51.338+0000] {dagbag.py:587} INFO - Filling up the DagBag from /opt/airflow/dags/weather_etl.py
[2026-09-23T02:37:51.365+0000] {processor.py:925} INFO - DAG(s) 'weather_etl' retrieved from /opt/airflow/dags/weather_etl.py
[2026-09-23T02:37:51.379+0000] {logging_mixin.py:190} INFO - [2026-09-23T02:37:51.379+0000] {dag.py:3229} INFO - Sync 1 DAGs
[2026-09-23T02:37:51.395+0000] {logging_mixin.py:190} INFO - [2026-09-23T02:37:51.395+0000] {dag.py:4156} INFO - Setting next_dagrun for weather_etl to 2026-09-23 02:30:00+00:00, run_after=2026-09-24 02:30:00+00:00
[2026-09-23T02:37:51.406+0000] {processor.py:208} INFO - Processing /opt/airflow/dags/weather_etl.py took 0.080 seconds
[2026-09-23T02:38:21.710+0000] {processor.py:186} INFO - Started process (PID=14097) to work on /opt/airflow/dags/weather_etl.py
[2026-09-23T02:38:21.712+0000] {processor.py:914} INFO - Processing file /opt/airflow/dags/weather_etl.py for tasks to queue
[2026-09-23T02:38:21.715+0000] {logging_mixin.py:190} INFO - [2026-09-23T02:38:21.715+0000] {dagbag.py:587} INFO - Filling up the DagBag from /opt/airflow/dags/weather_etl.py
[2026-09-23T02:38:21.743+0000] {processor.py:925} INFO - DAG(s) 'weather_etl' retrieved from /opt/airflow/dags/weather_etl.py
[2026-09-23T02:38:21.760+0000] {logging_mixin.py:190} INFO - [2026-09-23T02:38:21.760+0000] {dag.py:3229} INFO - Sync 1 DAGs
[2026-09-23T02:38:21.777+0000] {logging_mixin.py:190} INFO - [2026-09-23T02:38:21.777+0000] {dag.py:4156} INFO - Setting next_dagrun for weather_etl to 2026-09-23 02:30:00+00:00, run_after=2026-09-24 02:30:00+00:00
[2026-09-23T02:38:21.786+0000] {processor.py:208} INFO - Processing /opt/airflow/dags/weather_etl.py took 0.083 seconds
[2026-09-23T02:38:52.112+0000] {processor.py:186} INFO - Started process (PID=14108) to work on /opt/airflow/dags/weather_etl.py
[2026-09-23T02:38:52.116+0000] {processor.py:914} INFO - Processing file /opt/airflow/dags/weather_etl.py for tasks to queue
[2026-09-23T02:38:52.121+0000] {logging_mixin.py:190} INFO - [2026-09-23T02:38:52.120+0000] {dagbag.py:587} INFO - Filling up the DagBag from /opt/airflow/dags/weather_etl.py
[2026-09-23T02:38:52.149+0000] {processor.py:925} INFO - DAG(s) 'weather_etl' retrieved from /opt/airflow/dags/weather_etl.py
[2026-09-23T02:38:52.161+0000] {logging_mixin.py:190} INFO - [2026-09-23T02:38:52.161+0000] {dag.py:3229} INFO - Sync 1 DAGs
[2026-09-23T02:38:52.176+0000] {logging_mixin.py:190} INFO - [2026-09-23T02:38:52.176+0000] {dag.py:4156} INFO - Setting next_dagrun for weather_etl to 2026-09-23 02:30:00+00:00, run_after=2026-09-24 02:30:00+00:00
[2026-09-23T02:38:52.185+0000] {processor.py:208} INFO - Processing /opt/airflow/dags/weather_etl.py took 0.081 seconds
[2026-09-23T02:39:22.500+0000] {processor.py:186} INFO - Started process (PID=14119) to work on /opt/airflow/dags/weather_etl.py
[2026-09-23T02:39:22.503+0000] {processor.py:914} INFO - Processing file /opt/airflow/dags/weather_etl.py for tasks to queue
[2026-09-23T02:39:22.506+0000] {logging_mixin.py:190} INFO - [2026-09-23T02:39:22.506+0000] {dagbag.py:587} INFO - Filling up the DagBag from /opt/airflow/dags/weather_etl.py
[2026-09-23T02:39:22.545+0000] {processor.py:925} INFO - DAG(s) 'weather_etl' retrieved from /opt/airflow/dags/weather_etl.py
[2026-09-23T02:39:22.564+0000] {logging_mixin.py:190} INFO - [2026-09-23T02:39:22.564+0000] {dag.py:3229} INFO - Sync 1 DAGs
[2026-09-23T02:39:22.583+0000] {logging_mixin.py:190} INFO - [2026-09-23T02:39:22.583+0000] {dag.py:4156} INFO - Setting next_dagrun for weather_etl to 2026-09-23 02:30:00+00:00, run_after=2026-09-24 02:30:00+00:00
[2026-09-23T02:39:22.591+0000] {processor.py:208} INFO - Processing /opt/airflow/dags/weather_etl.py took 0.100 seconds
[2026-09-23T02:39:52.888+0000] {processor.py:186} INFO - Started process (PID=14130) to work on /opt/airflow/dags/weather_etl.py
[2026-09-23T02:39:52.891+0000] {processor.py:914} INFO - Processing file /opt/airflow/dags/weather_etl.py for tasks to queue
[2026-09-23T02:39:52.896+0000] {logging_mixin.py:190} INFO - [2026-09-23T02:39:52.895+0000] {dagbag.py:587} INFO - Filling up the DagBag from /opt/airflow/dags/weather_etl.py
[2026-09-23T02:39:52.927+0000] {processor.py:925} INFO - DAG(s) 'weather_etl' retrieved from /opt/airflow/dags/weather_etl.py
[2026-09-23T02:39:52.942+0000] {logging_mixin.py:190} INFO - [2026-09-23T02:39:52.941+0000] {dag.py:3229} INFO - Sync 1 DAGs
[2026-09-23T02:39:52.958+0000] {logging_mixin.py:190} INFO - [2026-09-23T02:39:52.958+0000] {dag.py:4156} INFO - Setting next_dagrun for weather_etl to 2026-09-23 02:30:00+00:00, run_after=2026-09-24 02:30:00+00:00
[2026-09-23T02:39:52.967+0000] {processor.py:208} INFO - Processing /opt/airflow/dags/weather_etl.py took 0.090 seconds
[2026-09-23T02:40:23.317+0000] {processor.py:186} INFO - Started process (PID=14141) to work on /opt/airflow/dags/weather_etl.py
[2026-09-23T02:40:23.320+0000] {processor.py:914} INFO - Processing file /opt/airflow/dags/weather_etl.py for tasks to queue
[2026-09-23T02:40:23.324+0000] {logging_mixin.py:190} INFO - [2026-09-23T02:40:23.324+0000] {dagbag.py:587} INFO - Filling up the DagBag from /opt/airflow/dags/weather_etl.py
[2026-09-23T02:40:23.352+0000] {processor.py:925} INFO - DAG(s) 'weather_etl' retrieved from /opt/airflow/dags/weather_etl.py
[2026-09-23T02:40:23.365+0000] {logging_mixin.py:190} INFO - [2026-09-23T02:40:23.364+0000] {dag.py:3229} INFO - Sync 1 DAGs
[2026-09-23T02:40:23.379+0000] {logging_mixin.py:190} INFO - [2026-09-23T02:40:23.379+0000] {dag.py:4156} INFO - Setting next_dagrun for weather_etl to 2026-09-23 02:30:00+00:00, run_after=2026-09-24 02:30:00+00:00
[2026-09-23T02:40:23.387+0000] {processor.py:208} INFO - Processing /opt/airflow/dags/weather_etl.py took 0.078 seconds
[2026-09-23T02:40:53.705+0000] {processor.py:186} INFO - Started process (PID=14152) to work on /opt/airflow/dags/weather_etl.py
[2026-09-23T02:40:53.707+0000] {processor.py:914} INFO - Processing file /opt/airflow/dags/weather_etl.py for tasks to queue
[2026-09-23T02:40:53.709+0000] {logging_mixin.py:190} INFO - [2026-09-23T02:40:53.709+0000] {dagbag.py:587} INFO - Filling up the DagBag from /opt/airflow/dags/weather_etl.py
[2026-09-23T02:40:53.726+0000] {processor.py:925} INFO - DAG(s) 'weather_etl' retrieved from /opt/airflow/dags/weather_etl.py
[2026-09-23T02:40:53.735+0000] {logging_mixin.py:190} INFO - [2026-09-23T02:40:53.735+0000] {dag.py:3229} INFO - Sync 1 DAGs
[2026-09-23T02:40:53.745+0000] {logging_mixin.py:190} INFO - [2026-09-23T02:40:53.745+0000] {dag.py:4156} INFO - Setting next_dagrun for weather_etl to 2026-09-23 02:30:00+00:00, run_after=2026-09-24 02:30:00+00:00
[2026-09-23T02:40:53.752+0000] {processor.py:208} INFO - Processing /opt/airflow/dags/weather_etl.py took 0.053 seconds
[2026-09-23T02:41:24.119+0000] {processor.py:186} INFO - Started process (PID=14163) to work on /opt/airflow/dags/weather_etl.py
[2026-09-23T02:41:24.122+0000] {processor.py:914} INFO - Processing file /opt/airflow/dags/weather_etl.py for tasks to queue
[2026-09-23T02:41:24.126+0000] {logging_mixin.py:190} INFO - [2026-09-23T02:41:24.126+0000] {dagbag.py:587} INFO - Filling up the DagBag from /opt/airflow/dags/weather_etl.py
[2026-09-23T02:41:24.168+0000] {processor.py:925} INFO - DAG(s) 'weather_etl' retrieved from /opt/airflow/dags/weather_etl.py
[2026-09-23T02:41:24.188+0000] {logging_mixin.py:190} INFO - [2026-09-23T02:41:24.188+0000] {dag.py:3229} INFO - Sync 1 DAGs
[2026-09-23T02:41:24.204+0000] {logging_mixin.py:190} INFO - [2026-09-23T02:41:24.204+0000] {dag.py:4156} INFO - Setting next_dagrun for weather_etl to 2026-09-23 02:30:00+00:00, run_after=2026-09-24 02:30:00+00:00
[2026-09-23T02:41:24.212+0000] {processor.py:208} INFO - Processing /opt/airflow/dags/weather_etl.py took 0.101 seconds
[2026-09-23T02:41:54.516+0000] {processor.py:186} INFO - Started process (PID=14174) to work on /opt/airflow/dags/weather_etl.py
[2026-09-23T02:41:54.519+0000] {processor.py:914} INFO - Processing file /opt/airflow/dags/weather_etl.py for tasks to queue
[2026-09-23T02:41:54.522+0000] {logging_mixin.py:190} INFO - [2026-09-23T02:41:54.521+0000] {dagbag.py:587} INFO - Filling up the DagBag from /opt/airflow/dags/weather_etl.py
[2026-09-23T02:41:54.545+0000] {processor.py:925} INFO - DAG(s) 'weather_etl' retrieved from /opt/airflow/dags/weather_etl.py
[2026-09-23T02:41:54.555+0000] {logging_mixin.py:190} INFO - [2026-09-23T02:41:54.555+0000] {dag.py:3229} INFO - Sync 1 DAGs
[2026-09-23T02:41:54.566+0000] {logging_mixin.py:190} INFO - [2026-09-23T02:41:54.566+0000] {dag.py:4156} INFO - Setting next_dagrun for weather_etl to 2026-09-23 02:30:00+00:00, run_after=2026-09-24 02:30:00+00:00
[2026-09-23T02:41:54.573+0000] {processor.py:208} INFO - Processing /opt/airflow/dags/weather_etl.py took 0.068 seconds
[2026-09-23T02:42:24.921+0000] {processor.py:186} INFO - Started process (PID=14185) to work on /opt/airflow/dags/weather_etl.py
[2026-09-23T02:42:24.923+0000] {processor.py:914} INFO - Processing file /opt/airflow/dags/weather_etl.py for tasks to queue
[2026-09-23T02:42:24.926+0000] {logging_mixin.py:190} INFO - [2026-09-23T02:42:24.926+0000] {dagbag.py:587} INFO - Filling up the DagBag from /opt/airflow/dags/weather_etl.py
[2026-09-23T02:42:24.949+0000] {processor.py:925} INFO - DAG(s) 'weather_etl' retrieved from /opt/airflow/dags/weather_etl.py
[2026-09-23T02:42:24.960+0000] {logging_mixin.py:190} INFO - [2026-09-23T02:42:24.960+0000] {dag.py:3229} INFO - Sync 1 DAGs
[2026-09-23T02:42:24.973+0000] {logging_mixin.py:190} INFO - [2026-09-23T02:42:24.973+0000] {dag.py:4156} INFO - Setting next_dagrun for weather_etl to 2026-09-23 02:30:00+00:00, run_after=2026-09-24 02:30:00+00:00
[2026-09-23T02:42:24.980+0000] {processor.py:208} INFO - Processing /opt/airflow/dags/weather_etl.py took 0.069 seconds
[2026-09-23T02:42:55.234+0000] {processor.py:186} INFO - Started process (PID=14195) to work on /opt/airflow/dags/weather_etl.py
[2026-09-23T02:42:55.237+0000] {processor.py:914} INFO - Processing file /opt/airflow/dags/weather_etl.py for tasks to queue
[2026-09-23T02:42:55.240+0000] {logging_mixin.py:190} INFO - [2026-09-23T02:42:55.240+0000] {dagbag.py:587} INFO - Filling up the DagBag from /opt/airflow/dags/weather_etl.py
[2026-09-23T02:42:55.260+0000] {processor.py:925} INFO - DAG(s) 'weather_etl' retrieved from /opt/airflow/dags/weather_etl.py
[2026-09-23T02:42:55.270+0000] {logging_mixin.py:190} INFO - [2026-09-23T02:42:55.269+0000] {dag.py:3229} INFO - Sync 1 DAGs
[2026-09-23T02:42:55.283+0000] {logging_mixin.py:190} INFO - [2026-09-23T02:42:55.283+0000] {dag.py:4156} INFO - Setting next_dagrun for weather_etl to 2026-09-23 02:30:00+00:00, run_after=2026-09-24 02:30:00+00:00
[2026-09-23T02:42:55.290+0000] {processor.py:208} INFO - Processing /opt/airflow/dags/weather_etl.py took 0.063 seconds
[2026-09-23T02:43:25.633+0000] {processor.py:186} INFO - Started process (PID=14206) to work on /opt/airflow/dags/weather_etl.py
[2026-09-23T02:43:25.635+0000] {processor.py:914} INFO - Processing file /opt/airflow/dags/weather_etl.py for tasks to queue
[2026-09-23T02:43:25.640+0000] {logging_mixin.py:190} INFO - [2026-09-23T02:43:25.639+0000] {dagbag.py:587} INFO - Filling up the DagBag from /opt/airflow/dags/weather_etl.py
[2026-09-23T02:43:25.666+0000] {processor.py:925} INFO - DAG(s) 'weather_etl' retrieved from /opt/airflow/dags/weather_etl.py
[2026-09-23T02:43:25.683+0000] {logging_mixin.py:190} INFO - [2026-09-23T02:43:25.682+0000] {dag.py:3229} INFO - Sync 1 DAGs
[2026-09-23T02:43:25.700+0000] {logging_mixin.py:190} INFO - [2026-09-23T02:43:25.699+0000] {dag.py:4156} INFO - Setting next_dagrun for weather_etl to 2026-09-23 02:30:00+00:00, run_after=2026-09-24 02:30:00+00:00
[2026-09-23T02:43:25.710+0000] {processor.py:208} INFO - Processing /opt/airflow/dags/weather_etl.py took 0.085 seconds
[2026-09-23T02:43:56.039+0000] {processor.py:186} INFO - Started process (PID=14218) to work on /opt/airflow/dags/weather_etl.py
[2026-09-23T02:43:56.041+0000] {processor.py:914} INFO - Processing file /opt/airflow/dags/weather_etl.py for tasks to queue
[2026-09-23T02:43:56.045+0000] {logging_mixin.py:190} INFO - [2026-09-23T02:43:56.044+0000] {dagbag.py:587} INFO - Filling up the DagBag from /opt/airflow/dags/weather_etl.py
[2026-09-23T02:43:56.069+0000] {processor.py:925} INFO - DAG(s) 'weather_etl' retrieved from /opt/airflow/dags/weather_etl.py
[2026-09-23T02:43:56.081+0000] {logging_mixin.py:190} INFO - [2026-09-23T02:43:56.081+0000] {dag.py:3229} INFO - Sync 1 DAGs
[2026-09-23T02:43:56.094+0000] {logging_mixin.py:190} INFO - [2026-09-23T02:43:56.094+0000] {dag.py:4156} INFO - Setting next_dagrun for weather_etl to 2026-09-23 02:30:00+00:00, run_after=2026-09-24 02:30:00+00:00
[2026-09-23T02:43:56.102+0000] {processor.py:208} INFO - Processing /opt/airflow/dags/weather_etl.py took 0.071 seconds
[2026-09-23T02:44:26.568+0000] {processor.py:186} INFO - Started process (PID=14229) to work on /opt/airflow/dags/weather_etl.py
[2026-09-23T02:44:26.570+0000] {processor.py:914} INFO - Processing file /opt/airflow/dags/weather_etl.py for tasks to queue
[2026-09-23T02:44:26.576+0000] {logging_mixin.py:190} INFO - [2026-09-23T02:44:26.575+0000] {dagbag.py:587} INFO - Filling up the DagBag from /opt/airflow/dags/weather_etl.py
[2026-09-23T02:44:26.608+0000] {processor.py:925} INFO - DAG(s) 'weather_etl' retrieved from /opt/airflow/dags/weather_etl.py
[2026-09-23T02:44:26.626+0000] {logging_mixin.py:190} INFO - [2026-09-23T02:44:26.625+0000] {dag.py:3229} INFO - Sync 1 DAGs
[2026-09-23T02:44:26.645+0000] {logging_mixin.py:190} INFO - [2026-09-23T02:44:26.644+0000] {dag.py:4156} INFO - Setting next_dagrun for weather_etl to 2026-09-23 02:30:00+00:00, run_after=2026-09-24 02:30:00+00:00
[2026-09-23T02:44:26.656+0000] {processor.py:208} INFO - Processing /opt/airflow/dags/weather_etl.py took 0.096 seconds
[2026-09-23T02:44:57.181+0000] {processor.py:186} INFO - Started process (PID=14240) to work on /opt/airflow/dags/weather_etl.py
[2026-09-23T02:44:57.184+0000] {processor.py:914} INFO - Processing file /opt/airflow/dags/weather_etl.py for tasks to queue
[2026-09-23T02:44:57.188+0000] {logging_mixin.py:190} INFO - [2026-09-23T02:44:57.188+0000] {dagbag.py:587} INFO - Filling up the DagBag from /opt/airflow/dags/weather_etl.py
[2026-09-23T02:44:57.260+0000] {processor.py:925} INFO - DAG(s) 'weather_etl' retrieved from /opt/airflow/dags/weather_etl.py
[2026-09-23T02:44:57.284+0000] {logging_mixin.py:190} INFO - [2026-09-23T02:44:57.283+0000] {dag.py:3229} INFO - Sync 1 DAGs
[2026-09-23T02:44:57.305+0000] {logging_mixin.py:190} INFO - [2026-09-23T02:44:57.305+0000] {dag.py:4156} INFO - Setting next_dagrun for weather_etl to 2026-09-23 02:30:00+00:00, run_after=2026-09-24 02:30:00+00:00
[2026-09-23T02:44:57.318+0000] {processor.py:208} INFO - Processing /opt/airflow/dags/weather_etl.py took 0.151 seconds
[2026-09-23T02:45:27.594+0000] {processor.py:186} INFO - Started process (PID=14251) to work on /opt/airflow/dags/weather_etl.py
[2026-09-23T02:45:27.595+0000] {processor.py:914} INFO - Processing file /opt/airflow/dags/weather_etl.py for tasks to queue
[2026-09-23T02:45:27.599+0000] {logging_mixin.py:190} INFO - [2026-09-23T02:45:27.598+0000] {dagbag.py:587} INFO - Filling up the DagBag from /opt/airflow/dags/weather_etl.py
[2026-09-23T02:45:27.628+0000] {processor.py:925} INFO - DAG(s) 'weather_etl' retrieved from /opt/airflow/dags/weather_etl.py
[2026-09-23T02:45:27.642+0000] {logging_mixin.py:190} INFO - [2026-09-23T02:45:27.642+0000] {dag.py:3229} INFO - Sync 1 DAGs
[2026-09-23T02:45:27.662+0000] {logging_mixin.py:190} INFO - [2026-09-23T02:45:27.662+0000] {dag.py:4156} INFO - Setting next_dagrun for weather_etl to 2026-09-23 02:30:00+00:00, run_after=2026-09-24 02:30:00+00:00
[2026-09-23T02:45:27.670+0000] {processor.py:208} INFO - Processing /opt/airflow/dags/weather_etl.py took 0.087 seconds
[2026-09-23T02:46:33.835+0000] {processor.py:186} INFO - Started process (PID=14262) to work on /opt/airflow/dags/weather_etl.py
[2026-09-23T02:46:33.838+0000] {processor.py:914} INFO - Processing file /opt/airflow/dags/weather_etl.py for tasks to queue
[2026-09-23T02:46:33.844+0000] {logging_mixin.py:190} INFO - [2026-09-23T02:46:33.843+0000] {dagbag.py:587} INFO - Filling up the DagBag from /opt/airflow/dags/weather_etl.py
[2026-09-23T02:46:33.891+0000] {processor.py:925} INFO - DAG(s) 'weather_etl' retrieved from /opt/airflow/dags/weather_etl.py
[2026-09-23T02:46:33.911+0000] {logging_mixin.py:190} INFO - [2026-09-23T02:46:33.910+0000] {dag.py:3229} INFO - Sync 1 DAGs
[2026-09-23T02:46:33.937+0000] {logging_mixin.py:190} INFO - [2026-09-23T02:46:33.937+0000] {dag.py:4156} INFO - Setting next_dagrun for weather_etl to 2026-09-23 02:30:00+00:00, run_after=2026-09-24 02:30:00+00:00
[2026-09-23T02:46:33.952+0000] {processor.py:208} INFO - Processing /opt/airflow/dags/weather_etl.py took 0.128 seconds
[2026-09-23T02:47:04.254+0000] {processor.py:186} INFO - Started process (PID=14273) to work on /opt/airflow/dags/weather_etl.py
[2026-09-23T02:47:04.256+0000] {processor.py:914} INFO - Processing file /opt/airflow/dags/weather_etl.py for tasks to queue
[2026-09-23T02:47:04.260+0000] {logging_mixin.py:190} INFO - [2026-09-23T02:47:04.259+0000] {dagbag.py:587} INFO - Filling up the DagBag from /opt/airflow/dags/weather_etl.py
[2026-09-23T02:47:04.301+0000] {processor.py:925} INFO - DAG(s) 'weather_etl' retrieved from /opt/airflow/dags/weather_etl.py
[2026-09-23T02:47:04.316+0000] {logging_mixin.py:190} INFO - [2026-09-23T02:47:04.316+0000] {dag.py:3229} INFO - Sync 1 DAGs
[2026-09-23T02:47:04.336+0000] {logging_mixin.py:190} INFO - [2026-09-23T02:47:04.335+0000] {dag.py:4156} INFO - Setting next_dagrun for weather_etl to 2026-09-23 02:30:00+00:00, run_after=2026-09-24 02:30:00+00:00
[2026-09-23T02:47:04.346+0000] {processor.py:208} INFO - Processing /opt/airflow/dags/weather_etl.py took 0.107 seconds
[2026-09-23T02:47:34.601+0000] {processor.py:186} INFO - Started process (PID=14284) to work on /opt/airflow/dags/weather_etl.py
[2026-09-23T02:47:34.604+0000] {processor.py:914} INFO - Processing file /opt/airflow/dags/weather_etl.py for tasks to queue
[2026-09-23T02:47:34.606+0000] {logging_mixin.py:190} INFO - [2026-09-23T02:47:34.606+0000] {dagbag.py:587} INFO - Filling up the DagBag from /opt/airflow/dags/weather_etl.py
[2026-09-23T02:47:34.628+0000] {processor.py:925} INFO - DAG(s) 'weather_etl' retrieved from /opt/airflow/dags/weather_etl.py
[2026-09-23T02:47:34.636+0000] {logging_mixin.py:190} INFO - [2026-09-23T02:47:34.636+0000] {dag.py:3229} INFO - Sync 1 DAGs
[2026-09-23T02:47:34.646+0000] {logging_mixin.py:190} INFO - [2026-09-23T02:47:34.646+0000] {dag.py:4156} INFO - Setting next_dagrun for weather_etl to 2026-09-23 02:30:00+00:00, run_after=2026-09-24 02:30:00+00:00
[2026-09-23T02:47:34.653+0000] {processor.py:208} INFO - Processing /opt/airflow/dags/weather_etl.py took 0.061 seconds
[2026-09-23T02:48:04.972+0000] {processor.py:186} INFO - Started process (PID=14295) to work on /opt/airflow/dags/weather_etl.py
[2026-09-23T02:48:04.975+0000] {processor.py:914} INFO - Processing file /opt/airflow/dags/weather_etl.py for tasks to queue
[2026-09-23T02:48:04.977+0000] {logging_mixin.py:190} INFO - [2026-09-23T02:48:04.977+0000] {dagbag.py:587} INFO - Filling up the DagBag from /opt/airflow/dags/weather_etl.py
[2026-09-23T02:48:04.995+0000] {processor.py:925} INFO - DAG(s) 'weather_etl' retrieved from /opt/airflow/dags/weather_etl.py
[2026-09-23T02:48:05.003+0000] {logging_mixin.py:190} INFO - [2026-09-23T02:48:05.003+0000] {dag.py:3229} INFO - Sync 1 DAGs
[2026-09-23T02:48:05.013+0000] {logging_mixin.py:190} INFO - [2026-09-23T02:48:05.013+0000] {dag.py:4156} INFO - Setting next_dagrun for weather_etl to 2026-09-23 02:30:00+00:00, run_after=2026-09-24 02:30:00+00:00
[2026-09-23T02:48:05.019+0000] {processor.py:208} INFO - Processing /opt/airflow/dags/weather_etl.py took 0.054 seconds
[2026-09-23T02:48:35.366+0000] {processor.py:186} INFO - Started process (PID=14306) to work on /opt/airflow/dags/weather_etl.py
[2026-09-23T02:48:35.367+0000] {processor.py:914} INFO - Processing file /opt/airflow/dags/weather_etl.py for tasks to queue
[2026-09-23T02:48:35.369+0000] {logging_mixin.py:190} INFO - [2026-09-23T02:48:35.369+0000] {dagbag.py:587} INFO - Filling up the DagBag from /opt/airflow/dags/weather_etl.py
[2026-09-23T02:48:35.384+0000] {processor.py:925} INFO - DAG(s) 'weather_etl' retrieved from /opt/airflow/dags/weather_etl.py
[2026-09-23T02:48:35.392+0000] {logging_mixin.py:190} INFO - [2026-09-23T02:48:35.392+0000] {dag.py:3229} INFO - Sync 1 DAGs
[2026-09-23T02:48:35.402+0000] {logging_mixin.py:190} INFO - [2026-09-23T02:48:35.402+0000] {dag.py:4156} INFO - Setting next_dagrun for weather_etl to 2026-09-23 02:30:00+00:00, run_after=2026-09-24 02:30:00+00:00
[2026-09-23T02:48:35.408+0000] {processor.py:208} INFO - Processing /opt/airflow/dags/weather_etl.py took 0.047 seconds
[2026-09-23T02:49:05.687+0000] {processor.py:186} INFO - Started process (PID=14317) to work on /opt/airflow/dags/weather_etl.py
[2026-09-23T02:49:05.688+0000] {processor.py:914} INFO - Processing file /opt/airflow/dags/weather_etl.py for tasks to queue
[2026-09-23T02:49:05.690+0000] {logging_mixin.py:190} INFO - [2026-09-23T02:49:05.689+0000] {dagbag.py:587} INFO - Filling up the DagBag from /opt/airflow/dags/weather_etl.py
[2026-09-23T02:49:05.704+0000] {processor.py:925} INFO - DAG(s) 'weather_etl' retrieved from /opt/airflow/dags/weather_etl.py
[2026-09-23T02:49:05.712+0000] {logging_mixin.py:190} INFO - [2026-09-23T02:49:05.712+0000] {dag.py:3229} INFO - Sync 1 DAGs
[2026-09-23T02:49:05.722+0000] {logging_mixin.py:190} INFO - [2026-09-23T02:49:05.722+0000] {dag.py:4156} INFO - Setting next_dagrun for weather_etl to 2026-09-23 02:30:00+00:00, run_after=2026-09-24 02:30:00+00:00
[2026-09-23T02:49:05.728+0000] {processor.py:208} INFO - Processing /opt/airflow/dags/weather_etl.py took 0.046 seconds
[2026-09-23T02:49:35.969+0000] {processor.py:186} INFO - Started process (PID=14328) to work on /opt/airflow/dags/weather_etl.py
[2026-09-23T02:49:35.970+0000] {processor.py:914} INFO - Processing file /opt/airflow/dags/weather_etl.py for tasks to queue
[2026-09-23T02:49:35.973+0000] {logging_mixin.py:190} INFO - [2026-09-23T02:49:35.973+0000] {dagbag.py:587} INFO - Filling up the DagBag from /opt/airflow/dags/weather_etl.py
[2026-09-23T02:49:35.996+0000] {processor.py:925} INFO - DAG(s) 'weather_etl' retrieved from /opt/airflow/dags/weather_etl.py
[2026-09-23T02:49:36.007+0000] {logging_mixin.py:190} INFO - [2026-09-23T02:49:36.007+0000] {dag.py:3229} INFO - Sync 1 DAGs
[2026-09-23T02:49:36.020+0000] {logging_mixin.py:190} INFO - [2026-09-23T02:49:36.020+0000] {dag.py:4156} INFO - Setting next_dagrun for weather_etl to 2026-09-23 02:30:00+00:00, run_after=2026-09-24 02:30:00+00:00
[2026-09-23T02:49:36.027+0000] {processor.py:208} INFO - Processing /opt/airflow/dags/weather_etl.py took 0.065 seconds
[2026-09-23T02:50:06.284+0000] {processor.py:186} INFO - Started process (PID=14339) to work on /opt/airflow/dags/weather_etl.py
[2026-09-23T02:50:06.286+0000] {processor.py:914} INFO - Processing file /opt/airflow/dags/weather_etl.py for tasks to queue
[2026-09-23T02:50:06.288+0000] {logging_mixin.py:190} INFO - [2026-09-23T02:50:06.287+0000] {dagbag.py:587} INFO - Filling up the DagBag from /opt/airflow/dags/weather_etl.py
[2026-09-23T02:50:06.304+0000] {processor.py:925} INFO - DAG(s) 'weather_etl' retrieved from /opt/airflow/dags/weather_etl.py
[2026-09-23T02:50:06.312+0000] {logging_mixin.py:190} INFO - [2026-09-23T02:50:06.312+0000] {dag.py:3229} INFO - Sync 1 DAGs
[2026-09-23T02:50:06.322+0000] {logging_mixin.py:190} INFO - [2026-09-23T02:50:06.322+0000] {dag.py:4156} INFO - Setting next_dagrun for weather_etl to 2026-09-23 02:30:00+00:00, run_after=2026-09-24 02:30:00+00:00
[2026-09-23T02:50:06.328+0000] {processor.py:208} INFO - Processing /opt/airflow/dags/weather_etl.py took 0.049 seconds
[2026-09-23T02:50:36.661+0000] {processor.py:186} INFO - Started process (PID=14356) to work on /opt/airflow/dags/weather_etl.py
[2026-09-23T02:50:36.663+0000] {processor.py:914} INFO - Processing file /opt/airflow/dags/weather_etl.py for tasks to queue
[2026-09-23T02:50:36.665+0000] {logging_mixin.py:190} INFO - [2026-09-23T02:50:36.665+0000] {dagbag.py:587} INFO - Filling up the DagBag from /opt/airflow/dags/weather_etl.py
[2026-09-23T02:50:36.680+0000] {processor.py:925} INFO - DAG(s) 'weather_etl' retrieved from /opt/airflow/dags/weather_etl.py
[2026-09-23T02:50:36.688+0000] {logging_mixin.py:190} INFO - [2026-09-23T02:50:36.688+0000] {dag.py:3229} INFO - Sync 1 DAGs
[2026-09-23T02:50:36.700+0000] {logging_mixin.py:190} INFO - [2026-09-23T02:50:36.700+0000] {dag.py:4156} INFO - Setting next_dagrun for weather_etl to 2026-09-23 02:30:00+00:00, run_after=2026-09-24 02:30:00+00:00
[2026-09-23T02:50:36.707+0000] {processor.py:208} INFO - Processing /opt/airflow/dags/weather_etl.py took 0.050 seconds
[2026-09-23T02:51:07.021+0000] {processor.py:186} INFO - Started process (PID=14367) to work on /opt/airflow/dags/weather_etl.py
[2026-09-23T02:51:07.023+0000] {processor.py:914} INFO - Processing file /opt/airflow/dags/weather_etl.py for tasks to queue
[2026-09-23T02:51:07.026+0000] {logging_mixin.py:190} INFO - [2026-09-23T02:51:07.025+0000] {dagbag.py:587} INFO - Filling up the DagBag from /opt/airflow/dags/weather_etl.py
[2026-09-23T02:51:07.045+0000] {processor.py:925} INFO - DAG(s) 'weather_etl' retrieved from /opt/airflow/dags/weather_etl.py
[2026-09-23T02:51:07.054+0000] {logging_mixin.py:190} INFO - [2026-09-23T02:51:07.054+0000] {dag.py:3229} INFO - Sync 1 DAGs
[2026-09-23T02:51:07.065+0000] {logging_mixin.py:190} INFO - [2026-09-23T02:51:07.065+0000] {dag.py:4156} INFO - Setting next_dagrun for weather_etl to 2026-09-23 02:30:00+00:00, run_after=2026-09-24 02:30:00+00:00
[2026-09-23T02:51:07.071+0000] {processor.py:208} INFO - Processing /opt/airflow/dags/weather_etl.py took 0.057 seconds
[2026-09-23T02:51:37.408+0000] {processor.py:186} INFO - Started process (PID=14378) to work on /opt/airflow/dags/weather_etl.py
[2026-09-23T02:51:37.412+0000] {processor.py:914} INFO - Processing file /opt/airflow/dags/weather_etl.py for tasks to queue
[2026-09-23T02:51:37.414+0000] {logging_mixin.py:190} INFO - [2026-09-23T02:51:37.413+0000] {dagbag.py:587} INFO - Filling up the DagBag from /opt/airflow/dags/weather_etl.py
[2026-09-23T02:51:37.430+0000] {processor.py:925} INFO - DAG(s) 'weather_etl' retrieved from /opt/airflow/dags/weather_etl.py
[2026-09-23T02:51:37.438+0000] {logging_mixin.py:190} INFO - [2026-09-23T02:51:37.438+0000] {dag.py:3229} INFO - Sync 1 DAGs
[2026-09-23T02:51:37.447+0000] {logging_mixin.py:190} INFO - [2026-09-23T02:51:37.447+0000] {dag.py:4156} INFO - Setting next_dagrun for weather_etl to 2026-09-23 02:30:00+00:00, run_after=2026-09-24 02:30:00+00:00
[2026-09-23T02:51:37.453+0000] {processor.py:208} INFO - Processing /opt/airflow/dags/weather_etl.py took 0.053 seconds
[2026-09-23T02:52:07.764+0000] {processor.py:186} INFO - Started process (PID=14389) to work on /opt/airflow/dags/weather_etl.py
[2026-09-23T02:52:07.766+0000] {processor.py:914} INFO - Processing file /opt/airflow/dags/weather_etl.py for tasks to queue
[2026-09-23T02:52:07.768+0000] {logging_mixin.py:190} INFO - [2026-09-23T02:52:07.768+0000] {dagbag.py:587} INFO - Filling up the DagBag from /opt/airflow/dags/weather_etl.py
[2026-09-23T02:52:07.786+0000] {processor.py:925} INFO - DAG(s) 'weather_etl' retrieved from /opt/airflow/dags/weather_etl.py
[2026-09-23T02:52:07.794+0000] {logging_mixin.py:190} INFO - [2026-09-23T02:52:07.794+0000] {dag.py:3229} INFO - Sync 1 DAGs
[2026-09-23T02:52:07.804+0000] {logging_mixin.py:190} INFO - [2026-09-23T02:52:07.804+0000] {dag.py:4156} INFO - Setting next_dagrun for weather_etl to 2026-09-23 02:30:00+00:00, run_after=2026-09-24 02:30:00+00:00
[2026-09-23T02:52:07.811+0000] {processor.py:208} INFO - Processing /opt/airflow/dags/weather_etl.py took 0.052 seconds
[2026-09-23T02:52:38.182+0000] {processor.py:186} INFO - Started process (PID=14400) to work on /opt/airflow/dags/weather_etl.py
[2026-09-23T02:52:38.186+0000] {processor.py:914} INFO - Processing file /opt/airflow/dags/weather_etl.py for tasks to queue
[2026-09-23T02:52:38.190+0000] {logging_mixin.py:190} INFO - [2026-09-23T02:52:38.189+0000] {dagbag.py:587} INFO - Filling up the DagBag from /opt/airflow/dags/weather_etl.py
[2026-09-23T02:52:38.222+0000] {processor.py:925} INFO - DAG(s) 'weather_etl' retrieved from /opt/airflow/dags/weather_etl.py
[2026-09-23T02:52:38.240+0000] {logging_mixin.py:190} INFO - [2026-09-23T02:52:38.239+0000] {dag.py:3229} INFO - Sync 1 DAGs
[2026-09-23T02:52:38.258+0000] {logging_mixin.py:190} INFO - [2026-09-23T02:52:38.258+0000] {dag.py:4156} INFO - Setting next_dagrun for weather_etl to 2026-09-23 02:30:00+00:00, run_after=2026-09-24 02:30:00+00:00
[2026-09-23T02:52:38.269+0000] {processor.py:208} INFO - Processing /opt/airflow/dags/weather_etl.py took 0.095 seconds
[2026-09-23T02:53:08.653+0000] {processor.py:186} INFO - Started process (PID=14411) to work on /opt/airflow/dags/weather_etl.py
[2026-09-23T02:53:08.656+0000] {processor.py:914} INFO - Processing file /opt/airflow/dags/weather_etl.py for tasks to queue
[2026-09-23T02:53:08.658+0000] {logging_mixin.py:190} INFO - [2026-09-23T02:53:08.658+0000] {dagbag.py:587} INFO - Filling up the DagBag from /opt/airflow/dags/weather_etl.py
[2026-09-23T02:53:08.680+0000] {processor.py:925} INFO - DAG(s) 'weather_etl' retrieved from /opt/airflow/dags/weather_etl.py
[2026-09-23T02:53:08.690+0000] {logging_mixin.py:190} INFO - [2026-09-23T02:53:08.690+0000] {dag.py:3229} INFO - Sync 1 DAGs
[2026-09-23T02:53:08.702+0000] {logging_mixin.py:190} INFO - [2026-09-23T02:53:08.702+0000] {dag.py:4156} INFO - Setting next_dagrun for weather_etl to 2026-09-23 02:30:00+00:00, run_after=2026-09-24 02:30:00+00:00
[2026-09-23T02:53:08.708+0000] {processor.py:208} INFO - Processing /opt/airflow/dags/weather_etl.py took 0.061 seconds
[2026-09-23T02:53:38.982+0000] {processor.py:186} INFO - Started process (PID=14422) to work on /opt/airflow/dags/weather_etl.py
[2026-09-23T02:53:38.985+0000] {processor.py:914} INFO - Processing file /opt/airflow/dags/weather_etl.py for tasks to queue
[2026-09-23T02:53:38.987+0000] {logging_mixin.py:190} INFO - [2026-09-23T02:53:38.987+0000] {dagbag.py:587} INFO - Filling up the DagBag from /opt/airflow/dags/weather_etl.py
[2026-09-23T02:53:39.004+0000] {processor.py:925} INFO - DAG(s) 'weather_etl' retrieved from /opt/airflow/dags/weather_etl.py
[2026-09-23T02:53:39.012+0000] {logging_mixin.py:190} INFO - [2026-09-23T02:53:39.012+0000] {dag.py:3229} INFO - Sync 1 DAGs
[2026-09-23T02:53:39.023+0000] {logging_mixin.py:190} INFO - [2026-09-23T02:53:39.022+0000] {dag.py:4156} INFO - Setting next_dagrun for weather_etl to 2026-09-23 02:30:00+00:00, run_after=2026-09-24 02:30:00+00:00
[2026-09-23T02:53:39.029+0000] {processor.py:208} INFO - Processing /opt/airflow/dags/weather_etl.py took 0.054 seconds
[2026-09-23T02:54:09.445+0000] {processor.py:186} INFO - Started process (PID=14433) to work on /opt/airflow/dags/weather_etl.py
[2026-09-23T02:54:09.446+0000] {processor.py:914} INFO - Processing file /opt/airflow/dags/weather_etl.py for tasks to queue
[2026-09-23T02:54:09.450+0000] {logging_mixin.py:190} INFO - [2026-09-23T02:54:09.449+0000] {dagbag.py:587} INFO - Filling up the DagBag from /opt/airflow/dags/weather_etl.py
[2026-09-23T02:54:09.486+0000] {processor.py:925} INFO - DAG(s) 'weather_etl' retrieved from /opt/airflow/dags/weather_etl.py
[2026-09-23T02:54:09.503+0000] {logging_mixin.py:190} INFO - [2026-09-23T02:54:09.503+0000] {dag.py:3229} INFO - Sync 1 DAGs
[2026-09-23T02:54:09.517+0000] {logging_mixin.py:190} INFO - [2026-09-23T02:54:09.517+0000] {dag.py:4156} INFO - Setting next_dagrun for weather_etl to 2026-09-23 02:30:00+00:00, run_after=2026-09-24 02:30:00+00:00
[2026-09-23T02:54:09.526+0000] {processor.py:208} INFO - Processing /opt/airflow/dags/weather_etl.py took 0.092 seconds
[2026-09-23T02:54:39.848+0000] {processor.py:186} INFO - Started process (PID=14444) to work on /opt/airflow/dags/weather_etl.py
[2026-09-23T02:54:39.853+0000] {processor.py:914} INFO - Processing file /opt/airflow/dags/weather_etl.py for tasks to queue
[2026-09-23T02:54:39.856+0000] {logging_mixin.py:190} INFO - [2026-09-23T02:54:39.855+0000] {dagbag.py:587} INFO - Filling up the DagBag from /opt/airflow/dags/weather_etl.py
[2026-09-23T02:54:39.879+0000] {processor.py:925} INFO - DAG(s) 'weather_etl' retrieved from /opt/airflow/dags/weather_etl.py
[2026-09-23T02:54:39.891+0000] {logging_mixin.py:190} INFO - [2026-09-23T02:54:39.890+0000] {dag.py:3229} INFO - Sync 1 DAGs
[2026-09-23T02:54:39.903+0000] {logging_mixin.py:190} INFO - [2026-09-23T02:54:39.903+0000] {dag.py:4156} INFO - Setting next_dagrun for weather_etl to 2026-09-23 02:30:00+00:00, run_after=2026-09-24 02:30:00+00:00
[2026-09-23T02:54:39.912+0000] {processor.py:208} INFO - Processing /opt/airflow/dags/weather_etl.py took 0.076 seconds
[2026-09-23T02:55:10.362+0000] {processor.py:186} INFO - Started process (PID=14455) to work on /opt/airflow/dags/weather_etl.py
[2026-09-23T02:55:10.364+0000] {processor.py:914} INFO - Processing file /opt/airflow/dags/weather_etl.py for tasks to queue
[2026-09-23T02:55:10.369+0000] {logging_mixin.py:190} INFO - [2026-09-23T02:55:10.368+0000] {dagbag.py:587} INFO - Filling up the DagBag from /opt/airflow/dags/weather_etl.py
[2026-09-23T02:55:10.397+0000] {processor.py:925} INFO - DAG(s) 'weather_etl' retrieved from /opt/airflow/dags/weather_etl.py
[2026-09-23T02:55:10.409+0000] {logging_mixin.py:190} INFO - [2026-09-23T02:55:10.409+0000] {dag.py:3229} INFO - Sync 1 DAGs
[2026-09-23T02:55:10.422+0000] {logging_mixin.py:190} INFO - [2026-09-23T02:55:10.422+0000] {dag.py:4156} INFO - Setting next_dagrun for weather_etl to 2026-09-23 02:30:00+00:00, run_after=2026-09-24 02:30:00+00:00
[2026-09-23T02:55:10.430+0000] {processor.py:208} INFO - Processing /opt/airflow/dags/weather_etl.py took 0.077 seconds
[2026-09-23T02:55:40.750+0000] {processor.py:186} INFO - Started process (PID=14466) to work on /opt/airflow/dags/weather_etl.py
[2026-09-23T02:55:40.755+0000] {processor.py:914} INFO - Processing file /opt/airflow/dags/weather_etl.py for tasks to queue
[2026-09-23T02:55:40.760+0000] {logging_mixin.py:190} INFO - [2026-09-23T02:55:40.759+0000] {dagbag.py:587} INFO - Filling up the DagBag from /opt/airflow/dags/weather_etl.py
[2026-09-23T02:55:40.784+0000] {processor.py:925} INFO - DAG(s) 'weather_etl' retrieved from /opt/airflow/dags/weather_etl.py
[2026-09-23T02:55:40.793+0000] {logging_mixin.py:190} INFO - [2026-09-23T02:55:40.793+0000] {dag.py:3229} INFO - Sync 1 DAGs
[2026-09-23T02:55:40.804+0000] {logging_mixin.py:190} INFO - [2026-09-23T02:55:40.804+0000] {dag.py:4156} INFO - Setting next_dagrun for weather_etl to 2026-09-23 02:30:00+00:00, run_after=2026-09-24 02:30:00+00:00
[2026-09-23T02:55:40.814+0000] {processor.py:208} INFO - Processing /opt/airflow/dags/weather_etl.py took 0.074 seconds
[2026-09-23T02:56:11.201+0000] {processor.py:186} INFO - Started process (PID=14477) to work on /opt/airflow/dags/weather_etl.py
[2026-09-23T02:56:11.203+0000] {processor.py:914} INFO - Processing file /opt/airflow/dags/weather_etl.py for tasks to queue
[2026-09-23T02:56:11.207+0000] {logging_mixin.py:190} INFO - [2026-09-23T02:56:11.207+0000] {dagbag.py:587} INFO - Filling up the DagBag from /opt/airflow/dags/weather_etl.py
[2026-09-23T02:56:11.232+0000] {processor.py:925} INFO - DAG(s) 'weather_etl' retrieved from /opt/airflow/dags/weather_etl.py
[2026-09-23T02:56:11.244+0000] {logging_mixin.py:190} INFO - [2026-09-23T02:56:11.243+0000] {dag.py:3229} INFO - Sync 1 DAGs
[2026-09-23T02:56:11.256+0000] {logging_mixin.py:190} INFO - [2026-09-23T02:56:11.256+0000] {dag.py:4156} INFO - Setting next_dagrun for weather_etl to 2026-09-23 02:30:00+00:00, run_after=2026-09-24 02:30:00+00:00
[2026-09-23T02:56:11.263+0000] {processor.py:208} INFO - Processing /opt/airflow/dags/weather_etl.py took 0.072 seconds
[2026-09-23T02:56:41.616+0000] {processor.py:186} INFO - Started process (PID=14488) to work on /opt/airflow/dags/weather_etl.py
[2026-09-23T02:56:41.619+0000] {processor.py:914} INFO - Processing file /opt/airflow/dags/weather_etl.py for tasks to queue
[2026-09-23T02:56:41.622+0000] {logging_mixin.py:190} INFO - [2026-09-23T02:56:41.621+0000] {dagbag.py:587} INFO - Filling up the DagBag from /opt/airflow/dags/weather_etl.py
[2026-09-23T02:56:41.652+0000] {processor.py:925} INFO - DAG(s) 'weather_etl' retrieved from /opt/airflow/dags/weather_etl.py
[2026-09-23T02:56:41.664+0000] {logging_mixin.py:190} INFO - [2026-09-23T02:56:41.664+0000] {dag.py:3229} INFO - Sync 1 DAGs
[2026-09-23T02:56:41.677+0000] {logging_mixin.py:190} INFO - [2026-09-23T02:56:41.677+0000] {dag.py:4156} INFO - Setting next_dagrun for weather_etl to 2026-09-23 02:30:00+00:00, run_after=2026-09-24 02:30:00+00:00
[2026-09-23T02:56:41.684+0000] {processor.py:208} INFO - Processing /opt/airflow/dags/weather_etl.py took 0.075 seconds
[2026-09-23T02:57:12.101+0000] {processor.py:186} INFO - Started process (PID=14499) to work on /opt/airflow/dags/weather_etl.py
[2026-09-23T02:57:12.105+0000] {processor.py:914} INFO - Processing file /opt/airflow/dags/weather_etl.py for tasks to queue
[2026-09-23T02:57:12.109+0000] {logging_mixin.py:190} INFO - [2026-09-23T02:57:12.109+0000] {dagbag.py:587} INFO - Filling up the DagBag from /opt/airflow/dags/weather_etl.py
[2026-09-23T02:57:12.151+0000] {processor.py:925} INFO - DAG(s) 'weather_etl' retrieved from /opt/airflow/dags/weather_etl.py
[2026-09-23T02:57:12.176+0000] {logging_mixin.py:190} INFO - [2026-09-23T02:57:12.176+0000] {dag.py:3229} INFO - Sync 1 DAGs
[2026-09-23T02:57:12.196+0000] {logging_mixin.py:190} INFO - [2026-09-23T02:57:12.196+0000] {dag.py:4156} INFO - Setting next_dagrun for weather_etl to 2026-09-23 02:30:00+00:00, run_after=2026-09-24 02:30:00+00:00
[2026-09-23T02:57:12.219+0000] {processor.py:208} INFO - Processing /opt/airflow/dags/weather_etl.py took 0.129 seconds
[2026-09-23T02:57:42.602+0000] {processor.py:186} INFO - Started process (PID=14510) to work on /opt/airflow/dags/weather_etl.py
[2026-09-23T02:57:42.605+0000] {processor.py:914} INFO - Processing file /opt/airflow/dags/weather_etl.py for tasks to queue
[2026-09-23T02:57:42.609+0000] {logging_mixin.py:190} INFO - [2026-09-23T02:57:42.608+0000] {dagbag.py:587} INFO - Filling up the DagBag from /opt/airflow/dags/weather_etl.py
[2026-09-23T02:57:42.645+0000] {processor.py:925} INFO - DAG(s) 'weather_etl' retrieved from /opt/airflow/dags/weather_etl.py
[2026-09-23T02:57:42.661+0000] {logging_mixin.py:190} INFO - [2026-09-23T02:57:42.660+0000] {dag.py:3229} INFO - Sync 1 DAGs
[2026-09-23T02:57:42.676+0000] {logging_mixin.py:190} INFO - [2026-09-23T02:57:42.676+0000] {dag.py:4156} INFO - Setting next_dagrun for weather_etl to 2026-09-23 02:30:00+00:00, run_after=2026-09-24 02:30:00+00:00
[2026-09-23T02:57:42.684+0000] {processor.py:208} INFO - Processing /opt/airflow/dags/weather_etl.py took 0.092 seconds
[2026-09-23T02:58:13.100+0000] {processor.py:186} INFO - Started process (PID=14521) to work on /opt/airflow/dags/weather_etl.py
[2026-09-23T02:58:13.102+0000] {processor.py:914} INFO - Processing file /opt/airflow/dags/weather_etl.py for tasks to queue
[2026-09-23T02:58:13.106+0000] {logging_mixin.py:190} INFO - [2026-09-23T02:58:13.105+0000] {dagbag.py:587} INFO - Filling up the DagBag from /opt/airflow/dags/weather_etl.py
[2026-09-23T02:58:13.132+0000] {processor.py:925} INFO - DAG(s) 'weather_etl' retrieved from /opt/airflow/dags/weather_etl.py
[2026-09-23T02:58:13.146+0000] {logging_mixin.py:190} INFO - [2026-09-23T02:58:13.145+0000] {dag.py:3229} INFO - Sync 1 DAGs
[2026-09-23T02:58:13.160+0000] {logging_mixin.py:190} INFO - [2026-09-23T02:58:13.160+0000] {dag.py:4156} INFO - Setting next_dagrun for weather_etl to 2026-09-23 02:30:00+00:00, run_after=2026-09-24 02:30:00+00:00
[2026-09-23T02:58:13.168+0000] {processor.py:208} INFO - Processing /opt/airflow/dags/weather_etl.py took 0.076 seconds
[2026-09-23T02:58:43.442+0000] {processor.py:186} INFO - Started process (PID=14532) to work on /opt/airflow/dags/weather_etl.py
[2026-09-23T02:58:43.445+0000] {processor.py:914} INFO - Processing file /opt/airflow/dags/weather_etl.py for tasks to queue
[2026-09-23T02:58:43.446+0000] {logging_mixin.py:190} INFO - [2026-09-23T02:58:43.446+0000] {dagbag.py:587} INFO - Filling up the DagBag from /opt/airflow/dags/weather_etl.py
[2026-09-23T02:58:43.463+0000] {processor.py:925} INFO - DAG(s) 'weather_etl' retrieved from /opt/airflow/dags/weather_etl.py
[2026-09-23T02:58:43.472+0000] {logging_mixin.py:190} INFO - [2026-09-23T02:58:43.471+0000] {dag.py:3229} INFO - Sync 1 DAGs
[2026-09-23T02:58:43.482+0000] {logging_mixin.py:190} INFO - [2026-09-23T02:58:43.482+0000] {dag.py:4156} INFO - Setting next_dagrun for weather_etl to 2026-09-23 02:30:00+00:00, run_after=2026-09-24 02:30:00+00:00
[2026-09-23T02:58:43.489+0000] {processor.py:208} INFO - Processing /opt/airflow/dags/weather_etl.py took 0.053 seconds
[2026-09-23T02:59:13.782+0000] {processor.py:186} INFO - Started process (PID=14543) to work on /opt/airflow/dags/weather_etl.py
[2026-09-23T02:59:13.786+0000] {processor.py:914} INFO - Processing file /opt/airflow/dags/weather_etl.py for tasks to queue
[2026-09-23T02:59:13.787+0000] {logging_mixin.py:190} INFO - [2026-09-23T02:59:13.787+0000] {dagbag.py:587} INFO - Filling up the DagBag from /opt/airflow/dags/weather_etl.py
[2026-09-23T02:59:13.805+0000] {processor.py:925} INFO - DAG(s) 'weather_etl' retrieved from /opt/airflow/dags/weather_etl.py
[2026-09-23T02:59:13.813+0000] {logging_mixin.py:190} INFO - [2026-09-23T02:59:13.813+0000] {dag.py:3229} INFO - Sync 1 DAGs
[2026-09-23T02:59:13.825+0000] {logging_mixin.py:190} INFO - [2026-09-23T02:59:13.825+0000] {dag.py:4156} INFO - Setting next_dagrun for weather_etl to 2026-09-23 02:30:00+00:00, run_after=2026-09-24 02:30:00+00:00
[2026-09-23T02:59:13.831+0000] {processor.py:208} INFO - Processing /opt/airflow/dags/weather_etl.py took 0.058 seconds
[2026-09-23T02:59:44.117+0000] {processor.py:186} INFO - Started process (PID=14554) to work on /opt/airflow/dags/weather_etl.py
[2026-09-23T02:59:44.120+0000] {processor.py:914} INFO - Processing file /opt/airflow/dags/weather_etl.py for tasks to queue
[2026-09-23T02:59:44.122+0000] {logging_mixin.py:190} INFO - [2026-09-23T02:59:44.122+0000] {dagbag.py:587} INFO - Filling up the DagBag from /opt/airflow/dags/weather_etl.py
[2026-09-23T02:59:44.139+0000] {processor.py:925} INFO - DAG(s) 'weather_etl' retrieved from /opt/airflow/dags/weather_etl.py
[2026-09-23T02:59:44.147+0000] {logging_mixin.py:190} INFO - [2026-09-23T02:59:44.147+0000] {dag.py:3229} INFO - Sync 1 DAGs
[2026-09-23T02:59:44.157+0000] {logging_mixin.py:190} INFO - [2026-09-23T02:59:44.157+0000] {dag.py:4156} INFO - Setting next_dagrun for weather_etl to 2026-09-23 02:30:00+00:00, run_after=2026-09-24 02:30:00+00:00
[2026-09-23T02:59:44.163+0000] {processor.py:208} INFO - Processing /opt/airflow/dags/weather_etl.py took 0.051 seconds
[2026-09-23T03:00:14.439+0000] {processor.py:186} INFO - Started process (PID=14565) to work on /opt/airflow/dags/weather_etl.py
[2026-09-23T03:00:14.442+0000] {processor.py:914} INFO - Processing file /opt/airflow/dags/weather_etl.py for tasks to queue
[2026-09-23T03:00:14.444+0000] {logging_mixin.py:190} INFO - [2026-09-23T03:00:14.443+0000] {dagbag.py:587} INFO - Filling up the DagBag from /opt/airflow/dags/weather_etl.py
[2026-09-23T03:00:14.461+0000] {processor.py:925} INFO - DAG(s) 'weather_etl' retrieved from /opt/airflow/dags/weather_etl.py
[2026-09-23T03:00:14.470+0000] {logging_mixin.py:190} INFO - [2026-09-23T03:00:14.469+0000] {dag.py:3229} INFO - Sync 1 DAGs
[2026-09-23T03:00:14.479+0000] {logging_mixin.py:190} INFO - [2026-09-23T03:00:14.479+0000] {dag.py:4156} INFO - Setting next_dagrun for weather_etl to 2026-09-23 02:30:00+00:00, run_after=2026-09-24 02:30:00+00:00
[2026-09-23T03:00:14.486+0000] {processor.py:208} INFO - Processing /opt/airflow/dags/weather_etl.py took 0.052 seconds
[2026-09-23T03:00:44.806+0000] {processor.py:186} INFO - Started process (PID=14576) to work on /opt/airflow/dags/weather_etl.py
[2026-09-23T03:00:44.809+0000] {processor.py:914} INFO - Processing file /opt/airflow/dags/weather_etl.py for tasks to queue
[2026-09-23T03:00:44.811+0000] {logging_mixin.py:190} INFO - [2026-09-23T03:00:44.811+0000] {dagbag.py:587} INFO - Filling up the DagBag from /opt/airflow/dags/weather_etl.py
[2026-09-23T03:00:44.828+0000] {processor.py:925} INFO - DAG(s) 'weather_etl' retrieved from /opt/airflow/dags/weather_etl.py
[2026-09-23T03:00:44.836+0000] {logging_mixin.py:190} INFO - [2026-09-23T03:00:44.836+0000] {dag.py:3229} INFO - Sync 1 DAGs
[2026-09-23T03:00:44.846+0000] {logging_mixin.py:190} INFO - [2026-09-23T03:00:44.845+0000] {dag.py:4156} INFO - Setting next_dagrun for weather_etl to 2026-09-23 02:30:00+00:00, run_after=2026-09-24 02:30:00+00:00
[2026-09-23T03:00:44.852+0000] {processor.py:208} INFO - Processing /opt/airflow/dags/weather_etl.py took 0.051 seconds
[2026-09-23T03:01:15.192+0000] {processor.py:186} INFO - Started process (PID=14587) to work on /opt/airflow/dags/weather_etl.py
[2026-09-23T03:01:15.195+0000] {processor.py:914} INFO - Processing file /opt/airflow/dags/weather_etl.py for tasks to queue
[2026-09-23T03:01:15.198+0000] {logging_mixin.py:190} INFO - [2026-09-23T03:01:15.197+0000] {dagbag.py:587} INFO - Filling up the DagBag from /opt/airflow/dags/weather_etl.py
[2026-09-23T03:01:15.216+0000] {processor.py:925} INFO - DAG(s) 'weather_etl' retrieved from /opt/airflow/dags/weather_etl.py
[2026-09-23T03:01:15.225+0000] {logging_mixin.py:190} INFO - [2026-09-23T03:01:15.224+0000] {dag.py:3229} INFO - Sync 1 DAGs
[2026-09-23T03:01:15.235+0000] {logging_mixin.py:190} INFO - [2026-09-23T03:01:15.235+0000] {dag.py:4156} INFO - Setting next_dagrun for weather_etl to 2026-09-23 02:30:00+00:00, run_after=2026-09-24 02:30:00+00:00
[2026-09-23T03:01:15.241+0000] {processor.py:208} INFO - Processing /opt/airflow/dags/weather_etl.py took 0.055 seconds
[2026-09-23T03:01:45.572+0000] {processor.py:186} INFO - Started process (PID=14598) to work on /opt/airflow/dags/weather_etl.py
[2026-09-23T03:01:45.574+0000] {processor.py:914} INFO - Processing file /opt/airflow/dags/weather_etl.py for tasks to queue
[2026-09-23T03:01:45.578+0000] {logging_mixin.py:190} INFO - [2026-09-23T03:01:45.577+0000] {dagbag.py:587} INFO - Filling up the DagBag from /opt/airflow/dags/weather_etl.py
[2026-09-23T03:01:45.601+0000] {processor.py:925} INFO - DAG(s) 'weather_etl' retrieved from /opt/airflow/dags/weather_etl.py
[2026-09-23T03:01:45.612+0000] {logging_mixin.py:190} INFO - [2026-09-23T03:01:45.612+0000] {dag.py:3229} INFO - Sync 1 DAGs
[2026-09-23T03:01:45.624+0000] {logging_mixin.py:190} INFO - [2026-09-23T03:01:45.624+0000] {dag.py:4156} INFO - Setting next_dagrun for weather_etl to 2026-09-23 02:30:00+00:00, run_after=2026-09-24 02:30:00+00:00
[2026-09-23T03:01:45.631+0000] {processor.py:208} INFO - Processing /opt/airflow/dags/weather_etl.py took 0.068 seconds
[2026-09-23T03:02:15.939+0000] {processor.py:186} INFO - Started process (PID=14609) to work on /opt/airflow/dags/weather_etl.py
[2026-09-23T03:02:15.941+0000] {processor.py:914} INFO - Processing file /opt/airflow/dags/weather_etl.py for tasks to queue
[2026-09-23T03:02:15.943+0000] {logging_mixin.py:190} INFO - [2026-09-23T03:02:15.942+0000] {dagbag.py:587} INFO - Filling up the DagBag from /opt/airflow/dags/weather_etl.py
[2026-09-23T03:02:15.957+0000] {processor.py:925} INFO - DAG(s) 'weather_etl' retrieved from /opt/airflow/dags/weather_etl.py
[2026-09-23T03:02:15.966+0000] {logging_mixin.py:190} INFO - [2026-09-23T03:02:15.965+0000] {dag.py:3229} INFO - Sync 1 DAGs
[2026-09-23T03:02:15.977+0000] {logging_mixin.py:190} INFO - [2026-09-23T03:02:15.977+0000] {dag.py:4156} INFO - Setting next_dagrun for weather_etl to 2026-09-23 02:30:00+00:00, run_after=2026-09-24 02:30:00+00:00
[2026-09-23T03:02:15.986+0000] {processor.py:208} INFO - Processing /opt/airflow/dags/weather_etl.py took 0.051 seconds
[2026-09-23T03:02:46.324+0000] {processor.py:186} INFO - Started process (PID=14620) to work on /opt/airflow/dags/weather_etl.py
[2026-09-23T03:02:46.326+0000] {processor.py:914} INFO - Processing file /opt/airflow/dags/weather_etl.py for tasks to queue
[2026-09-23T03:02:46.327+0000] {logging_mixin.py:190} INFO - [2026-09-23T03:02:46.327+0000] {dagbag.py:587} INFO - Filling up the DagBag from /opt/airflow/dags/weather_etl.py
[2026-09-23T03:02:46.346+0000] {processor.py:925} INFO - DAG(s) 'weather_etl' retrieved from /opt/airflow/dags/weather_etl.py
[2026-09-23T03:02:46.356+0000] {logging_mixin.py:190} INFO - [2026-09-23T03:02:46.356+0000] {dag.py:3229} INFO - Sync 1 DAGs
[2026-09-23T03:02:46.368+0000] {logging_mixin.py:190} INFO - [2026-09-23T03:02:46.367+0000] {dag.py:4156} INFO - Setting next_dagrun for weather_etl to 2026-09-23 02:30:00+00:00, run_after=2026-09-24 02:30:00+00:00
[2026-09-23T03:02:46.374+0000] {processor.py:208} INFO - Processing /opt/airflow/dags/weather_etl.py took 0.056 seconds
[2026-09-23T03:03:16.663+0000] {processor.py:186} INFO - Started process (PID=14631) to work on /opt/airflow/dags/weather_etl.py
[2026-09-23T03:03:16.666+0000] {processor.py:914} INFO - Processing file /opt/airflow/dags/weather_etl.py for tasks to queue
[2026-09-23T03:03:16.669+0000] {logging_mixin.py:190} INFO - [2026-09-23T03:03:16.668+0000] {dagbag.py:587} INFO - Filling up the DagBag from /opt/airflow/dags/weather_etl.py
[2026-09-23T03:03:16.687+0000] {processor.py:925} INFO - DAG(s) 'weather_etl' retrieved from /opt/airflow/dags/weather_etl.py
[2026-09-23T03:03:16.695+0000] {logging_mixin.py:190} INFO - [2026-09-23T03:03:16.695+0000] {dag.py:3229} INFO - Sync 1 DAGs
[2026-09-23T03:03:16.706+0000] {logging_mixin.py:190} INFO - [2026-09-23T03:03:16.705+0000] {dag.py:4156} INFO - Setting next_dagrun for weather_etl to 2026-09-23 02:30:00+00:00, run_after=2026-09-24 02:30:00+00:00
[2026-09-23T03:03:16.711+0000] {processor.py:208} INFO - Processing /opt/airflow/dags/weather_etl.py took 0.055 seconds
[2026-09-23T03:03:47.027+0000] {processor.py:186} INFO - Started process (PID=14642) to work on /opt/airflow/dags/weather_etl.py
[2026-09-23T03:03:47.030+0000] {processor.py:914} INFO - Processing file /opt/airflow/dags/weather_etl.py for tasks to queue
[2026-09-23T03:03:47.032+0000] {logging_mixin.py:190} INFO - [2026-09-23T03:03:47.032+0000] {dagbag.py:587} INFO - Filling up the DagBag from /opt/airflow/dags/weather_etl.py
[2026-09-23T03:03:47.050+0000] {processor.py:925} INFO - DAG(s) 'weather_etl' retrieved from /opt/airflow/dags/weather_etl.py
[2026-09-23T03:03:47.059+0000] {logging_mixin.py:190} INFO - [2026-09-23T03:03:47.058+0000] {dag.py:3229} INFO - Sync 1 DAGs
[2026-09-23T03:03:47.069+0000] {logging_mixin.py:190} INFO - [2026-09-23T03:03:47.069+0000] {dag.py:4156} INFO - Setting next_dagrun for weather_etl to 2026-09-23 02:30:00+00:00, run_after=2026-09-24 02:30:00+00:00
[2026-09-23T03:03:47.078+0000] {processor.py:208} INFO - Processing /opt/airflow/dags/weather_etl.py took 0.056 seconds
[2026-09-23T03:04:17.364+0000] {processor.py:186} INFO - Started process (PID=14653) to work on /opt/airflow/dags/weather_etl.py
[2026-09-23T03:04:17.367+0000] {processor.py:914} INFO - Processing file /opt/airflow/dags/weather_etl.py for tasks to queue
[2026-09-23T03:04:17.370+0000] {logging_mixin.py:190} INFO - [2026-09-23T03:04:17.370+0000] {dagbag.py:587} INFO - Filling up the DagBag from /opt/airflow/dags/weather_etl.py
[2026-09-23T03:04:17.394+0000] {processor.py:925} INFO - DAG(s) 'weather_etl' retrieved from /opt/airflow/dags/weather_etl.py
[2026-09-23T03:04:17.405+0000] {logging_mixin.py:190} INFO - [2026-09-23T03:04:17.405+0000] {dag.py:3229} INFO - Sync 1 DAGs
[2026-09-23T03:04:17.417+0000] {logging_mixin.py:190} INFO - [2026-09-23T03:04:17.417+0000] {dag.py:4156} INFO - Setting next_dagrun for weather_etl to 2026-09-23 02:30:00+00:00, run_after=2026-09-24 02:30:00+00:00
[2026-09-23T03:04:17.425+0000] {processor.py:208} INFO - Processing /opt/airflow/dags/weather_etl.py took 0.071 seconds
[2026-09-23T03:04:47.769+0000] {processor.py:186} INFO - Started process (PID=14664) to work on /opt/airflow/dags/weather_etl.py
[2026-09-23T03:04:47.772+0000] {processor.py:914} INFO - Processing file /opt/airflow/dags/weather_etl.py for tasks to queue
[2026-09-23T03:04:47.774+0000] {logging_mixin.py:190} INFO - [2026-09-23T03:04:47.774+0000] {dagbag.py:587} INFO - Filling up the DagBag from /opt/airflow/dags/weather_etl.py
[2026-09-23T03:04:47.794+0000] {processor.py:925} INFO - DAG(s) 'weather_etl' retrieved from /opt/airflow/dags/weather_etl.py
[2026-09-23T03:04:47.803+0000] {logging_mixin.py:190} INFO - [2026-09-23T03:04:47.802+0000] {dag.py:3229} INFO - Sync 1 DAGs
[2026-09-23T03:04:47.813+0000] {logging_mixin.py:190} INFO - [2026-09-23T03:04:47.813+0000] {dag.py:4156} INFO - Setting next_dagrun for weather_etl to 2026-09-23 02:30:00+00:00, run_after=2026-09-24 02:30:00+00:00
[2026-09-23T03:04:47.819+0000] {processor.py:208} INFO - Processing /opt/airflow/dags/weather_etl.py took 0.057 seconds
[2026-09-23T03:05:18.115+0000] {processor.py:186} INFO - Started process (PID=14675) to work on /opt/airflow/dags/weather_etl.py
[2026-09-23T03:05:18.117+0000] {processor.py:914} INFO - Processing file /opt/airflow/dags/weather_etl.py for tasks to queue
[2026-09-23T03:05:18.119+0000] {logging_mixin.py:190} INFO - [2026-09-23T03:05:18.119+0000] {dagbag.py:587} INFO - Filling up the DagBag from /opt/airflow/dags/weather_etl.py
[2026-09-23T03:05:18.136+0000] {processor.py:925} INFO - DAG(s) 'weather_etl' retrieved from /opt/airflow/dags/weather_etl.py
[2026-09-23T03:05:18.147+0000] {logging_mixin.py:190} INFO - [2026-09-23T03:05:18.146+0000] {dag.py:3229} INFO - Sync 1 DAGs
[2026-09-23T03:05:18.159+0000] {logging_mixin.py:190} INFO - [2026-09-23T03:05:18.159+0000] {dag.py:4156} INFO - Setting next_dagrun for weather_etl to 2026-09-23 02:30:00+00:00, run_after=2026-09-24 02:30:00+00:00
[2026-09-23T03:05:18.167+0000] {processor.py:208} INFO - Processing /opt/airflow/dags/weather_etl.py took 0.058 seconds
[2026-09-23T03:05:48.500+0000] {processor.py:186} INFO - Started process (PID=14686) to work on /opt/airflow/dags/weather_etl.py
[2026-09-23T03:05:48.503+0000] {processor.py:914} INFO - Processing file /opt/airflow/dags/weather_etl.py for tasks to queue
[2026-09-23T03:05:48.506+0000] {logging_mixin.py:190} INFO - [2026-09-23T03:05:48.505+0000] {dagbag.py:587} INFO - Filling up the DagBag from /opt/airflow/dags/weather_etl.py
[2026-09-23T03:05:48.525+0000] {processor.py:925} INFO - DAG(s) 'weather_etl' retrieved from /opt/airflow/dags/weather_etl.py
[2026-09-23T03:05:48.534+0000] {logging_mixin.py:190} INFO - [2026-09-23T03:05:48.534+0000] {dag.py:3229} INFO - Sync 1 DAGs
[2026-09-23T03:05:48.545+0000] {logging_mixin.py:190} INFO - [2026-09-23T03:05:48.545+0000] {dag.py:4156} INFO - Setting next_dagrun for weather_etl to 2026-09-23 02:30:00+00:00, run_after=2026-09-24 02:30:00+00:00
[2026-09-23T03:05:48.552+0000] {processor.py:208} INFO - Processing /opt/airflow/dags/weather_etl.py took 0.059 seconds
[2026-09-23T03:06:18.862+0000] {processor.py:186} INFO - Started process (PID=14697) to work on /opt/airflow/dags/weather_etl.py
[2026-09-23T03:06:18.864+0000] {processor.py:914} INFO - Processing file /opt/airflow/dags/weather_etl.py for tasks to queue
[2026-09-23T03:06:18.866+0000] {logging_mixin.py:190} INFO - [2026-09-23T03:06:18.866+0000] {dagbag.py:587} INFO - Filling up the DagBag from /opt/airflow/dags/weather_etl.py
[2026-09-23T03:06:18.883+0000] {processor.py:925} INFO - DAG(s) 'weather_etl' retrieved from /opt/airflow/dags/weather_etl.py
[2026-09-23T03:06:18.892+0000] {logging_mixin.py:190} INFO - [2026-09-23T03:06:18.892+0000] {dag.py:3229} INFO - Sync 1 DAGs
[2026-09-23T03:06:18.903+0000] {logging_mixin.py:190} INFO - [2026-09-23T03:06:18.903+0000] {dag.py:4156} INFO - Setting next_dagrun for weather_etl to 2026-09-23 02:30:00+00:00, run_after=2026-09-24 02:30:00+00:00
[2026-09-23T03:06:18.910+0000] {processor.py:208} INFO - Processing /opt/airflow/dags/weather_etl.py took 0.053 seconds
[2026-09-23T03:06:49.214+0000] {processor.py:186} INFO - Started process (PID=14708) to work on /opt/airflow/dags/weather_etl.py
[2026-09-23T03:06:49.217+0000] {processor.py:914} INFO - Processing file /opt/airflow/dags/weather_etl.py for tasks to queue
[2026-09-23T03:06:49.220+0000] {logging_mixin.py:190} INFO - [2026-09-23T03:06:49.219+0000] {dagbag.py:587} INFO - Filling up the DagBag from /opt/airflow/dags/weather_etl.py
[2026-09-23T03:06:49.237+0000] {processor.py:925} INFO - DAG(s) 'weather_etl' retrieved from /opt/airflow/dags/weather_etl.py
[2026-09-23T03:06:49.246+0000] {logging_mixin.py:190} INFO - [2026-09-23T03:06:49.246+0000] {dag.py:3229} INFO - Sync 1 DAGs
[2026-09-23T03:06:49.256+0000] {logging_mixin.py:190} INFO - [2026-09-23T03:06:49.256+0000] {dag.py:4156} INFO - Setting next_dagrun for weather_etl to 2026-09-23 02:30:00+00:00, run_after=2026-09-24 02:30:00+00:00
[2026-09-23T03:06:49.262+0000] {processor.py:208} INFO - Processing /opt/airflow/dags/weather_etl.py took 0.053 seconds
[2026-09-23T03:07:19.585+0000] {processor.py:186} INFO - Started process (PID=14719) to work on /opt/airflow/dags/weather_etl.py
[2026-09-23T03:07:19.587+0000] {processor.py:914} INFO - Processing file /opt/airflow/dags/weather_etl.py for tasks to queue
[2026-09-23T03:07:19.589+0000] {logging_mixin.py:190} INFO - [2026-09-23T03:07:19.589+0000] {dagbag.py:587} INFO - Filling up the DagBag from /opt/airflow/dags/weather_etl.py
[2026-09-23T03:07:19.607+0000] {processor.py:925} INFO - DAG(s) 'weather_etl' retrieved from /opt/airflow/dags/weather_etl.py
[2026-09-23T03:07:19.616+0000] {logging_mixin.py:190} INFO - [2026-09-23T03:07:19.615+0000] {dag.py:3229} INFO - Sync 1 DAGs
[2026-09-23T03:07:19.627+0000] {logging_mixin.py:190} INFO - [2026-09-23T03:07:19.627+0000] {dag.py:4156} INFO - Setting next_dagrun for weather_etl to 2026-09-23 02:30:00+00:00, run_after=2026-09-24 02:30:00+00:00
[2026-09-23T03:07:19.633+0000] {processor.py:208} INFO - Processing /opt/airflow/dags/weather_etl.py took 0.054 seconds
[2026-09-23T03:07:49.944+0000] {processor.py:186} INFO - Started process (PID=14730) to work on /opt/airflow/dags/weather_etl.py
[2026-09-23T03:07:49.946+0000] {processor.py:914} INFO - Processing file /opt/airflow/dags/weather_etl.py for tasks to queue
[2026-09-23T03:07:49.949+0000] {logging_mixin.py:190} INFO - [2026-09-23T03:07:49.948+0000] {dagbag.py:587} INFO - Filling up the DagBag from /opt/airflow/dags/weather_etl.py
[2026-09-23T03:07:49.963+0000] {processor.py:925} INFO - DAG(s) 'weather_etl' retrieved from /opt/airflow/dags/weather_etl.py
[2026-09-23T03:07:49.972+0000] {logging_mixin.py:190} INFO - [2026-09-23T03:07:49.971+0000] {dag.py:3229} INFO - Sync 1 DAGs
[2026-09-23T03:07:49.981+0000] {logging_mixin.py:190} INFO - [2026-09-23T03:07:49.981+0000] {dag.py:4156} INFO - Setting next_dagrun for weather_etl to 2026-09-23 02:30:00+00:00, run_after=2026-09-24 02:30:00+00:00
[2026-09-23T03:07:49.988+0000] {processor.py:208} INFO - Processing /opt/airflow/dags/weather_etl.py took 0.050 seconds
[2026-09-23T03:08:20.292+0000] {processor.py:186} INFO - Started process (PID=14741) to work on /opt/airflow/dags/weather_etl.py
[2026-09-23T03:08:20.293+0000] {processor.py:914} INFO - Processing file /opt/airflow/dags/weather_etl.py for tasks to queue
[2026-09-23T03:08:20.297+0000] {logging_mixin.py:190} INFO - [2026-09-23T03:08:20.296+0000] {dagbag.py:587} INFO - Filling up the DagBag from /opt/airflow/dags/weather_etl.py
[2026-09-23T03:08:20.321+0000] {processor.py:925} INFO - DAG(s) 'weather_etl' retrieved from /opt/airflow/dags/weather_etl.py
[2026-09-23T03:08:20.331+0000] {logging_mixin.py:190} INFO - [2026-09-23T03:08:20.331+0000] {dag.py:3229} INFO - Sync 1 DAGs
[2026-09-23T03:08:20.341+0000] {logging_mixin.py:190} INFO - [2026-09-23T03:08:20.341+0000] {dag.py:4156} INFO - Setting next_dagrun for weather_etl to 2026-09-23 02:30:00+00:00, run_after=2026-09-24 02:30:00+00:00
[2026-09-23T03:08:20.348+0000] {processor.py:208} INFO - Processing /opt/airflow/dags/weather_etl.py took 0.063 seconds
[2026-09-23T03:08:50.645+0000] {processor.py:186} INFO - Started process (PID=14752) to work on /opt/airflow/dags/weather_etl.py
[2026-09-23T03:08:50.648+0000] {processor.py:914} INFO - Processing file /opt/airflow/dags/weather_etl.py for tasks to queue
[2026-09-23T03:08:50.651+0000] {logging_mixin.py:190} INFO - [2026-09-23T03:08:50.651+0000] {dagbag.py:587} INFO - Filling up the DagBag from /opt/airflow/dags/weather_etl.py
[2026-09-23T03:08:50.670+0000] {processor.py:925} INFO - DAG(s) 'weather_etl' retrieved from /opt/airflow/dags/weather_etl.py
[2026-09-23T03:08:50.679+0000] {logging_mixin.py:190} INFO - [2026-09-23T03:08:50.679+0000] {dag.py:3229} INFO - Sync 1 DAGs
[2026-09-23T03:08:50.692+0000] {logging_mixin.py:190} INFO - [2026-09-23T03:08:50.692+0000] {dag.py:4156} INFO - Setting next_dagrun for weather_etl to 2026-09-23 02:30:00+00:00, run_after=2026-09-24 02:30:00+00:00
[2026-09-23T03:08:50.699+0000] {processor.py:208} INFO - Processing /opt/airflow/dags/weather_etl.py took 0.063 seconds
[2026-09-23T03:09:20.981+0000] {processor.py:186} INFO - Started process (PID=14763) to work on /opt/airflow/dags/weather_etl.py
[2026-09-23T03:09:20.983+0000] {processor.py:914} INFO - Processing file /opt/airflow/dags/weather_etl.py for tasks to queue
[2026-09-23T03:09:20.985+0000] {logging_mixin.py:190} INFO - [2026-09-23T03:09:20.985+0000] {dagbag.py:587} INFO - Filling up the DagBag from /opt/airflow/dags/weather_etl.py
[2026-09-23T03:09:21.003+0000] {processor.py:925} INFO - DAG(s) 'weather_etl' retrieved from /opt/airflow/dags/weather_etl.py
[2026-09-23T03:09:21.011+0000] {logging_mixin.py:190} INFO - [2026-09-23T03:09:21.011+0000] {dag.py:3229} INFO - Sync 1 DAGs
[2026-09-23T03:09:21.020+0000] {logging_mixin.py:190} INFO - [2026-09-23T03:09:21.020+0000] {dag.py:4156} INFO - Setting next_dagrun for weather_etl to 2026-09-23 02:30:00+00:00, run_after=2026-09-24 02:30:00+00:00
[2026-09-23T03:09:21.027+0000] {processor.py:208} INFO - Processing /opt/airflow/dags/weather_etl.py took 0.052 seconds
[2026-09-23T03:09:51.357+0000] {processor.py:186} INFO - Started process (PID=14774) to work on /opt/airflow/dags/weather_etl.py
[2026-09-23T03:09:51.359+0000] {processor.py:914} INFO - Processing file /opt/airflow/dags/weather_etl.py for tasks to queue
[2026-09-23T03:09:51.361+0000] {logging_mixin.py:190} INFO - [2026-09-23T03:09:51.361+0000] {dagbag.py:587} INFO - Filling up the DagBag from /opt/airflow/dags/weather_etl.py
[2026-09-23T03:09:51.379+0000] {processor.py:925} INFO - DAG(s) 'weather_etl' retrieved from /opt/airflow/dags/weather_etl.py
[2026-09-23T03:09:51.386+0000] {logging_mixin.py:190} INFO - [2026-09-23T03:09:51.386+0000] {dag.py:3229} INFO - Sync 1 DAGs
[2026-09-23T03:09:51.396+0000] {logging_mixin.py:190} INFO - [2026-09-23T03:09:51.396+0000] {dag.py:4156} INFO - Setting next_dagrun for weather_etl to 2026-09-23 02:30:00+00:00, run_after=2026-09-24 02:30:00+00:00
[2026-09-23T03:09:51.403+0000] {processor.py:208} INFO - Processing /opt/airflow/dags/weather_etl.py took 0.051 seconds
[2026-09-23T03:10:21.721+0000] {processor.py:186} INFO - Started process (PID=14785) to work on /opt/airflow/dags/weather_etl.py
[2026-09-23T03:10:21.723+0000] {processor.py:914} INFO - Processing file /opt/airflow/dags/weather_etl.py for tasks to queue
[2026-09-23T03:10:21.725+0000] {logging_mixin.py:190} INFO - [2026-09-23T03:10:21.725+0000] {dagbag.py:587} INFO - Filling up the DagBag from /opt/airflow/dags/weather_etl.py
[2026-09-23T03:10:21.743+0000] {processor.py:925} INFO - DAG(s) 'weather_etl' retrieved from /opt/airflow/dags/weather_etl.py
[2026-09-23T03:10:21.751+0000] {logging_mixin.py:190} INFO - [2026-09-23T03:10:21.751+0000] {dag.py:3229} INFO - Sync 1 DAGs
[2026-09-23T03:10:21.761+0000] {logging_mixin.py:190} INFO - [2026-09-23T03:10:21.761+0000] {dag.py:4156} INFO - Setting next_dagrun for weather_etl to 2026-09-23 02:30:00+00:00, run_after=2026-09-24 02:30:00+00:00
[2026-09-23T03:10:21.768+0000] {processor.py:208} INFO - Processing /opt/airflow/dags/weather_etl.py took 0.052 seconds
[2026-09-23T03:10:52.060+0000] {processor.py:186} INFO - Started process (PID=14796) to work on /opt/airflow/dags/weather_etl.py
[2026-09-23T03:10:52.063+0000] {processor.py:914} INFO - Processing file /opt/airflow/dags/weather_etl.py for tasks to queue
[2026-09-23T03:10:52.067+0000] {logging_mixin.py:190} INFO - [2026-09-23T03:10:52.066+0000] {dagbag.py:587} INFO - Filling up the DagBag from /opt/airflow/dags/weather_etl.py
[2026-09-23T03:10:52.091+0000] {processor.py:925} INFO - DAG(s) 'weather_etl' retrieved from /opt/airflow/dags/weather_etl.py
[2026-09-23T03:10:52.101+0000] {logging_mixin.py:190} INFO - [2026-09-23T03:10:52.100+0000] {dag.py:3229} INFO - Sync 1 DAGs
[2026-09-23T03:10:52.111+0000] {logging_mixin.py:190} INFO - [2026-09-23T03:10:52.111+0000] {dag.py:4156} INFO - Setting next_dagrun for weather_etl to 2026-09-23 02:30:00+00:00, run_after=2026-09-24 02:30:00+00:00
[2026-09-23T03:10:52.118+0000] {processor.py:208} INFO - Processing /opt/airflow/dags/weather_etl.py took 0.065 seconds
[2026-09-23T03:11:22.405+0000] {processor.py:186} INFO - Started process (PID=14807) to work on /opt/airflow/dags/weather_etl.py
[2026-09-23T03:11:22.407+0000] {processor.py:914} INFO - Processing file /opt/airflow/dags/weather_etl.py for tasks to queue
[2026-09-23T03:11:22.409+0000] {logging_mixin.py:190} INFO - [2026-09-23T03:11:22.409+0000] {dagbag.py:587} INFO - Filling up the DagBag from /opt/airflow/dags/weather_etl.py
[2026-09-23T03:11:22.427+0000] {processor.py:925} INFO - DAG(s) 'weather_etl' retrieved from /opt/airflow/dags/weather_etl.py
[2026-09-23T03:11:22.436+0000] {logging_mixin.py:190} INFO - [2026-09-23T03:11:22.436+0000] {dag.py:3229} INFO - Sync 1 DAGs
[2026-09-23T03:11:22.447+0000] {logging_mixin.py:190} INFO - [2026-09-23T03:11:22.447+0000] {dag.py:4156} INFO - Setting next_dagrun for weather_etl to 2026-09-23 02:30:00+00:00, run_after=2026-09-24 02:30:00+00:00
[2026-09-23T03:11:22.453+0000] {processor.py:208} INFO - Processing /opt/airflow/dags/weather_etl.py took 0.054 seconds
[2026-09-23T03:11:52.775+0000] {processor.py:186} INFO - Started process (PID=14818) to work on /opt/airflow/dags/weather_etl.py
[2026-09-23T03:11:52.778+0000] {processor.py:914} INFO - Processing file /opt/airflow/dags/weather_etl.py for tasks to queue
[2026-09-23T03:11:52.781+0000] {logging_mixin.py:190} INFO - [2026-09-23T03:11:52.781+0000] {dagbag.py:587} INFO - Filling up the DagBag from /opt/airflow/dags/weather_etl.py
[2026-09-23T03:11:52.799+0000] {processor.py:925} INFO - DAG(s) 'weather_etl' retrieved from /opt/airflow/dags/weather_etl.py
[2026-09-23T03:11:52.808+0000] {logging_mixin.py:190} INFO - [2026-09-23T03:11:52.808+0000] {dag.py:3229} INFO - Sync 1 DAGs
[2026-09-23T03:11:52.821+0000] {logging_mixin.py:190} INFO - [2026-09-23T03:11:52.820+0000] {dag.py:4156} INFO - Setting next_dagrun for weather_etl to 2026-09-23 02:30:00+00:00, run_after=2026-09-24 02:30:00+00:00
[2026-09-23T03:11:52.828+0000] {processor.py:208} INFO - Processing /opt/airflow/dags/weather_etl.py took 0.062 seconds
[2026-09-23T03:12:23.148+0000] {processor.py:186} INFO - Started process (PID=14829) to work on /opt/airflow/dags/weather_etl.py
[2026-09-23T03:12:23.150+0000] {processor.py:914} INFO - Processing file /opt/airflow/dags/weather_etl.py for tasks to queue
[2026-09-23T03:12:23.152+0000] {logging_mixin.py:190} INFO - [2026-09-23T03:12:23.151+0000] {dagbag.py:587} INFO - Filling up the DagBag from /opt/airflow/dags/weather_etl.py
[2026-09-23T03:12:23.169+0000] {processor.py:925} INFO - DAG(s) 'weather_etl' retrieved from /opt/airflow/dags/weather_etl.py
[2026-09-23T03:12:23.178+0000] {logging_mixin.py:190} INFO - [2026-09-23T03:12:23.178+0000] {dag.py:3229} INFO - Sync 1 DAGs
[2026-09-23T03:12:23.187+0000] {logging_mixin.py:190} INFO - [2026-09-23T03:12:23.187+0000] {dag.py:4156} INFO - Setting next_dagrun for weather_etl to 2026-09-23 02:30:00+00:00, run_after=2026-09-24 02:30:00+00:00
[2026-09-23T03:12:23.194+0000] {processor.py:208} INFO - Processing /opt/airflow/dags/weather_etl.py took 0.051 seconds
[2026-09-23T03:12:53.475+0000] {processor.py:186} INFO - Started process (PID=14840) to work on /opt/airflow/dags/weather_etl.py
[2026-09-23T03:12:53.478+0000] {processor.py:914} INFO - Processing file /opt/airflow/dags/weather_etl.py for tasks to queue
[2026-09-23T03:12:53.480+0000] {logging_mixin.py:190} INFO - [2026-09-23T03:12:53.480+0000] {dagbag.py:587} INFO - Filling up the DagBag from /opt/airflow/dags/weather_etl.py
[2026-09-23T03:12:53.499+0000] {processor.py:925} INFO - DAG(s) 'weather_etl' retrieved from /opt/airflow/dags/weather_etl.py
[2026-09-23T03:12:53.508+0000] {logging_mixin.py:190} INFO - [2026-09-23T03:12:53.508+0000] {dag.py:3229} INFO - Sync 1 DAGs
[2026-09-23T03:12:53.519+0000] {logging_mixin.py:190} INFO - [2026-09-23T03:12:53.519+0000] {dag.py:4156} INFO - Setting next_dagrun for weather_etl to 2026-09-23 02:30:00+00:00, run_after=2026-09-24 02:30:00+00:00
[2026-09-23T03:12:53.526+0000] {processor.py:208} INFO - Processing /opt/airflow/dags/weather_etl.py took 0.056 seconds
[2026-09-23T03:13:23.819+0000] {processor.py:186} INFO - Started process (PID=14851) to work on /opt/airflow/dags/weather_etl.py
[2026-09-23T03:13:23.822+0000] {processor.py:914} INFO - Processing file /opt/airflow/dags/weather_etl.py for tasks to queue
[2026-09-23T03:13:23.824+0000] {logging_mixin.py:190} INFO - [2026-09-23T03:13:23.823+0000] {dagbag.py:587} INFO - Filling up the DagBag from /opt/airflow/dags/weather_etl.py
[2026-09-23T03:13:23.842+0000] {processor.py:925} INFO - DAG(s) 'weather_etl' retrieved from /opt/airflow/dags/weather_etl.py
[2026-09-23T03:13:23.850+0000] {logging_mixin.py:190} INFO - [2026-09-23T03:13:23.850+0000] {dag.py:3229} INFO - Sync 1 DAGs
[2026-09-23T03:13:23.860+0000] {logging_mixin.py:190} INFO - [2026-09-23T03:13:23.860+0000] {dag.py:4156} INFO - Setting next_dagrun for weather_etl to 2026-09-23 02:30:00+00:00, run_after=2026-09-24 02:30:00+00:00
[2026-09-23T03:13:23.866+0000] {processor.py:208} INFO - Processing /opt/airflow/dags/weather_etl.py took 0.053 seconds
[2026-09-23T03:13:54.182+0000] {processor.py:186} INFO - Started process (PID=14862) to work on /opt/airflow/dags/weather_etl.py
[2026-09-23T03:13:54.184+0000] {processor.py:914} INFO - Processing file /opt/airflow/dags/weather_etl.py for tasks to queue
[2026-09-23T03:13:54.186+0000] {logging_mixin.py:190} INFO - [2026-09-23T03:13:54.185+0000] {dagbag.py:587} INFO - Filling up the DagBag from /opt/airflow/dags/weather_etl.py
[2026-09-23T03:13:54.200+0000] {processor.py:925} INFO - DAG(s) 'weather_etl' retrieved from /opt/airflow/dags/weather_etl.py
[2026-09-23T03:13:54.207+0000] {logging_mixin.py:190} INFO - [2026-09-23T03:13:54.207+0000] {dag.py:3229} INFO - Sync 1 DAGs
[2026-09-23T03:13:54.217+0000] {logging_mixin.py:190} INFO - [2026-09-23T03:13:54.217+0000] {dag.py:4156} INFO - Setting next_dagrun for weather_etl to 2026-09-23 02:30:00+00:00, run_after=2026-09-24 02:30:00+00:00
[2026-09-23T03:13:54.224+0000] {processor.py:208} INFO - Processing /opt/airflow/dags/weather_etl.py took 0.045 seconds
[2026-09-23T03:14:24.520+0000] {processor.py:186} INFO - Started process (PID=14873) to work on /opt/airflow/dags/weather_etl.py
[2026-09-23T03:14:24.522+0000] {processor.py:914} INFO - Processing file /opt/airflow/dags/weather_etl.py for tasks to queue
[2026-09-23T03:14:24.524+0000] {logging_mixin.py:190} INFO - [2026-09-23T03:14:24.524+0000] {dagbag.py:587} INFO - Filling up the DagBag from /opt/airflow/dags/weather_etl.py
[2026-09-23T03:14:24.543+0000] {processor.py:925} INFO - DAG(s) 'weather_etl' retrieved from /opt/airflow/dags/weather_etl.py
[2026-09-23T03:14:24.552+0000] {logging_mixin.py:190} INFO - [2026-09-23T03:14:24.552+0000] {dag.py:3229} INFO - Sync 1 DAGs
[2026-09-23T03:14:24.562+0000] {logging_mixin.py:190} INFO - [2026-09-23T03:14:24.562+0000] {dag.py:4156} INFO - Setting next_dagrun for weather_etl to 2026-09-23 02:30:00+00:00, run_after=2026-09-24 02:30:00+00:00
[2026-09-23T03:14:24.569+0000] {processor.py:208} INFO - Processing /opt/airflow/dags/weather_etl.py took 0.055 seconds
[2026-09-23T03:14:54.859+0000] {processor.py:186} INFO - Started process (PID=14884) to work on /opt/airflow/dags/weather_etl.py
[2026-09-23T03:14:54.861+0000] {processor.py:914} INFO - Processing file /opt/airflow/dags/weather_etl.py for tasks to queue
[2026-09-23T03:14:54.864+0000] {logging_mixin.py:190} INFO - [2026-09-23T03:14:54.863+0000] {dagbag.py:587} INFO - Filling up the DagBag from /opt/airflow/dags/weather_etl.py
[2026-09-23T03:14:54.879+0000] {processor.py:925} INFO - DAG(s) 'weather_etl' retrieved from /opt/airflow/dags/weather_etl.py
[2026-09-23T03:14:54.888+0000] {logging_mixin.py:190} INFO - [2026-09-23T03:14:54.887+0000] {dag.py:3229} INFO - Sync 1 DAGs
[2026-09-23T03:14:54.898+0000] {logging_mixin.py:190} INFO - [2026-09-23T03:14:54.898+0000] {dag.py:4156} INFO - Setting next_dagrun for weather_etl to 2026-09-23 02:30:00+00:00, run_after=2026-09-24 02:30:00+00:00
[2026-09-23T03:14:54.906+0000] {processor.py:208} INFO - Processing /opt/airflow/dags/weather_etl.py took 0.050 seconds
[2026-09-23T03:15:25.197+0000] {processor.py:186} INFO - Started process (PID=14895) to work on /opt/airflow/dags/weather_etl.py
[2026-09-23T03:15:25.198+0000] {processor.py:914} INFO - Processing file /opt/airflow/dags/weather_etl.py for tasks to queue
[2026-09-23T03:15:25.200+0000] {logging_mixin.py:190} INFO - [2026-09-23T03:15:25.200+0000] {dagbag.py:587} INFO - Filling up the DagBag from /opt/airflow/dags/weather_etl.py
[2026-09-23T03:15:25.214+0000] {processor.py:925} INFO - DAG(s) 'weather_etl' retrieved from /opt/airflow/dags/weather_etl.py
[2026-09-23T03:15:25.224+0000] {logging_mixin.py:190} INFO - [2026-09-23T03:15:25.223+0000] {dag.py:3229} INFO - Sync 1 DAGs
[2026-09-23T03:15:25.235+0000] {logging_mixin.py:190} INFO - [2026-09-23T03:15:25.235+0000] {dag.py:4156} INFO - Setting next_dagrun for weather_etl to 2026-09-23 02:30:00+00:00, run_after=2026-09-24 02:30:00+00:00
[2026-09-23T03:15:25.242+0000] {processor.py:208} INFO - Processing /opt/airflow/dags/weather_etl.py took 0.049 seconds
[2026-09-23T03:15:55.634+0000] {processor.py:186} INFO - Started process (PID=14906) to work on /opt/airflow/dags/weather_etl.py
[2026-09-23T03:15:55.637+0000] {processor.py:914} INFO - Processing file /opt/airflow/dags/weather_etl.py for tasks to queue
[2026-09-23T03:15:55.643+0000] {logging_mixin.py:190} INFO - [2026-09-23T03:15:55.642+0000] {dagbag.py:587} INFO - Filling up the DagBag from /opt/airflow/dags/weather_etl.py
[2026-09-23T03:15:55.704+0000] {processor.py:925} INFO - DAG(s) 'weather_etl' retrieved from /opt/airflow/dags/weather_etl.py
[2026-09-23T03:15:55.719+0000] {logging_mixin.py:190} INFO - [2026-09-23T03:15:55.719+0000] {dag.py:3229} INFO - Sync 1 DAGs
[2026-09-23T03:15:55.736+0000] {logging_mixin.py:190} INFO - [2026-09-23T03:15:55.736+0000] {dag.py:4156} INFO - Setting next_dagrun for weather_etl to 2026-09-23 02:30:00+00:00, run_after=2026-09-24 02:30:00+00:00
[2026-09-23T03:15:55.745+0000] {processor.py:208} INFO - Processing /opt/airflow/dags/weather_etl.py took 0.126 seconds
[2026-09-23T03:16:26.021+0000] {processor.py:186} INFO - Started process (PID=14917) to work on /opt/airflow/dags/weather_etl.py
[2026-09-23T03:16:26.023+0000] {processor.py:914} INFO - Processing file /opt/airflow/dags/weather_etl.py for tasks to queue
[2026-09-23T03:16:26.025+0000] {logging_mixin.py:190} INFO - [2026-09-23T03:16:26.025+0000] {dagbag.py:587} INFO - Filling up the DagBag from /opt/airflow/dags/weather_etl.py
[2026-09-23T03:16:26.044+0000] {processor.py:925} INFO - DAG(s) 'weather_etl' retrieved from /opt/airflow/dags/weather_etl.py
[2026-09-23T03:16:26.052+0000] {logging_mixin.py:190} INFO - [2026-09-23T03:16:26.052+0000] {dag.py:3229} INFO - Sync 1 DAGs
[2026-09-23T03:16:26.063+0000] {logging_mixin.py:190} INFO - [2026-09-23T03:16:26.063+0000] {dag.py:4156} INFO - Setting next_dagrun for weather_etl to 2026-09-23 02:30:00+00:00, run_after=2026-09-24 02:30:00+00:00
[2026-09-23T03:16:26.070+0000] {processor.py:208} INFO - Processing /opt/airflow/dags/weather_etl.py took 0.058 seconds
[2026-09-23T03:16:56.463+0000] {processor.py:186} INFO - Started process (PID=14928) to work on /opt/airflow/dags/weather_etl.py
[2026-09-23T03:16:56.466+0000] {processor.py:914} INFO - Processing file /opt/airflow/dags/weather_etl.py for tasks to queue
[2026-09-23T03:16:56.469+0000] {logging_mixin.py:190} INFO - [2026-09-23T03:16:56.468+0000] {dagbag.py:587} INFO - Filling up the DagBag from /opt/airflow/dags/weather_etl.py
[2026-09-23T03:16:56.487+0000] {processor.py:925} INFO - DAG(s) 'weather_etl' retrieved from /opt/airflow/dags/weather_etl.py
[2026-09-23T03:16:56.495+0000] {logging_mixin.py:190} INFO - [2026-09-23T03:16:56.495+0000] {dag.py:3229} INFO - Sync 1 DAGs
[2026-09-23T03:16:56.505+0000] {logging_mixin.py:190} INFO - [2026-09-23T03:16:56.505+0000] {dag.py:4156} INFO - Setting next_dagrun for weather_etl to 2026-09-23 02:30:00+00:00, run_after=2026-09-24 02:30:00+00:00
[2026-09-23T03:16:56.511+0000] {processor.py:208} INFO - Processing /opt/airflow/dags/weather_etl.py took 0.055 seconds
[2026-09-23T03:17:26.871+0000] {processor.py:186} INFO - Started process (PID=14939) to work on /opt/airflow/dags/weather_etl.py
[2026-09-23T03:17:26.874+0000] {processor.py:914} INFO - Processing file /opt/airflow/dags/weather_etl.py for tasks to queue
[2026-09-23T03:17:26.878+0000] {logging_mixin.py:190} INFO - [2026-09-23T03:17:26.878+0000] {dagbag.py:587} INFO - Filling up the DagBag from /opt/airflow/dags/weather_etl.py
[2026-09-23T03:17:26.905+0000] {processor.py:925} INFO - DAG(s) 'weather_etl' retrieved from /opt/airflow/dags/weather_etl.py
[2026-09-23T03:17:26.918+0000] {logging_mixin.py:190} INFO - [2026-09-23T03:17:26.917+0000] {dag.py:3229} INFO - Sync 1 DAGs
[2026-09-23T03:17:26.930+0000] {logging_mixin.py:190} INFO - [2026-09-23T03:17:26.930+0000] {dag.py:4156} INFO - Setting next_dagrun for weather_etl to 2026-09-23 02:30:00+00:00, run_after=2026-09-24 02:30:00+00:00
[2026-09-23T03:17:26.937+0000] {processor.py:208} INFO - Processing /opt/airflow/dags/weather_etl.py took 0.074 seconds
[2026-09-23T03:17:57.289+0000] {processor.py:186} INFO - Started process (PID=14950) to work on /opt/airflow/dags/weather_etl.py
[2026-09-23T03:17:57.291+0000] {processor.py:914} INFO - Processing file /opt/airflow/dags/weather_etl.py for tasks to queue
[2026-09-23T03:17:57.294+0000] {logging_mixin.py:190} INFO - [2026-09-23T03:17:57.294+0000] {dagbag.py:587} INFO - Filling up the DagBag from /opt/airflow/dags/weather_etl.py
[2026-09-23T03:17:57.324+0000] {processor.py:925} INFO - DAG(s) 'weather_etl' retrieved from /opt/airflow/dags/weather_etl.py
[2026-09-23T03:17:57.341+0000] {logging_mixin.py:190} INFO - [2026-09-23T03:17:57.340+0000] {dag.py:3229} INFO - Sync 1 DAGs
[2026-09-23T03:17:57.359+0000] {logging_mixin.py:190} INFO - [2026-09-23T03:17:57.358+0000] {dag.py:4156} INFO - Setting next_dagrun for weather_etl to 2026-09-23 02:30:00+00:00, run_after=2026-09-24 02:30:00+00:00
[2026-09-23T03:17:57.369+0000] {processor.py:208} INFO - Processing /opt/airflow/dags/weather_etl.py took 0.088 seconds
[2026-09-23T03:18:27.689+0000] {processor.py:186} INFO - Started process (PID=14961) to work on /opt/airflow/dags/weather_etl.py
[2026-09-23T03:18:27.692+0000] {processor.py:914} INFO - Processing file /opt/airflow/dags/weather_etl.py for tasks to queue
[2026-09-23T03:18:27.695+0000] {logging_mixin.py:190} INFO - [2026-09-23T03:18:27.695+0000] {dagbag.py:587} INFO - Filling up the DagBag from /opt/airflow/dags/weather_etl.py
[2026-09-23T03:18:27.721+0000] {processor.py:925} INFO - DAG(s) 'weather_etl' retrieved from /opt/airflow/dags/weather_etl.py
[2026-09-23T03:18:27.732+0000] {logging_mixin.py:190} INFO - [2026-09-23T03:18:27.732+0000] {dag.py:3229} INFO - Sync 1 DAGs
[2026-09-23T03:18:27.746+0000] {logging_mixin.py:190} INFO - [2026-09-23T03:18:27.746+0000] {dag.py:4156} INFO - Setting next_dagrun for weather_etl to 2026-09-23 02:30:00+00:00, run_after=2026-09-24 02:30:00+00:00
[2026-09-23T03:18:27.755+0000] {processor.py:208} INFO - Processing /opt/airflow/dags/weather_etl.py took 0.074 seconds
[2026-09-23T03:18:58.079+0000] {processor.py:186} INFO - Started process (PID=14972) to work on /opt/airflow/dags/weather_etl.py
[2026-09-23T03:18:58.082+0000] {processor.py:914} INFO - Processing file /opt/airflow/dags/weather_etl.py for tasks to queue
[2026-09-23T03:18:58.084+0000] {logging_mixin.py:190} INFO - [2026-09-23T03:18:58.084+0000] {dagbag.py:587} INFO - Filling up the DagBag from /opt/airflow/dags/weather_etl.py
[2026-09-23T03:18:58.101+0000] {processor.py:925} INFO - DAG(s) 'weather_etl' retrieved from /opt/airflow/dags/weather_etl.py
[2026-09-23T03:18:58.109+0000] {logging_mixin.py:190} INFO - [2026-09-23T03:18:58.109+0000] {dag.py:3229} INFO - Sync 1 DAGs
[2026-09-23T03:18:58.120+0000] {logging_mixin.py:190} INFO - [2026-09-23T03:18:58.120+0000] {dag.py:4156} INFO - Setting next_dagrun for weather_etl to 2026-09-23 02:30:00+00:00, run_after=2026-09-24 02:30:00+00:00
[2026-09-23T03:18:58.128+0000] {processor.py:208} INFO - Processing /opt/airflow/dags/weather_etl.py took 0.056 seconds
[2026-09-23T03:19:28.482+0000] {processor.py:186} INFO - Started process (PID=14983) to work on /opt/airflow/dags/weather_etl.py
[2026-09-23T03:19:28.485+0000] {processor.py:914} INFO - Processing file /opt/airflow/dags/weather_etl.py for tasks to queue
[2026-09-23T03:19:28.489+0000] {logging_mixin.py:190} INFO - [2026-09-23T03:19:28.489+0000] {dagbag.py:587} INFO - Filling up the DagBag from /opt/airflow/dags/weather_etl.py
[2026-09-23T03:19:28.526+0000] {processor.py:925} INFO - DAG(s) 'weather_etl' retrieved from /opt/airflow/dags/weather_etl.py
[2026-09-23T03:19:28.541+0000] {logging_mixin.py:190} INFO - [2026-09-23T03:19:28.541+0000] {dag.py:3229} INFO - Sync 1 DAGs
[2026-09-23T03:19:28.565+0000] {logging_mixin.py:190} INFO - [2026-09-23T03:19:28.565+0000] {dag.py:4156} INFO - Setting next_dagrun for weather_etl to 2026-09-23 02:30:00+00:00, run_after=2026-09-24 02:30:00+00:00
[2026-09-23T03:19:28.575+0000] {processor.py:208} INFO - Processing /opt/airflow/dags/weather_etl.py took 0.102 seconds
[2026-09-23T03:19:58.858+0000] {processor.py:186} INFO - Started process (PID=14994) to work on /opt/airflow/dags/weather_etl.py
[2026-09-23T03:19:58.861+0000] {processor.py:914} INFO - Processing file /opt/airflow/dags/weather_etl.py for tasks to queue
[2026-09-23T03:19:58.863+0000] {logging_mixin.py:190} INFO - [2026-09-23T03:19:58.863+0000] {dagbag.py:587} INFO - Filling up the DagBag from /opt/airflow/dags/weather_etl.py
[2026-09-23T03:19:58.889+0000] {processor.py:925} INFO - DAG(s) 'weather_etl' retrieved from /opt/airflow/dags/weather_etl.py
[2026-09-23T03:19:58.899+0000] {logging_mixin.py:190} INFO - [2026-09-23T03:19:58.898+0000] {dag.py:3229} INFO - Sync 1 DAGs
[2026-09-23T03:19:58.913+0000] {logging_mixin.py:190} INFO - [2026-09-23T03:19:58.913+0000] {dag.py:4156} INFO - Setting next_dagrun for weather_etl to 2026-09-23 02:30:00+00:00, run_after=2026-09-24 02:30:00+00:00
[2026-09-23T03:19:58.920+0000] {processor.py:208} INFO - Processing /opt/airflow/dags/weather_etl.py took 0.070 seconds
[2026-09-23T03:20:29.279+0000] {processor.py:186} INFO - Started process (PID=15005) to work on /opt/airflow/dags/weather_etl.py
[2026-09-23T03:20:29.281+0000] {processor.py:914} INFO - Processing file /opt/airflow/dags/weather_etl.py for tasks to queue
[2026-09-23T03:20:29.284+0000] {logging_mixin.py:190} INFO - [2026-09-23T03:20:29.284+0000] {dagbag.py:587} INFO - Filling up the DagBag from /opt/airflow/dags/weather_etl.py
[2026-09-23T03:20:29.310+0000] {processor.py:925} INFO - DAG(s) 'weather_etl' retrieved from /opt/airflow/dags/weather_etl.py
[2026-09-23T03:20:29.324+0000] {logging_mixin.py:190} INFO - [2026-09-23T03:20:29.324+0000] {dag.py:3229} INFO - Sync 1 DAGs
[2026-09-23T03:20:29.338+0000] {logging_mixin.py:190} INFO - [2026-09-23T03:20:29.338+0000] {dag.py:4156} INFO - Setting next_dagrun for weather_etl to 2026-09-23 02:30:00+00:00, run_after=2026-09-24 02:30:00+00:00
[2026-09-23T03:20:29.346+0000] {processor.py:208} INFO - Processing /opt/airflow/dags/weather_etl.py took 0.074 seconds
[2026-09-23T03:20:59.600+0000] {processor.py:186} INFO - Started process (PID=15016) to work on /opt/airflow/dags/weather_etl.py
[2026-09-23T03:20:59.603+0000] {processor.py:914} INFO - Processing file /opt/airflow/dags/weather_etl.py for tasks to queue
[2026-09-23T03:20:59.607+0000] {logging_mixin.py:190} INFO - [2026-09-23T03:20:59.606+0000] {dagbag.py:587} INFO - Filling up the DagBag from /opt/airflow/dags/weather_etl.py
[2026-09-23T03:20:59.631+0000] {processor.py:925} INFO - DAG(s) 'weather_etl' retrieved from /opt/airflow/dags/weather_etl.py
[2026-09-23T03:20:59.645+0000] {logging_mixin.py:190} INFO - [2026-09-23T03:20:59.644+0000] {dag.py:3229} INFO - Sync 1 DAGs
[2026-09-23T03:20:59.659+0000] {logging_mixin.py:190} INFO - [2026-09-23T03:20:59.658+0000] {dag.py:4156} INFO - Setting next_dagrun for weather_etl to 2026-09-23 02:30:00+00:00, run_after=2026-09-24 02:30:00+00:00
[2026-09-23T03:20:59.668+0000] {processor.py:208} INFO - Processing /opt/airflow/dags/weather_etl.py took 0.074 seconds
