[2026-09-26T00:00:18.852+0000] {processor.py:186} INFO - Started process (PID=4351) to work on /opt/airflow/dags/build_elt_with_dbt.py
[2026-09-26T00:00:18.853+0000] {processor.py:914} INFO - Processing file /opt/airflow/dags/build_elt_with_dbt.py for tasks to queue
[2026-09-26T00:00:18.856+0000] {logging_mixin.py:190} INFO - [2026-09-26T00:00:18.854+0000] {dagbag.py:587} INFO - Filling up the DagBag from /opt/airflow/dags/build_elt_with_dbt.py
[2026-09-26T00:00:18.879+0000] {logging_mixin.py:190} INFO - [2026-09-26T00:00:18.878+0000] {base.py:84} INFO - Retrieving connection 'snowflake_conn'
[2026-09-26T00:00:18.884+0000] {processor.py:925} INFO - DAG(s) 'dbt_weather_analytics' retrieved from /opt/airflow/dags/build_elt_with_dbt.py
[2026-09-26T00:00:18.893+0000] {logging_mixin.py:190} INFO - [2026-09-26T00:00:18.892+0000] {dag.py:3229} INFO - Sync 1 DAGs
[2026-09-26T00:00:18.902+0000] {logging_mixin.py:190} INFO - [2026-09-26T00:00:18.902+0000] {dag.py:4156} INFO - Setting next_dagrun for dbt_weather_analytics to None, run_after=None
[2026-09-26T00:00:18.911+0000] {processor.py:208} INFO - Processing /opt/airflow/dags/build_elt_with_dbt.py took 0.070 seconds
[2026-09-26T00:00:49.302+0000] {processor.py:186} INFO - Started process (PID=4367) to work on /opt/airflow/dags/build_elt_with_dbt.py
[2026-09-26T00:00:49.303+0000] {processor.py:914} INFO - Processing file /opt/airflow/dags/build_elt_with_dbt.py for tasks to queue
[2026-09-26T00:00:49.306+0000] {logging_mixin.py:190} INFO - [2026-09-26T00:00:49.304+0000] {dagbag.py:587} INFO - Filling up the DagBag from /opt/airflow/dags/build_elt_with_dbt.py
[2026-09-26T00:00:49.324+0000] {logging_mixin.py:190} INFO - [2026-09-26T00:00:49.324+0000] {base.py:84} INFO - Retrieving connection 'snowflake_conn'
[2026-09-26T00:00:49.329+0000] {processor.py:925} INFO - DAG(s) 'dbt_weather_analytics' retrieved from /opt/airflow/dags/build_elt_with_dbt.py
[2026-09-26T00:00:49.336+0000] {logging_mixin.py:190} INFO - [2026-09-26T00:00:49.336+0000] {dag.py:3229} INFO - Sync 1 DAGs
[2026-09-26T00:00:49.345+0000] {logging_mixin.py:190} INFO - [2026-09-26T00:00:49.345+0000] {dag.py:4156} INFO - Setting next_dagrun for dbt_weather_analytics to None, run_after=None
[2026-09-26T00:00:49.353+0000] {processor.py:208} INFO - Processing /opt/airflow/dags/build_elt_with_dbt.py took 0.059 seconds
[2026-09-26T00:01:19.719+0000] {processor.py:186} INFO - Started process (PID=4383) to work on /opt/airflow/dags/build_elt_with_dbt.py
[2026-09-26T00:01:19.723+0000] {processor.py:914} INFO - Processing file /opt/airflow/dags/build_elt_with_dbt.py for tasks to queue
[2026-09-26T00:01:19.726+0000] {logging_mixin.py:190} INFO - [2026-09-26T00:01:19.725+0000] {dagbag.py:587} INFO - Filling up the DagBag from /opt/airflow/dags/build_elt_with_dbt.py
[2026-09-26T00:01:19.761+0000] {logging_mixin.py:190} INFO - [2026-09-26T00:01:19.761+0000] {base.py:84} INFO - Retrieving connection 'snowflake_conn'
[2026-09-26T00:01:19.769+0000] {processor.py:925} INFO - DAG(s) 'dbt_weather_analytics' retrieved from /opt/airflow/dags/build_elt_with_dbt.py
[2026-09-26T00:01:19.779+0000] {logging_mixin.py:190} INFO - [2026-09-26T00:01:19.779+0000] {dag.py:3229} INFO - Sync 1 DAGs
[2026-09-26T00:01:19.792+0000] {logging_mixin.py:190} INFO - [2026-09-26T00:01:19.792+0000] {dag.py:4156} INFO - Setting next_dagrun for dbt_weather_analytics to None, run_after=None
[2026-09-26T00:01:19.800+0000] {processor.py:208} INFO - Processing /opt/airflow/dags/build_elt_with_dbt.py took 0.091 seconds
[2026-09-26T00:01:50.215+0000] {processor.py:186} INFO - Started process (PID=4399) to work on /opt/airflow/dags/build_elt_with_dbt.py
[2026-09-26T00:01:50.216+0000] {processor.py:914} INFO - Processing file /opt/airflow/dags/build_elt_with_dbt.py for tasks to queue
[2026-09-26T00:01:50.219+0000] {logging_mixin.py:190} INFO - [2026-09-26T00:01:50.217+0000] {dagbag.py:587} INFO - Filling up the DagBag from /opt/airflow/dags/build_elt_with_dbt.py
[2026-09-26T00:01:50.247+0000] {logging_mixin.py:190} INFO - [2026-09-26T00:01:50.247+0000] {base.py:84} INFO - Retrieving connection 'snowflake_conn'
[2026-09-26T00:01:50.255+0000] {processor.py:925} INFO - DAG(s) 'dbt_weather_analytics' retrieved from /opt/airflow/dags/build_elt_with_dbt.py
[2026-09-26T00:01:50.264+0000] {logging_mixin.py:190} INFO - [2026-09-26T00:01:50.264+0000] {dag.py:3229} INFO - Sync 1 DAGs
[2026-09-26T00:01:50.275+0000] {logging_mixin.py:190} INFO - [2026-09-26T00:01:50.275+0000] {dag.py:4156} INFO - Setting next_dagrun for dbt_weather_analytics to None, run_after=None
[2026-09-26T00:01:50.283+0000] {processor.py:208} INFO - Processing /opt/airflow/dags/build_elt_with_dbt.py took 0.077 seconds
[2026-09-26T00:02:20.676+0000] {processor.py:186} INFO - Started process (PID=4415) to work on /opt/airflow/dags/build_elt_with_dbt.py
[2026-09-26T00:02:20.677+0000] {processor.py:914} INFO - Processing file /opt/airflow/dags/build_elt_with_dbt.py for tasks to queue
[2026-09-26T00:02:20.679+0000] {logging_mixin.py:190} INFO - [2026-09-26T00:02:20.678+0000] {dagbag.py:587} INFO - Filling up the DagBag from /opt/airflow/dags/build_elt_with_dbt.py
[2026-09-26T00:02:20.698+0000] {logging_mixin.py:190} INFO - [2026-09-26T00:02:20.698+0000] {base.py:84} INFO - Retrieving connection 'snowflake_conn'
[2026-09-26T00:02:20.703+0000] {processor.py:925} INFO - DAG(s) 'dbt_weather_analytics' retrieved from /opt/airflow/dags/build_elt_with_dbt.py
[2026-09-26T00:02:20.711+0000] {logging_mixin.py:190} INFO - [2026-09-26T00:02:20.711+0000] {dag.py:3229} INFO - Sync 1 DAGs
[2026-09-26T00:02:20.720+0000] {logging_mixin.py:190} INFO - [2026-09-26T00:02:20.720+0000] {dag.py:4156} INFO - Setting next_dagrun for dbt_weather_analytics to None, run_after=None
[2026-09-26T00:02:20.727+0000] {processor.py:208} INFO - Processing /opt/airflow/dags/build_elt_with_dbt.py took 0.060 seconds
[2026-09-26T00:02:51.170+0000] {processor.py:186} INFO - Started process (PID=4431) to work on /opt/airflow/dags/build_elt_with_dbt.py
[2026-09-26T00:02:51.172+0000] {processor.py:914} INFO - Processing file /opt/airflow/dags/build_elt_with_dbt.py for tasks to queue
[2026-09-26T00:02:51.174+0000] {logging_mixin.py:190} INFO - [2026-09-26T00:02:51.173+0000] {dagbag.py:587} INFO - Filling up the DagBag from /opt/airflow/dags/build_elt_with_dbt.py
[2026-09-26T00:02:51.198+0000] {logging_mixin.py:190} INFO - [2026-09-26T00:02:51.198+0000] {base.py:84} INFO - Retrieving connection 'snowflake_conn'
[2026-09-26T00:02:51.206+0000] {processor.py:925} INFO - DAG(s) 'dbt_weather_analytics' retrieved from /opt/airflow/dags/build_elt_with_dbt.py
[2026-09-26T00:02:51.216+0000] {logging_mixin.py:190} INFO - [2026-09-26T00:02:51.215+0000] {dag.py:3229} INFO - Sync 1 DAGs
[2026-09-26T00:02:51.227+0000] {logging_mixin.py:190} INFO - [2026-09-26T00:02:51.227+0000] {dag.py:4156} INFO - Setting next_dagrun for dbt_weather_analytics to None, run_after=None
[2026-09-26T00:02:51.237+0000] {processor.py:208} INFO - Processing /opt/airflow/dags/build_elt_with_dbt.py took 0.075 seconds
[2026-09-26T00:03:21.653+0000] {processor.py:186} INFO - Started process (PID=4447) to work on /opt/airflow/dags/build_elt_with_dbt.py
[2026-09-26T00:03:21.654+0000] {processor.py:914} INFO - Processing file /opt/airflow/dags/build_elt_with_dbt.py for tasks to queue
[2026-09-26T00:03:21.656+0000] {logging_mixin.py:190} INFO - [2026-09-26T00:03:21.655+0000] {dagbag.py:587} INFO - Filling up the DagBag from /opt/airflow/dags/build_elt_with_dbt.py
[2026-09-26T00:03:21.676+0000] {logging_mixin.py:190} INFO - [2026-09-26T00:03:21.676+0000] {base.py:84} INFO - Retrieving connection 'snowflake_conn'
[2026-09-26T00:03:21.693+0000] {processor.py:925} INFO - DAG(s) 'dbt_weather_analytics' retrieved from /opt/airflow/dags/build_elt_with_dbt.py
[2026-09-26T00:03:21.703+0000] {logging_mixin.py:190} INFO - [2026-09-26T00:03:21.702+0000] {dag.py:3229} INFO - Sync 1 DAGs
[2026-09-26T00:03:21.714+0000] {logging_mixin.py:190} INFO - [2026-09-26T00:03:21.714+0000] {dag.py:4156} INFO - Setting next_dagrun for dbt_weather_analytics to None, run_after=None
[2026-09-26T00:03:21.726+0000] {processor.py:208} INFO - Processing /opt/airflow/dags/build_elt_with_dbt.py took 0.081 seconds
[2026-09-26T00:03:52.122+0000] {processor.py:186} INFO - Started process (PID=4463) to work on /opt/airflow/dags/build_elt_with_dbt.py
[2026-09-26T00:03:52.124+0000] {processor.py:914} INFO - Processing file /opt/airflow/dags/build_elt_with_dbt.py for tasks to queue
[2026-09-26T00:03:52.125+0000] {logging_mixin.py:190} INFO - [2026-09-26T00:03:52.124+0000] {dagbag.py:587} INFO - Filling up the DagBag from /opt/airflow/dags/build_elt_with_dbt.py
[2026-09-26T00:03:52.143+0000] {logging_mixin.py:190} INFO - [2026-09-26T00:03:52.143+0000] {base.py:84} INFO - Retrieving connection 'snowflake_conn'
[2026-09-26T00:03:52.147+0000] {processor.py:925} INFO - DAG(s) 'dbt_weather_analytics' retrieved from /opt/airflow/dags/build_elt_with_dbt.py
[2026-09-26T00:03:52.153+0000] {logging_mixin.py:190} INFO - [2026-09-26T00:03:52.153+0000] {dag.py:3229} INFO - Sync 1 DAGs
[2026-09-26T00:03:52.160+0000] {logging_mixin.py:190} INFO - [2026-09-26T00:03:52.160+0000] {dag.py:4156} INFO - Setting next_dagrun for dbt_weather_analytics to None, run_after=None
[2026-09-26T00:03:52.167+0000] {processor.py:208} INFO - Processing /opt/airflow/dags/build_elt_with_dbt.py took 0.051 seconds
[2026-09-26T00:04:22.563+0000] {processor.py:186} INFO - Started process (PID=4479) to work on /opt/airflow/dags/build_elt_with_dbt.py
[2026-09-26T00:04:22.564+0000] {processor.py:914} INFO - Processing file /opt/airflow/dags/build_elt_with_dbt.py for tasks to queue
[2026-09-26T00:04:22.566+0000] {logging_mixin.py:190} INFO - [2026-09-26T00:04:22.565+0000] {dagbag.py:587} INFO - Filling up the DagBag from /opt/airflow/dags/build_elt_with_dbt.py
[2026-09-26T00:04:22.589+0000] {logging_mixin.py:190} INFO - [2026-09-26T00:04:22.589+0000] {base.py:84} INFO - Retrieving connection 'snowflake_conn'
[2026-09-26T00:04:22.595+0000] {processor.py:925} INFO - DAG(s) 'dbt_weather_analytics' retrieved from /opt/airflow/dags/build_elt_with_dbt.py
[2026-09-26T00:04:22.602+0000] {logging_mixin.py:190} INFO - [2026-09-26T00:04:22.602+0000] {dag.py:3229} INFO - Sync 1 DAGs
[2026-09-26T00:04:22.612+0000] {logging_mixin.py:190} INFO - [2026-09-26T00:04:22.612+0000] {dag.py:4156} INFO - Setting next_dagrun for dbt_weather_analytics to None, run_after=None
[2026-09-26T00:04:22.619+0000] {processor.py:208} INFO - Processing /opt/airflow/dags/build_elt_with_dbt.py took 0.067 seconds
[2026-09-26T00:04:52.998+0000] {processor.py:186} INFO - Started process (PID=4495) to work on /opt/airflow/dags/build_elt_with_dbt.py
[2026-09-26T00:04:52.999+0000] {processor.py:914} INFO - Processing file /opt/airflow/dags/build_elt_with_dbt.py for tasks to queue
[2026-09-26T00:04:53.001+0000] {logging_mixin.py:190} INFO - [2026-09-26T00:04:53.000+0000] {dagbag.py:587} INFO - Filling up the DagBag from /opt/airflow/dags/build_elt_with_dbt.py
[2026-09-26T00:04:53.027+0000] {logging_mixin.py:190} INFO - [2026-09-26T00:04:53.027+0000] {base.py:84} INFO - Retrieving connection 'snowflake_conn'
[2026-09-26T00:04:53.034+0000] {processor.py:925} INFO - DAG(s) 'dbt_weather_analytics' retrieved from /opt/airflow/dags/build_elt_with_dbt.py
[2026-09-26T00:04:53.043+0000] {logging_mixin.py:190} INFO - [2026-09-26T00:04:53.043+0000] {dag.py:3229} INFO - Sync 1 DAGs
[2026-09-26T00:04:53.060+0000] {logging_mixin.py:190} INFO - [2026-09-26T00:04:53.060+0000] {dag.py:4156} INFO - Setting next_dagrun for dbt_weather_analytics to None, run_after=None
[2026-09-26T00:04:53.068+0000] {processor.py:208} INFO - Processing /opt/airflow/dags/build_elt_with_dbt.py took 0.078 seconds
[2026-09-26T00:05:23.440+0000] {processor.py:186} INFO - Started process (PID=4511) to work on /opt/airflow/dags/build_elt_with_dbt.py
[2026-09-26T00:05:23.441+0000] {processor.py:914} INFO - Processing file /opt/airflow/dags/build_elt_with_dbt.py for tasks to queue
[2026-09-26T00:05:23.443+0000] {logging_mixin.py:190} INFO - [2026-09-26T00:05:23.442+0000] {dagbag.py:587} INFO - Filling up the DagBag from /opt/airflow/dags/build_elt_with_dbt.py
[2026-09-26T00:05:23.463+0000] {logging_mixin.py:190} INFO - [2026-09-26T00:05:23.463+0000] {base.py:84} INFO - Retrieving connection 'snowflake_conn'
[2026-09-26T00:05:23.469+0000] {processor.py:925} INFO - DAG(s) 'dbt_weather_analytics' retrieved from /opt/airflow/dags/build_elt_with_dbt.py
[2026-09-26T00:05:23.475+0000] {logging_mixin.py:190} INFO - [2026-09-26T00:05:23.475+0000] {dag.py:3229} INFO - Sync 1 DAGs
[2026-09-26T00:05:23.483+0000] {logging_mixin.py:190} INFO - [2026-09-26T00:05:23.483+0000] {dag.py:4156} INFO - Setting next_dagrun for dbt_weather_analytics to None, run_after=None
[2026-09-26T00:05:23.490+0000] {processor.py:208} INFO - Processing /opt/airflow/dags/build_elt_with_dbt.py took 0.057 seconds
[2026-09-26T00:05:53.884+0000] {processor.py:186} INFO - Started process (PID=4527) to work on /opt/airflow/dags/build_elt_with_dbt.py
[2026-09-26T00:05:53.886+0000] {processor.py:914} INFO - Processing file /opt/airflow/dags/build_elt_with_dbt.py for tasks to queue
[2026-09-26T00:05:53.888+0000] {logging_mixin.py:190} INFO - [2026-09-26T00:05:53.887+0000] {dagbag.py:587} INFO - Filling up the DagBag from /opt/airflow/dags/build_elt_with_dbt.py
[2026-09-26T00:05:53.908+0000] {logging_mixin.py:190} INFO - [2026-09-26T00:05:53.908+0000] {base.py:84} INFO - Retrieving connection 'snowflake_conn'
[2026-09-26T00:05:53.913+0000] {processor.py:925} INFO - DAG(s) 'dbt_weather_analytics' retrieved from /opt/airflow/dags/build_elt_with_dbt.py
[2026-09-26T00:05:53.921+0000] {logging_mixin.py:190} INFO - [2026-09-26T00:05:53.920+0000] {dag.py:3229} INFO - Sync 1 DAGs
[2026-09-26T00:05:53.929+0000] {logging_mixin.py:190} INFO - [2026-09-26T00:05:53.929+0000] {dag.py:4156} INFO - Setting next_dagrun for dbt_weather_analytics to None, run_after=None
[2026-09-26T00:05:53.937+0000] {processor.py:208} INFO - Processing /opt/airflow/dags/build_elt_with_dbt.py took 0.061 seconds
[2026-09-26T00:06:24.318+0000] {processor.py:186} INFO - Started process (PID=4543) to work on /opt/airflow/dags/build_elt_with_dbt.py
[2026-09-26T00:06:24.319+0000] {processor.py:914} INFO - Processing file /opt/airflow/dags/build_elt_with_dbt.py for tasks to queue
[2026-09-26T00:06:24.320+0000] {logging_mixin.py:190} INFO - [2026-09-26T00:06:24.320+0000] {dagbag.py:587} INFO - Filling up the DagBag from /opt/airflow/dags/build_elt_with_dbt.py
[2026-09-26T00:06:24.336+0000] {logging_mixin.py:190} INFO - [2026-09-26T00:06:24.336+0000] {base.py:84} INFO - Retrieving connection 'snowflake_conn'
[2026-09-26T00:06:24.340+0000] {processor.py:925} INFO - DAG(s) 'dbt_weather_analytics' retrieved from /opt/airflow/dags/build_elt_with_dbt.py
[2026-09-26T00:06:24.345+0000] {logging_mixin.py:190} INFO - [2026-09-26T00:06:24.345+0000] {dag.py:3229} INFO - Sync 1 DAGs
[2026-09-26T00:06:24.352+0000] {logging_mixin.py:190} INFO - [2026-09-26T00:06:24.352+0000] {dag.py:4156} INFO - Setting next_dagrun for dbt_weather_analytics to None, run_after=None
[2026-09-26T00:06:24.359+0000] {processor.py:208} INFO - Processing /opt/airflow/dags/build_elt_with_dbt.py took 0.049 seconds
[2026-09-26T00:06:54.754+0000] {processor.py:186} INFO - Started process (PID=4559) to work on /opt/airflow/dags/build_elt_with_dbt.py
[2026-09-26T00:06:54.755+0000] {processor.py:914} INFO - Processing file /opt/airflow/dags/build_elt_with_dbt.py for tasks to queue
[2026-09-26T00:06:54.757+0000] {logging_mixin.py:190} INFO - [2026-09-26T00:06:54.756+0000] {dagbag.py:587} INFO - Filling up the DagBag from /opt/airflow/dags/build_elt_with_dbt.py
[2026-09-26T00:06:54.777+0000] {logging_mixin.py:190} INFO - [2026-09-26T00:06:54.777+0000] {base.py:84} INFO - Retrieving connection 'snowflake_conn'
[2026-09-26T00:06:54.783+0000] {processor.py:925} INFO - DAG(s) 'dbt_weather_analytics' retrieved from /opt/airflow/dags/build_elt_with_dbt.py
[2026-09-26T00:06:54.801+0000] {logging_mixin.py:190} INFO - [2026-09-26T00:06:54.801+0000] {dag.py:3229} INFO - Sync 1 DAGs
[2026-09-26T00:06:54.811+0000] {logging_mixin.py:190} INFO - [2026-09-26T00:06:54.811+0000] {dag.py:4156} INFO - Setting next_dagrun for dbt_weather_analytics to None, run_after=None
[2026-09-26T00:06:54.819+0000] {processor.py:208} INFO - Processing /opt/airflow/dags/build_elt_with_dbt.py took 0.073 seconds
[2026-09-26T00:07:25.153+0000] {processor.py:186} INFO - Started process (PID=4575) to work on /opt/airflow/dags/build_elt_with_dbt.py
[2026-09-26T00:07:25.155+0000] {processor.py:914} INFO - Processing file /opt/airflow/dags/build_elt_with_dbt.py for tasks to queue
[2026-09-26T00:07:25.156+0000] {logging_mixin.py:190} INFO - [2026-09-26T00:07:25.155+0000] {dagbag.py:587} INFO - Filling up the DagBag from /opt/airflow/dags/build_elt_with_dbt.py
[2026-09-26T00:07:25.168+0000] {logging_mixin.py:190} INFO - [2026-09-26T00:07:25.168+0000] {base.py:84} INFO - Retrieving connection 'snowflake_conn'
[2026-09-26T00:07:25.171+0000] {processor.py:925} INFO - DAG(s) 'dbt_weather_analytics' retrieved from /opt/airflow/dags/build_elt_with_dbt.py
[2026-09-26T00:07:25.177+0000] {logging_mixin.py:190} INFO - [2026-09-26T00:07:25.177+0000] {dag.py:3229} INFO - Sync 1 DAGs
[2026-09-26T00:07:25.184+0000] {logging_mixin.py:190} INFO - [2026-09-26T00:07:25.184+0000] {dag.py:4156} INFO - Setting next_dagrun for dbt_weather_analytics to None, run_after=None
[2026-09-26T00:07:25.191+0000] {processor.py:208} INFO - Processing /opt/airflow/dags/build_elt_with_dbt.py took 0.042 seconds
[2026-09-26T00:07:55.662+0000] {processor.py:186} INFO - Started process (PID=4591) to work on /opt/airflow/dags/build_elt_with_dbt.py
[2026-09-26T00:07:55.665+0000] {processor.py:914} INFO - Processing file /opt/airflow/dags/build_elt_with_dbt.py for tasks to queue
[2026-09-26T00:07:55.667+0000] {logging_mixin.py:190} INFO - [2026-09-26T00:07:55.666+0000] {dagbag.py:587} INFO - Filling up the DagBag from /opt/airflow/dags/build_elt_with_dbt.py
[2026-09-26T00:07:55.697+0000] {logging_mixin.py:190} INFO - [2026-09-26T00:07:55.697+0000] {base.py:84} INFO - Retrieving connection 'snowflake_conn'
[2026-09-26T00:07:55.712+0000] {processor.py:925} INFO - DAG(s) 'dbt_weather_analytics' retrieved from /opt/airflow/dags/build_elt_with_dbt.py
[2026-09-26T00:07:55.726+0000] {logging_mixin.py:190} INFO - [2026-09-26T00:07:55.726+0000] {dag.py:3229} INFO - Sync 1 DAGs
[2026-09-26T00:07:55.744+0000] {logging_mixin.py:190} INFO - [2026-09-26T00:07:55.743+0000] {dag.py:4156} INFO - Setting next_dagrun for dbt_weather_analytics to None, run_after=None
[2026-09-26T00:07:55.756+0000] {processor.py:208} INFO - Processing /opt/airflow/dags/build_elt_with_dbt.py took 0.105 seconds
[2026-09-26T00:08:26.191+0000] {processor.py:186} INFO - Started process (PID=4607) to work on /opt/airflow/dags/build_elt_with_dbt.py
[2026-09-26T00:08:26.192+0000] {processor.py:914} INFO - Processing file /opt/airflow/dags/build_elt_with_dbt.py for tasks to queue
[2026-09-26T00:08:26.193+0000] {logging_mixin.py:190} INFO - [2026-09-26T00:08:26.193+0000] {dagbag.py:587} INFO - Filling up the DagBag from /opt/airflow/dags/build_elt_with_dbt.py
[2026-09-26T00:08:26.210+0000] {logging_mixin.py:190} INFO - [2026-09-26T00:08:26.210+0000] {base.py:84} INFO - Retrieving connection 'snowflake_conn'
[2026-09-26T00:08:26.218+0000] {processor.py:925} INFO - DAG(s) 'dbt_weather_analytics' retrieved from /opt/airflow/dags/build_elt_with_dbt.py
[2026-09-26T00:08:26.233+0000] {logging_mixin.py:190} INFO - [2026-09-26T00:08:26.233+0000] {dag.py:3229} INFO - Sync 1 DAGs
[2026-09-26T00:08:26.254+0000] {logging_mixin.py:190} INFO - [2026-09-26T00:08:26.254+0000] {dag.py:4156} INFO - Setting next_dagrun for dbt_weather_analytics to None, run_after=None
[2026-09-26T00:08:26.264+0000] {processor.py:208} INFO - Processing /opt/airflow/dags/build_elt_with_dbt.py took 0.079 seconds
[2026-09-26T00:08:56.672+0000] {processor.py:186} INFO - Started process (PID=4623) to work on /opt/airflow/dags/build_elt_with_dbt.py
[2026-09-26T00:08:56.674+0000] {processor.py:914} INFO - Processing file /opt/airflow/dags/build_elt_with_dbt.py for tasks to queue
[2026-09-26T00:08:56.676+0000] {logging_mixin.py:190} INFO - [2026-09-26T00:08:56.676+0000] {dagbag.py:587} INFO - Filling up the DagBag from /opt/airflow/dags/build_elt_with_dbt.py
[2026-09-26T00:08:56.710+0000] {logging_mixin.py:190} INFO - [2026-09-26T00:08:56.710+0000] {base.py:84} INFO - Retrieving connection 'snowflake_conn'
[2026-09-26T00:08:56.718+0000] {processor.py:925} INFO - DAG(s) 'dbt_weather_analytics' retrieved from /opt/airflow/dags/build_elt_with_dbt.py
[2026-09-26T00:08:56.734+0000] {logging_mixin.py:190} INFO - [2026-09-26T00:08:56.734+0000] {dag.py:3229} INFO - Sync 1 DAGs
[2026-09-26T00:08:56.754+0000] {logging_mixin.py:190} INFO - [2026-09-26T00:08:56.754+0000] {dag.py:4156} INFO - Setting next_dagrun for dbt_weather_analytics to None, run_after=None
[2026-09-26T00:08:56.763+0000] {processor.py:208} INFO - Processing /opt/airflow/dags/build_elt_with_dbt.py took 0.107 seconds
[2026-09-26T00:09:27.134+0000] {processor.py:186} INFO - Started process (PID=4639) to work on /opt/airflow/dags/build_elt_with_dbt.py
[2026-09-26T00:09:27.136+0000] {processor.py:914} INFO - Processing file /opt/airflow/dags/build_elt_with_dbt.py for tasks to queue
[2026-09-26T00:09:27.138+0000] {logging_mixin.py:190} INFO - [2026-09-26T00:09:27.137+0000] {dagbag.py:587} INFO - Filling up the DagBag from /opt/airflow/dags/build_elt_with_dbt.py
[2026-09-26T00:09:27.165+0000] {logging_mixin.py:190} INFO - [2026-09-26T00:09:27.165+0000] {base.py:84} INFO - Retrieving connection 'snowflake_conn'
[2026-09-26T00:09:27.172+0000] {processor.py:925} INFO - DAG(s) 'dbt_weather_analytics' retrieved from /opt/airflow/dags/build_elt_with_dbt.py
[2026-09-26T00:09:27.182+0000] {logging_mixin.py:190} INFO - [2026-09-26T00:09:27.182+0000] {dag.py:3229} INFO - Sync 1 DAGs
[2026-09-26T00:09:27.202+0000] {logging_mixin.py:190} INFO - [2026-09-26T00:09:27.201+0000] {dag.py:4156} INFO - Setting next_dagrun for dbt_weather_analytics to None, run_after=None
[2026-09-26T00:09:27.211+0000] {processor.py:208} INFO - Processing /opt/airflow/dags/build_elt_with_dbt.py took 0.096 seconds
[2026-09-26T00:09:57.488+0000] {processor.py:186} INFO - Started process (PID=4655) to work on /opt/airflow/dags/build_elt_with_dbt.py
[2026-09-26T00:09:57.490+0000] {processor.py:914} INFO - Processing file /opt/airflow/dags/build_elt_with_dbt.py for tasks to queue
[2026-09-26T00:09:57.491+0000] {logging_mixin.py:190} INFO - [2026-09-26T00:09:57.491+0000] {dagbag.py:587} INFO - Filling up the DagBag from /opt/airflow/dags/build_elt_with_dbt.py
[2026-09-26T00:09:57.518+0000] {logging_mixin.py:190} INFO - [2026-09-26T00:09:57.518+0000] {base.py:84} INFO - Retrieving connection 'snowflake_conn'
[2026-09-26T00:09:57.526+0000] {processor.py:925} INFO - DAG(s) 'dbt_weather_analytics' retrieved from /opt/airflow/dags/build_elt_with_dbt.py
[2026-09-26T00:09:57.538+0000] {logging_mixin.py:190} INFO - [2026-09-26T00:09:57.537+0000] {dag.py:3229} INFO - Sync 1 DAGs
[2026-09-26T00:09:57.558+0000] {logging_mixin.py:190} INFO - [2026-09-26T00:09:57.558+0000] {dag.py:4156} INFO - Setting next_dagrun for dbt_weather_analytics to None, run_after=None
[2026-09-26T00:09:57.567+0000] {processor.py:208} INFO - Processing /opt/airflow/dags/build_elt_with_dbt.py took 0.086 seconds
[2026-09-26T00:10:27.933+0000] {processor.py:186} INFO - Started process (PID=4671) to work on /opt/airflow/dags/build_elt_with_dbt.py
[2026-09-26T00:10:27.934+0000] {processor.py:914} INFO - Processing file /opt/airflow/dags/build_elt_with_dbt.py for tasks to queue
[2026-09-26T00:10:27.936+0000] {logging_mixin.py:190} INFO - [2026-09-26T00:10:27.935+0000] {dagbag.py:587} INFO - Filling up the DagBag from /opt/airflow/dags/build_elt_with_dbt.py
[2026-09-26T00:10:27.956+0000] {logging_mixin.py:190} INFO - [2026-09-26T00:10:27.956+0000] {base.py:84} INFO - Retrieving connection 'snowflake_conn'
[2026-09-26T00:10:27.961+0000] {processor.py:925} INFO - DAG(s) 'dbt_weather_analytics' retrieved from /opt/airflow/dags/build_elt_with_dbt.py
[2026-09-26T00:10:27.970+0000] {logging_mixin.py:190} INFO - [2026-09-26T00:10:27.969+0000] {dag.py:3229} INFO - Sync 1 DAGs
[2026-09-26T00:10:27.979+0000] {logging_mixin.py:190} INFO - [2026-09-26T00:10:27.979+0000] {dag.py:4156} INFO - Setting next_dagrun for dbt_weather_analytics to None, run_after=None
[2026-09-26T00:10:27.986+0000] {processor.py:208} INFO - Processing /opt/airflow/dags/build_elt_with_dbt.py took 0.062 seconds
[2026-09-26T00:10:58.357+0000] {processor.py:186} INFO - Started process (PID=4687) to work on /opt/airflow/dags/build_elt_with_dbt.py
[2026-09-26T00:10:58.358+0000] {processor.py:914} INFO - Processing file /opt/airflow/dags/build_elt_with_dbt.py for tasks to queue
[2026-09-26T00:10:58.360+0000] {logging_mixin.py:190} INFO - [2026-09-26T00:10:58.359+0000] {dagbag.py:587} INFO - Filling up the DagBag from /opt/airflow/dags/build_elt_with_dbt.py
[2026-09-26T00:10:58.375+0000] {logging_mixin.py:190} INFO - [2026-09-26T00:10:58.375+0000] {base.py:84} INFO - Retrieving connection 'snowflake_conn'
[2026-09-26T00:10:58.379+0000] {processor.py:925} INFO - DAG(s) 'dbt_weather_analytics' retrieved from /opt/airflow/dags/build_elt_with_dbt.py
[2026-09-26T00:10:58.385+0000] {logging_mixin.py:190} INFO - [2026-09-26T00:10:58.384+0000] {dag.py:3229} INFO - Sync 1 DAGs
[2026-09-26T00:10:58.391+0000] {logging_mixin.py:190} INFO - [2026-09-26T00:10:58.391+0000] {dag.py:4156} INFO - Setting next_dagrun for dbt_weather_analytics to None, run_after=None
[2026-09-26T00:10:58.397+0000] {processor.py:208} INFO - Processing /opt/airflow/dags/build_elt_with_dbt.py took 0.046 seconds
[2026-09-26T00:11:28.741+0000] {processor.py:186} INFO - Started process (PID=4703) to work on /opt/airflow/dags/build_elt_with_dbt.py
[2026-09-26T00:11:28.743+0000] {processor.py:914} INFO - Processing file /opt/airflow/dags/build_elt_with_dbt.py for tasks to queue
[2026-09-26T00:11:28.746+0000] {logging_mixin.py:190} INFO - [2026-09-26T00:11:28.744+0000] {dagbag.py:587} INFO - Filling up the DagBag from /opt/airflow/dags/build_elt_with_dbt.py
[2026-09-26T00:11:28.769+0000] {logging_mixin.py:190} INFO - [2026-09-26T00:11:28.769+0000] {base.py:84} INFO - Retrieving connection 'snowflake_conn'
[2026-09-26T00:11:28.773+0000] {processor.py:925} INFO - DAG(s) 'dbt_weather_analytics' retrieved from /opt/airflow/dags/build_elt_with_dbt.py
[2026-09-26T00:11:28.782+0000] {logging_mixin.py:190} INFO - [2026-09-26T00:11:28.782+0000] {dag.py:3229} INFO - Sync 1 DAGs
[2026-09-26T00:11:28.791+0000] {logging_mixin.py:190} INFO - [2026-09-26T00:11:28.791+0000] {dag.py:4156} INFO - Setting next_dagrun for dbt_weather_analytics to None, run_after=None
[2026-09-26T00:11:28.799+0000] {processor.py:208} INFO - Processing /opt/airflow/dags/build_elt_with_dbt.py took 0.066 seconds
[2026-09-26T00:11:59.220+0000] {processor.py:186} INFO - Started process (PID=4719) to work on /opt/airflow/dags/build_elt_with_dbt.py
[2026-09-26T00:11:59.222+0000] {processor.py:914} INFO - Processing file /opt/airflow/dags/build_elt_with_dbt.py for tasks to queue
[2026-09-26T00:11:59.225+0000] {logging_mixin.py:190} INFO - [2026-09-26T00:11:59.223+0000] {dagbag.py:587} INFO - Filling up the DagBag from /opt/airflow/dags/build_elt_with_dbt.py
[2026-09-26T00:11:59.260+0000] {logging_mixin.py:190} INFO - [2026-09-26T00:11:59.260+0000] {base.py:84} INFO - Retrieving connection 'snowflake_conn'
[2026-09-26T00:11:59.271+0000] {processor.py:925} INFO - DAG(s) 'dbt_weather_analytics' retrieved from /opt/airflow/dags/build_elt_with_dbt.py
[2026-09-26T00:11:59.282+0000] {logging_mixin.py:190} INFO - [2026-09-26T00:11:59.282+0000] {dag.py:3229} INFO - Sync 1 DAGs
[2026-09-26T00:11:59.312+0000] {logging_mixin.py:190} INFO - [2026-09-26T00:11:59.312+0000] {dag.py:4156} INFO - Setting next_dagrun for dbt_weather_analytics to None, run_after=None
[2026-09-26T00:11:59.329+0000] {processor.py:208} INFO - Processing /opt/airflow/dags/build_elt_with_dbt.py took 0.127 seconds
[2026-09-26T00:12:29.626+0000] {processor.py:186} INFO - Started process (PID=4735) to work on /opt/airflow/dags/build_elt_with_dbt.py
[2026-09-26T00:12:29.629+0000] {processor.py:914} INFO - Processing file /opt/airflow/dags/build_elt_with_dbt.py for tasks to queue
[2026-09-26T00:12:29.630+0000] {logging_mixin.py:190} INFO - [2026-09-26T00:12:29.630+0000] {dagbag.py:587} INFO - Filling up the DagBag from /opt/airflow/dags/build_elt_with_dbt.py
[2026-09-26T00:12:29.652+0000] {logging_mixin.py:190} INFO - [2026-09-26T00:12:29.652+0000] {base.py:84} INFO - Retrieving connection 'snowflake_conn'
[2026-09-26T00:12:29.660+0000] {processor.py:925} INFO - DAG(s) 'dbt_weather_analytics' retrieved from /opt/airflow/dags/build_elt_with_dbt.py
[2026-09-26T00:12:29.671+0000] {logging_mixin.py:190} INFO - [2026-09-26T00:12:29.671+0000] {dag.py:3229} INFO - Sync 1 DAGs
[2026-09-26T00:12:29.685+0000] {logging_mixin.py:190} INFO - [2026-09-26T00:12:29.685+0000] {dag.py:4156} INFO - Setting next_dagrun for dbt_weather_analytics to None, run_after=None
[2026-09-26T00:12:29.696+0000] {processor.py:208} INFO - Processing /opt/airflow/dags/build_elt_with_dbt.py took 0.078 seconds
[2026-09-26T00:13:00.114+0000] {processor.py:186} INFO - Started process (PID=4751) to work on /opt/airflow/dags/build_elt_with_dbt.py
[2026-09-26T00:13:00.116+0000] {processor.py:914} INFO - Processing file /opt/airflow/dags/build_elt_with_dbt.py for tasks to queue
[2026-09-26T00:13:00.118+0000] {logging_mixin.py:190} INFO - [2026-09-26T00:13:00.117+0000] {dagbag.py:587} INFO - Filling up the DagBag from /opt/airflow/dags/build_elt_with_dbt.py
[2026-09-26T00:13:00.145+0000] {logging_mixin.py:190} INFO - [2026-09-26T00:13:00.144+0000] {base.py:84} INFO - Retrieving connection 'snowflake_conn'
[2026-09-26T00:13:00.153+0000] {processor.py:925} INFO - DAG(s) 'dbt_weather_analytics' retrieved from /opt/airflow/dags/build_elt_with_dbt.py
[2026-09-26T00:13:00.176+0000] {logging_mixin.py:190} INFO - [2026-09-26T00:13:00.175+0000] {dag.py:3229} INFO - Sync 1 DAGs
[2026-09-26T00:13:00.205+0000] {logging_mixin.py:190} INFO - [2026-09-26T00:13:00.205+0000] {dag.py:4156} INFO - Setting next_dagrun for dbt_weather_analytics to None, run_after=None
[2026-09-26T00:13:00.214+0000] {processor.py:208} INFO - Processing /opt/airflow/dags/build_elt_with_dbt.py took 0.113 seconds
[2026-09-26T00:13:30.537+0000] {processor.py:186} INFO - Started process (PID=4768) to work on /opt/airflow/dags/build_elt_with_dbt.py
[2026-09-26T00:13:30.539+0000] {processor.py:914} INFO - Processing file /opt/airflow/dags/build_elt_with_dbt.py for tasks to queue
[2026-09-26T00:13:30.540+0000] {logging_mixin.py:190} INFO - [2026-09-26T00:13:30.540+0000] {dagbag.py:587} INFO - Filling up the DagBag from /opt/airflow/dags/build_elt_with_dbt.py
[2026-09-26T00:13:30.565+0000] {logging_mixin.py:190} INFO - [2026-09-26T00:13:30.565+0000] {base.py:84} INFO - Retrieving connection 'snowflake_conn'
[2026-09-26T00:13:30.574+0000] {processor.py:925} INFO - DAG(s) 'dbt_weather_analytics' retrieved from /opt/airflow/dags/build_elt_with_dbt.py
[2026-09-26T00:13:30.583+0000] {logging_mixin.py:190} INFO - [2026-09-26T00:13:30.583+0000] {dag.py:3229} INFO - Sync 1 DAGs
[2026-09-26T00:13:30.593+0000] {logging_mixin.py:190} INFO - [2026-09-26T00:13:30.593+0000] {dag.py:4156} INFO - Setting next_dagrun for dbt_weather_analytics to None, run_after=None
[2026-09-26T00:13:30.602+0000] {processor.py:208} INFO - Processing /opt/airflow/dags/build_elt_with_dbt.py took 0.075 seconds
[2026-09-26T00:14:01.001+0000] {processor.py:186} INFO - Started process (PID=4784) to work on /opt/airflow/dags/build_elt_with_dbt.py
[2026-09-26T00:14:01.003+0000] {processor.py:914} INFO - Processing file /opt/airflow/dags/build_elt_with_dbt.py for tasks to queue
[2026-09-26T00:14:01.005+0000] {logging_mixin.py:190} INFO - [2026-09-26T00:14:01.005+0000] {dagbag.py:587} INFO - Filling up the DagBag from /opt/airflow/dags/build_elt_with_dbt.py
[2026-09-26T00:14:01.026+0000] {logging_mixin.py:190} INFO - [2026-09-26T00:14:01.026+0000] {base.py:84} INFO - Retrieving connection 'snowflake_conn'
[2026-09-26T00:14:01.032+0000] {processor.py:925} INFO - DAG(s) 'dbt_weather_analytics' retrieved from /opt/airflow/dags/build_elt_with_dbt.py
[2026-09-26T00:14:01.040+0000] {logging_mixin.py:190} INFO - [2026-09-26T00:14:01.040+0000] {dag.py:3229} INFO - Sync 1 DAGs
[2026-09-26T00:14:01.051+0000] {logging_mixin.py:190} INFO - [2026-09-26T00:14:01.051+0000] {dag.py:4156} INFO - Setting next_dagrun for dbt_weather_analytics to None, run_after=None
[2026-09-26T00:14:01.059+0000] {processor.py:208} INFO - Processing /opt/airflow/dags/build_elt_with_dbt.py took 0.071 seconds
[2026-09-26T00:14:31.421+0000] {processor.py:186} INFO - Started process (PID=4800) to work on /opt/airflow/dags/build_elt_with_dbt.py
[2026-09-26T00:14:31.422+0000] {processor.py:914} INFO - Processing file /opt/airflow/dags/build_elt_with_dbt.py for tasks to queue
[2026-09-26T00:14:31.424+0000] {logging_mixin.py:190} INFO - [2026-09-26T00:14:31.423+0000] {dagbag.py:587} INFO - Filling up the DagBag from /opt/airflow/dags/build_elt_with_dbt.py
[2026-09-26T00:14:31.447+0000] {logging_mixin.py:190} INFO - [2026-09-26T00:14:31.446+0000] {base.py:84} INFO - Retrieving connection 'snowflake_conn'
[2026-09-26T00:14:31.455+0000] {processor.py:925} INFO - DAG(s) 'dbt_weather_analytics' retrieved from /opt/airflow/dags/build_elt_with_dbt.py
[2026-09-26T00:14:31.464+0000] {logging_mixin.py:190} INFO - [2026-09-26T00:14:31.463+0000] {dag.py:3229} INFO - Sync 1 DAGs
[2026-09-26T00:14:31.476+0000] {logging_mixin.py:190} INFO - [2026-09-26T00:14:31.476+0000] {dag.py:4156} INFO - Setting next_dagrun for dbt_weather_analytics to None, run_after=None
[2026-09-26T00:14:31.502+0000] {processor.py:208} INFO - Processing /opt/airflow/dags/build_elt_with_dbt.py took 0.090 seconds
[2026-09-26T00:15:01.901+0000] {processor.py:186} INFO - Started process (PID=4816) to work on /opt/airflow/dags/build_elt_with_dbt.py
[2026-09-26T00:15:01.903+0000] {processor.py:914} INFO - Processing file /opt/airflow/dags/build_elt_with_dbt.py for tasks to queue
[2026-09-26T00:15:01.906+0000] {logging_mixin.py:190} INFO - [2026-09-26T00:15:01.904+0000] {dagbag.py:587} INFO - Filling up the DagBag from /opt/airflow/dags/build_elt_with_dbt.py
[2026-09-26T00:15:01.946+0000] {logging_mixin.py:190} INFO - [2026-09-26T00:15:01.946+0000] {base.py:84} INFO - Retrieving connection 'snowflake_conn'
[2026-09-26T00:15:01.955+0000] {processor.py:925} INFO - DAG(s) 'dbt_weather_analytics' retrieved from /opt/airflow/dags/build_elt_with_dbt.py
[2026-09-26T00:15:01.964+0000] {logging_mixin.py:190} INFO - [2026-09-26T00:15:01.964+0000] {dag.py:3229} INFO - Sync 1 DAGs
[2026-09-26T00:15:01.974+0000] {logging_mixin.py:190} INFO - [2026-09-26T00:15:01.974+0000] {dag.py:4156} INFO - Setting next_dagrun for dbt_weather_analytics to None, run_after=None
[2026-09-26T00:15:01.984+0000] {processor.py:208} INFO - Processing /opt/airflow/dags/build_elt_with_dbt.py took 0.092 seconds
[2026-09-26T00:15:32.290+0000] {processor.py:186} INFO - Started process (PID=4832) to work on /opt/airflow/dags/build_elt_with_dbt.py
[2026-09-26T00:15:32.292+0000] {processor.py:914} INFO - Processing file /opt/airflow/dags/build_elt_with_dbt.py for tasks to queue
[2026-09-26T00:15:32.293+0000] {logging_mixin.py:190} INFO - [2026-09-26T00:15:32.292+0000] {dagbag.py:587} INFO - Filling up the DagBag from /opt/airflow/dags/build_elt_with_dbt.py
[2026-09-26T00:15:32.309+0000] {logging_mixin.py:190} INFO - [2026-09-26T00:15:32.309+0000] {base.py:84} INFO - Retrieving connection 'snowflake_conn'
[2026-09-26T00:15:32.313+0000] {processor.py:925} INFO - DAG(s) 'dbt_weather_analytics' retrieved from /opt/airflow/dags/build_elt_with_dbt.py
[2026-09-26T00:15:32.320+0000] {logging_mixin.py:190} INFO - [2026-09-26T00:15:32.320+0000] {dag.py:3229} INFO - Sync 1 DAGs
[2026-09-26T00:15:32.328+0000] {logging_mixin.py:190} INFO - [2026-09-26T00:15:32.328+0000] {dag.py:4156} INFO - Setting next_dagrun for dbt_weather_analytics to None, run_after=None
[2026-09-26T00:15:32.335+0000] {processor.py:208} INFO - Processing /opt/airflow/dags/build_elt_with_dbt.py took 0.054 seconds
[2026-09-26T00:16:02.770+0000] {processor.py:186} INFO - Started process (PID=4848) to work on /opt/airflow/dags/build_elt_with_dbt.py
[2026-09-26T00:16:02.773+0000] {processor.py:914} INFO - Processing file /opt/airflow/dags/build_elt_with_dbt.py for tasks to queue
[2026-09-26T00:16:02.775+0000] {logging_mixin.py:190} INFO - [2026-09-26T00:16:02.774+0000] {dagbag.py:587} INFO - Filling up the DagBag from /opt/airflow/dags/build_elt_with_dbt.py
[2026-09-26T00:16:02.809+0000] {logging_mixin.py:190} INFO - [2026-09-26T00:16:02.809+0000] {base.py:84} INFO - Retrieving connection 'snowflake_conn'
[2026-09-26T00:16:02.818+0000] {processor.py:925} INFO - DAG(s) 'dbt_weather_analytics' retrieved from /opt/airflow/dags/build_elt_with_dbt.py
[2026-09-26T00:16:02.829+0000] {logging_mixin.py:190} INFO - [2026-09-26T00:16:02.829+0000] {dag.py:3229} INFO - Sync 1 DAGs
[2026-09-26T00:16:02.843+0000] {logging_mixin.py:190} INFO - [2026-09-26T00:16:02.843+0000] {dag.py:4156} INFO - Setting next_dagrun for dbt_weather_analytics to None, run_after=None
[2026-09-26T00:16:02.852+0000] {processor.py:208} INFO - Processing /opt/airflow/dags/build_elt_with_dbt.py took 0.096 seconds
[2026-09-26T00:16:33.283+0000] {processor.py:186} INFO - Started process (PID=4864) to work on /opt/airflow/dags/build_elt_with_dbt.py
[2026-09-26T00:16:33.285+0000] {processor.py:914} INFO - Processing file /opt/airflow/dags/build_elt_with_dbt.py for tasks to queue
[2026-09-26T00:16:33.287+0000] {logging_mixin.py:190} INFO - [2026-09-26T00:16:33.286+0000] {dagbag.py:587} INFO - Filling up the DagBag from /opt/airflow/dags/build_elt_with_dbt.py
[2026-09-26T00:16:33.313+0000] {logging_mixin.py:190} INFO - [2026-09-26T00:16:33.313+0000] {base.py:84} INFO - Retrieving connection 'snowflake_conn'
[2026-09-26T00:16:33.321+0000] {processor.py:925} INFO - DAG(s) 'dbt_weather_analytics' retrieved from /opt/airflow/dags/build_elt_with_dbt.py
[2026-09-26T00:16:33.332+0000] {logging_mixin.py:190} INFO - [2026-09-26T00:16:33.331+0000] {dag.py:3229} INFO - Sync 1 DAGs
[2026-09-26T00:16:33.343+0000] {logging_mixin.py:190} INFO - [2026-09-26T00:16:33.343+0000] {dag.py:4156} INFO - Setting next_dagrun for dbt_weather_analytics to None, run_after=None
[2026-09-26T00:16:33.353+0000] {processor.py:208} INFO - Processing /opt/airflow/dags/build_elt_with_dbt.py took 0.080 seconds
[2026-09-26T00:17:03.752+0000] {processor.py:186} INFO - Started process (PID=4880) to work on /opt/airflow/dags/build_elt_with_dbt.py
[2026-09-26T00:17:03.754+0000] {processor.py:914} INFO - Processing file /opt/airflow/dags/build_elt_with_dbt.py for tasks to queue
[2026-09-26T00:17:03.756+0000] {logging_mixin.py:190} INFO - [2026-09-26T00:17:03.755+0000] {dagbag.py:587} INFO - Filling up the DagBag from /opt/airflow/dags/build_elt_with_dbt.py
[2026-09-26T00:17:03.798+0000] {logging_mixin.py:190} INFO - [2026-09-26T00:17:03.798+0000] {base.py:84} INFO - Retrieving connection 'snowflake_conn'
[2026-09-26T00:17:03.809+0000] {processor.py:925} INFO - DAG(s) 'dbt_weather_analytics' retrieved from /opt/airflow/dags/build_elt_with_dbt.py
[2026-09-26T00:17:03.819+0000] {logging_mixin.py:190} INFO - [2026-09-26T00:17:03.819+0000] {dag.py:3229} INFO - Sync 1 DAGs
[2026-09-26T00:17:03.829+0000] {logging_mixin.py:190} INFO - [2026-09-26T00:17:03.829+0000] {dag.py:4156} INFO - Setting next_dagrun for dbt_weather_analytics to None, run_after=None
[2026-09-26T00:17:03.840+0000] {processor.py:208} INFO - Processing /opt/airflow/dags/build_elt_with_dbt.py took 0.102 seconds
[2026-09-26T00:17:34.212+0000] {processor.py:186} INFO - Started process (PID=4896) to work on /opt/airflow/dags/build_elt_with_dbt.py
[2026-09-26T00:17:34.214+0000] {processor.py:914} INFO - Processing file /opt/airflow/dags/build_elt_with_dbt.py for tasks to queue
[2026-09-26T00:17:34.216+0000] {logging_mixin.py:190} INFO - [2026-09-26T00:17:34.215+0000] {dagbag.py:587} INFO - Filling up the DagBag from /opt/airflow/dags/build_elt_with_dbt.py
[2026-09-26T00:17:34.241+0000] {logging_mixin.py:190} INFO - [2026-09-26T00:17:34.241+0000] {base.py:84} INFO - Retrieving connection 'snowflake_conn'
[2026-09-26T00:17:34.250+0000] {processor.py:925} INFO - DAG(s) 'dbt_weather_analytics' retrieved from /opt/airflow/dags/build_elt_with_dbt.py
[2026-09-26T00:17:34.263+0000] {logging_mixin.py:190} INFO - [2026-09-26T00:17:34.263+0000] {dag.py:3229} INFO - Sync 1 DAGs
[2026-09-26T00:17:34.276+0000] {logging_mixin.py:190} INFO - [2026-09-26T00:17:34.276+0000] {dag.py:4156} INFO - Setting next_dagrun for dbt_weather_analytics to None, run_after=None
[2026-09-26T00:17:34.284+0000] {processor.py:208} INFO - Processing /opt/airflow/dags/build_elt_with_dbt.py took 0.082 seconds
[2026-09-26T00:18:04.686+0000] {processor.py:186} INFO - Started process (PID=4912) to work on /opt/airflow/dags/build_elt_with_dbt.py
[2026-09-26T00:18:04.689+0000] {processor.py:914} INFO - Processing file /opt/airflow/dags/build_elt_with_dbt.py for tasks to queue
[2026-09-26T00:18:04.691+0000] {logging_mixin.py:190} INFO - [2026-09-26T00:18:04.690+0000] {dagbag.py:587} INFO - Filling up the DagBag from /opt/airflow/dags/build_elt_with_dbt.py
[2026-09-26T00:18:04.713+0000] {logging_mixin.py:190} INFO - [2026-09-26T00:18:04.713+0000] {base.py:84} INFO - Retrieving connection 'snowflake_conn'
[2026-09-26T00:18:04.721+0000] {processor.py:925} INFO - DAG(s) 'dbt_weather_analytics' retrieved from /opt/airflow/dags/build_elt_with_dbt.py
[2026-09-26T00:18:04.751+0000] {logging_mixin.py:190} INFO - [2026-09-26T00:18:04.751+0000] {dag.py:3229} INFO - Sync 1 DAGs
[2026-09-26T00:18:04.787+0000] {logging_mixin.py:190} INFO - [2026-09-26T00:18:04.787+0000] {dag.py:4156} INFO - Setting next_dagrun for dbt_weather_analytics to None, run_after=None
[2026-09-26T00:18:04.797+0000] {processor.py:208} INFO - Processing /opt/airflow/dags/build_elt_with_dbt.py took 0.119 seconds
[2026-09-26T00:18:35.134+0000] {processor.py:186} INFO - Started process (PID=4928) to work on /opt/airflow/dags/build_elt_with_dbt.py
[2026-09-26T00:18:35.135+0000] {processor.py:914} INFO - Processing file /opt/airflow/dags/build_elt_with_dbt.py for tasks to queue
[2026-09-26T00:18:35.137+0000] {logging_mixin.py:190} INFO - [2026-09-26T00:18:35.136+0000] {dagbag.py:587} INFO - Filling up the DagBag from /opt/airflow/dags/build_elt_with_dbt.py
[2026-09-26T00:18:35.214+0000] {logging_mixin.py:190} INFO - [2026-09-26T00:18:35.214+0000] {base.py:84} INFO - Retrieving connection 'snowflake_conn'
[2026-09-26T00:18:35.224+0000] {processor.py:925} INFO - DAG(s) 'dbt_weather_analytics' retrieved from /opt/airflow/dags/build_elt_with_dbt.py
[2026-09-26T00:18:35.235+0000] {logging_mixin.py:190} INFO - [2026-09-26T00:18:35.234+0000] {dag.py:3229} INFO - Sync 1 DAGs
[2026-09-26T00:18:35.250+0000] {logging_mixin.py:190} INFO - [2026-09-26T00:18:35.250+0000] {dag.py:4156} INFO - Setting next_dagrun for dbt_weather_analytics to None, run_after=None
[2026-09-26T00:18:35.264+0000] {processor.py:208} INFO - Processing /opt/airflow/dags/build_elt_with_dbt.py took 0.144 seconds
[2026-09-26T00:19:05.561+0000] {processor.py:186} INFO - Started process (PID=4944) to work on /opt/airflow/dags/build_elt_with_dbt.py
[2026-09-26T00:19:05.564+0000] {processor.py:914} INFO - Processing file /opt/airflow/dags/build_elt_with_dbt.py for tasks to queue
[2026-09-26T00:19:05.566+0000] {logging_mixin.py:190} INFO - [2026-09-26T00:19:05.565+0000] {dagbag.py:587} INFO - Filling up the DagBag from /opt/airflow/dags/build_elt_with_dbt.py
[2026-09-26T00:19:05.588+0000] {logging_mixin.py:190} INFO - [2026-09-26T00:19:05.588+0000] {base.py:84} INFO - Retrieving connection 'snowflake_conn'
[2026-09-26T00:19:05.596+0000] {processor.py:925} INFO - DAG(s) 'dbt_weather_analytics' retrieved from /opt/airflow/dags/build_elt_with_dbt.py
[2026-09-26T00:19:05.605+0000] {logging_mixin.py:190} INFO - [2026-09-26T00:19:05.605+0000] {dag.py:3229} INFO - Sync 1 DAGs
[2026-09-26T00:19:05.616+0000] {logging_mixin.py:190} INFO - [2026-09-26T00:19:05.616+0000] {dag.py:4156} INFO - Setting next_dagrun for dbt_weather_analytics to None, run_after=None
[2026-09-26T00:19:05.624+0000] {processor.py:208} INFO - Processing /opt/airflow/dags/build_elt_with_dbt.py took 0.071 seconds
[2026-09-26T00:19:36.027+0000] {processor.py:186} INFO - Started process (PID=4960) to work on /opt/airflow/dags/build_elt_with_dbt.py
[2026-09-26T00:19:36.029+0000] {processor.py:914} INFO - Processing file /opt/airflow/dags/build_elt_with_dbt.py for tasks to queue
[2026-09-26T00:19:36.031+0000] {logging_mixin.py:190} INFO - [2026-09-26T00:19:36.030+0000] {dagbag.py:587} INFO - Filling up the DagBag from /opt/airflow/dags/build_elt_with_dbt.py
[2026-09-26T00:19:36.054+0000] {logging_mixin.py:190} INFO - [2026-09-26T00:19:36.054+0000] {base.py:84} INFO - Retrieving connection 'snowflake_conn'
[2026-09-26T00:19:36.062+0000] {processor.py:925} INFO - DAG(s) 'dbt_weather_analytics' retrieved from /opt/airflow/dags/build_elt_with_dbt.py
[2026-09-26T00:19:36.073+0000] {logging_mixin.py:190} INFO - [2026-09-26T00:19:36.073+0000] {dag.py:3229} INFO - Sync 1 DAGs
[2026-09-26T00:19:36.087+0000] {logging_mixin.py:190} INFO - [2026-09-26T00:19:36.087+0000] {dag.py:4156} INFO - Setting next_dagrun for dbt_weather_analytics to None, run_after=None
[2026-09-26T00:19:36.099+0000] {processor.py:208} INFO - Processing /opt/airflow/dags/build_elt_with_dbt.py took 0.081 seconds
[2026-09-26T00:20:06.466+0000] {processor.py:186} INFO - Started process (PID=4976) to work on /opt/airflow/dags/build_elt_with_dbt.py
[2026-09-26T00:20:06.469+0000] {processor.py:914} INFO - Processing file /opt/airflow/dags/build_elt_with_dbt.py for tasks to queue
[2026-09-26T00:20:06.471+0000] {logging_mixin.py:190} INFO - [2026-09-26T00:20:06.470+0000] {dagbag.py:587} INFO - Filling up the DagBag from /opt/airflow/dags/build_elt_with_dbt.py
[2026-09-26T00:20:06.493+0000] {logging_mixin.py:190} INFO - [2026-09-26T00:20:06.493+0000] {base.py:84} INFO - Retrieving connection 'snowflake_conn'
[2026-09-26T00:20:06.501+0000] {processor.py:925} INFO - DAG(s) 'dbt_weather_analytics' retrieved from /opt/airflow/dags/build_elt_with_dbt.py
[2026-09-26T00:20:06.511+0000] {logging_mixin.py:190} INFO - [2026-09-26T00:20:06.510+0000] {dag.py:3229} INFO - Sync 1 DAGs
[2026-09-26T00:20:06.526+0000] {logging_mixin.py:190} INFO - [2026-09-26T00:20:06.525+0000] {dag.py:4156} INFO - Setting next_dagrun for dbt_weather_analytics to None, run_after=None
[2026-09-26T00:20:06.538+0000] {processor.py:208} INFO - Processing /opt/airflow/dags/build_elt_with_dbt.py took 0.080 seconds
[2026-09-26T00:20:36.910+0000] {processor.py:186} INFO - Started process (PID=4992) to work on /opt/airflow/dags/build_elt_with_dbt.py
[2026-09-26T00:20:36.912+0000] {processor.py:914} INFO - Processing file /opt/airflow/dags/build_elt_with_dbt.py for tasks to queue
[2026-09-26T00:20:36.914+0000] {logging_mixin.py:190} INFO - [2026-09-26T00:20:36.913+0000] {dagbag.py:587} INFO - Filling up the DagBag from /opt/airflow/dags/build_elt_with_dbt.py
[2026-09-26T00:20:36.938+0000] {logging_mixin.py:190} INFO - [2026-09-26T00:20:36.938+0000] {base.py:84} INFO - Retrieving connection 'snowflake_conn'
[2026-09-26T00:20:36.945+0000] {processor.py:925} INFO - DAG(s) 'dbt_weather_analytics' retrieved from /opt/airflow/dags/build_elt_with_dbt.py
[2026-09-26T00:20:36.954+0000] {logging_mixin.py:190} INFO - [2026-09-26T00:20:36.954+0000] {dag.py:3229} INFO - Sync 1 DAGs
[2026-09-26T00:20:36.965+0000] {logging_mixin.py:190} INFO - [2026-09-26T00:20:36.964+0000] {dag.py:4156} INFO - Setting next_dagrun for dbt_weather_analytics to None, run_after=None
[2026-09-26T00:20:36.973+0000] {processor.py:208} INFO - Processing /opt/airflow/dags/build_elt_with_dbt.py took 0.072 seconds
[2026-09-26T00:21:07.447+0000] {processor.py:186} INFO - Started process (PID=5008) to work on /opt/airflow/dags/build_elt_with_dbt.py
[2026-09-26T00:21:07.450+0000] {processor.py:914} INFO - Processing file /opt/airflow/dags/build_elt_with_dbt.py for tasks to queue
[2026-09-26T00:21:07.452+0000] {logging_mixin.py:190} INFO - [2026-09-26T00:21:07.451+0000] {dagbag.py:587} INFO - Filling up the DagBag from /opt/airflow/dags/build_elt_with_dbt.py
[2026-09-26T00:21:07.488+0000] {logging_mixin.py:190} INFO - [2026-09-26T00:21:07.487+0000] {base.py:84} INFO - Retrieving connection 'snowflake_conn'
[2026-09-26T00:21:07.500+0000] {processor.py:925} INFO - DAG(s) 'dbt_weather_analytics' retrieved from /opt/airflow/dags/build_elt_with_dbt.py
[2026-09-26T00:21:07.513+0000] {logging_mixin.py:190} INFO - [2026-09-26T00:21:07.513+0000] {dag.py:3229} INFO - Sync 1 DAGs
[2026-09-26T00:21:07.529+0000] {logging_mixin.py:190} INFO - [2026-09-26T00:21:07.529+0000] {dag.py:4156} INFO - Setting next_dagrun for dbt_weather_analytics to None, run_after=None
[2026-09-26T00:21:07.541+0000] {processor.py:208} INFO - Processing /opt/airflow/dags/build_elt_with_dbt.py took 0.105 seconds
[2026-09-26T00:21:37.859+0000] {processor.py:186} INFO - Started process (PID=5024) to work on /opt/airflow/dags/build_elt_with_dbt.py
[2026-09-26T00:21:37.860+0000] {processor.py:914} INFO - Processing file /opt/airflow/dags/build_elt_with_dbt.py for tasks to queue
[2026-09-26T00:21:37.861+0000] {logging_mixin.py:190} INFO - [2026-09-26T00:21:37.861+0000] {dagbag.py:587} INFO - Filling up the DagBag from /opt/airflow/dags/build_elt_with_dbt.py
[2026-09-26T00:21:37.878+0000] {logging_mixin.py:190} INFO - [2026-09-26T00:21:37.878+0000] {base.py:84} INFO - Retrieving connection 'snowflake_conn'
[2026-09-26T00:21:37.882+0000] {processor.py:925} INFO - DAG(s) 'dbt_weather_analytics' retrieved from /opt/airflow/dags/build_elt_with_dbt.py
[2026-09-26T00:21:37.889+0000] {logging_mixin.py:190} INFO - [2026-09-26T00:21:37.889+0000] {dag.py:3229} INFO - Sync 1 DAGs
[2026-09-26T00:21:37.897+0000] {logging_mixin.py:190} INFO - [2026-09-26T00:21:37.897+0000] {dag.py:4156} INFO - Setting next_dagrun for dbt_weather_analytics to None, run_after=None
[2026-09-26T00:21:37.906+0000] {processor.py:208} INFO - Processing /opt/airflow/dags/build_elt_with_dbt.py took 0.053 seconds
[2026-09-26T00:22:08.339+0000] {processor.py:186} INFO - Started process (PID=5040) to work on /opt/airflow/dags/build_elt_with_dbt.py
[2026-09-26T00:22:08.340+0000] {processor.py:914} INFO - Processing file /opt/airflow/dags/build_elt_with_dbt.py for tasks to queue
[2026-09-26T00:22:08.342+0000] {logging_mixin.py:190} INFO - [2026-09-26T00:22:08.341+0000] {dagbag.py:587} INFO - Filling up the DagBag from /opt/airflow/dags/build_elt_with_dbt.py
[2026-09-26T00:22:08.362+0000] {logging_mixin.py:190} INFO - [2026-09-26T00:22:08.362+0000] {base.py:84} INFO - Retrieving connection 'snowflake_conn'
[2026-09-26T00:22:08.366+0000] {processor.py:925} INFO - DAG(s) 'dbt_weather_analytics' retrieved from /opt/airflow/dags/build_elt_with_dbt.py
[2026-09-26T00:22:08.373+0000] {logging_mixin.py:190} INFO - [2026-09-26T00:22:08.373+0000] {dag.py:3229} INFO - Sync 1 DAGs
[2026-09-26T00:22:08.382+0000] {logging_mixin.py:190} INFO - [2026-09-26T00:22:08.382+0000] {dag.py:4156} INFO - Setting next_dagrun for dbt_weather_analytics to None, run_after=None
[2026-09-26T00:22:08.389+0000] {processor.py:208} INFO - Processing /opt/airflow/dags/build_elt_with_dbt.py took 0.059 seconds
[2026-09-26T00:22:38.699+0000] {processor.py:186} INFO - Started process (PID=5056) to work on /opt/airflow/dags/build_elt_with_dbt.py
[2026-09-26T00:22:38.700+0000] {processor.py:914} INFO - Processing file /opt/airflow/dags/build_elt_with_dbt.py for tasks to queue
[2026-09-26T00:22:38.702+0000] {logging_mixin.py:190} INFO - [2026-09-26T00:22:38.701+0000] {dagbag.py:587} INFO - Filling up the DagBag from /opt/airflow/dags/build_elt_with_dbt.py
[2026-09-26T00:22:38.717+0000] {logging_mixin.py:190} INFO - [2026-09-26T00:22:38.717+0000] {base.py:84} INFO - Retrieving connection 'snowflake_conn'
[2026-09-26T00:22:38.721+0000] {processor.py:925} INFO - DAG(s) 'dbt_weather_analytics' retrieved from /opt/airflow/dags/build_elt_with_dbt.py
[2026-09-26T00:22:38.727+0000] {logging_mixin.py:190} INFO - [2026-09-26T00:22:38.727+0000] {dag.py:3229} INFO - Sync 1 DAGs
[2026-09-26T00:22:38.735+0000] {logging_mixin.py:190} INFO - [2026-09-26T00:22:38.735+0000] {dag.py:4156} INFO - Setting next_dagrun for dbt_weather_analytics to None, run_after=None
[2026-09-26T00:22:38.742+0000] {processor.py:208} INFO - Processing /opt/airflow/dags/build_elt_with_dbt.py took 0.047 seconds
[2026-09-26T00:23:09.134+0000] {processor.py:186} INFO - Started process (PID=5072) to work on /opt/airflow/dags/build_elt_with_dbt.py
[2026-09-26T00:23:09.138+0000] {processor.py:914} INFO - Processing file /opt/airflow/dags/build_elt_with_dbt.py for tasks to queue
[2026-09-26T00:23:09.140+0000] {logging_mixin.py:190} INFO - [2026-09-26T00:23:09.139+0000] {dagbag.py:587} INFO - Filling up the DagBag from /opt/airflow/dags/build_elt_with_dbt.py
[2026-09-26T00:23:09.178+0000] {logging_mixin.py:190} INFO - [2026-09-26T00:23:09.178+0000] {base.py:84} INFO - Retrieving connection 'snowflake_conn'
[2026-09-26T00:23:09.192+0000] {processor.py:925} INFO - DAG(s) 'dbt_weather_analytics' retrieved from /opt/airflow/dags/build_elt_with_dbt.py
[2026-09-26T00:23:09.203+0000] {logging_mixin.py:190} INFO - [2026-09-26T00:23:09.203+0000] {dag.py:3229} INFO - Sync 1 DAGs
[2026-09-26T00:23:09.219+0000] {logging_mixin.py:190} INFO - [2026-09-26T00:23:09.219+0000] {dag.py:4156} INFO - Setting next_dagrun for dbt_weather_analytics to None, run_after=None
[2026-09-26T00:23:09.228+0000] {processor.py:208} INFO - Processing /opt/airflow/dags/build_elt_with_dbt.py took 0.103 seconds
[2026-09-26T00:23:39.607+0000] {processor.py:186} INFO - Started process (PID=5088) to work on /opt/airflow/dags/build_elt_with_dbt.py
[2026-09-26T00:23:39.608+0000] {processor.py:914} INFO - Processing file /opt/airflow/dags/build_elt_with_dbt.py for tasks to queue
[2026-09-26T00:23:39.609+0000] {logging_mixin.py:190} INFO - [2026-09-26T00:23:39.609+0000] {dagbag.py:587} INFO - Filling up the DagBag from /opt/airflow/dags/build_elt_with_dbt.py
[2026-09-26T00:23:39.625+0000] {logging_mixin.py:190} INFO - [2026-09-26T00:23:39.624+0000] {base.py:84} INFO - Retrieving connection 'snowflake_conn'
[2026-09-26T00:23:39.629+0000] {processor.py:925} INFO - DAG(s) 'dbt_weather_analytics' retrieved from /opt/airflow/dags/build_elt_with_dbt.py
[2026-09-26T00:23:39.637+0000] {logging_mixin.py:190} INFO - [2026-09-26T00:23:39.637+0000] {dag.py:3229} INFO - Sync 1 DAGs
[2026-09-26T00:23:39.645+0000] {logging_mixin.py:190} INFO - [2026-09-26T00:23:39.645+0000] {dag.py:4156} INFO - Setting next_dagrun for dbt_weather_analytics to None, run_after=None
[2026-09-26T00:23:39.654+0000] {processor.py:208} INFO - Processing /opt/airflow/dags/build_elt_with_dbt.py took 0.054 seconds
[2026-09-26T00:24:10.176+0000] {processor.py:186} INFO - Started process (PID=5104) to work on /opt/airflow/dags/build_elt_with_dbt.py
[2026-09-26T00:24:10.178+0000] {processor.py:914} INFO - Processing file /opt/airflow/dags/build_elt_with_dbt.py for tasks to queue
[2026-09-26T00:24:10.181+0000] {logging_mixin.py:190} INFO - [2026-09-26T00:24:10.180+0000] {dagbag.py:587} INFO - Filling up the DagBag from /opt/airflow/dags/build_elt_with_dbt.py
[2026-09-26T00:24:10.205+0000] {logging_mixin.py:190} INFO - [2026-09-26T00:24:10.205+0000] {base.py:84} INFO - Retrieving connection 'snowflake_conn'
[2026-09-26T00:24:10.214+0000] {processor.py:925} INFO - DAG(s) 'dbt_weather_analytics' retrieved from /opt/airflow/dags/build_elt_with_dbt.py
[2026-09-26T00:24:10.225+0000] {logging_mixin.py:190} INFO - [2026-09-26T00:24:10.225+0000] {dag.py:3229} INFO - Sync 1 DAGs
[2026-09-26T00:24:10.241+0000] {logging_mixin.py:190} INFO - [2026-09-26T00:24:10.241+0000] {dag.py:4156} INFO - Setting next_dagrun for dbt_weather_analytics to None, run_after=None
[2026-09-26T00:24:10.253+0000] {processor.py:208} INFO - Processing /opt/airflow/dags/build_elt_with_dbt.py took 0.087 seconds
[2026-09-26T00:24:40.623+0000] {processor.py:186} INFO - Started process (PID=5120) to work on /opt/airflow/dags/build_elt_with_dbt.py
[2026-09-26T00:24:40.625+0000] {processor.py:914} INFO - Processing file /opt/airflow/dags/build_elt_with_dbt.py for tasks to queue
[2026-09-26T00:24:40.627+0000] {logging_mixin.py:190} INFO - [2026-09-26T00:24:40.626+0000] {dagbag.py:587} INFO - Filling up the DagBag from /opt/airflow/dags/build_elt_with_dbt.py
[2026-09-26T00:24:40.651+0000] {logging_mixin.py:190} INFO - [2026-09-26T00:24:40.651+0000] {base.py:84} INFO - Retrieving connection 'snowflake_conn'
[2026-09-26T00:24:40.664+0000] {processor.py:925} INFO - DAG(s) 'dbt_weather_analytics' retrieved from /opt/airflow/dags/build_elt_with_dbt.py
[2026-09-26T00:24:40.680+0000] {logging_mixin.py:190} INFO - [2026-09-26T00:24:40.680+0000] {dag.py:3229} INFO - Sync 1 DAGs
[2026-09-26T00:24:40.693+0000] {logging_mixin.py:190} INFO - [2026-09-26T00:24:40.693+0000] {dag.py:4156} INFO - Setting next_dagrun for dbt_weather_analytics to None, run_after=None
[2026-09-26T00:24:40.706+0000] {processor.py:208} INFO - Processing /opt/airflow/dags/build_elt_with_dbt.py took 0.091 seconds
[2026-09-26T00:25:11.082+0000] {processor.py:186} INFO - Started process (PID=5136) to work on /opt/airflow/dags/build_elt_with_dbt.py
[2026-09-26T00:25:11.085+0000] {processor.py:914} INFO - Processing file /opt/airflow/dags/build_elt_with_dbt.py for tasks to queue
[2026-09-26T00:25:11.088+0000] {logging_mixin.py:190} INFO - [2026-09-26T00:25:11.087+0000] {dagbag.py:587} INFO - Filling up the DagBag from /opt/airflow/dags/build_elt_with_dbt.py
[2026-09-26T00:25:11.114+0000] {logging_mixin.py:190} INFO - [2026-09-26T00:25:11.114+0000] {base.py:84} INFO - Retrieving connection 'snowflake_conn'
[2026-09-26T00:25:11.127+0000] {processor.py:925} INFO - DAG(s) 'dbt_weather_analytics' retrieved from /opt/airflow/dags/build_elt_with_dbt.py
[2026-09-26T00:25:11.139+0000] {logging_mixin.py:190} INFO - [2026-09-26T00:25:11.139+0000] {dag.py:3229} INFO - Sync 1 DAGs
[2026-09-26T00:25:11.153+0000] {logging_mixin.py:190} INFO - [2026-09-26T00:25:11.153+0000] {dag.py:4156} INFO - Setting next_dagrun for dbt_weather_analytics to None, run_after=None
[2026-09-26T00:25:11.163+0000] {processor.py:208} INFO - Processing /opt/airflow/dags/build_elt_with_dbt.py took 0.090 seconds
[2026-09-26T00:25:41.460+0000] {processor.py:186} INFO - Started process (PID=5152) to work on /opt/airflow/dags/build_elt_with_dbt.py
[2026-09-26T00:25:41.461+0000] {processor.py:914} INFO - Processing file /opt/airflow/dags/build_elt_with_dbt.py for tasks to queue
[2026-09-26T00:25:41.462+0000] {logging_mixin.py:190} INFO - [2026-09-26T00:25:41.462+0000] {dagbag.py:587} INFO - Filling up the DagBag from /opt/airflow/dags/build_elt_with_dbt.py
[2026-09-26T00:25:41.479+0000] {logging_mixin.py:190} INFO - [2026-09-26T00:25:41.479+0000] {base.py:84} INFO - Retrieving connection 'snowflake_conn'
[2026-09-26T00:25:41.483+0000] {processor.py:925} INFO - DAG(s) 'dbt_weather_analytics' retrieved from /opt/airflow/dags/build_elt_with_dbt.py
[2026-09-26T00:25:41.490+0000] {logging_mixin.py:190} INFO - [2026-09-26T00:25:41.490+0000] {dag.py:3229} INFO - Sync 1 DAGs
[2026-09-26T00:25:41.498+0000] {logging_mixin.py:190} INFO - [2026-09-26T00:25:41.497+0000] {dag.py:4156} INFO - Setting next_dagrun for dbt_weather_analytics to None, run_after=None
[2026-09-26T00:25:41.504+0000] {processor.py:208} INFO - Processing /opt/airflow/dags/build_elt_with_dbt.py took 0.052 seconds
[2026-09-26T00:26:11.966+0000] {processor.py:186} INFO - Started process (PID=5168) to work on /opt/airflow/dags/build_elt_with_dbt.py
[2026-09-26T00:26:11.969+0000] {processor.py:914} INFO - Processing file /opt/airflow/dags/build_elt_with_dbt.py for tasks to queue
[2026-09-26T00:26:11.971+0000] {logging_mixin.py:190} INFO - [2026-09-26T00:26:11.970+0000] {dagbag.py:587} INFO - Filling up the DagBag from /opt/airflow/dags/build_elt_with_dbt.py
[2026-09-26T00:26:11.992+0000] {logging_mixin.py:190} INFO - [2026-09-26T00:26:11.992+0000] {base.py:84} INFO - Retrieving connection 'snowflake_conn'
[2026-09-26T00:26:11.997+0000] {processor.py:925} INFO - DAG(s) 'dbt_weather_analytics' retrieved from /opt/airflow/dags/build_elt_with_dbt.py
[2026-09-26T00:26:12.004+0000] {logging_mixin.py:190} INFO - [2026-09-26T00:26:12.004+0000] {dag.py:3229} INFO - Sync 1 DAGs
[2026-09-26T00:26:12.012+0000] {logging_mixin.py:190} INFO - [2026-09-26T00:26:12.012+0000] {dag.py:4156} INFO - Setting next_dagrun for dbt_weather_analytics to None, run_after=None
[2026-09-26T00:26:12.018+0000] {processor.py:208} INFO - Processing /opt/airflow/dags/build_elt_with_dbt.py took 0.061 seconds
[2026-09-26T00:26:42.411+0000] {processor.py:186} INFO - Started process (PID=5184) to work on /opt/airflow/dags/build_elt_with_dbt.py
[2026-09-26T00:26:42.413+0000] {processor.py:914} INFO - Processing file /opt/airflow/dags/build_elt_with_dbt.py for tasks to queue
[2026-09-26T00:26:42.415+0000] {logging_mixin.py:190} INFO - [2026-09-26T00:26:42.414+0000] {dagbag.py:587} INFO - Filling up the DagBag from /opt/airflow/dags/build_elt_with_dbt.py
[2026-09-26T00:26:42.432+0000] {logging_mixin.py:190} INFO - [2026-09-26T00:26:42.432+0000] {base.py:84} INFO - Retrieving connection 'snowflake_conn'
[2026-09-26T00:26:42.438+0000] {processor.py:925} INFO - DAG(s) 'dbt_weather_analytics' retrieved from /opt/airflow/dags/build_elt_with_dbt.py
[2026-09-26T00:26:42.447+0000] {logging_mixin.py:190} INFO - [2026-09-26T00:26:42.447+0000] {dag.py:3229} INFO - Sync 1 DAGs
[2026-09-26T00:26:42.455+0000] {logging_mixin.py:190} INFO - [2026-09-26T00:26:42.455+0000] {dag.py:4156} INFO - Setting next_dagrun for dbt_weather_analytics to None, run_after=None
[2026-09-26T00:26:42.464+0000] {processor.py:208} INFO - Processing /opt/airflow/dags/build_elt_with_dbt.py took 0.059 seconds
[2026-09-26T00:27:12.945+0000] {processor.py:186} INFO - Started process (PID=5200) to work on /opt/airflow/dags/build_elt_with_dbt.py
[2026-09-26T00:27:12.949+0000] {processor.py:914} INFO - Processing file /opt/airflow/dags/build_elt_with_dbt.py for tasks to queue
[2026-09-26T00:27:12.952+0000] {logging_mixin.py:190} INFO - [2026-09-26T00:27:12.951+0000] {dagbag.py:587} INFO - Filling up the DagBag from /opt/airflow/dags/build_elt_with_dbt.py
[2026-09-26T00:27:12.983+0000] {logging_mixin.py:190} INFO - [2026-09-26T00:27:12.982+0000] {base.py:84} INFO - Retrieving connection 'snowflake_conn'
[2026-09-26T00:27:13.002+0000] {processor.py:925} INFO - DAG(s) 'dbt_weather_analytics' retrieved from /opt/airflow/dags/build_elt_with_dbt.py
[2026-09-26T00:27:13.017+0000] {logging_mixin.py:190} INFO - [2026-09-26T00:27:13.017+0000] {dag.py:3229} INFO - Sync 1 DAGs
[2026-09-26T00:27:13.030+0000] {logging_mixin.py:190} INFO - [2026-09-26T00:27:13.029+0000] {dag.py:4156} INFO - Setting next_dagrun for dbt_weather_analytics to None, run_after=None
[2026-09-26T00:27:13.038+0000] {processor.py:208} INFO - Processing /opt/airflow/dags/build_elt_with_dbt.py took 0.110 seconds
[2026-09-26T00:27:43.327+0000] {processor.py:186} INFO - Started process (PID=5216) to work on /opt/airflow/dags/build_elt_with_dbt.py
[2026-09-26T00:27:43.328+0000] {processor.py:914} INFO - Processing file /opt/airflow/dags/build_elt_with_dbt.py for tasks to queue
[2026-09-26T00:27:43.330+0000] {logging_mixin.py:190} INFO - [2026-09-26T00:27:43.329+0000] {dagbag.py:587} INFO - Filling up the DagBag from /opt/airflow/dags/build_elt_with_dbt.py
[2026-09-26T00:27:43.355+0000] {logging_mixin.py:190} INFO - [2026-09-26T00:27:43.355+0000] {base.py:84} INFO - Retrieving connection 'snowflake_conn'
[2026-09-26T00:27:43.362+0000] {processor.py:925} INFO - DAG(s) 'dbt_weather_analytics' retrieved from /opt/airflow/dags/build_elt_with_dbt.py
[2026-09-26T00:27:43.370+0000] {logging_mixin.py:190} INFO - [2026-09-26T00:27:43.370+0000] {dag.py:3229} INFO - Sync 1 DAGs
[2026-09-26T00:27:43.379+0000] {logging_mixin.py:190} INFO - [2026-09-26T00:27:43.379+0000] {dag.py:4156} INFO - Setting next_dagrun for dbt_weather_analytics to None, run_after=None
[2026-09-26T00:27:43.386+0000] {processor.py:208} INFO - Processing /opt/airflow/dags/build_elt_with_dbt.py took 0.071 seconds
[2026-09-26T00:28:13.760+0000] {processor.py:186} INFO - Started process (PID=5232) to work on /opt/airflow/dags/build_elt_with_dbt.py
[2026-09-26T00:28:13.762+0000] {processor.py:914} INFO - Processing file /opt/airflow/dags/build_elt_with_dbt.py for tasks to queue
[2026-09-26T00:28:13.764+0000] {logging_mixin.py:190} INFO - [2026-09-26T00:28:13.763+0000] {dagbag.py:587} INFO - Filling up the DagBag from /opt/airflow/dags/build_elt_with_dbt.py
[2026-09-26T00:28:13.786+0000] {logging_mixin.py:190} INFO - [2026-09-26T00:28:13.786+0000] {base.py:84} INFO - Retrieving connection 'snowflake_conn'
[2026-09-26T00:28:13.793+0000] {processor.py:925} INFO - DAG(s) 'dbt_weather_analytics' retrieved from /opt/airflow/dags/build_elt_with_dbt.py
[2026-09-26T00:28:13.804+0000] {logging_mixin.py:190} INFO - [2026-09-26T00:28:13.804+0000] {dag.py:3229} INFO - Sync 1 DAGs
[2026-09-26T00:28:13.819+0000] {logging_mixin.py:190} INFO - [2026-09-26T00:28:13.819+0000] {dag.py:4156} INFO - Setting next_dagrun for dbt_weather_analytics to None, run_after=None
[2026-09-26T00:28:13.828+0000] {processor.py:208} INFO - Processing /opt/airflow/dags/build_elt_with_dbt.py took 0.074 seconds
[2026-09-26T00:28:44.184+0000] {processor.py:186} INFO - Started process (PID=5248) to work on /opt/airflow/dags/build_elt_with_dbt.py
[2026-09-26T00:28:44.185+0000] {processor.py:914} INFO - Processing file /opt/airflow/dags/build_elt_with_dbt.py for tasks to queue
[2026-09-26T00:28:44.186+0000] {logging_mixin.py:190} INFO - [2026-09-26T00:28:44.185+0000] {dagbag.py:587} INFO - Filling up the DagBag from /opt/airflow/dags/build_elt_with_dbt.py
[2026-09-26T00:28:44.200+0000] {logging_mixin.py:190} INFO - [2026-09-26T00:28:44.200+0000] {base.py:84} INFO - Retrieving connection 'snowflake_conn'
[2026-09-26T00:28:44.204+0000] {processor.py:925} INFO - DAG(s) 'dbt_weather_analytics' retrieved from /opt/airflow/dags/build_elt_with_dbt.py
[2026-09-26T00:28:44.214+0000] {logging_mixin.py:190} INFO - [2026-09-26T00:28:44.214+0000] {dag.py:3229} INFO - Sync 1 DAGs
[2026-09-26T00:28:44.225+0000] {logging_mixin.py:190} INFO - [2026-09-26T00:28:44.225+0000] {dag.py:4156} INFO - Setting next_dagrun for dbt_weather_analytics to None, run_after=None
[2026-09-26T00:28:44.248+0000] {processor.py:208} INFO - Processing /opt/airflow/dags/build_elt_with_dbt.py took 0.070 seconds
[2026-09-26T00:29:14.676+0000] {processor.py:186} INFO - Started process (PID=5264) to work on /opt/airflow/dags/build_elt_with_dbt.py
[2026-09-26T00:29:14.679+0000] {processor.py:914} INFO - Processing file /opt/airflow/dags/build_elt_with_dbt.py for tasks to queue
[2026-09-26T00:29:14.681+0000] {logging_mixin.py:190} INFO - [2026-09-26T00:29:14.680+0000] {dagbag.py:587} INFO - Filling up the DagBag from /opt/airflow/dags/build_elt_with_dbt.py
[2026-09-26T00:29:14.703+0000] {logging_mixin.py:190} INFO - [2026-09-26T00:29:14.703+0000] {base.py:84} INFO - Retrieving connection 'snowflake_conn'
[2026-09-26T00:29:14.714+0000] {processor.py:925} INFO - DAG(s) 'dbt_weather_analytics' retrieved from /opt/airflow/dags/build_elt_with_dbt.py
[2026-09-26T00:29:14.724+0000] {logging_mixin.py:190} INFO - [2026-09-26T00:29:14.724+0000] {dag.py:3229} INFO - Sync 1 DAGs
[2026-09-26T00:29:14.736+0000] {logging_mixin.py:190} INFO - [2026-09-26T00:29:14.735+0000] {dag.py:4156} INFO - Setting next_dagrun for dbt_weather_analytics to None, run_after=None
[2026-09-26T00:29:14.746+0000] {processor.py:208} INFO - Processing /opt/airflow/dags/build_elt_with_dbt.py took 0.078 seconds
[2026-09-26T00:29:45.160+0000] {processor.py:186} INFO - Started process (PID=5280) to work on /opt/airflow/dags/build_elt_with_dbt.py
[2026-09-26T00:29:45.163+0000] {processor.py:914} INFO - Processing file /opt/airflow/dags/build_elt_with_dbt.py for tasks to queue
[2026-09-26T00:29:45.165+0000] {logging_mixin.py:190} INFO - [2026-09-26T00:29:45.164+0000] {dagbag.py:587} INFO - Filling up the DagBag from /opt/airflow/dags/build_elt_with_dbt.py
[2026-09-26T00:29:45.191+0000] {logging_mixin.py:190} INFO - [2026-09-26T00:29:45.191+0000] {base.py:84} INFO - Retrieving connection 'snowflake_conn'
[2026-09-26T00:29:45.201+0000] {processor.py:925} INFO - DAG(s) 'dbt_weather_analytics' retrieved from /opt/airflow/dags/build_elt_with_dbt.py
[2026-09-26T00:29:45.212+0000] {logging_mixin.py:190} INFO - [2026-09-26T00:29:45.212+0000] {dag.py:3229} INFO - Sync 1 DAGs
[2026-09-26T00:29:45.228+0000] {logging_mixin.py:190} INFO - [2026-09-26T00:29:45.228+0000] {dag.py:4156} INFO - Setting next_dagrun for dbt_weather_analytics to None, run_after=None
[2026-09-26T00:29:45.239+0000] {processor.py:208} INFO - Processing /opt/airflow/dags/build_elt_with_dbt.py took 0.090 seconds
[2026-09-26T00:30:15.617+0000] {processor.py:186} INFO - Started process (PID=5296) to work on /opt/airflow/dags/build_elt_with_dbt.py
[2026-09-26T00:30:15.618+0000] {processor.py:914} INFO - Processing file /opt/airflow/dags/build_elt_with_dbt.py for tasks to queue
[2026-09-26T00:30:15.620+0000] {logging_mixin.py:190} INFO - [2026-09-26T00:30:15.619+0000] {dagbag.py:587} INFO - Filling up the DagBag from /opt/airflow/dags/build_elt_with_dbt.py
[2026-09-26T00:30:15.634+0000] {logging_mixin.py:190} INFO - [2026-09-26T00:30:15.634+0000] {base.py:84} INFO - Retrieving connection 'snowflake_conn'
[2026-09-26T00:30:15.640+0000] {processor.py:925} INFO - DAG(s) 'dbt_weather_analytics' retrieved from /opt/airflow/dags/build_elt_with_dbt.py
[2026-09-26T00:30:15.647+0000] {logging_mixin.py:190} INFO - [2026-09-26T00:30:15.647+0000] {dag.py:3229} INFO - Sync 1 DAGs
[2026-09-26T00:30:15.656+0000] {logging_mixin.py:190} INFO - [2026-09-26T00:30:15.656+0000] {dag.py:4156} INFO - Setting next_dagrun for dbt_weather_analytics to None, run_after=None
[2026-09-26T00:30:15.663+0000] {processor.py:208} INFO - Processing /opt/airflow/dags/build_elt_with_dbt.py took 0.050 seconds
[2026-09-26T00:30:46.014+0000] {processor.py:186} INFO - Started process (PID=5312) to work on /opt/airflow/dags/build_elt_with_dbt.py
[2026-09-26T00:30:46.017+0000] {processor.py:914} INFO - Processing file /opt/airflow/dags/build_elt_with_dbt.py for tasks to queue
[2026-09-26T00:30:46.024+0000] {logging_mixin.py:190} INFO - [2026-09-26T00:30:46.021+0000] {dagbag.py:587} INFO - Filling up the DagBag from /opt/airflow/dags/build_elt_with_dbt.py
[2026-09-26T00:30:46.067+0000] {logging_mixin.py:190} INFO - [2026-09-26T00:30:46.067+0000] {base.py:84} INFO - Retrieving connection 'snowflake_conn'
[2026-09-26T00:30:46.077+0000] {processor.py:925} INFO - DAG(s) 'dbt_weather_analytics' retrieved from /opt/airflow/dags/build_elt_with_dbt.py
[2026-09-26T00:30:46.092+0000] {logging_mixin.py:190} INFO - [2026-09-26T00:30:46.091+0000] {dag.py:3229} INFO - Sync 1 DAGs
[2026-09-26T00:30:46.106+0000] {logging_mixin.py:190} INFO - [2026-09-26T00:30:46.106+0000] {dag.py:4156} INFO - Setting next_dagrun for dbt_weather_analytics to None, run_after=None
[2026-09-26T00:30:46.115+0000] {processor.py:208} INFO - Processing /opt/airflow/dags/build_elt_with_dbt.py took 0.116 seconds
[2026-09-26T00:31:16.470+0000] {processor.py:186} INFO - Started process (PID=5328) to work on /opt/airflow/dags/build_elt_with_dbt.py
[2026-09-26T00:31:16.471+0000] {processor.py:914} INFO - Processing file /opt/airflow/dags/build_elt_with_dbt.py for tasks to queue
[2026-09-26T00:31:16.472+0000] {logging_mixin.py:190} INFO - [2026-09-26T00:31:16.472+0000] {dagbag.py:587} INFO - Filling up the DagBag from /opt/airflow/dags/build_elt_with_dbt.py
[2026-09-26T00:31:16.494+0000] {logging_mixin.py:190} INFO - [2026-09-26T00:31:16.494+0000] {base.py:84} INFO - Retrieving connection 'snowflake_conn'
[2026-09-26T00:31:16.501+0000] {processor.py:925} INFO - DAG(s) 'dbt_weather_analytics' retrieved from /opt/airflow/dags/build_elt_with_dbt.py
[2026-09-26T00:31:16.509+0000] {logging_mixin.py:190} INFO - [2026-09-26T00:31:16.509+0000] {dag.py:3229} INFO - Sync 1 DAGs
[2026-09-26T00:31:16.519+0000] {logging_mixin.py:190} INFO - [2026-09-26T00:31:16.519+0000] {dag.py:4156} INFO - Setting next_dagrun for dbt_weather_analytics to None, run_after=None
[2026-09-26T00:31:16.526+0000] {processor.py:208} INFO - Processing /opt/airflow/dags/build_elt_with_dbt.py took 0.063 seconds
[2026-09-26T00:31:46.953+0000] {processor.py:186} INFO - Started process (PID=5344) to work on /opt/airflow/dags/build_elt_with_dbt.py
[2026-09-26T00:31:46.956+0000] {processor.py:914} INFO - Processing file /opt/airflow/dags/build_elt_with_dbt.py for tasks to queue
[2026-09-26T00:31:46.961+0000] {logging_mixin.py:190} INFO - [2026-09-26T00:31:46.960+0000] {dagbag.py:587} INFO - Filling up the DagBag from /opt/airflow/dags/build_elt_with_dbt.py
[2026-09-26T00:31:47.009+0000] {logging_mixin.py:190} INFO - [2026-09-26T00:31:47.009+0000] {base.py:84} INFO - Retrieving connection 'snowflake_conn'
[2026-09-26T00:31:47.020+0000] {processor.py:925} INFO - DAG(s) 'dbt_weather_analytics' retrieved from /opt/airflow/dags/build_elt_with_dbt.py
[2026-09-26T00:31:47.032+0000] {logging_mixin.py:190} INFO - [2026-09-26T00:31:47.032+0000] {dag.py:3229} INFO - Sync 1 DAGs
[2026-09-26T00:31:47.046+0000] {logging_mixin.py:190} INFO - [2026-09-26T00:31:47.046+0000] {dag.py:4156} INFO - Setting next_dagrun for dbt_weather_analytics to None, run_after=None
[2026-09-26T00:31:47.055+0000] {processor.py:208} INFO - Processing /opt/airflow/dags/build_elt_with_dbt.py took 0.114 seconds
[2026-09-26T00:32:17.407+0000] {processor.py:186} INFO - Started process (PID=5360) to work on /opt/airflow/dags/build_elt_with_dbt.py
[2026-09-26T00:32:17.410+0000] {processor.py:914} INFO - Processing file /opt/airflow/dags/build_elt_with_dbt.py for tasks to queue
[2026-09-26T00:32:17.411+0000] {logging_mixin.py:190} INFO - [2026-09-26T00:32:17.411+0000] {dagbag.py:587} INFO - Filling up the DagBag from /opt/airflow/dags/build_elt_with_dbt.py
[2026-09-26T00:32:17.451+0000] {logging_mixin.py:190} INFO - [2026-09-26T00:32:17.451+0000] {base.py:84} INFO - Retrieving connection 'snowflake_conn'
[2026-09-26T00:32:17.461+0000] {processor.py:925} INFO - DAG(s) 'dbt_weather_analytics' retrieved from /opt/airflow/dags/build_elt_with_dbt.py
[2026-09-26T00:32:17.473+0000] {logging_mixin.py:190} INFO - [2026-09-26T00:32:17.473+0000] {dag.py:3229} INFO - Sync 1 DAGs
[2026-09-26T00:32:17.493+0000] {logging_mixin.py:190} INFO - [2026-09-26T00:32:17.493+0000] {dag.py:4156} INFO - Setting next_dagrun for dbt_weather_analytics to None, run_after=None
[2026-09-26T00:32:17.515+0000] {processor.py:208} INFO - Processing /opt/airflow/dags/build_elt_with_dbt.py took 0.121 seconds
[2026-09-26T00:32:47.796+0000] {processor.py:186} INFO - Started process (PID=5376) to work on /opt/airflow/dags/build_elt_with_dbt.py
[2026-09-26T00:32:47.798+0000] {processor.py:914} INFO - Processing file /opt/airflow/dags/build_elt_with_dbt.py for tasks to queue
[2026-09-26T00:32:47.800+0000] {logging_mixin.py:190} INFO - [2026-09-26T00:32:47.799+0000] {dagbag.py:587} INFO - Filling up the DagBag from /opt/airflow/dags/build_elt_with_dbt.py
[2026-09-26T00:32:47.822+0000] {logging_mixin.py:190} INFO - [2026-09-26T00:32:47.822+0000] {base.py:84} INFO - Retrieving connection 'snowflake_conn'
[2026-09-26T00:32:47.829+0000] {processor.py:925} INFO - DAG(s) 'dbt_weather_analytics' retrieved from /opt/airflow/dags/build_elt_with_dbt.py
[2026-09-26T00:32:47.839+0000] {logging_mixin.py:190} INFO - [2026-09-26T00:32:47.839+0000] {dag.py:3229} INFO - Sync 1 DAGs
[2026-09-26T00:32:47.849+0000] {logging_mixin.py:190} INFO - [2026-09-26T00:32:47.849+0000] {dag.py:4156} INFO - Setting next_dagrun for dbt_weather_analytics to None, run_after=None
[2026-09-26T00:32:47.857+0000] {processor.py:208} INFO - Processing /opt/airflow/dags/build_elt_with_dbt.py took 0.071 seconds
[2026-09-26T00:33:18.219+0000] {processor.py:186} INFO - Started process (PID=5392) to work on /opt/airflow/dags/build_elt_with_dbt.py
[2026-09-26T00:33:18.221+0000] {processor.py:914} INFO - Processing file /opt/airflow/dags/build_elt_with_dbt.py for tasks to queue
[2026-09-26T00:33:18.223+0000] {logging_mixin.py:190} INFO - [2026-09-26T00:33:18.222+0000] {dagbag.py:587} INFO - Filling up the DagBag from /opt/airflow/dags/build_elt_with_dbt.py
[2026-09-26T00:33:18.251+0000] {logging_mixin.py:190} INFO - [2026-09-26T00:33:18.251+0000] {base.py:84} INFO - Retrieving connection 'snowflake_conn'
[2026-09-26T00:33:18.258+0000] {processor.py:925} INFO - DAG(s) 'dbt_weather_analytics' retrieved from /opt/airflow/dags/build_elt_with_dbt.py
[2026-09-26T00:33:18.267+0000] {logging_mixin.py:190} INFO - [2026-09-26T00:33:18.267+0000] {dag.py:3229} INFO - Sync 1 DAGs
[2026-09-26T00:33:18.279+0000] {logging_mixin.py:190} INFO - [2026-09-26T00:33:18.279+0000] {dag.py:4156} INFO - Setting next_dagrun for dbt_weather_analytics to None, run_after=None
[2026-09-26T00:33:18.291+0000] {processor.py:208} INFO - Processing /opt/airflow/dags/build_elt_with_dbt.py took 0.084 seconds
[2026-09-26T00:33:48.708+0000] {processor.py:186} INFO - Started process (PID=5408) to work on /opt/airflow/dags/build_elt_with_dbt.py
[2026-09-26T00:33:48.710+0000] {processor.py:914} INFO - Processing file /opt/airflow/dags/build_elt_with_dbt.py for tasks to queue
[2026-09-26T00:33:48.712+0000] {logging_mixin.py:190} INFO - [2026-09-26T00:33:48.711+0000] {dagbag.py:587} INFO - Filling up the DagBag from /opt/airflow/dags/build_elt_with_dbt.py
[2026-09-26T00:33:48.748+0000] {logging_mixin.py:190} INFO - [2026-09-26T00:33:48.748+0000] {base.py:84} INFO - Retrieving connection 'snowflake_conn'
[2026-09-26T00:33:48.759+0000] {processor.py:925} INFO - DAG(s) 'dbt_weather_analytics' retrieved from /opt/airflow/dags/build_elt_with_dbt.py
[2026-09-26T00:33:48.769+0000] {logging_mixin.py:190} INFO - [2026-09-26T00:33:48.768+0000] {dag.py:3229} INFO - Sync 1 DAGs
[2026-09-26T00:33:48.780+0000] {logging_mixin.py:190} INFO - [2026-09-26T00:33:48.780+0000] {dag.py:4156} INFO - Setting next_dagrun for dbt_weather_analytics to None, run_after=None
[2026-09-26T00:33:48.789+0000] {processor.py:208} INFO - Processing /opt/airflow/dags/build_elt_with_dbt.py took 0.091 seconds
[2026-09-26T00:34:19.204+0000] {processor.py:186} INFO - Started process (PID=5424) to work on /opt/airflow/dags/build_elt_with_dbt.py
[2026-09-26T00:34:19.207+0000] {processor.py:914} INFO - Processing file /opt/airflow/dags/build_elt_with_dbt.py for tasks to queue
[2026-09-26T00:34:19.210+0000] {logging_mixin.py:190} INFO - [2026-09-26T00:34:19.208+0000] {dagbag.py:587} INFO - Filling up the DagBag from /opt/airflow/dags/build_elt_with_dbt.py
[2026-09-26T00:34:19.236+0000] {logging_mixin.py:190} INFO - [2026-09-26T00:34:19.236+0000] {base.py:84} INFO - Retrieving connection 'snowflake_conn'
[2026-09-26T00:34:19.244+0000] {processor.py:925} INFO - DAG(s) 'dbt_weather_analytics' retrieved from /opt/airflow/dags/build_elt_with_dbt.py
[2026-09-26T00:34:19.255+0000] {logging_mixin.py:190} INFO - [2026-09-26T00:34:19.255+0000] {dag.py:3229} INFO - Sync 1 DAGs
[2026-09-26T00:34:19.267+0000] {logging_mixin.py:190} INFO - [2026-09-26T00:34:19.267+0000] {dag.py:4156} INFO - Setting next_dagrun for dbt_weather_analytics to None, run_after=None
[2026-09-26T00:34:19.277+0000] {processor.py:208} INFO - Processing /opt/airflow/dags/build_elt_with_dbt.py took 0.080 seconds
[2026-09-26T00:34:49.692+0000] {processor.py:186} INFO - Started process (PID=5440) to work on /opt/airflow/dags/build_elt_with_dbt.py
[2026-09-26T00:34:49.694+0000] {processor.py:914} INFO - Processing file /opt/airflow/dags/build_elt_with_dbt.py for tasks to queue
[2026-09-26T00:34:49.697+0000] {logging_mixin.py:190} INFO - [2026-09-26T00:34:49.695+0000] {dagbag.py:587} INFO - Filling up the DagBag from /opt/airflow/dags/build_elt_with_dbt.py
[2026-09-26T00:34:49.721+0000] {logging_mixin.py:190} INFO - [2026-09-26T00:34:49.720+0000] {base.py:84} INFO - Retrieving connection 'snowflake_conn'
[2026-09-26T00:34:49.728+0000] {processor.py:925} INFO - DAG(s) 'dbt_weather_analytics' retrieved from /opt/airflow/dags/build_elt_with_dbt.py
[2026-09-26T00:34:49.738+0000] {logging_mixin.py:190} INFO - [2026-09-26T00:34:49.738+0000] {dag.py:3229} INFO - Sync 1 DAGs
[2026-09-26T00:34:49.750+0000] {logging_mixin.py:190} INFO - [2026-09-26T00:34:49.750+0000] {dag.py:4156} INFO - Setting next_dagrun for dbt_weather_analytics to None, run_after=None
[2026-09-26T00:34:49.760+0000] {processor.py:208} INFO - Processing /opt/airflow/dags/build_elt_with_dbt.py took 0.078 seconds
[2026-09-26T00:35:20.148+0000] {processor.py:186} INFO - Started process (PID=5456) to work on /opt/airflow/dags/build_elt_with_dbt.py
[2026-09-26T00:35:20.150+0000] {processor.py:914} INFO - Processing file /opt/airflow/dags/build_elt_with_dbt.py for tasks to queue
[2026-09-26T00:35:20.151+0000] {logging_mixin.py:190} INFO - [2026-09-26T00:35:20.150+0000] {dagbag.py:587} INFO - Filling up the DagBag from /opt/airflow/dags/build_elt_with_dbt.py
[2026-09-26T00:35:20.164+0000] {logging_mixin.py:190} INFO - [2026-09-26T00:35:20.164+0000] {base.py:84} INFO - Retrieving connection 'snowflake_conn'
[2026-09-26T00:35:20.168+0000] {processor.py:925} INFO - DAG(s) 'dbt_weather_analytics' retrieved from /opt/airflow/dags/build_elt_with_dbt.py
[2026-09-26T00:35:20.174+0000] {logging_mixin.py:190} INFO - [2026-09-26T00:35:20.174+0000] {dag.py:3229} INFO - Sync 1 DAGs
[2026-09-26T00:35:20.181+0000] {logging_mixin.py:190} INFO - [2026-09-26T00:35:20.181+0000] {dag.py:4156} INFO - Setting next_dagrun for dbt_weather_analytics to None, run_after=None
[2026-09-26T00:35:20.187+0000] {processor.py:208} INFO - Processing /opt/airflow/dags/build_elt_with_dbt.py took 0.044 seconds
[2026-09-26T00:35:50.535+0000] {processor.py:186} INFO - Started process (PID=5472) to work on /opt/airflow/dags/build_elt_with_dbt.py
[2026-09-26T00:35:50.536+0000] {processor.py:914} INFO - Processing file /opt/airflow/dags/build_elt_with_dbt.py for tasks to queue
[2026-09-26T00:35:50.539+0000] {logging_mixin.py:190} INFO - [2026-09-26T00:35:50.537+0000] {dagbag.py:587} INFO - Filling up the DagBag from /opt/airflow/dags/build_elt_with_dbt.py
[2026-09-26T00:35:50.566+0000] {logging_mixin.py:190} INFO - [2026-09-26T00:35:50.565+0000] {base.py:84} INFO - Retrieving connection 'snowflake_conn'
[2026-09-26T00:35:50.585+0000] {processor.py:925} INFO - DAG(s) 'dbt_weather_analytics' retrieved from /opt/airflow/dags/build_elt_with_dbt.py
[2026-09-26T00:35:50.597+0000] {logging_mixin.py:190} INFO - [2026-09-26T00:35:50.597+0000] {dag.py:3229} INFO - Sync 1 DAGs
[2026-09-26T00:35:50.618+0000] {logging_mixin.py:190} INFO - [2026-09-26T00:35:50.617+0000] {dag.py:4156} INFO - Setting next_dagrun for dbt_weather_analytics to None, run_after=None
[2026-09-26T00:35:50.630+0000] {processor.py:208} INFO - Processing /opt/airflow/dags/build_elt_with_dbt.py took 0.101 seconds
[2026-09-26T00:36:20.912+0000] {processor.py:186} INFO - Started process (PID=5488) to work on /opt/airflow/dags/build_elt_with_dbt.py
[2026-09-26T00:36:20.914+0000] {processor.py:914} INFO - Processing file /opt/airflow/dags/build_elt_with_dbt.py for tasks to queue
[2026-09-26T00:36:20.915+0000] {logging_mixin.py:190} INFO - [2026-09-26T00:36:20.915+0000] {dagbag.py:587} INFO - Filling up the DagBag from /opt/airflow/dags/build_elt_with_dbt.py
[2026-09-26T00:36:20.933+0000] {logging_mixin.py:190} INFO - [2026-09-26T00:36:20.933+0000] {base.py:84} INFO - Retrieving connection 'snowflake_conn'
[2026-09-26T00:36:20.938+0000] {processor.py:925} INFO - DAG(s) 'dbt_weather_analytics' retrieved from /opt/airflow/dags/build_elt_with_dbt.py
[2026-09-26T00:36:20.946+0000] {logging_mixin.py:190} INFO - [2026-09-26T00:36:20.946+0000] {dag.py:3229} INFO - Sync 1 DAGs
[2026-09-26T00:36:20.955+0000] {logging_mixin.py:190} INFO - [2026-09-26T00:36:20.955+0000] {dag.py:4156} INFO - Setting next_dagrun for dbt_weather_analytics to None, run_after=None
[2026-09-26T00:36:20.963+0000] {processor.py:208} INFO - Processing /opt/airflow/dags/build_elt_with_dbt.py took 0.058 seconds
[2026-09-26T00:36:51.318+0000] {processor.py:186} INFO - Started process (PID=5504) to work on /opt/airflow/dags/build_elt_with_dbt.py
[2026-09-26T00:36:51.319+0000] {processor.py:914} INFO - Processing file /opt/airflow/dags/build_elt_with_dbt.py for tasks to queue
[2026-09-26T00:36:51.321+0000] {logging_mixin.py:190} INFO - [2026-09-26T00:36:51.320+0000] {dagbag.py:587} INFO - Filling up the DagBag from /opt/airflow/dags/build_elt_with_dbt.py
[2026-09-26T00:36:51.340+0000] {logging_mixin.py:190} INFO - [2026-09-26T00:36:51.340+0000] {base.py:84} INFO - Retrieving connection 'snowflake_conn'
[2026-09-26T00:36:51.345+0000] {processor.py:925} INFO - DAG(s) 'dbt_weather_analytics' retrieved from /opt/airflow/dags/build_elt_with_dbt.py
[2026-09-26T00:36:51.354+0000] {logging_mixin.py:190} INFO - [2026-09-26T00:36:51.354+0000] {dag.py:3229} INFO - Sync 1 DAGs
[2026-09-26T00:36:51.364+0000] {logging_mixin.py:190} INFO - [2026-09-26T00:36:51.364+0000] {dag.py:4156} INFO - Setting next_dagrun for dbt_weather_analytics to None, run_after=None
[2026-09-26T00:36:51.372+0000] {processor.py:208} INFO - Processing /opt/airflow/dags/build_elt_with_dbt.py took 0.061 seconds
[2026-09-26T00:37:21.783+0000] {processor.py:186} INFO - Started process (PID=5520) to work on /opt/airflow/dags/build_elt_with_dbt.py
[2026-09-26T00:37:21.785+0000] {processor.py:914} INFO - Processing file /opt/airflow/dags/build_elt_with_dbt.py for tasks to queue
[2026-09-26T00:37:21.787+0000] {logging_mixin.py:190} INFO - [2026-09-26T00:37:21.786+0000] {dagbag.py:587} INFO - Filling up the DagBag from /opt/airflow/dags/build_elt_with_dbt.py
[2026-09-26T00:37:21.806+0000] {logging_mixin.py:190} INFO - [2026-09-26T00:37:21.806+0000] {base.py:84} INFO - Retrieving connection 'snowflake_conn'
[2026-09-26T00:37:21.811+0000] {processor.py:925} INFO - DAG(s) 'dbt_weather_analytics' retrieved from /opt/airflow/dags/build_elt_with_dbt.py
[2026-09-26T00:37:21.819+0000] {logging_mixin.py:190} INFO - [2026-09-26T00:37:21.819+0000] {dag.py:3229} INFO - Sync 1 DAGs
[2026-09-26T00:37:21.827+0000] {logging_mixin.py:190} INFO - [2026-09-26T00:37:21.827+0000] {dag.py:4156} INFO - Setting next_dagrun for dbt_weather_analytics to None, run_after=None
[2026-09-26T00:37:21.835+0000] {processor.py:208} INFO - Processing /opt/airflow/dags/build_elt_with_dbt.py took 0.063 seconds
[2026-09-26T00:37:52.189+0000] {processor.py:186} INFO - Started process (PID=5536) to work on /opt/airflow/dags/build_elt_with_dbt.py
[2026-09-26T00:37:52.190+0000] {processor.py:914} INFO - Processing file /opt/airflow/dags/build_elt_with_dbt.py for tasks to queue
[2026-09-26T00:37:52.192+0000] {logging_mixin.py:190} INFO - [2026-09-26T00:37:52.191+0000] {dagbag.py:587} INFO - Filling up the DagBag from /opt/airflow/dags/build_elt_with_dbt.py
[2026-09-26T00:37:52.212+0000] {logging_mixin.py:190} INFO - [2026-09-26T00:37:52.211+0000] {base.py:84} INFO - Retrieving connection 'snowflake_conn'
[2026-09-26T00:37:52.216+0000] {processor.py:925} INFO - DAG(s) 'dbt_weather_analytics' retrieved from /opt/airflow/dags/build_elt_with_dbt.py
[2026-09-26T00:37:52.223+0000] {logging_mixin.py:190} INFO - [2026-09-26T00:37:52.222+0000] {dag.py:3229} INFO - Sync 1 DAGs
[2026-09-26T00:37:52.230+0000] {logging_mixin.py:190} INFO - [2026-09-26T00:37:52.230+0000] {dag.py:4156} INFO - Setting next_dagrun for dbt_weather_analytics to None, run_after=None
[2026-09-26T00:37:52.236+0000] {processor.py:208} INFO - Processing /opt/airflow/dags/build_elt_with_dbt.py took 0.056 seconds
[2026-09-26T00:38:22.587+0000] {processor.py:186} INFO - Started process (PID=5552) to work on /opt/airflow/dags/build_elt_with_dbt.py
[2026-09-26T00:38:22.588+0000] {processor.py:914} INFO - Processing file /opt/airflow/dags/build_elt_with_dbt.py for tasks to queue
[2026-09-26T00:38:22.590+0000] {logging_mixin.py:190} INFO - [2026-09-26T00:38:22.589+0000] {dagbag.py:587} INFO - Filling up the DagBag from /opt/airflow/dags/build_elt_with_dbt.py
[2026-09-26T00:38:22.605+0000] {logging_mixin.py:190} INFO - [2026-09-26T00:38:22.604+0000] {base.py:84} INFO - Retrieving connection 'snowflake_conn'
[2026-09-26T00:38:22.608+0000] {processor.py:925} INFO - DAG(s) 'dbt_weather_analytics' retrieved from /opt/airflow/dags/build_elt_with_dbt.py
[2026-09-26T00:38:22.616+0000] {logging_mixin.py:190} INFO - [2026-09-26T00:38:22.615+0000] {dag.py:3229} INFO - Sync 1 DAGs
[2026-09-26T00:38:22.626+0000] {logging_mixin.py:190} INFO - [2026-09-26T00:38:22.625+0000] {dag.py:4156} INFO - Setting next_dagrun for dbt_weather_analytics to None, run_after=None
[2026-09-26T00:38:22.633+0000] {processor.py:208} INFO - Processing /opt/airflow/dags/build_elt_with_dbt.py took 0.053 seconds
[2026-09-26T00:38:52.971+0000] {processor.py:186} INFO - Started process (PID=5568) to work on /opt/airflow/dags/build_elt_with_dbt.py
[2026-09-26T00:38:52.972+0000] {processor.py:914} INFO - Processing file /opt/airflow/dags/build_elt_with_dbt.py for tasks to queue
[2026-09-26T00:38:52.974+0000] {logging_mixin.py:190} INFO - [2026-09-26T00:38:52.973+0000] {dagbag.py:587} INFO - Filling up the DagBag from /opt/airflow/dags/build_elt_with_dbt.py
[2026-09-26T00:38:52.994+0000] {logging_mixin.py:190} INFO - [2026-09-26T00:38:52.994+0000] {base.py:84} INFO - Retrieving connection 'snowflake_conn'
[2026-09-26T00:38:53.000+0000] {processor.py:925} INFO - DAG(s) 'dbt_weather_analytics' retrieved from /opt/airflow/dags/build_elt_with_dbt.py
[2026-09-26T00:38:53.009+0000] {logging_mixin.py:190} INFO - [2026-09-26T00:38:53.009+0000] {dag.py:3229} INFO - Sync 1 DAGs
[2026-09-26T00:38:53.020+0000] {logging_mixin.py:190} INFO - [2026-09-26T00:38:53.020+0000] {dag.py:4156} INFO - Setting next_dagrun for dbt_weather_analytics to None, run_after=None
[2026-09-26T00:38:53.028+0000] {processor.py:208} INFO - Processing /opt/airflow/dags/build_elt_with_dbt.py took 0.065 seconds
[2026-09-26T00:39:23.381+0000] {processor.py:186} INFO - Started process (PID=5584) to work on /opt/airflow/dags/build_elt_with_dbt.py
[2026-09-26T00:39:23.384+0000] {processor.py:914} INFO - Processing file /opt/airflow/dags/build_elt_with_dbt.py for tasks to queue
[2026-09-26T00:39:23.387+0000] {logging_mixin.py:190} INFO - [2026-09-26T00:39:23.385+0000] {dagbag.py:587} INFO - Filling up the DagBag from /opt/airflow/dags/build_elt_with_dbt.py
[2026-09-26T00:39:23.413+0000] {logging_mixin.py:190} INFO - [2026-09-26T00:39:23.413+0000] {base.py:84} INFO - Retrieving connection 'snowflake_conn'
[2026-09-26T00:39:23.423+0000] {processor.py:925} INFO - DAG(s) 'dbt_weather_analytics' retrieved from /opt/airflow/dags/build_elt_with_dbt.py
[2026-09-26T00:39:23.443+0000] {logging_mixin.py:190} INFO - [2026-09-26T00:39:23.443+0000] {dag.py:3229} INFO - Sync 1 DAGs
[2026-09-26T00:39:23.461+0000] {logging_mixin.py:190} INFO - [2026-09-26T00:39:23.461+0000] {dag.py:4156} INFO - Setting next_dagrun for dbt_weather_analytics to None, run_after=None
[2026-09-26T00:39:23.481+0000] {processor.py:208} INFO - Processing /opt/airflow/dags/build_elt_with_dbt.py took 0.108 seconds
[2026-09-26T00:39:53.749+0000] {processor.py:186} INFO - Started process (PID=5600) to work on /opt/airflow/dags/build_elt_with_dbt.py
[2026-09-26T00:39:53.750+0000] {processor.py:914} INFO - Processing file /opt/airflow/dags/build_elt_with_dbt.py for tasks to queue
[2026-09-26T00:39:53.752+0000] {logging_mixin.py:190} INFO - [2026-09-26T00:39:53.751+0000] {dagbag.py:587} INFO - Filling up the DagBag from /opt/airflow/dags/build_elt_with_dbt.py
[2026-09-26T00:39:53.774+0000] {logging_mixin.py:190} INFO - [2026-09-26T00:39:53.774+0000] {base.py:84} INFO - Retrieving connection 'snowflake_conn'
[2026-09-26T00:39:53.780+0000] {processor.py:925} INFO - DAG(s) 'dbt_weather_analytics' retrieved from /opt/airflow/dags/build_elt_with_dbt.py
[2026-09-26T00:39:53.791+0000] {logging_mixin.py:190} INFO - [2026-09-26T00:39:53.791+0000] {dag.py:3229} INFO - Sync 1 DAGs
[2026-09-26T00:39:53.804+0000] {logging_mixin.py:190} INFO - [2026-09-26T00:39:53.804+0000] {dag.py:4156} INFO - Setting next_dagrun for dbt_weather_analytics to None, run_after=None
[2026-09-26T00:39:53.812+0000] {processor.py:208} INFO - Processing /opt/airflow/dags/build_elt_with_dbt.py took 0.070 seconds
[2026-09-26T00:40:24.197+0000] {processor.py:186} INFO - Started process (PID=5622) to work on /opt/airflow/dags/build_elt_with_dbt.py
[2026-09-26T00:40:24.199+0000] {processor.py:914} INFO - Processing file /opt/airflow/dags/build_elt_with_dbt.py for tasks to queue
[2026-09-26T00:40:24.200+0000] {logging_mixin.py:190} INFO - [2026-09-26T00:40:24.199+0000] {dagbag.py:587} INFO - Filling up the DagBag from /opt/airflow/dags/build_elt_with_dbt.py
[2026-09-26T00:40:24.218+0000] {logging_mixin.py:190} INFO - [2026-09-26T00:40:24.218+0000] {base.py:84} INFO - Retrieving connection 'snowflake_conn'
[2026-09-26T00:40:24.223+0000] {processor.py:925} INFO - DAG(s) 'dbt_weather_analytics' retrieved from /opt/airflow/dags/build_elt_with_dbt.py
[2026-09-26T00:40:24.231+0000] {logging_mixin.py:190} INFO - [2026-09-26T00:40:24.231+0000] {dag.py:3229} INFO - Sync 1 DAGs
[2026-09-26T00:40:24.240+0000] {logging_mixin.py:190} INFO - [2026-09-26T00:40:24.240+0000] {dag.py:4156} INFO - Setting next_dagrun for dbt_weather_analytics to None, run_after=None
[2026-09-26T00:40:24.248+0000] {processor.py:208} INFO - Processing /opt/airflow/dags/build_elt_with_dbt.py took 0.056 seconds
[2026-09-26T00:40:54.654+0000] {processor.py:186} INFO - Started process (PID=5638) to work on /opt/airflow/dags/build_elt_with_dbt.py
[2026-09-26T00:40:54.655+0000] {processor.py:914} INFO - Processing file /opt/airflow/dags/build_elt_with_dbt.py for tasks to queue
[2026-09-26T00:40:54.657+0000] {logging_mixin.py:190} INFO - [2026-09-26T00:40:54.656+0000] {dagbag.py:587} INFO - Filling up the DagBag from /opt/airflow/dags/build_elt_with_dbt.py
[2026-09-26T00:40:54.687+0000] {logging_mixin.py:190} INFO - [2026-09-26T00:40:54.687+0000] {base.py:84} INFO - Retrieving connection 'snowflake_conn'
[2026-09-26T00:40:54.703+0000] {processor.py:925} INFO - DAG(s) 'dbt_weather_analytics' retrieved from /opt/airflow/dags/build_elt_with_dbt.py
[2026-09-26T00:40:54.716+0000] {logging_mixin.py:190} INFO - [2026-09-26T00:40:54.716+0000] {dag.py:3229} INFO - Sync 1 DAGs
[2026-09-26T00:40:54.729+0000] {logging_mixin.py:190} INFO - [2026-09-26T00:40:54.729+0000] {dag.py:4156} INFO - Setting next_dagrun for dbt_weather_analytics to None, run_after=None
[2026-09-26T00:40:54.741+0000] {processor.py:208} INFO - Processing /opt/airflow/dags/build_elt_with_dbt.py took 0.098 seconds
[2026-09-26T00:41:25.133+0000] {processor.py:186} INFO - Started process (PID=5654) to work on /opt/airflow/dags/build_elt_with_dbt.py
[2026-09-26T00:41:25.134+0000] {processor.py:914} INFO - Processing file /opt/airflow/dags/build_elt_with_dbt.py for tasks to queue
[2026-09-26T00:41:25.136+0000] {logging_mixin.py:190} INFO - [2026-09-26T00:41:25.135+0000] {dagbag.py:587} INFO - Filling up the DagBag from /opt/airflow/dags/build_elt_with_dbt.py
[2026-09-26T00:41:25.157+0000] {logging_mixin.py:190} INFO - [2026-09-26T00:41:25.156+0000] {base.py:84} INFO - Retrieving connection 'snowflake_conn'
[2026-09-26T00:41:25.163+0000] {processor.py:925} INFO - DAG(s) 'dbt_weather_analytics' retrieved from /opt/airflow/dags/build_elt_with_dbt.py
[2026-09-26T00:41:25.171+0000] {logging_mixin.py:190} INFO - [2026-09-26T00:41:25.171+0000] {dag.py:3229} INFO - Sync 1 DAGs
[2026-09-26T00:41:25.181+0000] {logging_mixin.py:190} INFO - [2026-09-26T00:41:25.181+0000] {dag.py:4156} INFO - Setting next_dagrun for dbt_weather_analytics to None, run_after=None
[2026-09-26T00:41:25.190+0000] {processor.py:208} INFO - Processing /opt/airflow/dags/build_elt_with_dbt.py took 0.066 seconds
[2026-09-26T00:41:55.621+0000] {processor.py:186} INFO - Started process (PID=5670) to work on /opt/airflow/dags/build_elt_with_dbt.py
[2026-09-26T00:41:55.624+0000] {processor.py:914} INFO - Processing file /opt/airflow/dags/build_elt_with_dbt.py for tasks to queue
[2026-09-26T00:41:55.626+0000] {logging_mixin.py:190} INFO - [2026-09-26T00:41:55.625+0000] {dagbag.py:587} INFO - Filling up the DagBag from /opt/airflow/dags/build_elt_with_dbt.py
[2026-09-26T00:41:55.650+0000] {logging_mixin.py:190} INFO - [2026-09-26T00:41:55.649+0000] {base.py:84} INFO - Retrieving connection 'snowflake_conn'
[2026-09-26T00:41:55.657+0000] {processor.py:925} INFO - DAG(s) 'dbt_weather_analytics' retrieved from /opt/airflow/dags/build_elt_with_dbt.py
[2026-09-26T00:41:55.666+0000] {logging_mixin.py:190} INFO - [2026-09-26T00:41:55.666+0000] {dag.py:3229} INFO - Sync 1 DAGs
[2026-09-26T00:41:55.677+0000] {logging_mixin.py:190} INFO - [2026-09-26T00:41:55.677+0000] {dag.py:4156} INFO - Setting next_dagrun for dbt_weather_analytics to None, run_after=None
[2026-09-26T00:41:55.686+0000] {processor.py:208} INFO - Processing /opt/airflow/dags/build_elt_with_dbt.py took 0.073 seconds
[2026-09-26T00:42:26.052+0000] {processor.py:186} INFO - Started process (PID=5686) to work on /opt/airflow/dags/build_elt_with_dbt.py
[2026-09-26T00:42:26.054+0000] {processor.py:914} INFO - Processing file /opt/airflow/dags/build_elt_with_dbt.py for tasks to queue
[2026-09-26T00:42:26.056+0000] {logging_mixin.py:190} INFO - [2026-09-26T00:42:26.055+0000] {dagbag.py:587} INFO - Filling up the DagBag from /opt/airflow/dags/build_elt_with_dbt.py
[2026-09-26T00:42:26.080+0000] {logging_mixin.py:190} INFO - [2026-09-26T00:42:26.080+0000] {base.py:84} INFO - Retrieving connection 'snowflake_conn'
[2026-09-26T00:42:26.088+0000] {processor.py:925} INFO - DAG(s) 'dbt_weather_analytics' retrieved from /opt/airflow/dags/build_elt_with_dbt.py
[2026-09-26T00:42:26.096+0000] {logging_mixin.py:190} INFO - [2026-09-26T00:42:26.096+0000] {dag.py:3229} INFO - Sync 1 DAGs
[2026-09-26T00:42:26.107+0000] {logging_mixin.py:190} INFO - [2026-09-26T00:42:26.107+0000] {dag.py:4156} INFO - Setting next_dagrun for dbt_weather_analytics to None, run_after=None
[2026-09-26T00:42:26.115+0000] {processor.py:208} INFO - Processing /opt/airflow/dags/build_elt_with_dbt.py took 0.073 seconds
[2026-09-26T00:42:56.506+0000] {processor.py:186} INFO - Started process (PID=5702) to work on /opt/airflow/dags/build_elt_with_dbt.py
[2026-09-26T00:42:56.509+0000] {processor.py:914} INFO - Processing file /opt/airflow/dags/build_elt_with_dbt.py for tasks to queue
[2026-09-26T00:42:56.511+0000] {logging_mixin.py:190} INFO - [2026-09-26T00:42:56.510+0000] {dagbag.py:587} INFO - Filling up the DagBag from /opt/airflow/dags/build_elt_with_dbt.py
[2026-09-26T00:42:56.537+0000] {logging_mixin.py:190} INFO - [2026-09-26T00:42:56.537+0000] {base.py:84} INFO - Retrieving connection 'snowflake_conn'
[2026-09-26T00:42:56.545+0000] {processor.py:925} INFO - DAG(s) 'dbt_weather_analytics' retrieved from /opt/airflow/dags/build_elt_with_dbt.py
[2026-09-26T00:42:56.556+0000] {logging_mixin.py:190} INFO - [2026-09-26T00:42:56.556+0000] {dag.py:3229} INFO - Sync 1 DAGs
[2026-09-26T00:42:56.569+0000] {logging_mixin.py:190} INFO - [2026-09-26T00:42:56.569+0000] {dag.py:4156} INFO - Setting next_dagrun for dbt_weather_analytics to None, run_after=None
[2026-09-26T00:42:56.580+0000] {processor.py:208} INFO - Processing /opt/airflow/dags/build_elt_with_dbt.py took 0.081 seconds
[2026-09-26T00:43:27.010+0000] {processor.py:186} INFO - Started process (PID=5719) to work on /opt/airflow/dags/build_elt_with_dbt.py
[2026-09-26T00:43:27.012+0000] {processor.py:914} INFO - Processing file /opt/airflow/dags/build_elt_with_dbt.py for tasks to queue
[2026-09-26T00:43:27.014+0000] {logging_mixin.py:190} INFO - [2026-09-26T00:43:27.013+0000] {dagbag.py:587} INFO - Filling up the DagBag from /opt/airflow/dags/build_elt_with_dbt.py
[2026-09-26T00:43:27.057+0000] {logging_mixin.py:190} INFO - [2026-09-26T00:43:27.057+0000] {base.py:84} INFO - Retrieving connection 'snowflake_conn'
[2026-09-26T00:43:27.066+0000] {processor.py:925} INFO - DAG(s) 'dbt_weather_analytics' retrieved from /opt/airflow/dags/build_elt_with_dbt.py
[2026-09-26T00:43:27.075+0000] {logging_mixin.py:190} INFO - [2026-09-26T00:43:27.075+0000] {dag.py:3229} INFO - Sync 1 DAGs
[2026-09-26T00:43:27.087+0000] {logging_mixin.py:190} INFO - [2026-09-26T00:43:27.087+0000] {dag.py:4156} INFO - Setting next_dagrun for dbt_weather_analytics to None, run_after=None
[2026-09-26T00:43:27.098+0000] {processor.py:208} INFO - Processing /opt/airflow/dags/build_elt_with_dbt.py took 0.096 seconds
[2026-09-26T00:43:57.488+0000] {processor.py:186} INFO - Started process (PID=5735) to work on /opt/airflow/dags/build_elt_with_dbt.py
[2026-09-26T00:43:57.490+0000] {processor.py:914} INFO - Processing file /opt/airflow/dags/build_elt_with_dbt.py for tasks to queue
[2026-09-26T00:43:57.492+0000] {logging_mixin.py:190} INFO - [2026-09-26T00:43:57.491+0000] {dagbag.py:587} INFO - Filling up the DagBag from /opt/airflow/dags/build_elt_with_dbt.py
[2026-09-26T00:43:57.519+0000] {logging_mixin.py:190} INFO - [2026-09-26T00:43:57.519+0000] {base.py:84} INFO - Retrieving connection 'snowflake_conn'
[2026-09-26T00:43:57.527+0000] {processor.py:925} INFO - DAG(s) 'dbt_weather_analytics' retrieved from /opt/airflow/dags/build_elt_with_dbt.py
[2026-09-26T00:43:57.538+0000] {logging_mixin.py:190} INFO - [2026-09-26T00:43:57.538+0000] {dag.py:3229} INFO - Sync 1 DAGs
[2026-09-26T00:43:57.549+0000] {logging_mixin.py:190} INFO - [2026-09-26T00:43:57.549+0000] {dag.py:4156} INFO - Setting next_dagrun for dbt_weather_analytics to None, run_after=None
[2026-09-26T00:43:57.557+0000] {processor.py:208} INFO - Processing /opt/airflow/dags/build_elt_with_dbt.py took 0.077 seconds
[2026-09-26T00:44:27.939+0000] {processor.py:186} INFO - Started process (PID=5751) to work on /opt/airflow/dags/build_elt_with_dbt.py
[2026-09-26T00:44:27.941+0000] {processor.py:914} INFO - Processing file /opt/airflow/dags/build_elt_with_dbt.py for tasks to queue
[2026-09-26T00:44:27.942+0000] {logging_mixin.py:190} INFO - [2026-09-26T00:44:27.942+0000] {dagbag.py:587} INFO - Filling up the DagBag from /opt/airflow/dags/build_elt_with_dbt.py
[2026-09-26T00:44:27.959+0000] {logging_mixin.py:190} INFO - [2026-09-26T00:44:27.959+0000] {base.py:84} INFO - Retrieving connection 'snowflake_conn'
[2026-09-26T00:44:27.962+0000] {processor.py:925} INFO - DAG(s) 'dbt_weather_analytics' retrieved from /opt/airflow/dags/build_elt_with_dbt.py
[2026-09-26T00:44:27.968+0000] {logging_mixin.py:190} INFO - [2026-09-26T00:44:27.968+0000] {dag.py:3229} INFO - Sync 1 DAGs
[2026-09-26T00:44:27.975+0000] {logging_mixin.py:190} INFO - [2026-09-26T00:44:27.975+0000] {dag.py:4156} INFO - Setting next_dagrun for dbt_weather_analytics to None, run_after=None
[2026-09-26T00:44:27.982+0000] {processor.py:208} INFO - Processing /opt/airflow/dags/build_elt_with_dbt.py took 0.049 seconds
[2026-09-26T00:44:58.370+0000] {processor.py:186} INFO - Started process (PID=5767) to work on /opt/airflow/dags/build_elt_with_dbt.py
[2026-09-26T00:44:58.371+0000] {processor.py:914} INFO - Processing file /opt/airflow/dags/build_elt_with_dbt.py for tasks to queue
[2026-09-26T00:44:58.372+0000] {logging_mixin.py:190} INFO - [2026-09-26T00:44:58.371+0000] {dagbag.py:587} INFO - Filling up the DagBag from /opt/airflow/dags/build_elt_with_dbt.py
[2026-09-26T00:44:58.388+0000] {logging_mixin.py:190} INFO - [2026-09-26T00:44:58.388+0000] {base.py:84} INFO - Retrieving connection 'snowflake_conn'
[2026-09-26T00:44:58.391+0000] {processor.py:925} INFO - DAG(s) 'dbt_weather_analytics' retrieved from /opt/airflow/dags/build_elt_with_dbt.py
[2026-09-26T00:44:58.397+0000] {logging_mixin.py:190} INFO - [2026-09-26T00:44:58.397+0000] {dag.py:3229} INFO - Sync 1 DAGs
[2026-09-26T00:44:58.403+0000] {logging_mixin.py:190} INFO - [2026-09-26T00:44:58.403+0000] {dag.py:4156} INFO - Setting next_dagrun for dbt_weather_analytics to None, run_after=None
[2026-09-26T00:44:58.410+0000] {processor.py:208} INFO - Processing /opt/airflow/dags/build_elt_with_dbt.py took 0.045 seconds
[2026-09-26T00:45:28.777+0000] {processor.py:186} INFO - Started process (PID=5783) to work on /opt/airflow/dags/build_elt_with_dbt.py
[2026-09-26T00:45:28.778+0000] {processor.py:914} INFO - Processing file /opt/airflow/dags/build_elt_with_dbt.py for tasks to queue
[2026-09-26T00:45:28.779+0000] {logging_mixin.py:190} INFO - [2026-09-26T00:45:28.779+0000] {dagbag.py:587} INFO - Filling up the DagBag from /opt/airflow/dags/build_elt_with_dbt.py
[2026-09-26T00:45:28.796+0000] {logging_mixin.py:190} INFO - [2026-09-26T00:45:28.796+0000] {base.py:84} INFO - Retrieving connection 'snowflake_conn'
[2026-09-26T00:45:28.800+0000] {processor.py:925} INFO - DAG(s) 'dbt_weather_analytics' retrieved from /opt/airflow/dags/build_elt_with_dbt.py
[2026-09-26T00:45:28.806+0000] {logging_mixin.py:190} INFO - [2026-09-26T00:45:28.806+0000] {dag.py:3229} INFO - Sync 1 DAGs
[2026-09-26T00:45:28.813+0000] {logging_mixin.py:190} INFO - [2026-09-26T00:45:28.813+0000] {dag.py:4156} INFO - Setting next_dagrun for dbt_weather_analytics to None, run_after=None
[2026-09-26T00:45:28.820+0000] {processor.py:208} INFO - Processing /opt/airflow/dags/build_elt_with_dbt.py took 0.049 seconds
[2026-09-26T00:45:59.230+0000] {processor.py:186} INFO - Started process (PID=5799) to work on /opt/airflow/dags/build_elt_with_dbt.py
[2026-09-26T00:45:59.232+0000] {processor.py:914} INFO - Processing file /opt/airflow/dags/build_elt_with_dbt.py for tasks to queue
[2026-09-26T00:45:59.233+0000] {logging_mixin.py:190} INFO - [2026-09-26T00:45:59.233+0000] {dagbag.py:587} INFO - Filling up the DagBag from /opt/airflow/dags/build_elt_with_dbt.py
[2026-09-26T00:45:59.250+0000] {logging_mixin.py:190} INFO - [2026-09-26T00:45:59.250+0000] {base.py:84} INFO - Retrieving connection 'snowflake_conn'
[2026-09-26T00:45:59.254+0000] {processor.py:925} INFO - DAG(s) 'dbt_weather_analytics' retrieved from /opt/airflow/dags/build_elt_with_dbt.py
[2026-09-26T00:45:59.259+0000] {logging_mixin.py:190} INFO - [2026-09-26T00:45:59.259+0000] {dag.py:3229} INFO - Sync 1 DAGs
[2026-09-26T00:45:59.266+0000] {logging_mixin.py:190} INFO - [2026-09-26T00:45:59.266+0000] {dag.py:4156} INFO - Setting next_dagrun for dbt_weather_analytics to None, run_after=None
[2026-09-26T00:45:59.272+0000] {processor.py:208} INFO - Processing /opt/airflow/dags/build_elt_with_dbt.py took 0.047 seconds
[2026-09-26T00:46:29.651+0000] {processor.py:186} INFO - Started process (PID=5815) to work on /opt/airflow/dags/build_elt_with_dbt.py
[2026-09-26T00:46:29.653+0000] {processor.py:914} INFO - Processing file /opt/airflow/dags/build_elt_with_dbt.py for tasks to queue
[2026-09-26T00:46:29.654+0000] {logging_mixin.py:190} INFO - [2026-09-26T00:46:29.653+0000] {dagbag.py:587} INFO - Filling up the DagBag from /opt/airflow/dags/build_elt_with_dbt.py
[2026-09-26T00:46:29.672+0000] {logging_mixin.py:190} INFO - [2026-09-26T00:46:29.672+0000] {base.py:84} INFO - Retrieving connection 'snowflake_conn'
[2026-09-26T00:46:29.676+0000] {processor.py:925} INFO - DAG(s) 'dbt_weather_analytics' retrieved from /opt/airflow/dags/build_elt_with_dbt.py
[2026-09-26T00:46:29.682+0000] {logging_mixin.py:190} INFO - [2026-09-26T00:46:29.682+0000] {dag.py:3229} INFO - Sync 1 DAGs
[2026-09-26T00:46:29.690+0000] {logging_mixin.py:190} INFO - [2026-09-26T00:46:29.689+0000] {dag.py:4156} INFO - Setting next_dagrun for dbt_weather_analytics to None, run_after=None
[2026-09-26T00:46:29.696+0000] {processor.py:208} INFO - Processing /opt/airflow/dags/build_elt_with_dbt.py took 0.051 seconds
[2026-09-26T00:47:00.059+0000] {processor.py:186} INFO - Started process (PID=5831) to work on /opt/airflow/dags/build_elt_with_dbt.py
[2026-09-26T00:47:00.061+0000] {processor.py:914} INFO - Processing file /opt/airflow/dags/build_elt_with_dbt.py for tasks to queue
[2026-09-26T00:47:00.062+0000] {logging_mixin.py:190} INFO - [2026-09-26T00:47:00.062+0000] {dagbag.py:587} INFO - Filling up the DagBag from /opt/airflow/dags/build_elt_with_dbt.py
[2026-09-26T00:47:00.081+0000] {logging_mixin.py:190} INFO - [2026-09-26T00:47:00.080+0000] {base.py:84} INFO - Retrieving connection 'snowflake_conn'
[2026-09-26T00:47:00.084+0000] {processor.py:925} INFO - DAG(s) 'dbt_weather_analytics' retrieved from /opt/airflow/dags/build_elt_with_dbt.py
[2026-09-26T00:47:00.091+0000] {logging_mixin.py:190} INFO - [2026-09-26T00:47:00.090+0000] {dag.py:3229} INFO - Sync 1 DAGs
[2026-09-26T00:47:00.097+0000] {logging_mixin.py:190} INFO - [2026-09-26T00:47:00.097+0000] {dag.py:4156} INFO - Setting next_dagrun for dbt_weather_analytics to None, run_after=None
[2026-09-26T00:47:00.104+0000] {processor.py:208} INFO - Processing /opt/airflow/dags/build_elt_with_dbt.py took 0.051 seconds
[2026-09-26T00:47:30.481+0000] {processor.py:186} INFO - Started process (PID=5847) to work on /opt/airflow/dags/build_elt_with_dbt.py
[2026-09-26T00:47:30.482+0000] {processor.py:914} INFO - Processing file /opt/airflow/dags/build_elt_with_dbt.py for tasks to queue
[2026-09-26T00:47:30.484+0000] {logging_mixin.py:190} INFO - [2026-09-26T00:47:30.483+0000] {dagbag.py:587} INFO - Filling up the DagBag from /opt/airflow/dags/build_elt_with_dbt.py
[2026-09-26T00:47:30.500+0000] {logging_mixin.py:190} INFO - [2026-09-26T00:47:30.500+0000] {base.py:84} INFO - Retrieving connection 'snowflake_conn'
[2026-09-26T00:47:30.504+0000] {processor.py:925} INFO - DAG(s) 'dbt_weather_analytics' retrieved from /opt/airflow/dags/build_elt_with_dbt.py
[2026-09-26T00:47:30.510+0000] {logging_mixin.py:190} INFO - [2026-09-26T00:47:30.510+0000] {dag.py:3229} INFO - Sync 1 DAGs
[2026-09-26T00:47:30.516+0000] {logging_mixin.py:190} INFO - [2026-09-26T00:47:30.516+0000] {dag.py:4156} INFO - Setting next_dagrun for dbt_weather_analytics to None, run_after=None
[2026-09-26T00:47:30.523+0000] {processor.py:208} INFO - Processing /opt/airflow/dags/build_elt_with_dbt.py took 0.047 seconds
[2026-09-26T00:48:00.887+0000] {processor.py:186} INFO - Started process (PID=5863) to work on /opt/airflow/dags/build_elt_with_dbt.py
[2026-09-26T00:48:00.889+0000] {processor.py:914} INFO - Processing file /opt/airflow/dags/build_elt_with_dbt.py for tasks to queue
[2026-09-26T00:48:00.891+0000] {logging_mixin.py:190} INFO - [2026-09-26T00:48:00.890+0000] {dagbag.py:587} INFO - Filling up the DagBag from /opt/airflow/dags/build_elt_with_dbt.py
[2026-09-26T00:48:00.911+0000] {logging_mixin.py:190} INFO - [2026-09-26T00:48:00.911+0000] {base.py:84} INFO - Retrieving connection 'snowflake_conn'
[2026-09-26T00:48:00.916+0000] {processor.py:925} INFO - DAG(s) 'dbt_weather_analytics' retrieved from /opt/airflow/dags/build_elt_with_dbt.py
[2026-09-26T00:48:00.924+0000] {logging_mixin.py:190} INFO - [2026-09-26T00:48:00.924+0000] {dag.py:3229} INFO - Sync 1 DAGs
[2026-09-26T00:48:00.932+0000] {logging_mixin.py:190} INFO - [2026-09-26T00:48:00.932+0000] {dag.py:4156} INFO - Setting next_dagrun for dbt_weather_analytics to None, run_after=None
[2026-09-26T00:48:00.939+0000] {processor.py:208} INFO - Processing /opt/airflow/dags/build_elt_with_dbt.py took 0.061 seconds
[2026-09-26T00:48:31.323+0000] {processor.py:186} INFO - Started process (PID=5879) to work on /opt/airflow/dags/build_elt_with_dbt.py
[2026-09-26T00:48:31.324+0000] {processor.py:914} INFO - Processing file /opt/airflow/dags/build_elt_with_dbt.py for tasks to queue
[2026-09-26T00:48:31.325+0000] {logging_mixin.py:190} INFO - [2026-09-26T00:48:31.325+0000] {dagbag.py:587} INFO - Filling up the DagBag from /opt/airflow/dags/build_elt_with_dbt.py
[2026-09-26T00:48:31.342+0000] {logging_mixin.py:190} INFO - [2026-09-26T00:48:31.342+0000] {base.py:84} INFO - Retrieving connection 'snowflake_conn'
[2026-09-26T00:48:31.346+0000] {processor.py:925} INFO - DAG(s) 'dbt_weather_analytics' retrieved from /opt/airflow/dags/build_elt_with_dbt.py
[2026-09-26T00:48:31.351+0000] {logging_mixin.py:190} INFO - [2026-09-26T00:48:31.351+0000] {dag.py:3229} INFO - Sync 1 DAGs
[2026-09-26T00:48:31.359+0000] {logging_mixin.py:190} INFO - [2026-09-26T00:48:31.359+0000] {dag.py:4156} INFO - Setting next_dagrun for dbt_weather_analytics to None, run_after=None
[2026-09-26T00:48:31.365+0000] {processor.py:208} INFO - Processing /opt/airflow/dags/build_elt_with_dbt.py took 0.049 seconds
[2026-09-26T00:49:01.763+0000] {processor.py:186} INFO - Started process (PID=5895) to work on /opt/airflow/dags/build_elt_with_dbt.py
[2026-09-26T00:49:01.766+0000] {processor.py:914} INFO - Processing file /opt/airflow/dags/build_elt_with_dbt.py for tasks to queue
[2026-09-26T00:49:01.767+0000] {logging_mixin.py:190} INFO - [2026-09-26T00:49:01.767+0000] {dagbag.py:587} INFO - Filling up the DagBag from /opt/airflow/dags/build_elt_with_dbt.py
[2026-09-26T00:49:01.784+0000] {logging_mixin.py:190} INFO - [2026-09-26T00:49:01.784+0000] {base.py:84} INFO - Retrieving connection 'snowflake_conn'
[2026-09-26T00:49:01.789+0000] {processor.py:925} INFO - DAG(s) 'dbt_weather_analytics' retrieved from /opt/airflow/dags/build_elt_with_dbt.py
[2026-09-26T00:49:01.796+0000] {logging_mixin.py:190} INFO - [2026-09-26T00:49:01.796+0000] {dag.py:3229} INFO - Sync 1 DAGs
[2026-09-26T00:49:01.803+0000] {logging_mixin.py:190} INFO - [2026-09-26T00:49:01.803+0000] {dag.py:4156} INFO - Setting next_dagrun for dbt_weather_analytics to None, run_after=None
[2026-09-26T00:49:01.810+0000] {processor.py:208} INFO - Processing /opt/airflow/dags/build_elt_with_dbt.py took 0.053 seconds
[2026-09-26T00:49:32.162+0000] {processor.py:186} INFO - Started process (PID=5911) to work on /opt/airflow/dags/build_elt_with_dbt.py
[2026-09-26T00:49:32.163+0000] {processor.py:914} INFO - Processing file /opt/airflow/dags/build_elt_with_dbt.py for tasks to queue
[2026-09-26T00:49:32.165+0000] {logging_mixin.py:190} INFO - [2026-09-26T00:49:32.164+0000] {dagbag.py:587} INFO - Filling up the DagBag from /opt/airflow/dags/build_elt_with_dbt.py
[2026-09-26T00:49:32.181+0000] {logging_mixin.py:190} INFO - [2026-09-26T00:49:32.180+0000] {base.py:84} INFO - Retrieving connection 'snowflake_conn'
[2026-09-26T00:49:32.184+0000] {processor.py:925} INFO - DAG(s) 'dbt_weather_analytics' retrieved from /opt/airflow/dags/build_elt_with_dbt.py
[2026-09-26T00:49:32.191+0000] {logging_mixin.py:190} INFO - [2026-09-26T00:49:32.191+0000] {dag.py:3229} INFO - Sync 1 DAGs
[2026-09-26T00:49:32.197+0000] {logging_mixin.py:190} INFO - [2026-09-26T00:49:32.197+0000] {dag.py:4156} INFO - Setting next_dagrun for dbt_weather_analytics to None, run_after=None
[2026-09-26T00:49:32.204+0000] {processor.py:208} INFO - Processing /opt/airflow/dags/build_elt_with_dbt.py took 0.049 seconds
[2026-09-26T00:50:02.689+0000] {processor.py:186} INFO - Started process (PID=5927) to work on /opt/airflow/dags/build_elt_with_dbt.py
[2026-09-26T00:50:02.691+0000] {processor.py:914} INFO - Processing file /opt/airflow/dags/build_elt_with_dbt.py for tasks to queue
[2026-09-26T00:50:02.694+0000] {logging_mixin.py:190} INFO - [2026-09-26T00:50:02.693+0000] {dagbag.py:587} INFO - Filling up the DagBag from /opt/airflow/dags/build_elt_with_dbt.py
[2026-09-26T00:50:02.718+0000] {logging_mixin.py:190} INFO - [2026-09-26T00:50:02.718+0000] {base.py:84} INFO - Retrieving connection 'snowflake_conn'
[2026-09-26T00:50:02.726+0000] {processor.py:925} INFO - DAG(s) 'dbt_weather_analytics' retrieved from /opt/airflow/dags/build_elt_with_dbt.py
[2026-09-26T00:50:02.737+0000] {logging_mixin.py:190} INFO - [2026-09-26T00:50:02.737+0000] {dag.py:3229} INFO - Sync 1 DAGs
[2026-09-26T00:50:02.750+0000] {logging_mixin.py:190} INFO - [2026-09-26T00:50:02.749+0000] {dag.py:4156} INFO - Setting next_dagrun for dbt_weather_analytics to None, run_after=None
[2026-09-26T00:50:02.760+0000] {processor.py:208} INFO - Processing /opt/airflow/dags/build_elt_with_dbt.py took 0.090 seconds
[2026-09-26T00:50:33.148+0000] {processor.py:186} INFO - Started process (PID=5943) to work on /opt/airflow/dags/build_elt_with_dbt.py
[2026-09-26T00:50:33.150+0000] {processor.py:914} INFO - Processing file /opt/airflow/dags/build_elt_with_dbt.py for tasks to queue
[2026-09-26T00:50:33.151+0000] {logging_mixin.py:190} INFO - [2026-09-26T00:50:33.150+0000] {dagbag.py:587} INFO - Filling up the DagBag from /opt/airflow/dags/build_elt_with_dbt.py
[2026-09-26T00:50:33.168+0000] {logging_mixin.py:190} INFO - [2026-09-26T00:50:33.167+0000] {base.py:84} INFO - Retrieving connection 'snowflake_conn'
[2026-09-26T00:50:33.171+0000] {processor.py:925} INFO - DAG(s) 'dbt_weather_analytics' retrieved from /opt/airflow/dags/build_elt_with_dbt.py
[2026-09-26T00:50:33.177+0000] {logging_mixin.py:190} INFO - [2026-09-26T00:50:33.177+0000] {dag.py:3229} INFO - Sync 1 DAGs
[2026-09-26T00:50:33.184+0000] {logging_mixin.py:190} INFO - [2026-09-26T00:50:33.184+0000] {dag.py:4156} INFO - Setting next_dagrun for dbt_weather_analytics to None, run_after=None
[2026-09-26T00:50:33.191+0000] {processor.py:208} INFO - Processing /opt/airflow/dags/build_elt_with_dbt.py took 0.048 seconds
[2026-09-26T00:51:03.632+0000] {processor.py:186} INFO - Started process (PID=5959) to work on /opt/airflow/dags/build_elt_with_dbt.py
[2026-09-26T00:51:03.633+0000] {processor.py:914} INFO - Processing file /opt/airflow/dags/build_elt_with_dbt.py for tasks to queue
[2026-09-26T00:51:03.634+0000] {logging_mixin.py:190} INFO - [2026-09-26T00:51:03.634+0000] {dagbag.py:587} INFO - Filling up the DagBag from /opt/airflow/dags/build_elt_with_dbt.py
[2026-09-26T00:51:03.646+0000] {logging_mixin.py:190} INFO - [2026-09-26T00:51:03.646+0000] {base.py:84} INFO - Retrieving connection 'snowflake_conn'
[2026-09-26T00:51:03.649+0000] {processor.py:925} INFO - DAG(s) 'dbt_weather_analytics' retrieved from /opt/airflow/dags/build_elt_with_dbt.py
[2026-09-26T00:51:03.655+0000] {logging_mixin.py:190} INFO - [2026-09-26T00:51:03.655+0000] {dag.py:3229} INFO - Sync 1 DAGs
[2026-09-26T00:51:03.661+0000] {logging_mixin.py:190} INFO - [2026-09-26T00:51:03.661+0000] {dag.py:4156} INFO - Setting next_dagrun for dbt_weather_analytics to None, run_after=None
[2026-09-26T00:51:03.667+0000] {processor.py:208} INFO - Processing /opt/airflow/dags/build_elt_with_dbt.py took 0.039 seconds
[2026-09-26T00:51:34.126+0000] {processor.py:186} INFO - Started process (PID=5975) to work on /opt/airflow/dags/build_elt_with_dbt.py
[2026-09-26T00:51:34.128+0000] {processor.py:914} INFO - Processing file /opt/airflow/dags/build_elt_with_dbt.py for tasks to queue
[2026-09-26T00:51:34.129+0000] {logging_mixin.py:190} INFO - [2026-09-26T00:51:34.128+0000] {dagbag.py:587} INFO - Filling up the DagBag from /opt/airflow/dags/build_elt_with_dbt.py
[2026-09-26T00:51:34.144+0000] {logging_mixin.py:190} INFO - [2026-09-26T00:51:34.144+0000] {base.py:84} INFO - Retrieving connection 'snowflake_conn'
[2026-09-26T00:51:34.147+0000] {processor.py:925} INFO - DAG(s) 'dbt_weather_analytics' retrieved from /opt/airflow/dags/build_elt_with_dbt.py
[2026-09-26T00:51:34.153+0000] {logging_mixin.py:190} INFO - [2026-09-26T00:51:34.153+0000] {dag.py:3229} INFO - Sync 1 DAGs
[2026-09-26T00:51:34.159+0000] {logging_mixin.py:190} INFO - [2026-09-26T00:51:34.159+0000] {dag.py:4156} INFO - Setting next_dagrun for dbt_weather_analytics to None, run_after=None
[2026-09-26T00:51:34.165+0000] {processor.py:208} INFO - Processing /opt/airflow/dags/build_elt_with_dbt.py took 0.047 seconds
[2026-09-26T00:52:04.554+0000] {processor.py:186} INFO - Started process (PID=5991) to work on /opt/airflow/dags/build_elt_with_dbt.py
[2026-09-26T00:52:04.556+0000] {processor.py:914} INFO - Processing file /opt/airflow/dags/build_elt_with_dbt.py for tasks to queue
[2026-09-26T00:52:04.557+0000] {logging_mixin.py:190} INFO - [2026-09-26T00:52:04.556+0000] {dagbag.py:587} INFO - Filling up the DagBag from /opt/airflow/dags/build_elt_with_dbt.py
[2026-09-26T00:52:04.573+0000] {logging_mixin.py:190} INFO - [2026-09-26T00:52:04.573+0000] {base.py:84} INFO - Retrieving connection 'snowflake_conn'
[2026-09-26T00:52:04.577+0000] {processor.py:925} INFO - DAG(s) 'dbt_weather_analytics' retrieved from /opt/airflow/dags/build_elt_with_dbt.py
[2026-09-26T00:52:04.583+0000] {logging_mixin.py:190} INFO - [2026-09-26T00:52:04.583+0000] {dag.py:3229} INFO - Sync 1 DAGs
[2026-09-26T00:52:04.590+0000] {logging_mixin.py:190} INFO - [2026-09-26T00:52:04.590+0000] {dag.py:4156} INFO - Setting next_dagrun for dbt_weather_analytics to None, run_after=None
[2026-09-26T00:52:04.596+0000] {processor.py:208} INFO - Processing /opt/airflow/dags/build_elt_with_dbt.py took 0.049 seconds
[2026-09-26T00:52:35.060+0000] {processor.py:186} INFO - Started process (PID=6007) to work on /opt/airflow/dags/build_elt_with_dbt.py
[2026-09-26T00:52:35.062+0000] {processor.py:914} INFO - Processing file /opt/airflow/dags/build_elt_with_dbt.py for tasks to queue
[2026-09-26T00:52:35.063+0000] {logging_mixin.py:190} INFO - [2026-09-26T00:52:35.063+0000] {dagbag.py:587} INFO - Filling up the DagBag from /opt/airflow/dags/build_elt_with_dbt.py
[2026-09-26T00:52:35.080+0000] {logging_mixin.py:190} INFO - [2026-09-26T00:52:35.080+0000] {base.py:84} INFO - Retrieving connection 'snowflake_conn'
[2026-09-26T00:52:35.084+0000] {processor.py:925} INFO - DAG(s) 'dbt_weather_analytics' retrieved from /opt/airflow/dags/build_elt_with_dbt.py
[2026-09-26T00:52:35.090+0000] {logging_mixin.py:190} INFO - [2026-09-26T00:52:35.089+0000] {dag.py:3229} INFO - Sync 1 DAGs
[2026-09-26T00:52:35.097+0000] {logging_mixin.py:190} INFO - [2026-09-26T00:52:35.097+0000] {dag.py:4156} INFO - Setting next_dagrun for dbt_weather_analytics to None, run_after=None
[2026-09-26T00:52:35.103+0000] {processor.py:208} INFO - Processing /opt/airflow/dags/build_elt_with_dbt.py took 0.048 seconds
[2026-09-26T00:53:05.538+0000] {processor.py:186} INFO - Started process (PID=6023) to work on /opt/airflow/dags/build_elt_with_dbt.py
[2026-09-26T00:53:05.539+0000] {processor.py:914} INFO - Processing file /opt/airflow/dags/build_elt_with_dbt.py for tasks to queue
[2026-09-26T00:53:05.541+0000] {logging_mixin.py:190} INFO - [2026-09-26T00:53:05.540+0000] {dagbag.py:587} INFO - Filling up the DagBag from /opt/airflow/dags/build_elt_with_dbt.py
[2026-09-26T00:53:05.561+0000] {logging_mixin.py:190} INFO - [2026-09-26T00:53:05.561+0000] {base.py:84} INFO - Retrieving connection 'snowflake_conn'
[2026-09-26T00:53:05.568+0000] {processor.py:925} INFO - DAG(s) 'dbt_weather_analytics' retrieved from /opt/airflow/dags/build_elt_with_dbt.py
[2026-09-26T00:53:05.576+0000] {logging_mixin.py:190} INFO - [2026-09-26T00:53:05.576+0000] {dag.py:3229} INFO - Sync 1 DAGs
[2026-09-26T00:53:05.586+0000] {logging_mixin.py:190} INFO - [2026-09-26T00:53:05.586+0000] {dag.py:4156} INFO - Setting next_dagrun for dbt_weather_analytics to None, run_after=None
[2026-09-26T00:53:05.593+0000] {processor.py:208} INFO - Processing /opt/airflow/dags/build_elt_with_dbt.py took 0.064 seconds
[2026-09-26T00:53:36.058+0000] {processor.py:186} INFO - Started process (PID=6039) to work on /opt/airflow/dags/build_elt_with_dbt.py
[2026-09-26T00:53:36.061+0000] {processor.py:914} INFO - Processing file /opt/airflow/dags/build_elt_with_dbt.py for tasks to queue
[2026-09-26T00:53:36.062+0000] {logging_mixin.py:190} INFO - [2026-09-26T00:53:36.062+0000] {dagbag.py:587} INFO - Filling up the DagBag from /opt/airflow/dags/build_elt_with_dbt.py
[2026-09-26T00:53:36.081+0000] {logging_mixin.py:190} INFO - [2026-09-26T00:53:36.081+0000] {base.py:84} INFO - Retrieving connection 'snowflake_conn'
[2026-09-26T00:53:36.086+0000] {processor.py:925} INFO - DAG(s) 'dbt_weather_analytics' retrieved from /opt/airflow/dags/build_elt_with_dbt.py
[2026-09-26T00:53:36.092+0000] {logging_mixin.py:190} INFO - [2026-09-26T00:53:36.092+0000] {dag.py:3229} INFO - Sync 1 DAGs
[2026-09-26T00:53:36.100+0000] {logging_mixin.py:190} INFO - [2026-09-26T00:53:36.100+0000] {dag.py:4156} INFO - Setting next_dagrun for dbt_weather_analytics to None, run_after=None
[2026-09-26T00:53:36.107+0000] {processor.py:208} INFO - Processing /opt/airflow/dags/build_elt_with_dbt.py took 0.056 seconds
[2026-09-26T00:54:06.584+0000] {processor.py:186} INFO - Started process (PID=6055) to work on /opt/airflow/dags/build_elt_with_dbt.py
[2026-09-26T00:54:06.586+0000] {processor.py:914} INFO - Processing file /opt/airflow/dags/build_elt_with_dbt.py for tasks to queue
[2026-09-26T00:54:06.591+0000] {logging_mixin.py:190} INFO - [2026-09-26T00:54:06.590+0000] {dagbag.py:587} INFO - Filling up the DagBag from /opt/airflow/dags/build_elt_with_dbt.py
[2026-09-26T00:54:06.620+0000] {logging_mixin.py:190} INFO - [2026-09-26T00:54:06.620+0000] {base.py:84} INFO - Retrieving connection 'snowflake_conn'
[2026-09-26T00:54:06.627+0000] {processor.py:925} INFO - DAG(s) 'dbt_weather_analytics' retrieved from /opt/airflow/dags/build_elt_with_dbt.py
[2026-09-26T00:54:06.639+0000] {logging_mixin.py:190} INFO - [2026-09-26T00:54:06.639+0000] {dag.py:3229} INFO - Sync 1 DAGs
[2026-09-26T00:54:06.654+0000] {logging_mixin.py:190} INFO - [2026-09-26T00:54:06.653+0000] {dag.py:4156} INFO - Setting next_dagrun for dbt_weather_analytics to None, run_after=None
[2026-09-26T00:54:06.666+0000] {processor.py:208} INFO - Processing /opt/airflow/dags/build_elt_with_dbt.py took 0.098 seconds
[2026-09-26T00:54:37.141+0000] {processor.py:186} INFO - Started process (PID=6071) to work on /opt/airflow/dags/build_elt_with_dbt.py
[2026-09-26T00:54:37.144+0000] {processor.py:914} INFO - Processing file /opt/airflow/dags/build_elt_with_dbt.py for tasks to queue
[2026-09-26T00:54:37.146+0000] {logging_mixin.py:190} INFO - [2026-09-26T00:54:37.145+0000] {dagbag.py:587} INFO - Filling up the DagBag from /opt/airflow/dags/build_elt_with_dbt.py
[2026-09-26T00:54:37.161+0000] {logging_mixin.py:190} INFO - [2026-09-26T00:54:37.161+0000] {base.py:84} INFO - Retrieving connection 'snowflake_conn'
[2026-09-26T00:54:37.164+0000] {processor.py:925} INFO - DAG(s) 'dbt_weather_analytics' retrieved from /opt/airflow/dags/build_elt_with_dbt.py
[2026-09-26T00:54:37.170+0000] {logging_mixin.py:190} INFO - [2026-09-26T00:54:37.170+0000] {dag.py:3229} INFO - Sync 1 DAGs
[2026-09-26T00:54:37.177+0000] {logging_mixin.py:190} INFO - [2026-09-26T00:54:37.177+0000] {dag.py:4156} INFO - Setting next_dagrun for dbt_weather_analytics to None, run_after=None
[2026-09-26T00:54:37.183+0000] {processor.py:208} INFO - Processing /opt/airflow/dags/build_elt_with_dbt.py took 0.048 seconds
[2026-09-26T00:55:07.650+0000] {processor.py:186} INFO - Started process (PID=6087) to work on /opt/airflow/dags/build_elt_with_dbt.py
[2026-09-26T00:55:07.652+0000] {processor.py:914} INFO - Processing file /opt/airflow/dags/build_elt_with_dbt.py for tasks to queue
[2026-09-26T00:55:07.654+0000] {logging_mixin.py:190} INFO - [2026-09-26T00:55:07.653+0000] {dagbag.py:587} INFO - Filling up the DagBag from /opt/airflow/dags/build_elt_with_dbt.py
[2026-09-26T00:55:07.670+0000] {logging_mixin.py:190} INFO - [2026-09-26T00:55:07.670+0000] {base.py:84} INFO - Retrieving connection 'snowflake_conn'
[2026-09-26T00:55:07.674+0000] {processor.py:925} INFO - DAG(s) 'dbt_weather_analytics' retrieved from /opt/airflow/dags/build_elt_with_dbt.py
[2026-09-26T00:55:07.680+0000] {logging_mixin.py:190} INFO - [2026-09-26T00:55:07.680+0000] {dag.py:3229} INFO - Sync 1 DAGs
[2026-09-26T00:55:07.687+0000] {logging_mixin.py:190} INFO - [2026-09-26T00:55:07.687+0000] {dag.py:4156} INFO - Setting next_dagrun for dbt_weather_analytics to None, run_after=None
[2026-09-26T00:55:07.693+0000] {processor.py:208} INFO - Processing /opt/airflow/dags/build_elt_with_dbt.py took 0.049 seconds
[2026-09-26T00:55:38.155+0000] {processor.py:186} INFO - Started process (PID=6103) to work on /opt/airflow/dags/build_elt_with_dbt.py
[2026-09-26T00:55:38.156+0000] {processor.py:914} INFO - Processing file /opt/airflow/dags/build_elt_with_dbt.py for tasks to queue
[2026-09-26T00:55:38.157+0000] {logging_mixin.py:190} INFO - [2026-09-26T00:55:38.157+0000] {dagbag.py:587} INFO - Filling up the DagBag from /opt/airflow/dags/build_elt_with_dbt.py
[2026-09-26T00:55:38.173+0000] {logging_mixin.py:190} INFO - [2026-09-26T00:55:38.172+0000] {base.py:84} INFO - Retrieving connection 'snowflake_conn'
[2026-09-26T00:55:38.176+0000] {processor.py:925} INFO - DAG(s) 'dbt_weather_analytics' retrieved from /opt/airflow/dags/build_elt_with_dbt.py
[2026-09-26T00:55:38.182+0000] {logging_mixin.py:190} INFO - [2026-09-26T00:55:38.182+0000] {dag.py:3229} INFO - Sync 1 DAGs
[2026-09-26T00:55:38.188+0000] {logging_mixin.py:190} INFO - [2026-09-26T00:55:38.188+0000] {dag.py:4156} INFO - Setting next_dagrun for dbt_weather_analytics to None, run_after=None
[2026-09-26T00:55:38.195+0000] {processor.py:208} INFO - Processing /opt/airflow/dags/build_elt_with_dbt.py took 0.046 seconds
[2026-09-26T00:56:08.688+0000] {processor.py:186} INFO - Started process (PID=6119) to work on /opt/airflow/dags/build_elt_with_dbt.py
[2026-09-26T00:56:08.690+0000] {processor.py:914} INFO - Processing file /opt/airflow/dags/build_elt_with_dbt.py for tasks to queue
[2026-09-26T00:56:08.692+0000] {logging_mixin.py:190} INFO - [2026-09-26T00:56:08.691+0000] {dagbag.py:587} INFO - Filling up the DagBag from /opt/airflow/dags/build_elt_with_dbt.py
[2026-09-26T00:56:08.715+0000] {logging_mixin.py:190} INFO - [2026-09-26T00:56:08.715+0000] {base.py:84} INFO - Retrieving connection 'snowflake_conn'
[2026-09-26T00:56:08.721+0000] {processor.py:925} INFO - DAG(s) 'dbt_weather_analytics' retrieved from /opt/airflow/dags/build_elt_with_dbt.py
[2026-09-26T00:56:08.730+0000] {logging_mixin.py:190} INFO - [2026-09-26T00:56:08.730+0000] {dag.py:3229} INFO - Sync 1 DAGs
[2026-09-26T00:56:08.739+0000] {logging_mixin.py:190} INFO - [2026-09-26T00:56:08.739+0000] {dag.py:4156} INFO - Setting next_dagrun for dbt_weather_analytics to None, run_after=None
[2026-09-26T00:56:08.747+0000] {processor.py:208} INFO - Processing /opt/airflow/dags/build_elt_with_dbt.py took 0.069 seconds
[2026-09-26T00:56:39.163+0000] {processor.py:186} INFO - Started process (PID=6135) to work on /opt/airflow/dags/build_elt_with_dbt.py
[2026-09-26T00:56:39.165+0000] {processor.py:914} INFO - Processing file /opt/airflow/dags/build_elt_with_dbt.py for tasks to queue
[2026-09-26T00:56:39.166+0000] {logging_mixin.py:190} INFO - [2026-09-26T00:56:39.166+0000] {dagbag.py:587} INFO - Filling up the DagBag from /opt/airflow/dags/build_elt_with_dbt.py
[2026-09-26T00:56:39.180+0000] {logging_mixin.py:190} INFO - [2026-09-26T00:56:39.180+0000] {base.py:84} INFO - Retrieving connection 'snowflake_conn'
[2026-09-26T00:56:39.183+0000] {processor.py:925} INFO - DAG(s) 'dbt_weather_analytics' retrieved from /opt/airflow/dags/build_elt_with_dbt.py
[2026-09-26T00:56:39.189+0000] {logging_mixin.py:190} INFO - [2026-09-26T00:56:39.189+0000] {dag.py:3229} INFO - Sync 1 DAGs
[2026-09-26T00:56:39.195+0000] {logging_mixin.py:190} INFO - [2026-09-26T00:56:39.195+0000] {dag.py:4156} INFO - Setting next_dagrun for dbt_weather_analytics to None, run_after=None
[2026-09-26T00:56:39.201+0000] {processor.py:208} INFO - Processing /opt/airflow/dags/build_elt_with_dbt.py took 0.044 seconds
[2026-09-26T00:57:09.675+0000] {processor.py:186} INFO - Started process (PID=6151) to work on /opt/airflow/dags/build_elt_with_dbt.py
[2026-09-26T00:57:09.677+0000] {processor.py:914} INFO - Processing file /opt/airflow/dags/build_elt_with_dbt.py for tasks to queue
[2026-09-26T00:57:09.678+0000] {logging_mixin.py:190} INFO - [2026-09-26T00:57:09.678+0000] {dagbag.py:587} INFO - Filling up the DagBag from /opt/airflow/dags/build_elt_with_dbt.py
[2026-09-26T00:57:09.696+0000] {logging_mixin.py:190} INFO - [2026-09-26T00:57:09.696+0000] {base.py:84} INFO - Retrieving connection 'snowflake_conn'
[2026-09-26T00:57:09.700+0000] {processor.py:925} INFO - DAG(s) 'dbt_weather_analytics' retrieved from /opt/airflow/dags/build_elt_with_dbt.py
[2026-09-26T00:57:09.706+0000] {logging_mixin.py:190} INFO - [2026-09-26T00:57:09.706+0000] {dag.py:3229} INFO - Sync 1 DAGs
[2026-09-26T00:57:09.713+0000] {logging_mixin.py:190} INFO - [2026-09-26T00:57:09.713+0000] {dag.py:4156} INFO - Setting next_dagrun for dbt_weather_analytics to None, run_after=None
[2026-09-26T00:57:09.720+0000] {processor.py:208} INFO - Processing /opt/airflow/dags/build_elt_with_dbt.py took 0.053 seconds
[2026-09-26T00:57:40.190+0000] {processor.py:186} INFO - Started process (PID=6167) to work on /opt/airflow/dags/build_elt_with_dbt.py
[2026-09-26T00:57:40.191+0000] {processor.py:914} INFO - Processing file /opt/airflow/dags/build_elt_with_dbt.py for tasks to queue
[2026-09-26T00:57:40.193+0000] {logging_mixin.py:190} INFO - [2026-09-26T00:57:40.192+0000] {dagbag.py:587} INFO - Filling up the DagBag from /opt/airflow/dags/build_elt_with_dbt.py
[2026-09-26T00:57:40.208+0000] {logging_mixin.py:190} INFO - [2026-09-26T00:57:40.208+0000] {base.py:84} INFO - Retrieving connection 'snowflake_conn'
[2026-09-26T00:57:40.212+0000] {processor.py:925} INFO - DAG(s) 'dbt_weather_analytics' retrieved from /opt/airflow/dags/build_elt_with_dbt.py
[2026-09-26T00:57:40.217+0000] {logging_mixin.py:190} INFO - [2026-09-26T00:57:40.217+0000] {dag.py:3229} INFO - Sync 1 DAGs
[2026-09-26T00:57:40.224+0000] {logging_mixin.py:190} INFO - [2026-09-26T00:57:40.224+0000] {dag.py:4156} INFO - Setting next_dagrun for dbt_weather_analytics to None, run_after=None
[2026-09-26T00:57:40.231+0000] {processor.py:208} INFO - Processing /opt/airflow/dags/build_elt_with_dbt.py took 0.046 seconds
[2026-09-26T00:58:10.673+0000] {processor.py:186} INFO - Started process (PID=6183) to work on /opt/airflow/dags/build_elt_with_dbt.py
[2026-09-26T00:58:10.676+0000] {processor.py:914} INFO - Processing file /opt/airflow/dags/build_elt_with_dbt.py for tasks to queue
[2026-09-26T00:58:10.677+0000] {logging_mixin.py:190} INFO - [2026-09-26T00:58:10.676+0000] {dagbag.py:587} INFO - Filling up the DagBag from /opt/airflow/dags/build_elt_with_dbt.py
[2026-09-26T00:58:10.693+0000] {logging_mixin.py:190} INFO - [2026-09-26T00:58:10.693+0000] {base.py:84} INFO - Retrieving connection 'snowflake_conn'
[2026-09-26T00:58:10.697+0000] {processor.py:925} INFO - DAG(s) 'dbt_weather_analytics' retrieved from /opt/airflow/dags/build_elt_with_dbt.py
[2026-09-26T00:58:10.703+0000] {logging_mixin.py:190} INFO - [2026-09-26T00:58:10.703+0000] {dag.py:3229} INFO - Sync 1 DAGs
[2026-09-26T00:58:10.710+0000] {logging_mixin.py:190} INFO - [2026-09-26T00:58:10.710+0000] {dag.py:4156} INFO - Setting next_dagrun for dbt_weather_analytics to None, run_after=None
[2026-09-26T00:58:10.716+0000] {processor.py:208} INFO - Processing /opt/airflow/dags/build_elt_with_dbt.py took 0.049 seconds
[2026-09-26T00:58:41.179+0000] {processor.py:186} INFO - Started process (PID=6199) to work on /opt/airflow/dags/build_elt_with_dbt.py
[2026-09-26T00:58:41.181+0000] {processor.py:914} INFO - Processing file /opt/airflow/dags/build_elt_with_dbt.py for tasks to queue
[2026-09-26T00:58:41.182+0000] {logging_mixin.py:190} INFO - [2026-09-26T00:58:41.182+0000] {dagbag.py:587} INFO - Filling up the DagBag from /opt/airflow/dags/build_elt_with_dbt.py
[2026-09-26T00:58:41.198+0000] {logging_mixin.py:190} INFO - [2026-09-26T00:58:41.198+0000] {base.py:84} INFO - Retrieving connection 'snowflake_conn'
[2026-09-26T00:58:41.202+0000] {processor.py:925} INFO - DAG(s) 'dbt_weather_analytics' retrieved from /opt/airflow/dags/build_elt_with_dbt.py
[2026-09-26T00:58:41.207+0000] {logging_mixin.py:190} INFO - [2026-09-26T00:58:41.207+0000] {dag.py:3229} INFO - Sync 1 DAGs
[2026-09-26T00:58:41.214+0000] {logging_mixin.py:190} INFO - [2026-09-26T00:58:41.214+0000] {dag.py:4156} INFO - Setting next_dagrun for dbt_weather_analytics to None, run_after=None
[2026-09-26T00:58:41.220+0000] {processor.py:208} INFO - Processing /opt/airflow/dags/build_elt_with_dbt.py took 0.046 seconds
[2026-09-26T00:59:11.658+0000] {processor.py:186} INFO - Started process (PID=6215) to work on /opt/airflow/dags/build_elt_with_dbt.py
[2026-09-26T00:59:11.660+0000] {processor.py:914} INFO - Processing file /opt/airflow/dags/build_elt_with_dbt.py for tasks to queue
[2026-09-26T00:59:11.662+0000] {logging_mixin.py:190} INFO - [2026-09-26T00:59:11.661+0000] {dagbag.py:587} INFO - Filling up the DagBag from /opt/airflow/dags/build_elt_with_dbt.py
[2026-09-26T00:59:11.681+0000] {logging_mixin.py:190} INFO - [2026-09-26T00:59:11.681+0000] {base.py:84} INFO - Retrieving connection 'snowflake_conn'
[2026-09-26T00:59:11.687+0000] {processor.py:925} INFO - DAG(s) 'dbt_weather_analytics' retrieved from /opt/airflow/dags/build_elt_with_dbt.py
[2026-09-26T00:59:11.695+0000] {logging_mixin.py:190} INFO - [2026-09-26T00:59:11.695+0000] {dag.py:3229} INFO - Sync 1 DAGs
[2026-09-26T00:59:11.704+0000] {logging_mixin.py:190} INFO - [2026-09-26T00:59:11.704+0000] {dag.py:4156} INFO - Setting next_dagrun for dbt_weather_analytics to None, run_after=None
[2026-09-26T00:59:11.712+0000] {processor.py:208} INFO - Processing /opt/airflow/dags/build_elt_with_dbt.py took 0.061 seconds
[2026-09-26T00:59:42.164+0000] {processor.py:186} INFO - Started process (PID=6231) to work on /opt/airflow/dags/build_elt_with_dbt.py
[2026-09-26T00:59:42.166+0000] {processor.py:914} INFO - Processing file /opt/airflow/dags/build_elt_with_dbt.py for tasks to queue
[2026-09-26T00:59:42.167+0000] {logging_mixin.py:190} INFO - [2026-09-26T00:59:42.166+0000] {dagbag.py:587} INFO - Filling up the DagBag from /opt/airflow/dags/build_elt_with_dbt.py
[2026-09-26T00:59:42.183+0000] {logging_mixin.py:190} INFO - [2026-09-26T00:59:42.183+0000] {base.py:84} INFO - Retrieving connection 'snowflake_conn'
[2026-09-26T00:59:42.186+0000] {processor.py:925} INFO - DAG(s) 'dbt_weather_analytics' retrieved from /opt/airflow/dags/build_elt_with_dbt.py
[2026-09-26T00:59:42.192+0000] {logging_mixin.py:190} INFO - [2026-09-26T00:59:42.192+0000] {dag.py:3229} INFO - Sync 1 DAGs
[2026-09-26T00:59:42.198+0000] {logging_mixin.py:190} INFO - [2026-09-26T00:59:42.198+0000] {dag.py:4156} INFO - Setting next_dagrun for dbt_weather_analytics to None, run_after=None
[2026-09-26T00:59:42.205+0000] {processor.py:208} INFO - Processing /opt/airflow/dags/build_elt_with_dbt.py took 0.049 seconds
[2026-09-26T01:00:12.664+0000] {processor.py:186} INFO - Started process (PID=6247) to work on /opt/airflow/dags/build_elt_with_dbt.py
[2026-09-26T01:00:12.667+0000] {processor.py:914} INFO - Processing file /opt/airflow/dags/build_elt_with_dbt.py for tasks to queue
[2026-09-26T01:00:12.668+0000] {logging_mixin.py:190} INFO - [2026-09-26T01:00:12.668+0000] {dagbag.py:587} INFO - Filling up the DagBag from /opt/airflow/dags/build_elt_with_dbt.py
[2026-09-26T01:00:12.683+0000] {logging_mixin.py:190} INFO - [2026-09-26T01:00:12.683+0000] {base.py:84} INFO - Retrieving connection 'snowflake_conn'
[2026-09-26T01:00:12.687+0000] {processor.py:925} INFO - DAG(s) 'dbt_weather_analytics' retrieved from /opt/airflow/dags/build_elt_with_dbt.py
[2026-09-26T01:00:12.692+0000] {logging_mixin.py:190} INFO - [2026-09-26T01:00:12.692+0000] {dag.py:3229} INFO - Sync 1 DAGs
[2026-09-26T01:00:12.699+0000] {logging_mixin.py:190} INFO - [2026-09-26T01:00:12.699+0000] {dag.py:4156} INFO - Setting next_dagrun for dbt_weather_analytics to None, run_after=None
[2026-09-26T01:00:12.705+0000] {processor.py:208} INFO - Processing /opt/airflow/dags/build_elt_with_dbt.py took 0.047 seconds
[2026-09-26T01:00:43.180+0000] {processor.py:186} INFO - Started process (PID=6263) to work on /opt/airflow/dags/build_elt_with_dbt.py
[2026-09-26T01:00:43.181+0000] {processor.py:914} INFO - Processing file /opt/airflow/dags/build_elt_with_dbt.py for tasks to queue
[2026-09-26T01:00:43.183+0000] {logging_mixin.py:190} INFO - [2026-09-26T01:00:43.182+0000] {dagbag.py:587} INFO - Filling up the DagBag from /opt/airflow/dags/build_elt_with_dbt.py
[2026-09-26T01:00:43.198+0000] {logging_mixin.py:190} INFO - [2026-09-26T01:00:43.197+0000] {base.py:84} INFO - Retrieving connection 'snowflake_conn'
[2026-09-26T01:00:43.201+0000] {processor.py:925} INFO - DAG(s) 'dbt_weather_analytics' retrieved from /opt/airflow/dags/build_elt_with_dbt.py
[2026-09-26T01:00:43.207+0000] {logging_mixin.py:190} INFO - [2026-09-26T01:00:43.206+0000] {dag.py:3229} INFO - Sync 1 DAGs
[2026-09-26T01:00:43.213+0000] {logging_mixin.py:190} INFO - [2026-09-26T01:00:43.213+0000] {dag.py:4156} INFO - Setting next_dagrun for dbt_weather_analytics to None, run_after=None
[2026-09-26T01:00:43.220+0000] {processor.py:208} INFO - Processing /opt/airflow/dags/build_elt_with_dbt.py took 0.045 seconds
[2026-09-26T01:01:13.661+0000] {processor.py:186} INFO - Started process (PID=6279) to work on /opt/airflow/dags/build_elt_with_dbt.py
[2026-09-26T01:01:13.662+0000] {processor.py:914} INFO - Processing file /opt/airflow/dags/build_elt_with_dbt.py for tasks to queue
[2026-09-26T01:01:13.664+0000] {logging_mixin.py:190} INFO - [2026-09-26T01:01:13.663+0000] {dagbag.py:587} INFO - Filling up the DagBag from /opt/airflow/dags/build_elt_with_dbt.py
[2026-09-26T01:01:13.676+0000] {logging_mixin.py:190} INFO - [2026-09-26T01:01:13.676+0000] {base.py:84} INFO - Retrieving connection 'snowflake_conn'
[2026-09-26T01:01:13.679+0000] {processor.py:925} INFO - DAG(s) 'dbt_weather_analytics' retrieved from /opt/airflow/dags/build_elt_with_dbt.py
[2026-09-26T01:01:13.684+0000] {logging_mixin.py:190} INFO - [2026-09-26T01:01:13.684+0000] {dag.py:3229} INFO - Sync 1 DAGs
[2026-09-26T01:01:13.690+0000] {logging_mixin.py:190} INFO - [2026-09-26T01:01:13.690+0000] {dag.py:4156} INFO - Setting next_dagrun for dbt_weather_analytics to None, run_after=None
[2026-09-26T01:01:13.696+0000] {processor.py:208} INFO - Processing /opt/airflow/dags/build_elt_with_dbt.py took 0.039 seconds
[2026-09-26T01:01:44.169+0000] {processor.py:186} INFO - Started process (PID=6295) to work on /opt/airflow/dags/build_elt_with_dbt.py
[2026-09-26T01:01:44.171+0000] {processor.py:914} INFO - Processing file /opt/airflow/dags/build_elt_with_dbt.py for tasks to queue
[2026-09-26T01:01:44.173+0000] {logging_mixin.py:190} INFO - [2026-09-26T01:01:44.172+0000] {dagbag.py:587} INFO - Filling up the DagBag from /opt/airflow/dags/build_elt_with_dbt.py
[2026-09-26T01:01:44.194+0000] {logging_mixin.py:190} INFO - [2026-09-26T01:01:44.194+0000] {base.py:84} INFO - Retrieving connection 'snowflake_conn'
[2026-09-26T01:01:44.200+0000] {processor.py:925} INFO - DAG(s) 'dbt_weather_analytics' retrieved from /opt/airflow/dags/build_elt_with_dbt.py
[2026-09-26T01:01:44.207+0000] {logging_mixin.py:190} INFO - [2026-09-26T01:01:44.207+0000] {dag.py:3229} INFO - Sync 1 DAGs
[2026-09-26T01:01:44.216+0000] {logging_mixin.py:190} INFO - [2026-09-26T01:01:44.216+0000] {dag.py:4156} INFO - Setting next_dagrun for dbt_weather_analytics to None, run_after=None
[2026-09-26T01:01:44.223+0000] {processor.py:208} INFO - Processing /opt/airflow/dags/build_elt_with_dbt.py took 0.063 seconds
[2026-09-26T01:02:14.648+0000] {processor.py:186} INFO - Started process (PID=6311) to work on /opt/airflow/dags/build_elt_with_dbt.py
[2026-09-26T01:02:14.651+0000] {processor.py:914} INFO - Processing file /opt/airflow/dags/build_elt_with_dbt.py for tasks to queue
[2026-09-26T01:02:14.653+0000] {logging_mixin.py:190} INFO - [2026-09-26T01:02:14.652+0000] {dagbag.py:587} INFO - Filling up the DagBag from /opt/airflow/dags/build_elt_with_dbt.py
[2026-09-26T01:02:14.669+0000] {logging_mixin.py:190} INFO - [2026-09-26T01:02:14.668+0000] {base.py:84} INFO - Retrieving connection 'snowflake_conn'
[2026-09-26T01:02:14.672+0000] {processor.py:925} INFO - DAG(s) 'dbt_weather_analytics' retrieved from /opt/airflow/dags/build_elt_with_dbt.py
[2026-09-26T01:02:14.679+0000] {logging_mixin.py:190} INFO - [2026-09-26T01:02:14.678+0000] {dag.py:3229} INFO - Sync 1 DAGs
[2026-09-26T01:02:14.685+0000] {logging_mixin.py:190} INFO - [2026-09-26T01:02:14.685+0000] {dag.py:4156} INFO - Setting next_dagrun for dbt_weather_analytics to None, run_after=None
[2026-09-26T01:02:14.692+0000] {processor.py:208} INFO - Processing /opt/airflow/dags/build_elt_with_dbt.py took 0.049 seconds
[2026-09-26T01:02:45.203+0000] {processor.py:186} INFO - Started process (PID=6327) to work on /opt/airflow/dags/build_elt_with_dbt.py
[2026-09-26T01:02:45.206+0000] {processor.py:914} INFO - Processing file /opt/airflow/dags/build_elt_with_dbt.py for tasks to queue
[2026-09-26T01:02:45.208+0000] {logging_mixin.py:190} INFO - [2026-09-26T01:02:45.207+0000] {dagbag.py:587} INFO - Filling up the DagBag from /opt/airflow/dags/build_elt_with_dbt.py
[2026-09-26T01:02:45.227+0000] {logging_mixin.py:190} INFO - [2026-09-26T01:02:45.227+0000] {base.py:84} INFO - Retrieving connection 'snowflake_conn'
[2026-09-26T01:02:45.232+0000] {processor.py:925} INFO - DAG(s) 'dbt_weather_analytics' retrieved from /opt/airflow/dags/build_elt_with_dbt.py
[2026-09-26T01:02:45.238+0000] {logging_mixin.py:190} INFO - [2026-09-26T01:02:45.238+0000] {dag.py:3229} INFO - Sync 1 DAGs
[2026-09-26T01:02:45.246+0000] {logging_mixin.py:190} INFO - [2026-09-26T01:02:45.246+0000] {dag.py:4156} INFO - Setting next_dagrun for dbt_weather_analytics to None, run_after=None
[2026-09-26T01:02:45.253+0000] {processor.py:208} INFO - Processing /opt/airflow/dags/build_elt_with_dbt.py took 0.057 seconds
[2026-09-26T01:03:15.740+0000] {processor.py:186} INFO - Started process (PID=6343) to work on /opt/airflow/dags/build_elt_with_dbt.py
[2026-09-26T01:03:15.742+0000] {processor.py:914} INFO - Processing file /opt/airflow/dags/build_elt_with_dbt.py for tasks to queue
[2026-09-26T01:03:15.743+0000] {logging_mixin.py:190} INFO - [2026-09-26T01:03:15.742+0000] {dagbag.py:587} INFO - Filling up the DagBag from /opt/airflow/dags/build_elt_with_dbt.py
[2026-09-26T01:03:15.758+0000] {logging_mixin.py:190} INFO - [2026-09-26T01:03:15.758+0000] {base.py:84} INFO - Retrieving connection 'snowflake_conn'
[2026-09-26T01:03:15.762+0000] {processor.py:925} INFO - DAG(s) 'dbt_weather_analytics' retrieved from /opt/airflow/dags/build_elt_with_dbt.py
[2026-09-26T01:03:15.769+0000] {logging_mixin.py:190} INFO - [2026-09-26T01:03:15.768+0000] {dag.py:3229} INFO - Sync 1 DAGs
[2026-09-26T01:03:15.775+0000] {logging_mixin.py:190} INFO - [2026-09-26T01:03:15.775+0000] {dag.py:4156} INFO - Setting next_dagrun for dbt_weather_analytics to None, run_after=None
[2026-09-26T01:03:15.782+0000] {processor.py:208} INFO - Processing /opt/airflow/dags/build_elt_with_dbt.py took 0.048 seconds
[2026-09-26T01:03:46.249+0000] {processor.py:186} INFO - Started process (PID=6359) to work on /opt/airflow/dags/build_elt_with_dbt.py
[2026-09-26T01:03:46.250+0000] {processor.py:914} INFO - Processing file /opt/airflow/dags/build_elt_with_dbt.py for tasks to queue
[2026-09-26T01:03:46.251+0000] {logging_mixin.py:190} INFO - [2026-09-26T01:03:46.251+0000] {dagbag.py:587} INFO - Filling up the DagBag from /opt/airflow/dags/build_elt_with_dbt.py
[2026-09-26T01:03:46.268+0000] {logging_mixin.py:190} INFO - [2026-09-26T01:03:46.268+0000] {base.py:84} INFO - Retrieving connection 'snowflake_conn'
[2026-09-26T01:03:46.272+0000] {processor.py:925} INFO - DAG(s) 'dbt_weather_analytics' retrieved from /opt/airflow/dags/build_elt_with_dbt.py
[2026-09-26T01:03:46.278+0000] {logging_mixin.py:190} INFO - [2026-09-26T01:03:46.278+0000] {dag.py:3229} INFO - Sync 1 DAGs
[2026-09-26T01:03:46.285+0000] {logging_mixin.py:190} INFO - [2026-09-26T01:03:46.285+0000] {dag.py:4156} INFO - Setting next_dagrun for dbt_weather_analytics to None, run_after=None
[2026-09-26T01:03:46.292+0000] {processor.py:208} INFO - Processing /opt/airflow/dags/build_elt_with_dbt.py took 0.048 seconds
[2026-09-26T01:04:16.766+0000] {processor.py:186} INFO - Started process (PID=6375) to work on /opt/airflow/dags/build_elt_with_dbt.py
[2026-09-26T01:04:16.769+0000] {processor.py:914} INFO - Processing file /opt/airflow/dags/build_elt_with_dbt.py for tasks to queue
[2026-09-26T01:04:16.771+0000] {logging_mixin.py:190} INFO - [2026-09-26T01:04:16.770+0000] {dagbag.py:587} INFO - Filling up the DagBag from /opt/airflow/dags/build_elt_with_dbt.py
[2026-09-26T01:04:16.792+0000] {logging_mixin.py:190} INFO - [2026-09-26T01:04:16.792+0000] {base.py:84} INFO - Retrieving connection 'snowflake_conn'
[2026-09-26T01:04:16.798+0000] {processor.py:925} INFO - DAG(s) 'dbt_weather_analytics' retrieved from /opt/airflow/dags/build_elt_with_dbt.py
[2026-09-26T01:04:16.806+0000] {logging_mixin.py:190} INFO - [2026-09-26T01:04:16.806+0000] {dag.py:3229} INFO - Sync 1 DAGs
[2026-09-26T01:04:16.816+0000] {logging_mixin.py:190} INFO - [2026-09-26T01:04:16.816+0000] {dag.py:4156} INFO - Setting next_dagrun for dbt_weather_analytics to None, run_after=None
[2026-09-26T01:04:16.823+0000] {processor.py:208} INFO - Processing /opt/airflow/dags/build_elt_with_dbt.py took 0.066 seconds
[2026-09-26T01:04:47.264+0000] {processor.py:186} INFO - Started process (PID=6391) to work on /opt/airflow/dags/build_elt_with_dbt.py
[2026-09-26T01:04:47.266+0000] {processor.py:914} INFO - Processing file /opt/airflow/dags/build_elt_with_dbt.py for tasks to queue
[2026-09-26T01:04:47.268+0000] {logging_mixin.py:190} INFO - [2026-09-26T01:04:47.267+0000] {dagbag.py:587} INFO - Filling up the DagBag from /opt/airflow/dags/build_elt_with_dbt.py
[2026-09-26T01:04:47.281+0000] {logging_mixin.py:190} INFO - [2026-09-26T01:04:47.281+0000] {base.py:84} INFO - Retrieving connection 'snowflake_conn'
[2026-09-26T01:04:47.284+0000] {processor.py:925} INFO - DAG(s) 'dbt_weather_analytics' retrieved from /opt/airflow/dags/build_elt_with_dbt.py
[2026-09-26T01:04:47.291+0000] {logging_mixin.py:190} INFO - [2026-09-26T01:04:47.291+0000] {dag.py:3229} INFO - Sync 1 DAGs
[2026-09-26T01:04:47.298+0000] {logging_mixin.py:190} INFO - [2026-09-26T01:04:47.297+0000] {dag.py:4156} INFO - Setting next_dagrun for dbt_weather_analytics to None, run_after=None
[2026-09-26T01:04:47.304+0000] {processor.py:208} INFO - Processing /opt/airflow/dags/build_elt_with_dbt.py took 0.044 seconds
[2026-09-26T01:05:17.744+0000] {processor.py:186} INFO - Started process (PID=6407) to work on /opt/airflow/dags/build_elt_with_dbt.py
[2026-09-26T01:05:17.746+0000] {processor.py:914} INFO - Processing file /opt/airflow/dags/build_elt_with_dbt.py for tasks to queue
[2026-09-26T01:05:17.747+0000] {logging_mixin.py:190} INFO - [2026-09-26T01:05:17.746+0000] {dagbag.py:587} INFO - Filling up the DagBag from /opt/airflow/dags/build_elt_with_dbt.py
[2026-09-26T01:05:17.762+0000] {logging_mixin.py:190} INFO - [2026-09-26T01:05:17.762+0000] {base.py:84} INFO - Retrieving connection 'snowflake_conn'
[2026-09-26T01:05:17.766+0000] {processor.py:925} INFO - DAG(s) 'dbt_weather_analytics' retrieved from /opt/airflow/dags/build_elt_with_dbt.py
[2026-09-26T01:05:17.771+0000] {logging_mixin.py:190} INFO - [2026-09-26T01:05:17.771+0000] {dag.py:3229} INFO - Sync 1 DAGs
[2026-09-26T01:05:17.777+0000] {logging_mixin.py:190} INFO - [2026-09-26T01:05:17.777+0000] {dag.py:4156} INFO - Setting next_dagrun for dbt_weather_analytics to None, run_after=None
[2026-09-26T01:05:17.783+0000] {processor.py:208} INFO - Processing /opt/airflow/dags/build_elt_with_dbt.py took 0.045 seconds
[2026-09-26T01:05:48.215+0000] {processor.py:186} INFO - Started process (PID=6423) to work on /opt/airflow/dags/build_elt_with_dbt.py
[2026-09-26T01:05:48.216+0000] {processor.py:914} INFO - Processing file /opt/airflow/dags/build_elt_with_dbt.py for tasks to queue
[2026-09-26T01:05:48.217+0000] {logging_mixin.py:190} INFO - [2026-09-26T01:05:48.217+0000] {dagbag.py:587} INFO - Filling up the DagBag from /opt/airflow/dags/build_elt_with_dbt.py
[2026-09-26T01:05:48.230+0000] {logging_mixin.py:190} INFO - [2026-09-26T01:05:48.230+0000] {base.py:84} INFO - Retrieving connection 'snowflake_conn'
[2026-09-26T01:05:48.233+0000] {processor.py:925} INFO - DAG(s) 'dbt_weather_analytics' retrieved from /opt/airflow/dags/build_elt_with_dbt.py
[2026-09-26T01:05:48.238+0000] {logging_mixin.py:190} INFO - [2026-09-26T01:05:48.238+0000] {dag.py:3229} INFO - Sync 1 DAGs
[2026-09-26T01:05:48.244+0000] {logging_mixin.py:190} INFO - [2026-09-26T01:05:48.244+0000] {dag.py:4156} INFO - Setting next_dagrun for dbt_weather_analytics to None, run_after=None
[2026-09-26T01:05:48.250+0000] {processor.py:208} INFO - Processing /opt/airflow/dags/build_elt_with_dbt.py took 0.040 seconds
[2026-09-26T01:06:18.701+0000] {processor.py:186} INFO - Started process (PID=6439) to work on /opt/airflow/dags/build_elt_with_dbt.py
[2026-09-26T01:06:18.703+0000] {processor.py:914} INFO - Processing file /opt/airflow/dags/build_elt_with_dbt.py for tasks to queue
[2026-09-26T01:06:18.705+0000] {logging_mixin.py:190} INFO - [2026-09-26T01:06:18.704+0000] {dagbag.py:587} INFO - Filling up the DagBag from /opt/airflow/dags/build_elt_with_dbt.py
[2026-09-26T01:06:18.721+0000] {logging_mixin.py:190} INFO - [2026-09-26T01:06:18.720+0000] {base.py:84} INFO - Retrieving connection 'snowflake_conn'
[2026-09-26T01:06:18.725+0000] {processor.py:925} INFO - DAG(s) 'dbt_weather_analytics' retrieved from /opt/airflow/dags/build_elt_with_dbt.py
[2026-09-26T01:06:18.731+0000] {logging_mixin.py:190} INFO - [2026-09-26T01:06:18.730+0000] {dag.py:3229} INFO - Sync 1 DAGs
[2026-09-26T01:06:18.737+0000] {logging_mixin.py:190} INFO - [2026-09-26T01:06:18.737+0000] {dag.py:4156} INFO - Setting next_dagrun for dbt_weather_analytics to None, run_after=None
[2026-09-26T01:06:18.744+0000] {processor.py:208} INFO - Processing /opt/airflow/dags/build_elt_with_dbt.py took 0.049 seconds
[2026-09-26T01:06:49.162+0000] {processor.py:186} INFO - Started process (PID=6455) to work on /opt/airflow/dags/build_elt_with_dbt.py
[2026-09-26T01:06:49.164+0000] {processor.py:914} INFO - Processing file /opt/airflow/dags/build_elt_with_dbt.py for tasks to queue
[2026-09-26T01:06:49.165+0000] {logging_mixin.py:190} INFO - [2026-09-26T01:06:49.165+0000] {dagbag.py:587} INFO - Filling up the DagBag from /opt/airflow/dags/build_elt_with_dbt.py
[2026-09-26T01:06:49.180+0000] {logging_mixin.py:190} INFO - [2026-09-26T01:06:49.180+0000] {base.py:84} INFO - Retrieving connection 'snowflake_conn'
[2026-09-26T01:06:49.184+0000] {processor.py:925} INFO - DAG(s) 'dbt_weather_analytics' retrieved from /opt/airflow/dags/build_elt_with_dbt.py
[2026-09-26T01:06:49.189+0000] {logging_mixin.py:190} INFO - [2026-09-26T01:06:49.189+0000] {dag.py:3229} INFO - Sync 1 DAGs
[2026-09-26T01:06:49.196+0000] {logging_mixin.py:190} INFO - [2026-09-26T01:06:49.196+0000] {dag.py:4156} INFO - Setting next_dagrun for dbt_weather_analytics to None, run_after=None
[2026-09-26T01:06:49.203+0000] {processor.py:208} INFO - Processing /opt/airflow/dags/build_elt_with_dbt.py took 0.046 seconds
[2026-09-26T01:07:19.629+0000] {processor.py:186} INFO - Started process (PID=6471) to work on /opt/airflow/dags/build_elt_with_dbt.py
[2026-09-26T01:07:19.631+0000] {processor.py:914} INFO - Processing file /opt/airflow/dags/build_elt_with_dbt.py for tasks to queue
[2026-09-26T01:07:19.633+0000] {logging_mixin.py:190} INFO - [2026-09-26T01:07:19.632+0000] {dagbag.py:587} INFO - Filling up the DagBag from /opt/airflow/dags/build_elt_with_dbt.py
[2026-09-26T01:07:19.647+0000] {logging_mixin.py:190} INFO - [2026-09-26T01:07:19.647+0000] {base.py:84} INFO - Retrieving connection 'snowflake_conn'
[2026-09-26T01:07:19.650+0000] {processor.py:925} INFO - DAG(s) 'dbt_weather_analytics' retrieved from /opt/airflow/dags/build_elt_with_dbt.py
[2026-09-26T01:07:19.657+0000] {logging_mixin.py:190} INFO - [2026-09-26T01:07:19.656+0000] {dag.py:3229} INFO - Sync 1 DAGs
[2026-09-26T01:07:19.663+0000] {logging_mixin.py:190} INFO - [2026-09-26T01:07:19.663+0000] {dag.py:4156} INFO - Setting next_dagrun for dbt_weather_analytics to None, run_after=None
[2026-09-26T01:07:19.670+0000] {processor.py:208} INFO - Processing /opt/airflow/dags/build_elt_with_dbt.py took 0.047 seconds
[2026-09-26T01:07:50.118+0000] {processor.py:186} INFO - Started process (PID=6487) to work on /opt/airflow/dags/build_elt_with_dbt.py
[2026-09-26T01:07:50.121+0000] {processor.py:914} INFO - Processing file /opt/airflow/dags/build_elt_with_dbt.py for tasks to queue
[2026-09-26T01:07:50.123+0000] {logging_mixin.py:190} INFO - [2026-09-26T01:07:50.122+0000] {dagbag.py:587} INFO - Filling up the DagBag from /opt/airflow/dags/build_elt_with_dbt.py
[2026-09-26T01:07:50.142+0000] {logging_mixin.py:190} INFO - [2026-09-26T01:07:50.142+0000] {base.py:84} INFO - Retrieving connection 'snowflake_conn'
[2026-09-26T01:07:50.149+0000] {processor.py:925} INFO - DAG(s) 'dbt_weather_analytics' retrieved from /opt/airflow/dags/build_elt_with_dbt.py
[2026-09-26T01:07:50.156+0000] {logging_mixin.py:190} INFO - [2026-09-26T01:07:50.156+0000] {dag.py:3229} INFO - Sync 1 DAGs
[2026-09-26T01:07:50.165+0000] {logging_mixin.py:190} INFO - [2026-09-26T01:07:50.164+0000] {dag.py:4156} INFO - Setting next_dagrun for dbt_weather_analytics to None, run_after=None
[2026-09-26T01:07:50.172+0000] {processor.py:208} INFO - Processing /opt/airflow/dags/build_elt_with_dbt.py took 0.062 seconds
[2026-09-26T01:08:20.572+0000] {processor.py:186} INFO - Started process (PID=6503) to work on /opt/airflow/dags/build_elt_with_dbt.py
[2026-09-26T01:08:20.574+0000] {processor.py:914} INFO - Processing file /opt/airflow/dags/build_elt_with_dbt.py for tasks to queue
[2026-09-26T01:08:20.575+0000] {logging_mixin.py:190} INFO - [2026-09-26T01:08:20.574+0000] {dagbag.py:587} INFO - Filling up the DagBag from /opt/airflow/dags/build_elt_with_dbt.py
[2026-09-26T01:08:20.590+0000] {logging_mixin.py:190} INFO - [2026-09-26T01:08:20.590+0000] {base.py:84} INFO - Retrieving connection 'snowflake_conn'
[2026-09-26T01:08:20.596+0000] {processor.py:925} INFO - DAG(s) 'dbt_weather_analytics' retrieved from /opt/airflow/dags/build_elt_with_dbt.py
[2026-09-26T01:08:20.602+0000] {logging_mixin.py:190} INFO - [2026-09-26T01:08:20.602+0000] {dag.py:3229} INFO - Sync 1 DAGs
[2026-09-26T01:08:20.608+0000] {logging_mixin.py:190} INFO - [2026-09-26T01:08:20.608+0000] {dag.py:4156} INFO - Setting next_dagrun for dbt_weather_analytics to None, run_after=None
[2026-09-26T01:08:20.615+0000] {processor.py:208} INFO - Processing /opt/airflow/dags/build_elt_with_dbt.py took 0.049 seconds
[2026-09-26T01:08:51.120+0000] {processor.py:186} INFO - Started process (PID=6519) to work on /opt/airflow/dags/build_elt_with_dbt.py
[2026-09-26T01:08:51.122+0000] {processor.py:914} INFO - Processing file /opt/airflow/dags/build_elt_with_dbt.py for tasks to queue
[2026-09-26T01:08:51.123+0000] {logging_mixin.py:190} INFO - [2026-09-26T01:08:51.123+0000] {dagbag.py:587} INFO - Filling up the DagBag from /opt/airflow/dags/build_elt_with_dbt.py
[2026-09-26T01:08:51.138+0000] {logging_mixin.py:190} INFO - [2026-09-26T01:08:51.138+0000] {base.py:84} INFO - Retrieving connection 'snowflake_conn'
[2026-09-26T01:08:51.142+0000] {processor.py:925} INFO - DAG(s) 'dbt_weather_analytics' retrieved from /opt/airflow/dags/build_elt_with_dbt.py
[2026-09-26T01:08:51.149+0000] {logging_mixin.py:190} INFO - [2026-09-26T01:08:51.148+0000] {dag.py:3229} INFO - Sync 1 DAGs
[2026-09-26T01:08:51.156+0000] {logging_mixin.py:190} INFO - [2026-09-26T01:08:51.156+0000] {dag.py:4156} INFO - Setting next_dagrun for dbt_weather_analytics to None, run_after=None
[2026-09-26T01:08:51.163+0000] {processor.py:208} INFO - Processing /opt/airflow/dags/build_elt_with_dbt.py took 0.048 seconds
[2026-09-26T01:09:21.478+0000] {processor.py:186} INFO - Started process (PID=6535) to work on /opt/airflow/dags/build_elt_with_dbt.py
[2026-09-26T01:09:21.481+0000] {processor.py:914} INFO - Processing file /opt/airflow/dags/build_elt_with_dbt.py for tasks to queue
[2026-09-26T01:09:21.483+0000] {logging_mixin.py:190} INFO - [2026-09-26T01:09:21.482+0000] {dagbag.py:587} INFO - Filling up the DagBag from /opt/airflow/dags/build_elt_with_dbt.py
[2026-09-26T01:09:21.500+0000] {logging_mixin.py:190} INFO - [2026-09-26T01:09:21.500+0000] {base.py:84} INFO - Retrieving connection 'snowflake_conn'
[2026-09-26T01:09:21.505+0000] {processor.py:925} INFO - DAG(s) 'dbt_weather_analytics' retrieved from /opt/airflow/dags/build_elt_with_dbt.py
[2026-09-26T01:09:21.511+0000] {logging_mixin.py:190} INFO - [2026-09-26T01:09:21.511+0000] {dag.py:3229} INFO - Sync 1 DAGs
[2026-09-26T01:09:21.518+0000] {logging_mixin.py:190} INFO - [2026-09-26T01:09:21.518+0000] {dag.py:4156} INFO - Setting next_dagrun for dbt_weather_analytics to None, run_after=None
[2026-09-26T01:09:21.525+0000] {processor.py:208} INFO - Processing /opt/airflow/dags/build_elt_with_dbt.py took 0.054 seconds
[2026-09-26T01:09:51.880+0000] {processor.py:186} INFO - Started process (PID=6551) to work on /opt/airflow/dags/build_elt_with_dbt.py
[2026-09-26T01:09:51.881+0000] {processor.py:914} INFO - Processing file /opt/airflow/dags/build_elt_with_dbt.py for tasks to queue
[2026-09-26T01:09:51.882+0000] {logging_mixin.py:190} INFO - [2026-09-26T01:09:51.882+0000] {dagbag.py:587} INFO - Filling up the DagBag from /opt/airflow/dags/build_elt_with_dbt.py
[2026-09-26T01:09:51.898+0000] {logging_mixin.py:190} INFO - [2026-09-26T01:09:51.898+0000] {base.py:84} INFO - Retrieving connection 'snowflake_conn'
[2026-09-26T01:09:51.902+0000] {processor.py:925} INFO - DAG(s) 'dbt_weather_analytics' retrieved from /opt/airflow/dags/build_elt_with_dbt.py
[2026-09-26T01:09:51.908+0000] {logging_mixin.py:190} INFO - [2026-09-26T01:09:51.908+0000] {dag.py:3229} INFO - Sync 1 DAGs
[2026-09-26T01:09:51.915+0000] {logging_mixin.py:190} INFO - [2026-09-26T01:09:51.915+0000] {dag.py:4156} INFO - Setting next_dagrun for dbt_weather_analytics to None, run_after=None
[2026-09-26T01:09:51.922+0000] {processor.py:208} INFO - Processing /opt/airflow/dags/build_elt_with_dbt.py took 0.047 seconds
[2026-09-26T01:10:22.312+0000] {processor.py:186} INFO - Started process (PID=6567) to work on /opt/airflow/dags/build_elt_with_dbt.py
[2026-09-26T01:10:22.314+0000] {processor.py:914} INFO - Processing file /opt/airflow/dags/build_elt_with_dbt.py for tasks to queue
[2026-09-26T01:10:22.315+0000] {logging_mixin.py:190} INFO - [2026-09-26T01:10:22.315+0000] {dagbag.py:587} INFO - Filling up the DagBag from /opt/airflow/dags/build_elt_with_dbt.py
[2026-09-26T01:10:22.330+0000] {logging_mixin.py:190} INFO - [2026-09-26T01:10:22.330+0000] {base.py:84} INFO - Retrieving connection 'snowflake_conn'
[2026-09-26T01:10:22.334+0000] {processor.py:925} INFO - DAG(s) 'dbt_weather_analytics' retrieved from /opt/airflow/dags/build_elt_with_dbt.py
[2026-09-26T01:10:22.339+0000] {logging_mixin.py:190} INFO - [2026-09-26T01:10:22.339+0000] {dag.py:3229} INFO - Sync 1 DAGs
[2026-09-26T01:10:22.345+0000] {logging_mixin.py:190} INFO - [2026-09-26T01:10:22.345+0000] {dag.py:4156} INFO - Setting next_dagrun for dbt_weather_analytics to None, run_after=None
[2026-09-26T01:10:22.351+0000] {processor.py:208} INFO - Processing /opt/airflow/dags/build_elt_with_dbt.py took 0.045 seconds
[2026-09-26T01:10:52.816+0000] {processor.py:186} INFO - Started process (PID=6584) to work on /opt/airflow/dags/build_elt_with_dbt.py
[2026-09-26T01:10:52.818+0000] {processor.py:914} INFO - Processing file /opt/airflow/dags/build_elt_with_dbt.py for tasks to queue
[2026-09-26T01:10:52.819+0000] {logging_mixin.py:190} INFO - [2026-09-26T01:10:52.819+0000] {dagbag.py:587} INFO - Filling up the DagBag from /opt/airflow/dags/build_elt_with_dbt.py
[2026-09-26T01:10:52.832+0000] {logging_mixin.py:190} INFO - [2026-09-26T01:10:52.832+0000] {base.py:84} INFO - Retrieving connection 'snowflake_conn'
[2026-09-26T01:10:52.835+0000] {processor.py:925} INFO - DAG(s) 'dbt_weather_analytics' retrieved from /opt/airflow/dags/build_elt_with_dbt.py
[2026-09-26T01:10:52.841+0000] {logging_mixin.py:190} INFO - [2026-09-26T01:10:52.841+0000] {dag.py:3229} INFO - Sync 1 DAGs
[2026-09-26T01:10:52.847+0000] {logging_mixin.py:190} INFO - [2026-09-26T01:10:52.847+0000] {dag.py:4156} INFO - Setting next_dagrun for dbt_weather_analytics to None, run_after=None
[2026-09-26T01:10:52.853+0000] {processor.py:208} INFO - Processing /opt/airflow/dags/build_elt_with_dbt.py took 0.042 seconds
[2026-09-26T01:11:23.248+0000] {processor.py:186} INFO - Started process (PID=6600) to work on /opt/airflow/dags/build_elt_with_dbt.py
[2026-09-26T01:11:23.250+0000] {processor.py:914} INFO - Processing file /opt/airflow/dags/build_elt_with_dbt.py for tasks to queue
[2026-09-26T01:11:23.251+0000] {logging_mixin.py:190} INFO - [2026-09-26T01:11:23.251+0000] {dagbag.py:587} INFO - Filling up the DagBag from /opt/airflow/dags/build_elt_with_dbt.py
[2026-09-26T01:11:23.267+0000] {logging_mixin.py:190} INFO - [2026-09-26T01:11:23.267+0000] {base.py:84} INFO - Retrieving connection 'snowflake_conn'
[2026-09-26T01:11:23.270+0000] {processor.py:925} INFO - DAG(s) 'dbt_weather_analytics' retrieved from /opt/airflow/dags/build_elt_with_dbt.py
[2026-09-26T01:11:23.276+0000] {logging_mixin.py:190} INFO - [2026-09-26T01:11:23.276+0000] {dag.py:3229} INFO - Sync 1 DAGs
[2026-09-26T01:11:23.282+0000] {logging_mixin.py:190} INFO - [2026-09-26T01:11:23.282+0000] {dag.py:4156} INFO - Setting next_dagrun for dbt_weather_analytics to None, run_after=None
[2026-09-26T01:11:23.289+0000] {processor.py:208} INFO - Processing /opt/airflow/dags/build_elt_with_dbt.py took 0.047 seconds
[2026-09-26T01:11:53.716+0000] {processor.py:186} INFO - Started process (PID=6616) to work on /opt/airflow/dags/build_elt_with_dbt.py
[2026-09-26T01:11:53.717+0000] {processor.py:914} INFO - Processing file /opt/airflow/dags/build_elt_with_dbt.py for tasks to queue
[2026-09-26T01:11:53.719+0000] {logging_mixin.py:190} INFO - [2026-09-26T01:11:53.718+0000] {dagbag.py:587} INFO - Filling up the DagBag from /opt/airflow/dags/build_elt_with_dbt.py
[2026-09-26T01:11:53.734+0000] {logging_mixin.py:190} INFO - [2026-09-26T01:11:53.733+0000] {base.py:84} INFO - Retrieving connection 'snowflake_conn'
[2026-09-26T01:11:53.737+0000] {processor.py:925} INFO - DAG(s) 'dbt_weather_analytics' retrieved from /opt/airflow/dags/build_elt_with_dbt.py
[2026-09-26T01:11:53.742+0000] {logging_mixin.py:190} INFO - [2026-09-26T01:11:53.742+0000] {dag.py:3229} INFO - Sync 1 DAGs
[2026-09-26T01:11:53.748+0000] {logging_mixin.py:190} INFO - [2026-09-26T01:11:53.748+0000] {dag.py:4156} INFO - Setting next_dagrun for dbt_weather_analytics to None, run_after=None
[2026-09-26T01:11:53.755+0000] {processor.py:208} INFO - Processing /opt/airflow/dags/build_elt_with_dbt.py took 0.046 seconds
[2026-09-26T01:12:24.177+0000] {processor.py:186} INFO - Started process (PID=6632) to work on /opt/airflow/dags/build_elt_with_dbt.py
[2026-09-26T01:12:24.179+0000] {processor.py:914} INFO - Processing file /opt/airflow/dags/build_elt_with_dbt.py for tasks to queue
[2026-09-26T01:12:24.181+0000] {logging_mixin.py:190} INFO - [2026-09-26T01:12:24.180+0000] {dagbag.py:587} INFO - Filling up the DagBag from /opt/airflow/dags/build_elt_with_dbt.py
[2026-09-26T01:12:24.195+0000] {logging_mixin.py:190} INFO - [2026-09-26T01:12:24.195+0000] {base.py:84} INFO - Retrieving connection 'snowflake_conn'
[2026-09-26T01:12:24.199+0000] {processor.py:925} INFO - DAG(s) 'dbt_weather_analytics' retrieved from /opt/airflow/dags/build_elt_with_dbt.py
[2026-09-26T01:12:24.204+0000] {logging_mixin.py:190} INFO - [2026-09-26T01:12:24.204+0000] {dag.py:3229} INFO - Sync 1 DAGs
[2026-09-26T01:12:24.210+0000] {logging_mixin.py:190} INFO - [2026-09-26T01:12:24.210+0000] {dag.py:4156} INFO - Setting next_dagrun for dbt_weather_analytics to None, run_after=None
[2026-09-26T01:12:24.216+0000] {processor.py:208} INFO - Processing /opt/airflow/dags/build_elt_with_dbt.py took 0.044 seconds
[2026-09-26T01:12:54.649+0000] {processor.py:186} INFO - Started process (PID=6648) to work on /opt/airflow/dags/build_elt_with_dbt.py
[2026-09-26T01:12:54.650+0000] {processor.py:914} INFO - Processing file /opt/airflow/dags/build_elt_with_dbt.py for tasks to queue
[2026-09-26T01:12:54.652+0000] {logging_mixin.py:190} INFO - [2026-09-26T01:12:54.651+0000] {dagbag.py:587} INFO - Filling up the DagBag from /opt/airflow/dags/build_elt_with_dbt.py
[2026-09-26T01:12:54.672+0000] {logging_mixin.py:190} INFO - [2026-09-26T01:12:54.672+0000] {base.py:84} INFO - Retrieving connection 'snowflake_conn'
[2026-09-26T01:12:54.677+0000] {processor.py:925} INFO - DAG(s) 'dbt_weather_analytics' retrieved from /opt/airflow/dags/build_elt_with_dbt.py
[2026-09-26T01:12:54.683+0000] {logging_mixin.py:190} INFO - [2026-09-26T01:12:54.683+0000] {dag.py:3229} INFO - Sync 1 DAGs
[2026-09-26T01:12:54.690+0000] {logging_mixin.py:190} INFO - [2026-09-26T01:12:54.690+0000] {dag.py:4156} INFO - Setting next_dagrun for dbt_weather_analytics to None, run_after=None
[2026-09-26T01:12:54.696+0000] {processor.py:208} INFO - Processing /opt/airflow/dags/build_elt_with_dbt.py took 0.055 seconds
[2026-09-26T01:13:25.164+0000] {processor.py:186} INFO - Started process (PID=6664) to work on /opt/airflow/dags/build_elt_with_dbt.py
[2026-09-26T01:13:25.166+0000] {processor.py:914} INFO - Processing file /opt/airflow/dags/build_elt_with_dbt.py for tasks to queue
[2026-09-26T01:13:25.168+0000] {logging_mixin.py:190} INFO - [2026-09-26T01:13:25.167+0000] {dagbag.py:587} INFO - Filling up the DagBag from /opt/airflow/dags/build_elt_with_dbt.py
[2026-09-26T01:13:25.182+0000] {logging_mixin.py:190} INFO - [2026-09-26T01:13:25.182+0000] {base.py:84} INFO - Retrieving connection 'snowflake_conn'
[2026-09-26T01:13:25.185+0000] {processor.py:925} INFO - DAG(s) 'dbt_weather_analytics' retrieved from /opt/airflow/dags/build_elt_with_dbt.py
[2026-09-26T01:13:25.192+0000] {logging_mixin.py:190} INFO - [2026-09-26T01:13:25.192+0000] {dag.py:3229} INFO - Sync 1 DAGs
[2026-09-26T01:13:25.201+0000] {logging_mixin.py:190} INFO - [2026-09-26T01:13:25.201+0000] {dag.py:4156} INFO - Setting next_dagrun for dbt_weather_analytics to None, run_after=None
[2026-09-26T01:13:25.209+0000] {processor.py:208} INFO - Processing /opt/airflow/dags/build_elt_with_dbt.py took 0.052 seconds
[2026-09-26T01:13:55.523+0000] {processor.py:186} INFO - Started process (PID=6680) to work on /opt/airflow/dags/build_elt_with_dbt.py
[2026-09-26T01:13:55.524+0000] {processor.py:914} INFO - Processing file /opt/airflow/dags/build_elt_with_dbt.py for tasks to queue
[2026-09-26T01:13:55.526+0000] {logging_mixin.py:190} INFO - [2026-09-26T01:13:55.525+0000] {dagbag.py:587} INFO - Filling up the DagBag from /opt/airflow/dags/build_elt_with_dbt.py
[2026-09-26T01:13:55.543+0000] {logging_mixin.py:190} INFO - [2026-09-26T01:13:55.542+0000] {base.py:84} INFO - Retrieving connection 'snowflake_conn'
[2026-09-26T01:13:55.546+0000] {processor.py:925} INFO - DAG(s) 'dbt_weather_analytics' retrieved from /opt/airflow/dags/build_elt_with_dbt.py
[2026-09-26T01:13:55.553+0000] {logging_mixin.py:190} INFO - [2026-09-26T01:13:55.553+0000] {dag.py:3229} INFO - Sync 1 DAGs
[2026-09-26T01:13:55.560+0000] {logging_mixin.py:190} INFO - [2026-09-26T01:13:55.560+0000] {dag.py:4156} INFO - Setting next_dagrun for dbt_weather_analytics to None, run_after=None
[2026-09-26T01:13:55.566+0000] {processor.py:208} INFO - Processing /opt/airflow/dags/build_elt_with_dbt.py took 0.051 seconds
[2026-09-26T01:14:26.020+0000] {processor.py:186} INFO - Started process (PID=6696) to work on /opt/airflow/dags/build_elt_with_dbt.py
[2026-09-26T01:14:26.023+0000] {processor.py:914} INFO - Processing file /opt/airflow/dags/build_elt_with_dbt.py for tasks to queue
[2026-09-26T01:14:26.024+0000] {logging_mixin.py:190} INFO - [2026-09-26T01:14:26.023+0000] {dagbag.py:587} INFO - Filling up the DagBag from /opt/airflow/dags/build_elt_with_dbt.py
[2026-09-26T01:14:26.040+0000] {logging_mixin.py:190} INFO - [2026-09-26T01:14:26.040+0000] {base.py:84} INFO - Retrieving connection 'snowflake_conn'
[2026-09-26T01:14:26.043+0000] {processor.py:925} INFO - DAG(s) 'dbt_weather_analytics' retrieved from /opt/airflow/dags/build_elt_with_dbt.py
[2026-09-26T01:14:26.049+0000] {logging_mixin.py:190} INFO - [2026-09-26T01:14:26.049+0000] {dag.py:3229} INFO - Sync 1 DAGs
[2026-09-26T01:14:26.055+0000] {logging_mixin.py:190} INFO - [2026-09-26T01:14:26.055+0000] {dag.py:4156} INFO - Setting next_dagrun for dbt_weather_analytics to None, run_after=None
[2026-09-26T01:14:26.062+0000] {processor.py:208} INFO - Processing /opt/airflow/dags/build_elt_with_dbt.py took 0.048 seconds
[2026-09-26T01:14:56.462+0000] {processor.py:186} INFO - Started process (PID=6712) to work on /opt/airflow/dags/build_elt_with_dbt.py
[2026-09-26T01:14:56.465+0000] {processor.py:914} INFO - Processing file /opt/airflow/dags/build_elt_with_dbt.py for tasks to queue
[2026-09-26T01:14:56.466+0000] {logging_mixin.py:190} INFO - [2026-09-26T01:14:56.466+0000] {dagbag.py:587} INFO - Filling up the DagBag from /opt/airflow/dags/build_elt_with_dbt.py
[2026-09-26T01:14:56.481+0000] {logging_mixin.py:190} INFO - [2026-09-26T01:14:56.481+0000] {base.py:84} INFO - Retrieving connection 'snowflake_conn'
[2026-09-26T01:14:56.484+0000] {processor.py:925} INFO - DAG(s) 'dbt_weather_analytics' retrieved from /opt/airflow/dags/build_elt_with_dbt.py
[2026-09-26T01:14:56.490+0000] {logging_mixin.py:190} INFO - [2026-09-26T01:14:56.490+0000] {dag.py:3229} INFO - Sync 1 DAGs
[2026-09-26T01:14:56.496+0000] {logging_mixin.py:190} INFO - [2026-09-26T01:14:56.496+0000] {dag.py:4156} INFO - Setting next_dagrun for dbt_weather_analytics to None, run_after=None
[2026-09-26T01:14:56.502+0000] {processor.py:208} INFO - Processing /opt/airflow/dags/build_elt_with_dbt.py took 0.046 seconds
[2026-09-26T01:15:26.935+0000] {processor.py:186} INFO - Started process (PID=6728) to work on /opt/airflow/dags/build_elt_with_dbt.py
[2026-09-26T01:15:26.937+0000] {processor.py:914} INFO - Processing file /opt/airflow/dags/build_elt_with_dbt.py for tasks to queue
[2026-09-26T01:15:26.938+0000] {logging_mixin.py:190} INFO - [2026-09-26T01:15:26.938+0000] {dagbag.py:587} INFO - Filling up the DagBag from /opt/airflow/dags/build_elt_with_dbt.py
[2026-09-26T01:15:26.953+0000] {logging_mixin.py:190} INFO - [2026-09-26T01:15:26.953+0000] {base.py:84} INFO - Retrieving connection 'snowflake_conn'
[2026-09-26T01:15:26.956+0000] {processor.py:925} INFO - DAG(s) 'dbt_weather_analytics' retrieved from /opt/airflow/dags/build_elt_with_dbt.py
[2026-09-26T01:15:26.962+0000] {logging_mixin.py:190} INFO - [2026-09-26T01:15:26.961+0000] {dag.py:3229} INFO - Sync 1 DAGs
[2026-09-26T01:15:26.968+0000] {logging_mixin.py:190} INFO - [2026-09-26T01:15:26.967+0000] {dag.py:4156} INFO - Setting next_dagrun for dbt_weather_analytics to None, run_after=None
[2026-09-26T01:15:26.974+0000] {processor.py:208} INFO - Processing /opt/airflow/dags/build_elt_with_dbt.py took 0.044 seconds
[2026-09-26T01:15:57.429+0000] {processor.py:186} INFO - Started process (PID=6744) to work on /opt/airflow/dags/build_elt_with_dbt.py
[2026-09-26T01:15:57.431+0000] {processor.py:914} INFO - Processing file /opt/airflow/dags/build_elt_with_dbt.py for tasks to queue
[2026-09-26T01:15:57.432+0000] {logging_mixin.py:190} INFO - [2026-09-26T01:15:57.431+0000] {dagbag.py:587} INFO - Filling up the DagBag from /opt/airflow/dags/build_elt_with_dbt.py
[2026-09-26T01:15:57.449+0000] {logging_mixin.py:190} INFO - [2026-09-26T01:15:57.449+0000] {base.py:84} INFO - Retrieving connection 'snowflake_conn'
[2026-09-26T01:15:57.453+0000] {processor.py:925} INFO - DAG(s) 'dbt_weather_analytics' retrieved from /opt/airflow/dags/build_elt_with_dbt.py
[2026-09-26T01:15:57.460+0000] {logging_mixin.py:190} INFO - [2026-09-26T01:15:57.460+0000] {dag.py:3229} INFO - Sync 1 DAGs
[2026-09-26T01:15:57.467+0000] {logging_mixin.py:190} INFO - [2026-09-26T01:15:57.467+0000] {dag.py:4156} INFO - Setting next_dagrun for dbt_weather_analytics to None, run_after=None
[2026-09-26T01:15:57.474+0000] {processor.py:208} INFO - Processing /opt/airflow/dags/build_elt_with_dbt.py took 0.052 seconds
[2026-09-26T01:16:27.884+0000] {processor.py:186} INFO - Started process (PID=6760) to work on /opt/airflow/dags/build_elt_with_dbt.py
[2026-09-26T01:16:27.886+0000] {processor.py:914} INFO - Processing file /opt/airflow/dags/build_elt_with_dbt.py for tasks to queue
[2026-09-26T01:16:27.888+0000] {logging_mixin.py:190} INFO - [2026-09-26T01:16:27.887+0000] {dagbag.py:587} INFO - Filling up the DagBag from /opt/airflow/dags/build_elt_with_dbt.py
[2026-09-26T01:16:27.901+0000] {logging_mixin.py:190} INFO - [2026-09-26T01:16:27.901+0000] {base.py:84} INFO - Retrieving connection 'snowflake_conn'
[2026-09-26T01:16:27.904+0000] {processor.py:925} INFO - DAG(s) 'dbt_weather_analytics' retrieved from /opt/airflow/dags/build_elt_with_dbt.py
[2026-09-26T01:16:27.909+0000] {logging_mixin.py:190} INFO - [2026-09-26T01:16:27.909+0000] {dag.py:3229} INFO - Sync 1 DAGs
[2026-09-26T01:16:27.915+0000] {logging_mixin.py:190} INFO - [2026-09-26T01:16:27.915+0000] {dag.py:4156} INFO - Setting next_dagrun for dbt_weather_analytics to None, run_after=None
[2026-09-26T01:16:27.921+0000] {processor.py:208} INFO - Processing /opt/airflow/dags/build_elt_with_dbt.py took 0.044 seconds
[2026-09-26T01:16:58.330+0000] {processor.py:186} INFO - Started process (PID=6782) to work on /opt/airflow/dags/build_elt_with_dbt.py
[2026-09-26T01:16:58.333+0000] {processor.py:914} INFO - Processing file /opt/airflow/dags/build_elt_with_dbt.py for tasks to queue
[2026-09-26T01:16:58.334+0000] {logging_mixin.py:190} INFO - [2026-09-26T01:16:58.334+0000] {dagbag.py:587} INFO - Filling up the DagBag from /opt/airflow/dags/build_elt_with_dbt.py
[2026-09-26T01:16:58.349+0000] {logging_mixin.py:190} INFO - [2026-09-26T01:16:58.349+0000] {base.py:84} INFO - Retrieving connection 'snowflake_conn'
[2026-09-26T01:16:58.353+0000] {processor.py:925} INFO - DAG(s) 'dbt_weather_analytics' retrieved from /opt/airflow/dags/build_elt_with_dbt.py
[2026-09-26T01:16:58.359+0000] {logging_mixin.py:190} INFO - [2026-09-26T01:16:58.359+0000] {dag.py:3229} INFO - Sync 1 DAGs
[2026-09-26T01:16:58.366+0000] {logging_mixin.py:190} INFO - [2026-09-26T01:16:58.366+0000] {dag.py:4156} INFO - Setting next_dagrun for dbt_weather_analytics to None, run_after=None
[2026-09-26T01:16:58.372+0000] {processor.py:208} INFO - Processing /opt/airflow/dags/build_elt_with_dbt.py took 0.049 seconds
[2026-09-26T01:17:28.792+0000] {processor.py:186} INFO - Started process (PID=6798) to work on /opt/airflow/dags/build_elt_with_dbt.py
[2026-09-26T01:17:28.795+0000] {processor.py:914} INFO - Processing file /opt/airflow/dags/build_elt_with_dbt.py for tasks to queue
[2026-09-26T01:17:28.797+0000] {logging_mixin.py:190} INFO - [2026-09-26T01:17:28.796+0000] {dagbag.py:587} INFO - Filling up the DagBag from /opt/airflow/dags/build_elt_with_dbt.py
[2026-09-26T01:17:28.811+0000] {logging_mixin.py:190} INFO - [2026-09-26T01:17:28.811+0000] {base.py:84} INFO - Retrieving connection 'snowflake_conn'
[2026-09-26T01:17:28.814+0000] {processor.py:925} INFO - DAG(s) 'dbt_weather_analytics' retrieved from /opt/airflow/dags/build_elt_with_dbt.py
[2026-09-26T01:17:28.820+0000] {logging_mixin.py:190} INFO - [2026-09-26T01:17:28.820+0000] {dag.py:3229} INFO - Sync 1 DAGs
[2026-09-26T01:17:28.826+0000] {logging_mixin.py:190} INFO - [2026-09-26T01:17:28.826+0000] {dag.py:4156} INFO - Setting next_dagrun for dbt_weather_analytics to None, run_after=None
[2026-09-26T01:17:28.832+0000] {processor.py:208} INFO - Processing /opt/airflow/dags/build_elt_with_dbt.py took 0.048 seconds
[2026-09-26T01:17:59.299+0000] {processor.py:186} INFO - Started process (PID=6814) to work on /opt/airflow/dags/build_elt_with_dbt.py
[2026-09-26T01:17:59.301+0000] {processor.py:914} INFO - Processing file /opt/airflow/dags/build_elt_with_dbt.py for tasks to queue
[2026-09-26T01:17:59.303+0000] {logging_mixin.py:190} INFO - [2026-09-26T01:17:59.302+0000] {dagbag.py:587} INFO - Filling up the DagBag from /opt/airflow/dags/build_elt_with_dbt.py
[2026-09-26T01:17:59.323+0000] {logging_mixin.py:190} INFO - [2026-09-26T01:17:59.323+0000] {base.py:84} INFO - Retrieving connection 'snowflake_conn'
[2026-09-26T01:17:59.329+0000] {processor.py:925} INFO - DAG(s) 'dbt_weather_analytics' retrieved from /opt/airflow/dags/build_elt_with_dbt.py
[2026-09-26T01:17:59.336+0000] {logging_mixin.py:190} INFO - [2026-09-26T01:17:59.336+0000] {dag.py:3229} INFO - Sync 1 DAGs
[2026-09-26T01:17:59.344+0000] {logging_mixin.py:190} INFO - [2026-09-26T01:17:59.344+0000] {dag.py:4156} INFO - Setting next_dagrun for dbt_weather_analytics to None, run_after=None
[2026-09-26T01:17:59.352+0000] {processor.py:208} INFO - Processing /opt/airflow/dags/build_elt_with_dbt.py took 0.061 seconds
[2026-09-26T01:18:29.794+0000] {processor.py:186} INFO - Started process (PID=6830) to work on /opt/airflow/dags/build_elt_with_dbt.py
[2026-09-26T01:18:29.795+0000] {processor.py:914} INFO - Processing file /opt/airflow/dags/build_elt_with_dbt.py for tasks to queue
[2026-09-26T01:18:29.796+0000] {logging_mixin.py:190} INFO - [2026-09-26T01:18:29.796+0000] {dagbag.py:587} INFO - Filling up the DagBag from /opt/airflow/dags/build_elt_with_dbt.py
[2026-09-26T01:18:29.809+0000] {logging_mixin.py:190} INFO - [2026-09-26T01:18:29.809+0000] {base.py:84} INFO - Retrieving connection 'snowflake_conn'
[2026-09-26T01:18:29.812+0000] {processor.py:925} INFO - DAG(s) 'dbt_weather_analytics' retrieved from /opt/airflow/dags/build_elt_with_dbt.py
[2026-09-26T01:18:29.817+0000] {logging_mixin.py:190} INFO - [2026-09-26T01:18:29.817+0000] {dag.py:3229} INFO - Sync 1 DAGs
[2026-09-26T01:18:29.823+0000] {logging_mixin.py:190} INFO - [2026-09-26T01:18:29.823+0000] {dag.py:4156} INFO - Setting next_dagrun for dbt_weather_analytics to None, run_after=None
[2026-09-26T01:18:29.829+0000] {processor.py:208} INFO - Processing /opt/airflow/dags/build_elt_with_dbt.py took 0.039 seconds
[2026-09-26T01:19:00.251+0000] {processor.py:186} INFO - Started process (PID=6846) to work on /opt/airflow/dags/build_elt_with_dbt.py
[2026-09-26T01:19:00.253+0000] {processor.py:914} INFO - Processing file /opt/airflow/dags/build_elt_with_dbt.py for tasks to queue
[2026-09-26T01:19:00.254+0000] {logging_mixin.py:190} INFO - [2026-09-26T01:19:00.254+0000] {dagbag.py:587} INFO - Filling up the DagBag from /opt/airflow/dags/build_elt_with_dbt.py
[2026-09-26T01:19:00.270+0000] {logging_mixin.py:190} INFO - [2026-09-26T01:19:00.270+0000] {base.py:84} INFO - Retrieving connection 'snowflake_conn'
[2026-09-26T01:19:00.274+0000] {processor.py:925} INFO - DAG(s) 'dbt_weather_analytics' retrieved from /opt/airflow/dags/build_elt_with_dbt.py
[2026-09-26T01:19:00.280+0000] {logging_mixin.py:190} INFO - [2026-09-26T01:19:00.280+0000] {dag.py:3229} INFO - Sync 1 DAGs
[2026-09-26T01:19:00.286+0000] {logging_mixin.py:190} INFO - [2026-09-26T01:19:00.286+0000] {dag.py:4156} INFO - Setting next_dagrun for dbt_weather_analytics to None, run_after=None
[2026-09-26T01:19:00.292+0000] {processor.py:208} INFO - Processing /opt/airflow/dags/build_elt_with_dbt.py took 0.047 seconds
[2026-09-26T01:19:30.781+0000] {processor.py:186} INFO - Started process (PID=6862) to work on /opt/airflow/dags/build_elt_with_dbt.py
[2026-09-26T01:19:30.784+0000] {processor.py:914} INFO - Processing file /opt/airflow/dags/build_elt_with_dbt.py for tasks to queue
[2026-09-26T01:19:30.785+0000] {logging_mixin.py:190} INFO - [2026-09-26T01:19:30.784+0000] {dagbag.py:587} INFO - Filling up the DagBag from /opt/airflow/dags/build_elt_with_dbt.py
[2026-09-26T01:19:30.800+0000] {logging_mixin.py:190} INFO - [2026-09-26T01:19:30.800+0000] {base.py:84} INFO - Retrieving connection 'snowflake_conn'
[2026-09-26T01:19:30.804+0000] {processor.py:925} INFO - DAG(s) 'dbt_weather_analytics' retrieved from /opt/airflow/dags/build_elt_with_dbt.py
[2026-09-26T01:19:30.810+0000] {logging_mixin.py:190} INFO - [2026-09-26T01:19:30.809+0000] {dag.py:3229} INFO - Sync 1 DAGs
[2026-09-26T01:19:30.816+0000] {logging_mixin.py:190} INFO - [2026-09-26T01:19:30.816+0000] {dag.py:4156} INFO - Setting next_dagrun for dbt_weather_analytics to None, run_after=None
[2026-09-26T01:19:30.823+0000] {processor.py:208} INFO - Processing /opt/airflow/dags/build_elt_with_dbt.py took 0.048 seconds
[2026-09-26T01:20:01.231+0000] {processor.py:186} INFO - Started process (PID=6878) to work on /opt/airflow/dags/build_elt_with_dbt.py
[2026-09-26T01:20:01.233+0000] {processor.py:914} INFO - Processing file /opt/airflow/dags/build_elt_with_dbt.py for tasks to queue
[2026-09-26T01:20:01.234+0000] {logging_mixin.py:190} INFO - [2026-09-26T01:20:01.234+0000] {dagbag.py:587} INFO - Filling up the DagBag from /opt/airflow/dags/build_elt_with_dbt.py
[2026-09-26T01:20:01.249+0000] {logging_mixin.py:190} INFO - [2026-09-26T01:20:01.249+0000] {base.py:84} INFO - Retrieving connection 'snowflake_conn'
[2026-09-26T01:20:01.254+0000] {processor.py:925} INFO - DAG(s) 'dbt_weather_analytics' retrieved from /opt/airflow/dags/build_elt_with_dbt.py
[2026-09-26T01:20:01.260+0000] {logging_mixin.py:190} INFO - [2026-09-26T01:20:01.260+0000] {dag.py:3229} INFO - Sync 1 DAGs
[2026-09-26T01:20:01.268+0000] {logging_mixin.py:190} INFO - [2026-09-26T01:20:01.268+0000] {dag.py:4156} INFO - Setting next_dagrun for dbt_weather_analytics to None, run_after=None
[2026-09-26T01:20:01.274+0000] {processor.py:208} INFO - Processing /opt/airflow/dags/build_elt_with_dbt.py took 0.051 seconds
[2026-09-26T01:20:31.635+0000] {processor.py:186} INFO - Started process (PID=6894) to work on /opt/airflow/dags/build_elt_with_dbt.py
[2026-09-26T01:20:31.637+0000] {processor.py:914} INFO - Processing file /opt/airflow/dags/build_elt_with_dbt.py for tasks to queue
[2026-09-26T01:20:31.638+0000] {logging_mixin.py:190} INFO - [2026-09-26T01:20:31.637+0000] {dagbag.py:587} INFO - Filling up the DagBag from /opt/airflow/dags/build_elt_with_dbt.py
[2026-09-26T01:20:31.654+0000] {logging_mixin.py:190} INFO - [2026-09-26T01:20:31.654+0000] {base.py:84} INFO - Retrieving connection 'snowflake_conn'
[2026-09-26T01:20:31.658+0000] {processor.py:925} INFO - DAG(s) 'dbt_weather_analytics' retrieved from /opt/airflow/dags/build_elt_with_dbt.py
[2026-09-26T01:20:31.663+0000] {logging_mixin.py:190} INFO - [2026-09-26T01:20:31.663+0000] {dag.py:3229} INFO - Sync 1 DAGs
[2026-09-26T01:20:31.670+0000] {logging_mixin.py:190} INFO - [2026-09-26T01:20:31.670+0000] {dag.py:4156} INFO - Setting next_dagrun for dbt_weather_analytics to None, run_after=None
[2026-09-26T01:20:31.677+0000] {processor.py:208} INFO - Processing /opt/airflow/dags/build_elt_with_dbt.py took 0.048 seconds
[2026-09-26T01:21:02.106+0000] {processor.py:186} INFO - Started process (PID=6910) to work on /opt/airflow/dags/build_elt_with_dbt.py
[2026-09-26T01:21:02.108+0000] {processor.py:914} INFO - Processing file /opt/airflow/dags/build_elt_with_dbt.py for tasks to queue
[2026-09-26T01:21:02.110+0000] {logging_mixin.py:190} INFO - [2026-09-26T01:21:02.109+0000] {dagbag.py:587} INFO - Filling up the DagBag from /opt/airflow/dags/build_elt_with_dbt.py
[2026-09-26T01:21:02.124+0000] {logging_mixin.py:190} INFO - [2026-09-26T01:21:02.124+0000] {base.py:84} INFO - Retrieving connection 'snowflake_conn'
[2026-09-26T01:21:02.128+0000] {processor.py:925} INFO - DAG(s) 'dbt_weather_analytics' retrieved from /opt/airflow/dags/build_elt_with_dbt.py
[2026-09-26T01:21:02.133+0000] {logging_mixin.py:190} INFO - [2026-09-26T01:21:02.133+0000] {dag.py:3229} INFO - Sync 1 DAGs
[2026-09-26T01:21:02.139+0000] {logging_mixin.py:190} INFO - [2026-09-26T01:21:02.139+0000] {dag.py:4156} INFO - Setting next_dagrun for dbt_weather_analytics to None, run_after=None
[2026-09-26T01:21:02.145+0000] {processor.py:208} INFO - Processing /opt/airflow/dags/build_elt_with_dbt.py took 0.046 seconds
[2026-09-26T01:21:32.623+0000] {processor.py:186} INFO - Started process (PID=6926) to work on /opt/airflow/dags/build_elt_with_dbt.py
[2026-09-26T01:21:32.626+0000] {processor.py:914} INFO - Processing file /opt/airflow/dags/build_elt_with_dbt.py for tasks to queue
[2026-09-26T01:21:32.628+0000] {logging_mixin.py:190} INFO - [2026-09-26T01:21:32.627+0000] {dagbag.py:587} INFO - Filling up the DagBag from /opt/airflow/dags/build_elt_with_dbt.py
[2026-09-26T01:21:32.650+0000] {logging_mixin.py:190} INFO - [2026-09-26T01:21:32.649+0000] {base.py:84} INFO - Retrieving connection 'snowflake_conn'
[2026-09-26T01:21:32.656+0000] {processor.py:925} INFO - DAG(s) 'dbt_weather_analytics' retrieved from /opt/airflow/dags/build_elt_with_dbt.py
[2026-09-26T01:21:32.665+0000] {logging_mixin.py:190} INFO - [2026-09-26T01:21:32.665+0000] {dag.py:3229} INFO - Sync 1 DAGs
[2026-09-26T01:21:32.674+0000] {logging_mixin.py:190} INFO - [2026-09-26T01:21:32.674+0000] {dag.py:4156} INFO - Setting next_dagrun for dbt_weather_analytics to None, run_after=None
[2026-09-26T01:21:32.682+0000] {processor.py:208} INFO - Processing /opt/airflow/dags/build_elt_with_dbt.py took 0.069 seconds
[2026-09-26T01:22:03.124+0000] {processor.py:186} INFO - Started process (PID=6942) to work on /opt/airflow/dags/build_elt_with_dbt.py
[2026-09-26T01:22:03.125+0000] {processor.py:914} INFO - Processing file /opt/airflow/dags/build_elt_with_dbt.py for tasks to queue
[2026-09-26T01:22:03.127+0000] {logging_mixin.py:190} INFO - [2026-09-26T01:22:03.126+0000] {dagbag.py:587} INFO - Filling up the DagBag from /opt/airflow/dags/build_elt_with_dbt.py
[2026-09-26T01:22:03.144+0000] {logging_mixin.py:190} INFO - [2026-09-26T01:22:03.143+0000] {base.py:84} INFO - Retrieving connection 'snowflake_conn'
[2026-09-26T01:22:03.147+0000] {processor.py:925} INFO - DAG(s) 'dbt_weather_analytics' retrieved from /opt/airflow/dags/build_elt_with_dbt.py
[2026-09-26T01:22:03.153+0000] {logging_mixin.py:190} INFO - [2026-09-26T01:22:03.153+0000] {dag.py:3229} INFO - Sync 1 DAGs
[2026-09-26T01:22:03.160+0000] {logging_mixin.py:190} INFO - [2026-09-26T01:22:03.160+0000] {dag.py:4156} INFO - Setting next_dagrun for dbt_weather_analytics to None, run_after=None
[2026-09-26T01:22:03.166+0000] {processor.py:208} INFO - Processing /opt/airflow/dags/build_elt_with_dbt.py took 0.049 seconds
[2026-09-26T01:22:33.599+0000] {processor.py:186} INFO - Started process (PID=6958) to work on /opt/airflow/dags/build_elt_with_dbt.py
[2026-09-26T01:22:33.602+0000] {processor.py:914} INFO - Processing file /opt/airflow/dags/build_elt_with_dbt.py for tasks to queue
[2026-09-26T01:22:33.604+0000] {logging_mixin.py:190} INFO - [2026-09-26T01:22:33.603+0000] {dagbag.py:587} INFO - Filling up the DagBag from /opt/airflow/dags/build_elt_with_dbt.py
[2026-09-26T01:22:33.618+0000] {logging_mixin.py:190} INFO - [2026-09-26T01:22:33.618+0000] {base.py:84} INFO - Retrieving connection 'snowflake_conn'
[2026-09-26T01:22:33.622+0000] {processor.py:925} INFO - DAG(s) 'dbt_weather_analytics' retrieved from /opt/airflow/dags/build_elt_with_dbt.py
[2026-09-26T01:22:33.628+0000] {logging_mixin.py:190} INFO - [2026-09-26T01:22:33.627+0000] {dag.py:3229} INFO - Sync 1 DAGs
[2026-09-26T01:22:33.634+0000] {logging_mixin.py:190} INFO - [2026-09-26T01:22:33.634+0000] {dag.py:4156} INFO - Setting next_dagrun for dbt_weather_analytics to None, run_after=None
[2026-09-26T01:22:33.640+0000] {processor.py:208} INFO - Processing /opt/airflow/dags/build_elt_with_dbt.py took 0.047 seconds
[2026-09-26T01:23:04.094+0000] {processor.py:186} INFO - Started process (PID=6974) to work on /opt/airflow/dags/build_elt_with_dbt.py
[2026-09-26T01:23:04.095+0000] {processor.py:914} INFO - Processing file /opt/airflow/dags/build_elt_with_dbt.py for tasks to queue
[2026-09-26T01:23:04.097+0000] {logging_mixin.py:190} INFO - [2026-09-26T01:23:04.096+0000] {dagbag.py:587} INFO - Filling up the DagBag from /opt/airflow/dags/build_elt_with_dbt.py
[2026-09-26T01:23:04.115+0000] {logging_mixin.py:190} INFO - [2026-09-26T01:23:04.115+0000] {base.py:84} INFO - Retrieving connection 'snowflake_conn'
[2026-09-26T01:23:04.120+0000] {processor.py:925} INFO - DAG(s) 'dbt_weather_analytics' retrieved from /opt/airflow/dags/build_elt_with_dbt.py
[2026-09-26T01:23:04.128+0000] {logging_mixin.py:190} INFO - [2026-09-26T01:23:04.128+0000] {dag.py:3229} INFO - Sync 1 DAGs
[2026-09-26T01:23:04.137+0000] {logging_mixin.py:190} INFO - [2026-09-26T01:23:04.137+0000] {dag.py:4156} INFO - Setting next_dagrun for dbt_weather_analytics to None, run_after=None
[2026-09-26T01:23:04.144+0000] {processor.py:208} INFO - Processing /opt/airflow/dags/build_elt_with_dbt.py took 0.058 seconds
[2026-09-26T01:23:34.673+0000] {processor.py:186} INFO - Started process (PID=6991) to work on /opt/airflow/dags/build_elt_with_dbt.py
[2026-09-26T01:23:34.679+0000] {processor.py:914} INFO - Processing file /opt/airflow/dags/build_elt_with_dbt.py for tasks to queue
[2026-09-26T01:23:34.681+0000] {logging_mixin.py:190} INFO - [2026-09-26T01:23:34.680+0000] {dagbag.py:587} INFO - Filling up the DagBag from /opt/airflow/dags/build_elt_with_dbt.py
[2026-09-26T01:23:34.708+0000] {logging_mixin.py:190} INFO - [2026-09-26T01:23:34.708+0000] {base.py:84} INFO - Retrieving connection 'snowflake_conn'
[2026-09-26T01:23:34.719+0000] {processor.py:925} INFO - DAG(s) 'dbt_weather_analytics' retrieved from /opt/airflow/dags/build_elt_with_dbt.py
[2026-09-26T01:23:34.733+0000] {logging_mixin.py:190} INFO - [2026-09-26T01:23:34.733+0000] {dag.py:3229} INFO - Sync 1 DAGs
[2026-09-26T01:23:34.745+0000] {logging_mixin.py:190} INFO - [2026-09-26T01:23:34.745+0000] {dag.py:4156} INFO - Setting next_dagrun for dbt_weather_analytics to None, run_after=None
[2026-09-26T01:23:34.760+0000] {processor.py:208} INFO - Processing /opt/airflow/dags/build_elt_with_dbt.py took 0.094 seconds
[2026-09-26T01:24:05.026+0000] {processor.py:186} INFO - Started process (PID=7007) to work on /opt/airflow/dags/build_elt_with_dbt.py
[2026-09-26T01:24:05.029+0000] {processor.py:914} INFO - Processing file /opt/airflow/dags/build_elt_with_dbt.py for tasks to queue
[2026-09-26T01:24:05.033+0000] {logging_mixin.py:190} INFO - [2026-09-26T01:24:05.031+0000] {dagbag.py:587} INFO - Filling up the DagBag from /opt/airflow/dags/build_elt_with_dbt.py
[2026-09-26T01:24:05.079+0000] {logging_mixin.py:190} INFO - [2026-09-26T01:24:05.078+0000] {base.py:84} INFO - Retrieving connection 'snowflake_conn'
[2026-09-26T01:24:05.101+0000] {processor.py:925} INFO - DAG(s) 'dbt_weather_analytics' retrieved from /opt/airflow/dags/build_elt_with_dbt.py
[2026-09-26T01:24:05.127+0000] {logging_mixin.py:190} INFO - [2026-09-26T01:24:05.127+0000] {dag.py:3229} INFO - Sync 1 DAGs
[2026-09-26T01:24:05.145+0000] {logging_mixin.py:190} INFO - [2026-09-26T01:24:05.145+0000] {dag.py:4156} INFO - Setting next_dagrun for dbt_weather_analytics to None, run_after=None
[2026-09-26T01:24:05.160+0000] {processor.py:208} INFO - Processing /opt/airflow/dags/build_elt_with_dbt.py took 0.145 seconds
[2026-09-26T01:24:35.456+0000] {processor.py:186} INFO - Started process (PID=7023) to work on /opt/airflow/dags/build_elt_with_dbt.py
[2026-09-26T01:24:35.458+0000] {processor.py:914} INFO - Processing file /opt/airflow/dags/build_elt_with_dbt.py for tasks to queue
[2026-09-26T01:24:35.460+0000] {logging_mixin.py:190} INFO - [2026-09-26T01:24:35.459+0000] {dagbag.py:587} INFO - Filling up the DagBag from /opt/airflow/dags/build_elt_with_dbt.py
[2026-09-26T01:24:35.484+0000] {logging_mixin.py:190} INFO - [2026-09-26T01:24:35.483+0000] {base.py:84} INFO - Retrieving connection 'snowflake_conn'
[2026-09-26T01:24:35.492+0000] {processor.py:925} INFO - DAG(s) 'dbt_weather_analytics' retrieved from /opt/airflow/dags/build_elt_with_dbt.py
[2026-09-26T01:24:35.503+0000] {logging_mixin.py:190} INFO - [2026-09-26T01:24:35.503+0000] {dag.py:3229} INFO - Sync 1 DAGs
[2026-09-26T01:24:35.515+0000] {logging_mixin.py:190} INFO - [2026-09-26T01:24:35.515+0000] {dag.py:4156} INFO - Setting next_dagrun for dbt_weather_analytics to None, run_after=None
[2026-09-26T01:24:35.526+0000] {processor.py:208} INFO - Processing /opt/airflow/dags/build_elt_with_dbt.py took 0.082 seconds
[2026-09-26T01:25:05.919+0000] {processor.py:186} INFO - Started process (PID=7039) to work on /opt/airflow/dags/build_elt_with_dbt.py
[2026-09-26T01:25:05.923+0000] {processor.py:914} INFO - Processing file /opt/airflow/dags/build_elt_with_dbt.py for tasks to queue
[2026-09-26T01:25:05.926+0000] {logging_mixin.py:190} INFO - [2026-09-26T01:25:05.924+0000] {dagbag.py:587} INFO - Filling up the DagBag from /opt/airflow/dags/build_elt_with_dbt.py
[2026-09-26T01:25:05.949+0000] {logging_mixin.py:190} INFO - [2026-09-26T01:25:05.948+0000] {base.py:84} INFO - Retrieving connection 'snowflake_conn'
[2026-09-26T01:25:05.959+0000] {processor.py:925} INFO - DAG(s) 'dbt_weather_analytics' retrieved from /opt/airflow/dags/build_elt_with_dbt.py
[2026-09-26T01:25:05.970+0000] {logging_mixin.py:190} INFO - [2026-09-26T01:25:05.970+0000] {dag.py:3229} INFO - Sync 1 DAGs
[2026-09-26T01:25:05.979+0000] {logging_mixin.py:190} INFO - [2026-09-26T01:25:05.979+0000] {dag.py:4156} INFO - Setting next_dagrun for dbt_weather_analytics to None, run_after=None
[2026-09-26T01:25:05.993+0000] {processor.py:208} INFO - Processing /opt/airflow/dags/build_elt_with_dbt.py took 0.083 seconds
[2026-09-26T01:25:36.428+0000] {processor.py:186} INFO - Started process (PID=7055) to work on /opt/airflow/dags/build_elt_with_dbt.py
[2026-09-26T01:25:36.430+0000] {processor.py:914} INFO - Processing file /opt/airflow/dags/build_elt_with_dbt.py for tasks to queue
[2026-09-26T01:25:36.433+0000] {logging_mixin.py:190} INFO - [2026-09-26T01:25:36.431+0000] {dagbag.py:587} INFO - Filling up the DagBag from /opt/airflow/dags/build_elt_with_dbt.py
[2026-09-26T01:25:36.467+0000] {logging_mixin.py:190} INFO - [2026-09-26T01:25:36.467+0000] {base.py:84} INFO - Retrieving connection 'snowflake_conn'
[2026-09-26T01:25:36.478+0000] {processor.py:925} INFO - DAG(s) 'dbt_weather_analytics' retrieved from /opt/airflow/dags/build_elt_with_dbt.py
[2026-09-26T01:25:36.488+0000] {logging_mixin.py:190} INFO - [2026-09-26T01:25:36.488+0000] {dag.py:3229} INFO - Sync 1 DAGs
[2026-09-26T01:25:36.499+0000] {logging_mixin.py:190} INFO - [2026-09-26T01:25:36.499+0000] {dag.py:4156} INFO - Setting next_dagrun for dbt_weather_analytics to None, run_after=None
[2026-09-26T01:25:36.514+0000] {processor.py:208} INFO - Processing /opt/airflow/dags/build_elt_with_dbt.py took 0.099 seconds
[2026-09-26T01:26:06.980+0000] {processor.py:186} INFO - Started process (PID=7071) to work on /opt/airflow/dags/build_elt_with_dbt.py
[2026-09-26T01:26:06.984+0000] {processor.py:914} INFO - Processing file /opt/airflow/dags/build_elt_with_dbt.py for tasks to queue
[2026-09-26T01:26:06.986+0000] {logging_mixin.py:190} INFO - [2026-09-26T01:26:06.985+0000] {dagbag.py:587} INFO - Filling up the DagBag from /opt/airflow/dags/build_elt_with_dbt.py
[2026-09-26T01:26:07.026+0000] {logging_mixin.py:190} INFO - [2026-09-26T01:26:07.026+0000] {base.py:84} INFO - Retrieving connection 'snowflake_conn'
[2026-09-26T01:26:07.034+0000] {processor.py:925} INFO - DAG(s) 'dbt_weather_analytics' retrieved from /opt/airflow/dags/build_elt_with_dbt.py
[2026-09-26T01:26:07.043+0000] {logging_mixin.py:190} INFO - [2026-09-26T01:26:07.043+0000] {dag.py:3229} INFO - Sync 1 DAGs
[2026-09-26T01:26:07.056+0000] {logging_mixin.py:190} INFO - [2026-09-26T01:26:07.056+0000] {dag.py:4156} INFO - Setting next_dagrun for dbt_weather_analytics to None, run_after=None
[2026-09-26T01:26:07.065+0000] {processor.py:208} INFO - Processing /opt/airflow/dags/build_elt_with_dbt.py took 0.105 seconds
[2026-09-26T01:27:12.087+0000] {processor.py:186} INFO - Started process (PID=7084) to work on /opt/airflow/dags/build_elt_with_dbt.py
[2026-09-26T01:27:12.089+0000] {processor.py:914} INFO - Processing file /opt/airflow/dags/build_elt_with_dbt.py for tasks to queue
[2026-09-26T01:27:12.090+0000] {logging_mixin.py:190} INFO - [2026-09-26T01:27:12.089+0000] {dagbag.py:587} INFO - Filling up the DagBag from /opt/airflow/dags/build_elt_with_dbt.py
[2026-09-26T01:27:12.128+0000] {logging_mixin.py:190} INFO - [2026-09-26T01:27:12.128+0000] {base.py:84} INFO - Retrieving connection 'snowflake_conn'
[2026-09-26T01:27:12.138+0000] {processor.py:925} INFO - DAG(s) 'dbt_weather_analytics' retrieved from /opt/airflow/dags/build_elt_with_dbt.py
[2026-09-26T01:27:12.152+0000] {logging_mixin.py:190} INFO - [2026-09-26T01:27:12.152+0000] {dag.py:3229} INFO - Sync 1 DAGs
[2026-09-26T01:27:12.240+0000] {logging_mixin.py:190} INFO - [2026-09-26T01:27:12.240+0000] {dag.py:4156} INFO - Setting next_dagrun for dbt_weather_analytics to None, run_after=None
[2026-09-26T01:27:12.301+0000] {processor.py:208} INFO - Processing /opt/airflow/dags/build_elt_with_dbt.py took 0.222 seconds
[2026-09-26T01:27:42.742+0000] {processor.py:186} INFO - Started process (PID=7100) to work on /opt/airflow/dags/build_elt_with_dbt.py
[2026-09-26T01:27:42.745+0000] {processor.py:914} INFO - Processing file /opt/airflow/dags/build_elt_with_dbt.py for tasks to queue
[2026-09-26T01:27:42.749+0000] {logging_mixin.py:190} INFO - [2026-09-26T01:27:42.749+0000] {dagbag.py:587} INFO - Filling up the DagBag from /opt/airflow/dags/build_elt_with_dbt.py
[2026-09-26T01:27:42.838+0000] {logging_mixin.py:190} INFO - [2026-09-26T01:27:42.838+0000] {base.py:84} INFO - Retrieving connection 'snowflake_conn'
[2026-09-26T01:27:42.857+0000] {processor.py:925} INFO - DAG(s) 'dbt_weather_analytics' retrieved from /opt/airflow/dags/build_elt_with_dbt.py
[2026-09-26T01:27:42.879+0000] {logging_mixin.py:190} INFO - [2026-09-26T01:27:42.878+0000] {dag.py:3229} INFO - Sync 1 DAGs
[2026-09-26T01:27:42.924+0000] {logging_mixin.py:190} INFO - [2026-09-26T01:27:42.924+0000] {dag.py:4156} INFO - Setting next_dagrun for dbt_weather_analytics to None, run_after=None
[2026-09-26T01:27:42.966+0000] {processor.py:208} INFO - Processing /opt/airflow/dags/build_elt_with_dbt.py took 0.244 seconds
[2026-09-26T01:28:13.415+0000] {processor.py:186} INFO - Started process (PID=7116) to work on /opt/airflow/dags/build_elt_with_dbt.py
[2026-09-26T01:28:13.418+0000] {processor.py:914} INFO - Processing file /opt/airflow/dags/build_elt_with_dbt.py for tasks to queue
[2026-09-26T01:28:13.419+0000] {logging_mixin.py:190} INFO - [2026-09-26T01:28:13.419+0000] {dagbag.py:587} INFO - Filling up the DagBag from /opt/airflow/dags/build_elt_with_dbt.py
[2026-09-26T01:28:13.449+0000] {logging_mixin.py:190} INFO - [2026-09-26T01:28:13.449+0000] {base.py:84} INFO - Retrieving connection 'snowflake_conn'
[2026-09-26T01:28:13.455+0000] {processor.py:925} INFO - DAG(s) 'dbt_weather_analytics' retrieved from /opt/airflow/dags/build_elt_with_dbt.py
[2026-09-26T01:28:13.467+0000] {logging_mixin.py:190} INFO - [2026-09-26T01:28:13.467+0000] {dag.py:3229} INFO - Sync 1 DAGs
[2026-09-26T01:28:13.480+0000] {logging_mixin.py:190} INFO - [2026-09-26T01:28:13.480+0000] {dag.py:4156} INFO - Setting next_dagrun for dbt_weather_analytics to None, run_after=None
[2026-09-26T01:28:13.489+0000] {processor.py:208} INFO - Processing /opt/airflow/dags/build_elt_with_dbt.py took 0.080 seconds
[2026-09-26T01:28:43.926+0000] {processor.py:186} INFO - Started process (PID=7132) to work on /opt/airflow/dags/build_elt_with_dbt.py
[2026-09-26T01:28:43.929+0000] {processor.py:914} INFO - Processing file /opt/airflow/dags/build_elt_with_dbt.py for tasks to queue
[2026-09-26T01:28:43.931+0000] {logging_mixin.py:190} INFO - [2026-09-26T01:28:43.930+0000] {dagbag.py:587} INFO - Filling up the DagBag from /opt/airflow/dags/build_elt_with_dbt.py
[2026-09-26T01:28:43.977+0000] {logging_mixin.py:190} INFO - [2026-09-26T01:28:43.977+0000] {base.py:84} INFO - Retrieving connection 'snowflake_conn'
[2026-09-26T01:28:43.990+0000] {processor.py:925} INFO - DAG(s) 'dbt_weather_analytics' retrieved from /opt/airflow/dags/build_elt_with_dbt.py
[2026-09-26T01:28:44.009+0000] {logging_mixin.py:190} INFO - [2026-09-26T01:28:44.009+0000] {dag.py:3229} INFO - Sync 1 DAGs
[2026-09-26T01:28:44.030+0000] {logging_mixin.py:190} INFO - [2026-09-26T01:28:44.029+0000] {dag.py:4156} INFO - Setting next_dagrun for dbt_weather_analytics to None, run_after=None
[2026-09-26T01:28:44.050+0000] {processor.py:208} INFO - Processing /opt/airflow/dags/build_elt_with_dbt.py took 0.134 seconds
[2026-09-26T01:29:14.450+0000] {processor.py:186} INFO - Started process (PID=7148) to work on /opt/airflow/dags/build_elt_with_dbt.py
[2026-09-26T01:29:14.452+0000] {processor.py:914} INFO - Processing file /opt/airflow/dags/build_elt_with_dbt.py for tasks to queue
[2026-09-26T01:29:14.455+0000] {logging_mixin.py:190} INFO - [2026-09-26T01:29:14.455+0000] {dagbag.py:587} INFO - Filling up the DagBag from /opt/airflow/dags/build_elt_with_dbt.py
[2026-09-26T01:29:14.487+0000] {logging_mixin.py:190} INFO - [2026-09-26T01:29:14.487+0000] {base.py:84} INFO - Retrieving connection 'snowflake_conn'
[2026-09-26T01:29:14.493+0000] {processor.py:925} INFO - DAG(s) 'dbt_weather_analytics' retrieved from /opt/airflow/dags/build_elt_with_dbt.py
[2026-09-26T01:29:14.507+0000] {logging_mixin.py:190} INFO - [2026-09-26T01:29:14.507+0000] {dag.py:3229} INFO - Sync 1 DAGs
[2026-09-26T01:29:14.518+0000] {logging_mixin.py:190} INFO - [2026-09-26T01:29:14.518+0000] {dag.py:4156} INFO - Setting next_dagrun for dbt_weather_analytics to None, run_after=None
[2026-09-26T01:29:14.532+0000] {processor.py:208} INFO - Processing /opt/airflow/dags/build_elt_with_dbt.py took 0.089 seconds
[2026-09-26T01:29:44.914+0000] {processor.py:186} INFO - Started process (PID=7164) to work on /opt/airflow/dags/build_elt_with_dbt.py
[2026-09-26T01:29:44.916+0000] {processor.py:914} INFO - Processing file /opt/airflow/dags/build_elt_with_dbt.py for tasks to queue
[2026-09-26T01:29:44.918+0000] {logging_mixin.py:190} INFO - [2026-09-26T01:29:44.917+0000] {dagbag.py:587} INFO - Filling up the DagBag from /opt/airflow/dags/build_elt_with_dbt.py
[2026-09-26T01:29:44.949+0000] {logging_mixin.py:190} INFO - [2026-09-26T01:29:44.949+0000] {base.py:84} INFO - Retrieving connection 'snowflake_conn'
[2026-09-26T01:29:44.955+0000] {processor.py:925} INFO - DAG(s) 'dbt_weather_analytics' retrieved from /opt/airflow/dags/build_elt_with_dbt.py
[2026-09-26T01:29:44.969+0000] {logging_mixin.py:190} INFO - [2026-09-26T01:29:44.969+0000] {dag.py:3229} INFO - Sync 1 DAGs
[2026-09-26T01:29:44.979+0000] {logging_mixin.py:190} INFO - [2026-09-26T01:29:44.979+0000] {dag.py:4156} INFO - Setting next_dagrun for dbt_weather_analytics to None, run_after=None
[2026-09-26T01:29:44.994+0000] {processor.py:208} INFO - Processing /opt/airflow/dags/build_elt_with_dbt.py took 0.088 seconds
[2026-09-26T01:30:15.421+0000] {processor.py:186} INFO - Started process (PID=7180) to work on /opt/airflow/dags/build_elt_with_dbt.py
[2026-09-26T01:30:15.425+0000] {processor.py:914} INFO - Processing file /opt/airflow/dags/build_elt_with_dbt.py for tasks to queue
[2026-09-26T01:30:15.428+0000] {logging_mixin.py:190} INFO - [2026-09-26T01:30:15.428+0000] {dagbag.py:587} INFO - Filling up the DagBag from /opt/airflow/dags/build_elt_with_dbt.py
[2026-09-26T01:30:15.468+0000] {logging_mixin.py:190} INFO - [2026-09-26T01:30:15.467+0000] {base.py:84} INFO - Retrieving connection 'snowflake_conn'
[2026-09-26T01:30:15.475+0000] {processor.py:925} INFO - DAG(s) 'dbt_weather_analytics' retrieved from /opt/airflow/dags/build_elt_with_dbt.py
[2026-09-26T01:30:15.489+0000] {logging_mixin.py:190} INFO - [2026-09-26T01:30:15.488+0000] {dag.py:3229} INFO - Sync 1 DAGs
[2026-09-26T01:30:15.503+0000] {logging_mixin.py:190} INFO - [2026-09-26T01:30:15.503+0000] {dag.py:4156} INFO - Setting next_dagrun for dbt_weather_analytics to None, run_after=None
[2026-09-26T01:30:15.523+0000] {processor.py:208} INFO - Processing /opt/airflow/dags/build_elt_with_dbt.py took 0.109 seconds
[2026-09-26T01:30:45.909+0000] {processor.py:186} INFO - Started process (PID=7196) to work on /opt/airflow/dags/build_elt_with_dbt.py
[2026-09-26T01:30:45.915+0000] {processor.py:914} INFO - Processing file /opt/airflow/dags/build_elt_with_dbt.py for tasks to queue
[2026-09-26T01:30:45.918+0000] {logging_mixin.py:190} INFO - [2026-09-26T01:30:45.918+0000] {dagbag.py:587} INFO - Filling up the DagBag from /opt/airflow/dags/build_elt_with_dbt.py
[2026-09-26T01:30:45.959+0000] {logging_mixin.py:190} INFO - [2026-09-26T01:30:45.958+0000] {base.py:84} INFO - Retrieving connection 'snowflake_conn'
[2026-09-26T01:30:45.965+0000] {processor.py:925} INFO - DAG(s) 'dbt_weather_analytics' retrieved from /opt/airflow/dags/build_elt_with_dbt.py
[2026-09-26T01:30:45.977+0000] {logging_mixin.py:190} INFO - [2026-09-26T01:30:45.977+0000] {dag.py:3229} INFO - Sync 1 DAGs
[2026-09-26T01:30:45.988+0000] {logging_mixin.py:190} INFO - [2026-09-26T01:30:45.988+0000] {dag.py:4156} INFO - Setting next_dagrun for dbt_weather_analytics to None, run_after=None
[2026-09-26T01:30:46.009+0000] {processor.py:208} INFO - Processing /opt/airflow/dags/build_elt_with_dbt.py took 0.113 seconds
[2026-09-26T01:31:16.453+0000] {processor.py:186} INFO - Started process (PID=7212) to work on /opt/airflow/dags/build_elt_with_dbt.py
[2026-09-26T01:31:16.455+0000] {processor.py:914} INFO - Processing file /opt/airflow/dags/build_elt_with_dbt.py for tasks to queue
[2026-09-26T01:31:16.456+0000] {logging_mixin.py:190} INFO - [2026-09-26T01:31:16.455+0000] {dagbag.py:587} INFO - Filling up the DagBag from /opt/airflow/dags/build_elt_with_dbt.py
[2026-09-26T01:31:16.488+0000] {logging_mixin.py:190} INFO - [2026-09-26T01:31:16.487+0000] {base.py:84} INFO - Retrieving connection 'snowflake_conn'
[2026-09-26T01:31:16.493+0000] {processor.py:925} INFO - DAG(s) 'dbt_weather_analytics' retrieved from /opt/airflow/dags/build_elt_with_dbt.py
[2026-09-26T01:31:16.506+0000] {logging_mixin.py:190} INFO - [2026-09-26T01:31:16.506+0000] {dag.py:3229} INFO - Sync 1 DAGs
[2026-09-26T01:31:16.516+0000] {logging_mixin.py:190} INFO - [2026-09-26T01:31:16.516+0000] {dag.py:4156} INFO - Setting next_dagrun for dbt_weather_analytics to None, run_after=None
[2026-09-26T01:31:16.530+0000] {processor.py:208} INFO - Processing /opt/airflow/dags/build_elt_with_dbt.py took 0.084 seconds
[2026-09-26T01:31:46.950+0000] {processor.py:186} INFO - Started process (PID=7228) to work on /opt/airflow/dags/build_elt_with_dbt.py
[2026-09-26T01:31:46.959+0000] {processor.py:914} INFO - Processing file /opt/airflow/dags/build_elt_with_dbt.py for tasks to queue
[2026-09-26T01:31:46.962+0000] {logging_mixin.py:190} INFO - [2026-09-26T01:31:46.962+0000] {dagbag.py:587} INFO - Filling up the DagBag from /opt/airflow/dags/build_elt_with_dbt.py
[2026-09-26T01:31:47.016+0000] {logging_mixin.py:190} INFO - [2026-09-26T01:31:47.016+0000] {base.py:84} INFO - Retrieving connection 'snowflake_conn'
[2026-09-26T01:31:47.041+0000] {processor.py:925} INFO - DAG(s) 'dbt_weather_analytics' retrieved from /opt/airflow/dags/build_elt_with_dbt.py
[2026-09-26T01:31:47.058+0000] {logging_mixin.py:190} INFO - [2026-09-26T01:31:47.057+0000] {dag.py:3229} INFO - Sync 1 DAGs
[2026-09-26T01:31:47.073+0000] {logging_mixin.py:190} INFO - [2026-09-26T01:31:47.073+0000] {dag.py:4156} INFO - Setting next_dagrun for dbt_weather_analytics to None, run_after=None
[2026-09-26T01:31:47.091+0000] {processor.py:208} INFO - Processing /opt/airflow/dags/build_elt_with_dbt.py took 0.156 seconds
[2026-09-26T01:32:17.545+0000] {processor.py:186} INFO - Started process (PID=7243) to work on /opt/airflow/dags/build_elt_with_dbt.py
[2026-09-26T01:32:17.551+0000] {processor.py:914} INFO - Processing file /opt/airflow/dags/build_elt_with_dbt.py for tasks to queue
[2026-09-26T01:32:17.557+0000] {logging_mixin.py:190} INFO - [2026-09-26T01:32:17.556+0000] {dagbag.py:587} INFO - Filling up the DagBag from /opt/airflow/dags/build_elt_with_dbt.py
[2026-09-26T01:32:17.612+0000] {logging_mixin.py:190} INFO - [2026-09-26T01:32:17.612+0000] {base.py:84} INFO - Retrieving connection 'snowflake_conn'
[2026-09-26T01:32:17.620+0000] {processor.py:925} INFO - DAG(s) 'dbt_weather_analytics' retrieved from /opt/airflow/dags/build_elt_with_dbt.py
[2026-09-26T01:32:17.634+0000] {logging_mixin.py:190} INFO - [2026-09-26T01:32:17.634+0000] {dag.py:3229} INFO - Sync 1 DAGs
[2026-09-26T01:32:17.652+0000] {logging_mixin.py:190} INFO - [2026-09-26T01:32:17.652+0000] {dag.py:4156} INFO - Setting next_dagrun for dbt_weather_analytics to None, run_after=None
[2026-09-26T01:32:17.672+0000] {processor.py:208} INFO - Processing /opt/airflow/dags/build_elt_with_dbt.py took 0.147 seconds
[2026-09-26T01:32:48.061+0000] {processor.py:186} INFO - Started process (PID=7260) to work on /opt/airflow/dags/build_elt_with_dbt.py
[2026-09-26T01:32:48.064+0000] {processor.py:914} INFO - Processing file /opt/airflow/dags/build_elt_with_dbt.py for tasks to queue
[2026-09-26T01:32:48.069+0000] {logging_mixin.py:190} INFO - [2026-09-26T01:32:48.068+0000] {dagbag.py:587} INFO - Filling up the DagBag from /opt/airflow/dags/build_elt_with_dbt.py
[2026-09-26T01:32:48.123+0000] {logging_mixin.py:190} INFO - [2026-09-26T01:32:48.122+0000] {base.py:84} INFO - Retrieving connection 'snowflake_conn'
[2026-09-26T01:32:48.131+0000] {processor.py:925} INFO - DAG(s) 'dbt_weather_analytics' retrieved from /opt/airflow/dags/build_elt_with_dbt.py
[2026-09-26T01:32:48.144+0000] {logging_mixin.py:190} INFO - [2026-09-26T01:32:48.144+0000] {dag.py:3229} INFO - Sync 1 DAGs
[2026-09-26T01:32:48.160+0000] {logging_mixin.py:190} INFO - [2026-09-26T01:32:48.160+0000] {dag.py:4156} INFO - Setting next_dagrun for dbt_weather_analytics to None, run_after=None
[2026-09-26T01:32:48.183+0000] {processor.py:208} INFO - Processing /opt/airflow/dags/build_elt_with_dbt.py took 0.134 seconds
[2026-09-26T01:33:18.611+0000] {processor.py:186} INFO - Started process (PID=7276) to work on /opt/airflow/dags/build_elt_with_dbt.py
[2026-09-26T01:33:18.613+0000] {processor.py:914} INFO - Processing file /opt/airflow/dags/build_elt_with_dbt.py for tasks to queue
[2026-09-26T01:33:18.615+0000] {logging_mixin.py:190} INFO - [2026-09-26T01:33:18.614+0000] {dagbag.py:587} INFO - Filling up the DagBag from /opt/airflow/dags/build_elt_with_dbt.py
[2026-09-26T01:33:18.644+0000] {logging_mixin.py:190} INFO - [2026-09-26T01:33:18.643+0000] {base.py:84} INFO - Retrieving connection 'snowflake_conn'
[2026-09-26T01:33:18.651+0000] {processor.py:925} INFO - DAG(s) 'dbt_weather_analytics' retrieved from /opt/airflow/dags/build_elt_with_dbt.py
[2026-09-26T01:33:18.662+0000] {logging_mixin.py:190} INFO - [2026-09-26T01:33:18.662+0000] {dag.py:3229} INFO - Sync 1 DAGs
[2026-09-26T01:33:18.673+0000] {logging_mixin.py:190} INFO - [2026-09-26T01:33:18.673+0000] {dag.py:4156} INFO - Setting next_dagrun for dbt_weather_analytics to None, run_after=None
[2026-09-26T01:33:18.686+0000] {processor.py:208} INFO - Processing /opt/airflow/dags/build_elt_with_dbt.py took 0.082 seconds
[2026-09-26T01:33:49.100+0000] {processor.py:186} INFO - Started process (PID=7292) to work on /opt/airflow/dags/build_elt_with_dbt.py
[2026-09-26T01:33:49.102+0000] {processor.py:914} INFO - Processing file /opt/airflow/dags/build_elt_with_dbt.py for tasks to queue
[2026-09-26T01:33:49.103+0000] {logging_mixin.py:190} INFO - [2026-09-26T01:33:49.103+0000] {dagbag.py:587} INFO - Filling up the DagBag from /opt/airflow/dags/build_elt_with_dbt.py
[2026-09-26T01:33:49.134+0000] {logging_mixin.py:190} INFO - [2026-09-26T01:33:49.134+0000] {base.py:84} INFO - Retrieving connection 'snowflake_conn'
[2026-09-26T01:33:49.140+0000] {processor.py:925} INFO - DAG(s) 'dbt_weather_analytics' retrieved from /opt/airflow/dags/build_elt_with_dbt.py
[2026-09-26T01:33:49.154+0000] {logging_mixin.py:190} INFO - [2026-09-26T01:33:49.153+0000] {dag.py:3229} INFO - Sync 1 DAGs
[2026-09-26T01:33:49.171+0000] {logging_mixin.py:190} INFO - [2026-09-26T01:33:49.170+0000] {dag.py:4156} INFO - Setting next_dagrun for dbt_weather_analytics to None, run_after=None
[2026-09-26T01:33:49.194+0000] {processor.py:208} INFO - Processing /opt/airflow/dags/build_elt_with_dbt.py took 0.103 seconds
[2026-09-26T01:34:19.580+0000] {processor.py:186} INFO - Started process (PID=7308) to work on /opt/airflow/dags/build_elt_with_dbt.py
[2026-09-26T01:34:19.596+0000] {processor.py:914} INFO - Processing file /opt/airflow/dags/build_elt_with_dbt.py for tasks to queue
[2026-09-26T01:34:19.599+0000] {logging_mixin.py:190} INFO - [2026-09-26T01:34:19.598+0000] {dagbag.py:587} INFO - Filling up the DagBag from /opt/airflow/dags/build_elt_with_dbt.py
[2026-09-26T01:34:19.659+0000] {logging_mixin.py:190} INFO - [2026-09-26T01:34:19.658+0000] {base.py:84} INFO - Retrieving connection 'snowflake_conn'
[2026-09-26T01:34:19.666+0000] {processor.py:925} INFO - DAG(s) 'dbt_weather_analytics' retrieved from /opt/airflow/dags/build_elt_with_dbt.py
[2026-09-26T01:34:19.682+0000] {logging_mixin.py:190} INFO - [2026-09-26T01:34:19.682+0000] {dag.py:3229} INFO - Sync 1 DAGs
[2026-09-26T01:34:19.699+0000] {logging_mixin.py:190} INFO - [2026-09-26T01:34:19.698+0000] {dag.py:4156} INFO - Setting next_dagrun for dbt_weather_analytics to None, run_after=None
[2026-09-26T01:34:19.720+0000] {processor.py:208} INFO - Processing /opt/airflow/dags/build_elt_with_dbt.py took 0.150 seconds
[2026-09-26T01:34:50.152+0000] {processor.py:186} INFO - Started process (PID=7324) to work on /opt/airflow/dags/build_elt_with_dbt.py
[2026-09-26T01:34:50.155+0000] {processor.py:914} INFO - Processing file /opt/airflow/dags/build_elt_with_dbt.py for tasks to queue
[2026-09-26T01:34:50.157+0000] {logging_mixin.py:190} INFO - [2026-09-26T01:34:50.157+0000] {dagbag.py:587} INFO - Filling up the DagBag from /opt/airflow/dags/build_elt_with_dbt.py
[2026-09-26T01:34:50.189+0000] {logging_mixin.py:190} INFO - [2026-09-26T01:34:50.189+0000] {base.py:84} INFO - Retrieving connection 'snowflake_conn'
[2026-09-26T01:34:50.196+0000] {processor.py:925} INFO - DAG(s) 'dbt_weather_analytics' retrieved from /opt/airflow/dags/build_elt_with_dbt.py
[2026-09-26T01:34:50.209+0000] {logging_mixin.py:190} INFO - [2026-09-26T01:34:50.209+0000] {dag.py:3229} INFO - Sync 1 DAGs
[2026-09-26T01:34:50.239+0000] {logging_mixin.py:190} INFO - [2026-09-26T01:34:50.239+0000] {dag.py:4156} INFO - Setting next_dagrun for dbt_weather_analytics to None, run_after=None
[2026-09-26T01:34:50.244+0000] {processor.py:208} INFO - Processing /opt/airflow/dags/build_elt_with_dbt.py took 0.100 seconds
[2026-09-26T01:35:20.656+0000] {processor.py:186} INFO - Started process (PID=7340) to work on /opt/airflow/dags/build_elt_with_dbt.py
[2026-09-26T01:35:20.659+0000] {processor.py:914} INFO - Processing file /opt/airflow/dags/build_elt_with_dbt.py for tasks to queue
[2026-09-26T01:35:20.661+0000] {logging_mixin.py:190} INFO - [2026-09-26T01:35:20.660+0000] {dagbag.py:587} INFO - Filling up the DagBag from /opt/airflow/dags/build_elt_with_dbt.py
[2026-09-26T01:35:20.700+0000] {logging_mixin.py:190} INFO - [2026-09-26T01:35:20.700+0000] {base.py:84} INFO - Retrieving connection 'snowflake_conn'
[2026-09-26T01:35:20.710+0000] {processor.py:925} INFO - DAG(s) 'dbt_weather_analytics' retrieved from /opt/airflow/dags/build_elt_with_dbt.py
[2026-09-26T01:35:20.727+0000] {logging_mixin.py:190} INFO - [2026-09-26T01:35:20.727+0000] {dag.py:3229} INFO - Sync 1 DAGs
[2026-09-26T01:35:20.747+0000] {logging_mixin.py:190} INFO - [2026-09-26T01:35:20.747+0000] {dag.py:4156} INFO - Setting next_dagrun for dbt_weather_analytics to None, run_after=None
[2026-09-26T01:35:20.765+0000] {processor.py:208} INFO - Processing /opt/airflow/dags/build_elt_with_dbt.py took 0.117 seconds
[2026-09-26T01:35:51.143+0000] {processor.py:186} INFO - Started process (PID=7355) to work on /opt/airflow/dags/build_elt_with_dbt.py
[2026-09-26T01:35:51.147+0000] {processor.py:914} INFO - Processing file /opt/airflow/dags/build_elt_with_dbt.py for tasks to queue
[2026-09-26T01:35:51.149+0000] {logging_mixin.py:190} INFO - [2026-09-26T01:35:51.149+0000] {dagbag.py:587} INFO - Filling up the DagBag from /opt/airflow/dags/build_elt_with_dbt.py
[2026-09-26T01:35:51.186+0000] {logging_mixin.py:190} INFO - [2026-09-26T01:35:51.186+0000] {base.py:84} INFO - Retrieving connection 'snowflake_conn'
[2026-09-26T01:35:51.195+0000] {processor.py:925} INFO - DAG(s) 'dbt_weather_analytics' retrieved from /opt/airflow/dags/build_elt_with_dbt.py
[2026-09-26T01:35:51.210+0000] {logging_mixin.py:190} INFO - [2026-09-26T01:35:51.210+0000] {dag.py:3229} INFO - Sync 1 DAGs
[2026-09-26T01:35:51.225+0000] {logging_mixin.py:190} INFO - [2026-09-26T01:35:51.225+0000] {dag.py:4156} INFO - Setting next_dagrun for dbt_weather_analytics to None, run_after=None
[2026-09-26T01:35:52.681+0000] {processor.py:208} INFO - Processing /opt/airflow/dags/build_elt_with_dbt.py took 1.546 seconds
[2026-09-26T01:36:23.121+0000] {processor.py:186} INFO - Started process (PID=7372) to work on /opt/airflow/dags/build_elt_with_dbt.py
[2026-09-26T01:36:23.124+0000] {processor.py:914} INFO - Processing file /opt/airflow/dags/build_elt_with_dbt.py for tasks to queue
[2026-09-26T01:36:23.126+0000] {logging_mixin.py:190} INFO - [2026-09-26T01:36:23.125+0000] {dagbag.py:587} INFO - Filling up the DagBag from /opt/airflow/dags/build_elt_with_dbt.py
[2026-09-26T01:36:23.158+0000] {logging_mixin.py:190} INFO - [2026-09-26T01:36:23.157+0000] {base.py:84} INFO - Retrieving connection 'snowflake_conn'
[2026-09-26T01:36:23.168+0000] {processor.py:925} INFO - DAG(s) 'dbt_weather_analytics' retrieved from /opt/airflow/dags/build_elt_with_dbt.py
[2026-09-26T01:36:23.181+0000] {logging_mixin.py:190} INFO - [2026-09-26T01:36:23.180+0000] {dag.py:3229} INFO - Sync 1 DAGs
[2026-09-26T01:36:23.200+0000] {logging_mixin.py:190} INFO - [2026-09-26T01:36:23.200+0000] {dag.py:4156} INFO - Setting next_dagrun for dbt_weather_analytics to None, run_after=None
[2026-09-26T01:36:23.225+0000] {processor.py:208} INFO - Processing /opt/airflow/dags/build_elt_with_dbt.py took 0.112 seconds
[2026-09-26T01:36:53.497+0000] {processor.py:186} INFO - Started process (PID=7388) to work on /opt/airflow/dags/build_elt_with_dbt.py
[2026-09-26T01:36:53.499+0000] {processor.py:914} INFO - Processing file /opt/airflow/dags/build_elt_with_dbt.py for tasks to queue
[2026-09-26T01:36:53.500+0000] {logging_mixin.py:190} INFO - [2026-09-26T01:36:53.500+0000] {dagbag.py:587} INFO - Filling up the DagBag from /opt/airflow/dags/build_elt_with_dbt.py
[2026-09-26T01:36:53.528+0000] {logging_mixin.py:190} INFO - [2026-09-26T01:36:53.527+0000] {base.py:84} INFO - Retrieving connection 'snowflake_conn'
[2026-09-26T01:36:53.532+0000] {processor.py:925} INFO - DAG(s) 'dbt_weather_analytics' retrieved from /opt/airflow/dags/build_elt_with_dbt.py
[2026-09-26T01:36:53.544+0000] {logging_mixin.py:190} INFO - [2026-09-26T01:36:53.543+0000] {dag.py:3229} INFO - Sync 1 DAGs
[2026-09-26T01:36:53.552+0000] {logging_mixin.py:190} INFO - [2026-09-26T01:36:53.552+0000] {dag.py:4156} INFO - Setting next_dagrun for dbt_weather_analytics to None, run_after=None
[2026-09-26T01:36:53.566+0000] {processor.py:208} INFO - Processing /opt/airflow/dags/build_elt_with_dbt.py took 0.076 seconds
[2026-09-26T01:37:24.052+0000] {processor.py:186} INFO - Started process (PID=7404) to work on /opt/airflow/dags/build_elt_with_dbt.py
[2026-09-26T01:37:24.056+0000] {processor.py:914} INFO - Processing file /opt/airflow/dags/build_elt_with_dbt.py for tasks to queue
[2026-09-26T01:37:24.059+0000] {logging_mixin.py:190} INFO - [2026-09-26T01:37:24.058+0000] {dagbag.py:587} INFO - Filling up the DagBag from /opt/airflow/dags/build_elt_with_dbt.py
[2026-09-26T01:37:24.107+0000] {logging_mixin.py:190} INFO - [2026-09-26T01:37:24.107+0000] {base.py:84} INFO - Retrieving connection 'snowflake_conn'
[2026-09-26T01:37:24.114+0000] {processor.py:925} INFO - DAG(s) 'dbt_weather_analytics' retrieved from /opt/airflow/dags/build_elt_with_dbt.py
[2026-09-26T01:37:24.132+0000] {logging_mixin.py:190} INFO - [2026-09-26T01:37:24.132+0000] {dag.py:3229} INFO - Sync 1 DAGs
[2026-09-26T01:37:24.144+0000] {logging_mixin.py:190} INFO - [2026-09-26T01:37:24.144+0000] {dag.py:4156} INFO - Setting next_dagrun for dbt_weather_analytics to None, run_after=None
[2026-09-26T01:37:24.160+0000] {processor.py:208} INFO - Processing /opt/airflow/dags/build_elt_with_dbt.py took 0.121 seconds
[2026-09-26T01:37:54.636+0000] {processor.py:186} INFO - Started process (PID=7420) to work on /opt/airflow/dags/build_elt_with_dbt.py
[2026-09-26T01:37:54.640+0000] {processor.py:914} INFO - Processing file /opt/airflow/dags/build_elt_with_dbt.py for tasks to queue
[2026-09-26T01:37:54.643+0000] {logging_mixin.py:190} INFO - [2026-09-26T01:37:54.642+0000] {dagbag.py:587} INFO - Filling up the DagBag from /opt/airflow/dags/build_elt_with_dbt.py
[2026-09-26T01:37:54.707+0000] {logging_mixin.py:190} INFO - [2026-09-26T01:37:54.707+0000] {base.py:84} INFO - Retrieving connection 'snowflake_conn'
[2026-09-26T01:37:54.716+0000] {processor.py:925} INFO - DAG(s) 'dbt_weather_analytics' retrieved from /opt/airflow/dags/build_elt_with_dbt.py
[2026-09-26T01:37:54.735+0000] {logging_mixin.py:190} INFO - [2026-09-26T01:37:54.735+0000] {dag.py:3229} INFO - Sync 1 DAGs
[2026-09-26T01:37:54.755+0000] {logging_mixin.py:190} INFO - [2026-09-26T01:37:54.755+0000] {dag.py:4156} INFO - Setting next_dagrun for dbt_weather_analytics to None, run_after=None
[2026-09-26T01:37:55.066+0000] {processor.py:208} INFO - Processing /opt/airflow/dags/build_elt_with_dbt.py took 0.442 seconds
[2026-09-26T01:38:25.455+0000] {processor.py:186} INFO - Started process (PID=7436) to work on /opt/airflow/dags/build_elt_with_dbt.py
[2026-09-26T01:38:25.459+0000] {processor.py:914} INFO - Processing file /opt/airflow/dags/build_elt_with_dbt.py for tasks to queue
[2026-09-26T01:38:25.461+0000] {logging_mixin.py:190} INFO - [2026-09-26T01:38:25.461+0000] {dagbag.py:587} INFO - Filling up the DagBag from /opt/airflow/dags/build_elt_with_dbt.py
[2026-09-26T01:38:25.496+0000] {logging_mixin.py:190} INFO - [2026-09-26T01:38:25.496+0000] {base.py:84} INFO - Retrieving connection 'snowflake_conn'
[2026-09-26T01:38:25.504+0000] {processor.py:925} INFO - DAG(s) 'dbt_weather_analytics' retrieved from /opt/airflow/dags/build_elt_with_dbt.py
[2026-09-26T01:38:25.514+0000] {logging_mixin.py:190} INFO - [2026-09-26T01:38:25.514+0000] {dag.py:3229} INFO - Sync 1 DAGs
[2026-09-26T01:38:25.527+0000] {logging_mixin.py:190} INFO - [2026-09-26T01:38:25.527+0000] {dag.py:4156} INFO - Setting next_dagrun for dbt_weather_analytics to None, run_after=None
[2026-09-26T01:38:25.542+0000] {processor.py:208} INFO - Processing /opt/airflow/dags/build_elt_with_dbt.py took 0.094 seconds
[2026-09-26T01:38:55.921+0000] {processor.py:186} INFO - Started process (PID=7458) to work on /opt/airflow/dags/build_elt_with_dbt.py
[2026-09-26T01:38:55.925+0000] {processor.py:914} INFO - Processing file /opt/airflow/dags/build_elt_with_dbt.py for tasks to queue
[2026-09-26T01:38:55.926+0000] {logging_mixin.py:190} INFO - [2026-09-26T01:38:55.926+0000] {dagbag.py:587} INFO - Filling up the DagBag from /opt/airflow/dags/build_elt_with_dbt.py
[2026-09-26T01:38:55.968+0000] {logging_mixin.py:190} INFO - [2026-09-26T01:38:55.968+0000] {base.py:84} INFO - Retrieving connection 'snowflake_conn'
[2026-09-26T01:38:55.975+0000] {processor.py:925} INFO - DAG(s) 'dbt_weather_analytics' retrieved from /opt/airflow/dags/build_elt_with_dbt.py
[2026-09-26T01:38:55.990+0000] {logging_mixin.py:190} INFO - [2026-09-26T01:38:55.990+0000] {dag.py:3229} INFO - Sync 1 DAGs
[2026-09-26T01:38:56.011+0000] {logging_mixin.py:190} INFO - [2026-09-26T01:38:56.011+0000] {dag.py:4156} INFO - Setting next_dagrun for dbt_weather_analytics to None, run_after=None
[2026-09-26T01:38:56.034+0000] {processor.py:208} INFO - Processing /opt/airflow/dags/build_elt_with_dbt.py took 0.121 seconds
[2026-09-26T01:39:26.423+0000] {processor.py:186} INFO - Started process (PID=7474) to work on /opt/airflow/dags/build_elt_with_dbt.py
[2026-09-26T01:39:26.427+0000] {processor.py:914} INFO - Processing file /opt/airflow/dags/build_elt_with_dbt.py for tasks to queue
[2026-09-26T01:39:26.429+0000] {logging_mixin.py:190} INFO - [2026-09-26T01:39:26.429+0000] {dagbag.py:587} INFO - Filling up the DagBag from /opt/airflow/dags/build_elt_with_dbt.py
[2026-09-26T01:39:26.475+0000] {logging_mixin.py:190} INFO - [2026-09-26T01:39:26.475+0000] {base.py:84} INFO - Retrieving connection 'snowflake_conn'
[2026-09-26T01:39:26.486+0000] {processor.py:925} INFO - DAG(s) 'dbt_weather_analytics' retrieved from /opt/airflow/dags/build_elt_with_dbt.py
[2026-09-26T01:39:26.496+0000] {logging_mixin.py:190} INFO - [2026-09-26T01:39:26.496+0000] {dag.py:3229} INFO - Sync 1 DAGs
[2026-09-26T01:39:26.512+0000] {logging_mixin.py:190} INFO - [2026-09-26T01:39:26.512+0000] {dag.py:4156} INFO - Setting next_dagrun for dbt_weather_analytics to None, run_after=None
[2026-09-26T01:39:26.532+0000] {processor.py:208} INFO - Processing /opt/airflow/dags/build_elt_with_dbt.py took 0.121 seconds
[2026-09-26T01:39:56.911+0000] {processor.py:186} INFO - Started process (PID=7490) to work on /opt/airflow/dags/build_elt_with_dbt.py
[2026-09-26T01:39:56.914+0000] {processor.py:914} INFO - Processing file /opt/airflow/dags/build_elt_with_dbt.py for tasks to queue
[2026-09-26T01:39:56.916+0000] {logging_mixin.py:190} INFO - [2026-09-26T01:39:56.915+0000] {dagbag.py:587} INFO - Filling up the DagBag from /opt/airflow/dags/build_elt_with_dbt.py
[2026-09-26T01:39:56.955+0000] {logging_mixin.py:190} INFO - [2026-09-26T01:39:56.955+0000] {base.py:84} INFO - Retrieving connection 'snowflake_conn'
[2026-09-26T01:39:56.971+0000] {processor.py:925} INFO - DAG(s) 'dbt_weather_analytics' retrieved from /opt/airflow/dags/build_elt_with_dbt.py
[2026-09-26T01:39:56.988+0000] {logging_mixin.py:190} INFO - [2026-09-26T01:39:56.988+0000] {dag.py:3229} INFO - Sync 1 DAGs
[2026-09-26T01:39:57.014+0000] {logging_mixin.py:190} INFO - [2026-09-26T01:39:57.013+0000] {dag.py:4156} INFO - Setting next_dagrun for dbt_weather_analytics to None, run_after=None
[2026-09-26T01:39:57.291+0000] {processor.py:208} INFO - Processing /opt/airflow/dags/build_elt_with_dbt.py took 0.392 seconds
[2026-09-26T01:40:27.683+0000] {processor.py:186} INFO - Started process (PID=7506) to work on /opt/airflow/dags/build_elt_with_dbt.py
[2026-09-26T01:40:27.686+0000] {processor.py:914} INFO - Processing file /opt/airflow/dags/build_elt_with_dbt.py for tasks to queue
[2026-09-26T01:40:27.689+0000] {logging_mixin.py:190} INFO - [2026-09-26T01:40:27.688+0000] {dagbag.py:587} INFO - Filling up the DagBag from /opt/airflow/dags/build_elt_with_dbt.py
[2026-09-26T01:40:27.731+0000] {logging_mixin.py:190} INFO - [2026-09-26T01:40:27.731+0000] {base.py:84} INFO - Retrieving connection 'snowflake_conn'
[2026-09-26T01:40:27.771+0000] {processor.py:925} INFO - DAG(s) 'dbt_weather_analytics' retrieved from /opt/airflow/dags/build_elt_with_dbt.py
[2026-09-26T01:40:27.789+0000] {logging_mixin.py:190} INFO - [2026-09-26T01:40:27.789+0000] {dag.py:3229} INFO - Sync 1 DAGs
[2026-09-26T01:40:28.094+0000] {logging_mixin.py:190} INFO - [2026-09-26T01:40:28.094+0000] {dag.py:4156} INFO - Setting next_dagrun for dbt_weather_analytics to None, run_after=None
[2026-09-26T01:40:28.106+0000] {processor.py:208} INFO - Processing /opt/airflow/dags/build_elt_with_dbt.py took 0.432 seconds
[2026-09-26T01:40:58.515+0000] {processor.py:186} INFO - Started process (PID=7522) to work on /opt/airflow/dags/build_elt_with_dbt.py
[2026-09-26T01:40:58.520+0000] {processor.py:914} INFO - Processing file /opt/airflow/dags/build_elt_with_dbt.py for tasks to queue
[2026-09-26T01:40:58.521+0000] {logging_mixin.py:190} INFO - [2026-09-26T01:40:58.521+0000] {dagbag.py:587} INFO - Filling up the DagBag from /opt/airflow/dags/build_elt_with_dbt.py
[2026-09-26T01:40:58.568+0000] {logging_mixin.py:190} INFO - [2026-09-26T01:40:58.568+0000] {base.py:84} INFO - Retrieving connection 'snowflake_conn'
[2026-09-26T01:40:58.585+0000] {processor.py:925} INFO - DAG(s) 'dbt_weather_analytics' retrieved from /opt/airflow/dags/build_elt_with_dbt.py
[2026-09-26T01:40:58.602+0000] {logging_mixin.py:190} INFO - [2026-09-26T01:40:58.601+0000] {dag.py:3229} INFO - Sync 1 DAGs
[2026-09-26T01:40:58.618+0000] {logging_mixin.py:190} INFO - [2026-09-26T01:40:58.617+0000] {dag.py:4156} INFO - Setting next_dagrun for dbt_weather_analytics to None, run_after=None
[2026-09-26T01:40:58.636+0000] {processor.py:208} INFO - Processing /opt/airflow/dags/build_elt_with_dbt.py took 0.132 seconds
[2026-09-26T01:41:29.020+0000] {processor.py:186} INFO - Started process (PID=7538) to work on /opt/airflow/dags/build_elt_with_dbt.py
[2026-09-26T01:41:29.024+0000] {processor.py:914} INFO - Processing file /opt/airflow/dags/build_elt_with_dbt.py for tasks to queue
[2026-09-26T01:41:29.026+0000] {logging_mixin.py:190} INFO - [2026-09-26T01:41:29.025+0000] {dagbag.py:587} INFO - Filling up the DagBag from /opt/airflow/dags/build_elt_with_dbt.py
[2026-09-26T01:41:29.078+0000] {logging_mixin.py:190} INFO - [2026-09-26T01:41:29.077+0000] {base.py:84} INFO - Retrieving connection 'snowflake_conn'
[2026-09-26T01:41:29.088+0000] {processor.py:925} INFO - DAG(s) 'dbt_weather_analytics' retrieved from /opt/airflow/dags/build_elt_with_dbt.py
[2026-09-26T01:41:29.102+0000] {logging_mixin.py:190} INFO - [2026-09-26T01:41:29.102+0000] {dag.py:3229} INFO - Sync 1 DAGs
[2026-09-26T01:41:29.123+0000] {logging_mixin.py:190} INFO - [2026-09-26T01:41:29.123+0000] {dag.py:4156} INFO - Setting next_dagrun for dbt_weather_analytics to None, run_after=None
[2026-09-26T01:41:29.137+0000] {processor.py:208} INFO - Processing /opt/airflow/dags/build_elt_with_dbt.py took 0.124 seconds
[2026-09-26T01:41:59.519+0000] {processor.py:186} INFO - Started process (PID=7554) to work on /opt/airflow/dags/build_elt_with_dbt.py
[2026-09-26T01:41:59.523+0000] {processor.py:914} INFO - Processing file /opt/airflow/dags/build_elt_with_dbt.py for tasks to queue
[2026-09-26T01:41:59.525+0000] {logging_mixin.py:190} INFO - [2026-09-26T01:41:59.525+0000] {dagbag.py:587} INFO - Filling up the DagBag from /opt/airflow/dags/build_elt_with_dbt.py
[2026-09-26T01:41:59.551+0000] {logging_mixin.py:190} INFO - [2026-09-26T01:41:59.550+0000] {base.py:84} INFO - Retrieving connection 'snowflake_conn'
[2026-09-26T01:41:59.557+0000] {processor.py:925} INFO - DAG(s) 'dbt_weather_analytics' retrieved from /opt/airflow/dags/build_elt_with_dbt.py
[2026-09-26T01:41:59.569+0000] {logging_mixin.py:190} INFO - [2026-09-26T01:41:59.569+0000] {dag.py:3229} INFO - Sync 1 DAGs
[2026-09-26T01:41:59.580+0000] {logging_mixin.py:190} INFO - [2026-09-26T01:41:59.580+0000] {dag.py:4156} INFO - Setting next_dagrun for dbt_weather_analytics to None, run_after=None
[2026-09-26T01:41:59.814+0000] {processor.py:208} INFO - Processing /opt/airflow/dags/build_elt_with_dbt.py took 0.302 seconds
[2026-09-26T01:42:30.214+0000] {processor.py:186} INFO - Started process (PID=7570) to work on /opt/airflow/dags/build_elt_with_dbt.py
[2026-09-26T01:42:30.216+0000] {processor.py:914} INFO - Processing file /opt/airflow/dags/build_elt_with_dbt.py for tasks to queue
[2026-09-26T01:42:30.218+0000] {logging_mixin.py:190} INFO - [2026-09-26T01:42:30.218+0000] {dagbag.py:587} INFO - Filling up the DagBag from /opt/airflow/dags/build_elt_with_dbt.py
[2026-09-26T01:42:30.251+0000] {logging_mixin.py:190} INFO - [2026-09-26T01:42:30.251+0000] {base.py:84} INFO - Retrieving connection 'snowflake_conn'
[2026-09-26T01:42:30.258+0000] {processor.py:925} INFO - DAG(s) 'dbt_weather_analytics' retrieved from /opt/airflow/dags/build_elt_with_dbt.py
[2026-09-26T01:42:30.270+0000] {logging_mixin.py:190} INFO - [2026-09-26T01:42:30.270+0000] {dag.py:3229} INFO - Sync 1 DAGs
[2026-09-26T01:42:30.477+0000] {logging_mixin.py:190} INFO - [2026-09-26T01:42:30.477+0000] {dag.py:4156} INFO - Setting next_dagrun for dbt_weather_analytics to None, run_after=None
[2026-09-26T01:42:30.486+0000] {processor.py:208} INFO - Processing /opt/airflow/dags/build_elt_with_dbt.py took 0.280 seconds
[2026-09-26T01:43:00.861+0000] {processor.py:186} INFO - Started process (PID=7586) to work on /opt/airflow/dags/build_elt_with_dbt.py
[2026-09-26T01:43:00.865+0000] {processor.py:914} INFO - Processing file /opt/airflow/dags/build_elt_with_dbt.py for tasks to queue
[2026-09-26T01:43:00.868+0000] {logging_mixin.py:190} INFO - [2026-09-26T01:43:00.868+0000] {dagbag.py:587} INFO - Filling up the DagBag from /opt/airflow/dags/build_elt_with_dbt.py
[2026-09-26T01:43:00.944+0000] {logging_mixin.py:190} INFO - [2026-09-26T01:43:00.944+0000] {base.py:84} INFO - Retrieving connection 'snowflake_conn'
[2026-09-26T01:43:00.952+0000] {processor.py:925} INFO - DAG(s) 'dbt_weather_analytics' retrieved from /opt/airflow/dags/build_elt_with_dbt.py
[2026-09-26T01:43:00.971+0000] {logging_mixin.py:190} INFO - [2026-09-26T01:43:00.971+0000] {dag.py:3229} INFO - Sync 1 DAGs
[2026-09-26T01:43:00.987+0000] {logging_mixin.py:190} INFO - [2026-09-26T01:43:00.987+0000] {dag.py:4156} INFO - Setting next_dagrun for dbt_weather_analytics to None, run_after=None
[2026-09-26T01:43:01.009+0000] {processor.py:208} INFO - Processing /opt/airflow/dags/build_elt_with_dbt.py took 0.155 seconds
[2026-09-26T01:43:31.414+0000] {processor.py:186} INFO - Started process (PID=7602) to work on /opt/airflow/dags/build_elt_with_dbt.py
[2026-09-26T01:43:31.418+0000] {processor.py:914} INFO - Processing file /opt/airflow/dags/build_elt_with_dbt.py for tasks to queue
[2026-09-26T01:43:31.420+0000] {logging_mixin.py:190} INFO - [2026-09-26T01:43:31.419+0000] {dagbag.py:587} INFO - Filling up the DagBag from /opt/airflow/dags/build_elt_with_dbt.py
[2026-09-26T01:43:31.449+0000] {logging_mixin.py:190} INFO - [2026-09-26T01:43:31.449+0000] {base.py:84} INFO - Retrieving connection 'snowflake_conn'
[2026-09-26T01:43:31.457+0000] {processor.py:925} INFO - DAG(s) 'dbt_weather_analytics' retrieved from /opt/airflow/dags/build_elt_with_dbt.py
[2026-09-26T01:43:31.468+0000] {logging_mixin.py:190} INFO - [2026-09-26T01:43:31.468+0000] {dag.py:3229} INFO - Sync 1 DAGs
[2026-09-26T01:43:31.483+0000] {logging_mixin.py:190} INFO - [2026-09-26T01:43:31.483+0000] {dag.py:4156} INFO - Setting next_dagrun for dbt_weather_analytics to None, run_after=None
[2026-09-26T01:43:31.499+0000] {processor.py:208} INFO - Processing /opt/airflow/dags/build_elt_with_dbt.py took 0.096 seconds
[2026-09-26T01:44:01.951+0000] {processor.py:186} INFO - Started process (PID=7618) to work on /opt/airflow/dags/build_elt_with_dbt.py
[2026-09-26T01:44:01.954+0000] {processor.py:914} INFO - Processing file /opt/airflow/dags/build_elt_with_dbt.py for tasks to queue
[2026-09-26T01:44:01.956+0000] {logging_mixin.py:190} INFO - [2026-09-26T01:44:01.955+0000] {dagbag.py:587} INFO - Filling up the DagBag from /opt/airflow/dags/build_elt_with_dbt.py
[2026-09-26T01:44:01.983+0000] {logging_mixin.py:190} INFO - [2026-09-26T01:44:01.982+0000] {base.py:84} INFO - Retrieving connection 'snowflake_conn'
[2026-09-26T01:44:01.992+0000] {processor.py:925} INFO - DAG(s) 'dbt_weather_analytics' retrieved from /opt/airflow/dags/build_elt_with_dbt.py
[2026-09-26T01:44:02.003+0000] {logging_mixin.py:190} INFO - [2026-09-26T01:44:02.003+0000] {dag.py:3229} INFO - Sync 1 DAGs
[2026-09-26T01:44:02.014+0000] {logging_mixin.py:190} INFO - [2026-09-26T01:44:02.014+0000] {dag.py:4156} INFO - Setting next_dagrun for dbt_weather_analytics to None, run_after=None
[2026-09-26T01:44:02.261+0000] {processor.py:208} INFO - Processing /opt/airflow/dags/build_elt_with_dbt.py took 0.323 seconds
[2026-09-26T01:44:32.692+0000] {processor.py:186} INFO - Started process (PID=7634) to work on /opt/airflow/dags/build_elt_with_dbt.py
[2026-09-26T01:44:32.694+0000] {processor.py:914} INFO - Processing file /opt/airflow/dags/build_elt_with_dbt.py for tasks to queue
[2026-09-26T01:44:32.695+0000] {logging_mixin.py:190} INFO - [2026-09-26T01:44:32.694+0000] {dagbag.py:587} INFO - Filling up the DagBag from /opt/airflow/dags/build_elt_with_dbt.py
[2026-09-26T01:44:32.710+0000] {logging_mixin.py:190} INFO - [2026-09-26T01:44:32.710+0000] {base.py:84} INFO - Retrieving connection 'snowflake_conn'
[2026-09-26T01:44:32.713+0000] {processor.py:925} INFO - DAG(s) 'dbt_weather_analytics' retrieved from /opt/airflow/dags/build_elt_with_dbt.py
[2026-09-26T01:44:32.724+0000] {logging_mixin.py:190} INFO - [2026-09-26T01:44:32.724+0000] {dag.py:3229} INFO - Sync 1 DAGs
[2026-09-26T01:44:32.833+0000] {logging_mixin.py:190} INFO - [2026-09-26T01:44:32.833+0000] {dag.py:4156} INFO - Setting next_dagrun for dbt_weather_analytics to None, run_after=None
[2026-09-26T01:44:32.842+0000] {processor.py:208} INFO - Processing /opt/airflow/dags/build_elt_with_dbt.py took 0.155 seconds
[2026-09-26T01:45:03.252+0000] {processor.py:186} INFO - Started process (PID=7650) to work on /opt/airflow/dags/build_elt_with_dbt.py
[2026-09-26T01:45:03.253+0000] {processor.py:914} INFO - Processing file /opt/airflow/dags/build_elt_with_dbt.py for tasks to queue
[2026-09-26T01:45:03.255+0000] {logging_mixin.py:190} INFO - [2026-09-26T01:45:03.255+0000] {dagbag.py:587} INFO - Filling up the DagBag from /opt/airflow/dags/build_elt_with_dbt.py
[2026-09-26T01:45:03.280+0000] {logging_mixin.py:190} INFO - [2026-09-26T01:45:03.280+0000] {base.py:84} INFO - Retrieving connection 'snowflake_conn'
[2026-09-26T01:45:03.413+0000] {processor.py:925} INFO - DAG(s) 'dbt_weather_analytics' retrieved from /opt/airflow/dags/build_elt_with_dbt.py
[2026-09-26T01:45:03.420+0000] {logging_mixin.py:190} INFO - [2026-09-26T01:45:03.420+0000] {dag.py:3229} INFO - Sync 1 DAGs
[2026-09-26T01:45:03.425+0000] {logging_mixin.py:190} INFO - [2026-09-26T01:45:03.425+0000] {dag.py:4156} INFO - Setting next_dagrun for dbt_weather_analytics to None, run_after=None
[2026-09-26T01:45:03.433+0000] {processor.py:208} INFO - Processing /opt/airflow/dags/build_elt_with_dbt.py took 0.187 seconds
[2026-09-26T01:45:33.836+0000] {processor.py:186} INFO - Started process (PID=7666) to work on /opt/airflow/dags/build_elt_with_dbt.py
[2026-09-26T01:45:33.838+0000] {processor.py:914} INFO - Processing file /opt/airflow/dags/build_elt_with_dbt.py for tasks to queue
[2026-09-26T01:45:33.840+0000] {logging_mixin.py:190} INFO - [2026-09-26T01:45:33.840+0000] {dagbag.py:587} INFO - Filling up the DagBag from /opt/airflow/dags/build_elt_with_dbt.py
[2026-09-26T01:45:33.861+0000] {logging_mixin.py:190} INFO - [2026-09-26T01:45:33.861+0000] {base.py:84} INFO - Retrieving connection 'snowflake_conn'
[2026-09-26T01:45:33.866+0000] {processor.py:925} INFO - DAG(s) 'dbt_weather_analytics' retrieved from /opt/airflow/dags/build_elt_with_dbt.py
[2026-09-26T01:45:33.874+0000] {logging_mixin.py:190} INFO - [2026-09-26T01:45:33.874+0000] {dag.py:3229} INFO - Sync 1 DAGs
[2026-09-26T01:45:33.881+0000] {logging_mixin.py:190} INFO - [2026-09-26T01:45:33.881+0000] {dag.py:4156} INFO - Setting next_dagrun for dbt_weather_analytics to None, run_after=None
[2026-09-26T01:45:33.893+0000] {processor.py:208} INFO - Processing /opt/airflow/dags/build_elt_with_dbt.py took 0.063 seconds
[2026-09-26T01:46:04.284+0000] {processor.py:186} INFO - Started process (PID=7682) to work on /opt/airflow/dags/build_elt_with_dbt.py
[2026-09-26T01:46:04.287+0000] {processor.py:914} INFO - Processing file /opt/airflow/dags/build_elt_with_dbt.py for tasks to queue
[2026-09-26T01:46:04.288+0000] {logging_mixin.py:190} INFO - [2026-09-26T01:46:04.288+0000] {dagbag.py:587} INFO - Filling up the DagBag from /opt/airflow/dags/build_elt_with_dbt.py
[2026-09-26T01:46:04.313+0000] {logging_mixin.py:190} INFO - [2026-09-26T01:46:04.313+0000] {base.py:84} INFO - Retrieving connection 'snowflake_conn'
[2026-09-26T01:46:04.319+0000] {processor.py:925} INFO - DAG(s) 'dbt_weather_analytics' retrieved from /opt/airflow/dags/build_elt_with_dbt.py
[2026-09-26T01:46:04.327+0000] {logging_mixin.py:190} INFO - [2026-09-26T01:46:04.327+0000] {dag.py:3229} INFO - Sync 1 DAGs
[2026-09-26T01:46:04.340+0000] {logging_mixin.py:190} INFO - [2026-09-26T01:46:04.340+0000] {dag.py:4156} INFO - Setting next_dagrun for dbt_weather_analytics to None, run_after=None
[2026-09-26T01:46:04.354+0000] {processor.py:208} INFO - Processing /opt/airflow/dags/build_elt_with_dbt.py took 0.077 seconds
[2026-09-26T01:46:34.764+0000] {processor.py:186} INFO - Started process (PID=7698) to work on /opt/airflow/dags/build_elt_with_dbt.py
[2026-09-26T01:46:34.765+0000] {processor.py:914} INFO - Processing file /opt/airflow/dags/build_elt_with_dbt.py for tasks to queue
[2026-09-26T01:46:34.767+0000] {logging_mixin.py:190} INFO - [2026-09-26T01:46:34.767+0000] {dagbag.py:587} INFO - Filling up the DagBag from /opt/airflow/dags/build_elt_with_dbt.py
[2026-09-26T01:46:34.785+0000] {logging_mixin.py:190} INFO - [2026-09-26T01:46:34.785+0000] {base.py:84} INFO - Retrieving connection 'snowflake_conn'
[2026-09-26T01:46:34.789+0000] {processor.py:925} INFO - DAG(s) 'dbt_weather_analytics' retrieved from /opt/airflow/dags/build_elt_with_dbt.py
[2026-09-26T01:46:34.802+0000] {logging_mixin.py:190} INFO - [2026-09-26T01:46:34.801+0000] {dag.py:3229} INFO - Sync 1 DAGs
[2026-09-26T01:46:34.809+0000] {logging_mixin.py:190} INFO - [2026-09-26T01:46:34.809+0000] {dag.py:4156} INFO - Setting next_dagrun for dbt_weather_analytics to None, run_after=None
[2026-09-26T01:46:34.819+0000] {processor.py:208} INFO - Processing /opt/airflow/dags/build_elt_with_dbt.py took 0.059 seconds
[2026-09-26T01:47:05.192+0000] {processor.py:186} INFO - Started process (PID=7714) to work on /opt/airflow/dags/build_elt_with_dbt.py
[2026-09-26T01:47:05.194+0000] {processor.py:914} INFO - Processing file /opt/airflow/dags/build_elt_with_dbt.py for tasks to queue
[2026-09-26T01:47:05.194+0000] {logging_mixin.py:190} INFO - [2026-09-26T01:47:05.194+0000] {dagbag.py:587} INFO - Filling up the DagBag from /opt/airflow/dags/build_elt_with_dbt.py
[2026-09-26T01:47:05.212+0000] {logging_mixin.py:190} INFO - [2026-09-26T01:47:05.212+0000] {base.py:84} INFO - Retrieving connection 'snowflake_conn'
[2026-09-26T01:47:05.216+0000] {processor.py:925} INFO - DAG(s) 'dbt_weather_analytics' retrieved from /opt/airflow/dags/build_elt_with_dbt.py
[2026-09-26T01:47:05.225+0000] {logging_mixin.py:190} INFO - [2026-09-26T01:47:05.225+0000] {dag.py:3229} INFO - Sync 1 DAGs
[2026-09-26T01:47:05.235+0000] {logging_mixin.py:190} INFO - [2026-09-26T01:47:05.234+0000] {dag.py:4156} INFO - Setting next_dagrun for dbt_weather_analytics to None, run_after=None
[2026-09-26T01:47:05.245+0000] {processor.py:208} INFO - Processing /opt/airflow/dags/build_elt_with_dbt.py took 0.058 seconds
[2026-09-26T01:47:35.645+0000] {processor.py:186} INFO - Started process (PID=7730) to work on /opt/airflow/dags/build_elt_with_dbt.py
[2026-09-26T01:47:35.648+0000] {processor.py:914} INFO - Processing file /opt/airflow/dags/build_elt_with_dbt.py for tasks to queue
[2026-09-26T01:47:35.649+0000] {logging_mixin.py:190} INFO - [2026-09-26T01:47:35.649+0000] {dagbag.py:587} INFO - Filling up the DagBag from /opt/airflow/dags/build_elt_with_dbt.py
[2026-09-26T01:47:35.674+0000] {logging_mixin.py:190} INFO - [2026-09-26T01:47:35.673+0000] {base.py:84} INFO - Retrieving connection 'snowflake_conn'
[2026-09-26T01:47:35.681+0000] {processor.py:925} INFO - DAG(s) 'dbt_weather_analytics' retrieved from /opt/airflow/dags/build_elt_with_dbt.py
[2026-09-26T01:47:35.693+0000] {logging_mixin.py:190} INFO - [2026-09-26T01:47:35.693+0000] {dag.py:3229} INFO - Sync 1 DAGs
[2026-09-26T01:47:35.703+0000] {logging_mixin.py:190} INFO - [2026-09-26T01:47:35.703+0000] {dag.py:4156} INFO - Setting next_dagrun for dbt_weather_analytics to None, run_after=None
[2026-09-26T01:47:35.715+0000] {processor.py:208} INFO - Processing /opt/airflow/dags/build_elt_with_dbt.py took 0.077 seconds
[2026-09-26T01:48:06.144+0000] {processor.py:186} INFO - Started process (PID=7746) to work on /opt/airflow/dags/build_elt_with_dbt.py
[2026-09-26T01:48:06.146+0000] {processor.py:914} INFO - Processing file /opt/airflow/dags/build_elt_with_dbt.py for tasks to queue
[2026-09-26T01:48:06.148+0000] {logging_mixin.py:190} INFO - [2026-09-26T01:48:06.147+0000] {dagbag.py:587} INFO - Filling up the DagBag from /opt/airflow/dags/build_elt_with_dbt.py
[2026-09-26T01:48:06.167+0000] {logging_mixin.py:190} INFO - [2026-09-26T01:48:06.167+0000] {base.py:84} INFO - Retrieving connection 'snowflake_conn'
[2026-09-26T01:48:06.173+0000] {processor.py:925} INFO - DAG(s) 'dbt_weather_analytics' retrieved from /opt/airflow/dags/build_elt_with_dbt.py
[2026-09-26T01:48:06.184+0000] {logging_mixin.py:190} INFO - [2026-09-26T01:48:06.184+0000] {dag.py:3229} INFO - Sync 1 DAGs
[2026-09-26T01:48:06.193+0000] {logging_mixin.py:190} INFO - [2026-09-26T01:48:06.193+0000] {dag.py:4156} INFO - Setting next_dagrun for dbt_weather_analytics to None, run_after=None
[2026-09-26T01:48:06.206+0000] {processor.py:208} INFO - Processing /opt/airflow/dags/build_elt_with_dbt.py took 0.069 seconds
[2026-09-26T01:48:36.644+0000] {processor.py:186} INFO - Started process (PID=7762) to work on /opt/airflow/dags/build_elt_with_dbt.py
[2026-09-26T01:48:36.646+0000] {processor.py:914} INFO - Processing file /opt/airflow/dags/build_elt_with_dbt.py for tasks to queue
[2026-09-26T01:48:36.647+0000] {logging_mixin.py:190} INFO - [2026-09-26T01:48:36.646+0000] {dagbag.py:587} INFO - Filling up the DagBag from /opt/airflow/dags/build_elt_with_dbt.py
[2026-09-26T01:48:36.679+0000] {logging_mixin.py:190} INFO - [2026-09-26T01:48:36.679+0000] {base.py:84} INFO - Retrieving connection 'snowflake_conn'
[2026-09-26T01:48:36.683+0000] {processor.py:925} INFO - DAG(s) 'dbt_weather_analytics' retrieved from /opt/airflow/dags/build_elt_with_dbt.py
[2026-09-26T01:48:36.696+0000] {logging_mixin.py:190} INFO - [2026-09-26T01:48:36.696+0000] {dag.py:3229} INFO - Sync 1 DAGs
[2026-09-26T01:48:36.707+0000] {logging_mixin.py:190} INFO - [2026-09-26T01:48:36.707+0000] {dag.py:4156} INFO - Setting next_dagrun for dbt_weather_analytics to None, run_after=None
[2026-09-26T01:48:36.719+0000] {processor.py:208} INFO - Processing /opt/airflow/dags/build_elt_with_dbt.py took 0.082 seconds
[2026-09-26T01:49:07.114+0000] {processor.py:186} INFO - Started process (PID=7777) to work on /opt/airflow/dags/build_elt_with_dbt.py
[2026-09-26T01:49:07.117+0000] {processor.py:914} INFO - Processing file /opt/airflow/dags/build_elt_with_dbt.py for tasks to queue
[2026-09-26T01:49:07.119+0000] {logging_mixin.py:190} INFO - [2026-09-26T01:49:07.118+0000] {dagbag.py:587} INFO - Filling up the DagBag from /opt/airflow/dags/build_elt_with_dbt.py
[2026-09-26T01:49:07.143+0000] {logging_mixin.py:190} INFO - [2026-09-26T01:49:07.142+0000] {base.py:84} INFO - Retrieving connection 'snowflake_conn'
[2026-09-26T01:49:07.148+0000] {processor.py:925} INFO - DAG(s) 'dbt_weather_analytics' retrieved from /opt/airflow/dags/build_elt_with_dbt.py
[2026-09-26T01:49:07.158+0000] {logging_mixin.py:190} INFO - [2026-09-26T01:49:07.158+0000] {dag.py:3229} INFO - Sync 1 DAGs
[2026-09-26T01:49:07.168+0000] {logging_mixin.py:190} INFO - [2026-09-26T01:49:07.168+0000] {dag.py:4156} INFO - Setting next_dagrun for dbt_weather_analytics to None, run_after=None
[2026-09-26T01:49:07.180+0000] {processor.py:208} INFO - Processing /opt/airflow/dags/build_elt_with_dbt.py took 0.073 seconds
[2026-09-26T01:49:37.645+0000] {processor.py:186} INFO - Started process (PID=7794) to work on /opt/airflow/dags/build_elt_with_dbt.py
[2026-09-26T01:49:37.658+0000] {processor.py:914} INFO - Processing file /opt/airflow/dags/build_elt_with_dbt.py for tasks to queue
[2026-09-26T01:49:37.660+0000] {logging_mixin.py:190} INFO - [2026-09-26T01:49:37.659+0000] {dagbag.py:587} INFO - Filling up the DagBag from /opt/airflow/dags/build_elt_with_dbt.py
[2026-09-26T01:49:37.702+0000] {logging_mixin.py:190} INFO - [2026-09-26T01:49:37.701+0000] {base.py:84} INFO - Retrieving connection 'snowflake_conn'
[2026-09-26T01:49:37.713+0000] {processor.py:925} INFO - DAG(s) 'dbt_weather_analytics' retrieved from /opt/airflow/dags/build_elt_with_dbt.py
[2026-09-26T01:49:37.728+0000] {logging_mixin.py:190} INFO - [2026-09-26T01:49:37.728+0000] {dag.py:3229} INFO - Sync 1 DAGs
[2026-09-26T01:49:37.740+0000] {logging_mixin.py:190} INFO - [2026-09-26T01:49:37.740+0000] {dag.py:4156} INFO - Setting next_dagrun for dbt_weather_analytics to None, run_after=None
[2026-09-26T01:49:37.759+0000] {processor.py:208} INFO - Processing /opt/airflow/dags/build_elt_with_dbt.py took 0.122 seconds
[2026-09-26T01:50:08.308+0000] {processor.py:186} INFO - Started process (PID=7810) to work on /opt/airflow/dags/build_elt_with_dbt.py
[2026-09-26T01:50:08.311+0000] {processor.py:914} INFO - Processing file /opt/airflow/dags/build_elt_with_dbt.py for tasks to queue
[2026-09-26T01:50:08.313+0000] {logging_mixin.py:190} INFO - [2026-09-26T01:50:08.313+0000] {dagbag.py:587} INFO - Filling up the DagBag from /opt/airflow/dags/build_elt_with_dbt.py
[2026-09-26T01:50:08.350+0000] {logging_mixin.py:190} INFO - [2026-09-26T01:50:08.350+0000] {base.py:84} INFO - Retrieving connection 'snowflake_conn'
[2026-09-26T01:50:08.367+0000] {processor.py:925} INFO - DAG(s) 'dbt_weather_analytics' retrieved from /opt/airflow/dags/build_elt_with_dbt.py
[2026-09-26T01:50:08.398+0000] {logging_mixin.py:190} INFO - [2026-09-26T01:50:08.398+0000] {dag.py:3229} INFO - Sync 1 DAGs
[2026-09-26T01:50:08.418+0000] {logging_mixin.py:190} INFO - [2026-09-26T01:50:08.417+0000] {dag.py:4156} INFO - Setting next_dagrun for dbt_weather_analytics to None, run_after=None
[2026-09-26T01:50:08.434+0000] {processor.py:208} INFO - Processing /opt/airflow/dags/build_elt_with_dbt.py took 0.132 seconds
[2026-09-26T01:50:38.851+0000] {processor.py:186} INFO - Started process (PID=7826) to work on /opt/airflow/dags/build_elt_with_dbt.py
[2026-09-26T01:50:38.854+0000] {processor.py:914} INFO - Processing file /opt/airflow/dags/build_elt_with_dbt.py for tasks to queue
[2026-09-26T01:50:38.856+0000] {logging_mixin.py:190} INFO - [2026-09-26T01:50:38.856+0000] {dagbag.py:587} INFO - Filling up the DagBag from /opt/airflow/dags/build_elt_with_dbt.py
[2026-09-26T01:50:38.880+0000] {logging_mixin.py:190} INFO - [2026-09-26T01:50:38.880+0000] {base.py:84} INFO - Retrieving connection 'snowflake_conn'
[2026-09-26T01:50:38.887+0000] {processor.py:925} INFO - DAG(s) 'dbt_weather_analytics' retrieved from /opt/airflow/dags/build_elt_with_dbt.py
[2026-09-26T01:50:38.896+0000] {logging_mixin.py:190} INFO - [2026-09-26T01:50:38.896+0000] {dag.py:3229} INFO - Sync 1 DAGs
[2026-09-26T01:50:38.906+0000] {logging_mixin.py:190} INFO - [2026-09-26T01:50:38.906+0000] {dag.py:4156} INFO - Setting next_dagrun for dbt_weather_analytics to None, run_after=None
[2026-09-26T01:50:38.914+0000] {processor.py:208} INFO - Processing /opt/airflow/dags/build_elt_with_dbt.py took 0.070 seconds
[2026-09-26T01:51:09.256+0000] {processor.py:186} INFO - Started process (PID=7842) to work on /opt/airflow/dags/build_elt_with_dbt.py
[2026-09-26T01:51:09.258+0000] {processor.py:914} INFO - Processing file /opt/airflow/dags/build_elt_with_dbt.py for tasks to queue
[2026-09-26T01:51:09.259+0000] {logging_mixin.py:190} INFO - [2026-09-26T01:51:09.259+0000] {dagbag.py:587} INFO - Filling up the DagBag from /opt/airflow/dags/build_elt_with_dbt.py
[2026-09-26T01:51:09.281+0000] {logging_mixin.py:190} INFO - [2026-09-26T01:51:09.281+0000] {base.py:84} INFO - Retrieving connection 'snowflake_conn'
[2026-09-26T01:51:09.288+0000] {processor.py:925} INFO - DAG(s) 'dbt_weather_analytics' retrieved from /opt/airflow/dags/build_elt_with_dbt.py
[2026-09-26T01:51:09.299+0000] {logging_mixin.py:190} INFO - [2026-09-26T01:51:09.299+0000] {dag.py:3229} INFO - Sync 1 DAGs
[2026-09-26T01:51:09.312+0000] {logging_mixin.py:190} INFO - [2026-09-26T01:51:09.311+0000] {dag.py:4156} INFO - Setting next_dagrun for dbt_weather_analytics to None, run_after=None
[2026-09-26T01:51:09.324+0000] {processor.py:208} INFO - Processing /opt/airflow/dags/build_elt_with_dbt.py took 0.073 seconds
[2026-09-26T01:51:39.615+0000] {processor.py:186} INFO - Started process (PID=7858) to work on /opt/airflow/dags/build_elt_with_dbt.py
[2026-09-26T01:51:39.619+0000] {processor.py:914} INFO - Processing file /opt/airflow/dags/build_elt_with_dbt.py for tasks to queue
[2026-09-26T01:51:39.620+0000] {logging_mixin.py:190} INFO - [2026-09-26T01:51:39.620+0000] {dagbag.py:587} INFO - Filling up the DagBag from /opt/airflow/dags/build_elt_with_dbt.py
[2026-09-26T01:51:39.652+0000] {logging_mixin.py:190} INFO - [2026-09-26T01:51:39.652+0000] {base.py:84} INFO - Retrieving connection 'snowflake_conn'
[2026-09-26T01:51:39.658+0000] {processor.py:925} INFO - DAG(s) 'dbt_weather_analytics' retrieved from /opt/airflow/dags/build_elt_with_dbt.py
[2026-09-26T01:51:39.672+0000] {logging_mixin.py:190} INFO - [2026-09-26T01:51:39.672+0000] {dag.py:3229} INFO - Sync 1 DAGs
[2026-09-26T01:51:39.682+0000] {logging_mixin.py:190} INFO - [2026-09-26T01:51:39.682+0000] {dag.py:4156} INFO - Setting next_dagrun for dbt_weather_analytics to None, run_after=None
[2026-09-26T01:51:39.697+0000] {processor.py:208} INFO - Processing /opt/airflow/dags/build_elt_with_dbt.py took 0.094 seconds
[2026-09-26T01:52:10.121+0000] {processor.py:186} INFO - Started process (PID=7874) to work on /opt/airflow/dags/build_elt_with_dbt.py
[2026-09-26T01:52:10.124+0000] {processor.py:914} INFO - Processing file /opt/airflow/dags/build_elt_with_dbt.py for tasks to queue
[2026-09-26T01:52:10.126+0000] {logging_mixin.py:190} INFO - [2026-09-26T01:52:10.126+0000] {dagbag.py:587} INFO - Filling up the DagBag from /opt/airflow/dags/build_elt_with_dbt.py
[2026-09-26T01:52:10.153+0000] {logging_mixin.py:190} INFO - [2026-09-26T01:52:10.153+0000] {base.py:84} INFO - Retrieving connection 'snowflake_conn'
[2026-09-26T01:52:10.159+0000] {processor.py:925} INFO - DAG(s) 'dbt_weather_analytics' retrieved from /opt/airflow/dags/build_elt_with_dbt.py
[2026-09-26T01:52:10.174+0000] {logging_mixin.py:190} INFO - [2026-09-26T01:52:10.174+0000] {dag.py:3229} INFO - Sync 1 DAGs
[2026-09-26T01:52:10.228+0000] {logging_mixin.py:190} INFO - [2026-09-26T01:52:10.228+0000] {dag.py:4156} INFO - Setting next_dagrun for dbt_weather_analytics to None, run_after=None
[2026-09-26T01:52:10.240+0000] {processor.py:208} INFO - Processing /opt/airflow/dags/build_elt_with_dbt.py took 0.130 seconds
[2026-09-26T01:52:40.811+0000] {processor.py:186} INFO - Started process (PID=7890) to work on /opt/airflow/dags/build_elt_with_dbt.py
[2026-09-26T01:52:40.817+0000] {processor.py:914} INFO - Processing file /opt/airflow/dags/build_elt_with_dbt.py for tasks to queue
[2026-09-26T01:52:40.820+0000] {logging_mixin.py:190} INFO - [2026-09-26T01:52:40.820+0000] {dagbag.py:587} INFO - Filling up the DagBag from /opt/airflow/dags/build_elt_with_dbt.py
[2026-09-26T01:52:40.865+0000] {logging_mixin.py:190} INFO - [2026-09-26T01:52:40.864+0000] {base.py:84} INFO - Retrieving connection 'snowflake_conn'
[2026-09-26T01:52:40.874+0000] {processor.py:925} INFO - DAG(s) 'dbt_weather_analytics' retrieved from /opt/airflow/dags/build_elt_with_dbt.py
[2026-09-26T01:52:40.888+0000] {logging_mixin.py:190} INFO - [2026-09-26T01:52:40.888+0000] {dag.py:3229} INFO - Sync 1 DAGs
[2026-09-26T01:52:40.906+0000] {logging_mixin.py:190} INFO - [2026-09-26T01:52:40.906+0000] {dag.py:4156} INFO - Setting next_dagrun for dbt_weather_analytics to None, run_after=None
[2026-09-26T01:52:40.925+0000] {processor.py:208} INFO - Processing /opt/airflow/dags/build_elt_with_dbt.py took 0.127 seconds
[2026-09-26T01:53:11.476+0000] {processor.py:186} INFO - Started process (PID=7906) to work on /opt/airflow/dags/build_elt_with_dbt.py
[2026-09-26T01:53:11.480+0000] {processor.py:914} INFO - Processing file /opt/airflow/dags/build_elt_with_dbt.py for tasks to queue
[2026-09-26T01:53:11.482+0000] {logging_mixin.py:190} INFO - [2026-09-26T01:53:11.481+0000] {dagbag.py:587} INFO - Filling up the DagBag from /opt/airflow/dags/build_elt_with_dbt.py
[2026-09-26T01:53:11.555+0000] {logging_mixin.py:190} INFO - [2026-09-26T01:53:11.554+0000] {base.py:84} INFO - Retrieving connection 'snowflake_conn'
[2026-09-26T01:53:11.567+0000] {processor.py:925} INFO - DAG(s) 'dbt_weather_analytics' retrieved from /opt/airflow/dags/build_elt_with_dbt.py
[2026-09-26T01:53:11.579+0000] {logging_mixin.py:190} INFO - [2026-09-26T01:53:11.579+0000] {dag.py:3229} INFO - Sync 1 DAGs
[2026-09-26T01:53:11.591+0000] {logging_mixin.py:190} INFO - [2026-09-26T01:53:11.591+0000] {dag.py:4156} INFO - Setting next_dagrun for dbt_weather_analytics to None, run_after=None
[2026-09-26T01:53:11.609+0000] {processor.py:208} INFO - Processing /opt/airflow/dags/build_elt_with_dbt.py took 0.147 seconds
[2026-09-26T01:53:42.065+0000] {processor.py:186} INFO - Started process (PID=7921) to work on /opt/airflow/dags/build_elt_with_dbt.py
[2026-09-26T01:53:42.069+0000] {processor.py:914} INFO - Processing file /opt/airflow/dags/build_elt_with_dbt.py for tasks to queue
[2026-09-26T01:53:42.072+0000] {logging_mixin.py:190} INFO - [2026-09-26T01:53:42.072+0000] {dagbag.py:587} INFO - Filling up the DagBag from /opt/airflow/dags/build_elt_with_dbt.py
[2026-09-26T01:53:42.130+0000] {logging_mixin.py:190} INFO - [2026-09-26T01:53:42.130+0000] {base.py:84} INFO - Retrieving connection 'snowflake_conn'
[2026-09-26T01:53:42.136+0000] {processor.py:925} INFO - DAG(s) 'dbt_weather_analytics' retrieved from /opt/airflow/dags/build_elt_with_dbt.py
[2026-09-26T01:53:42.153+0000] {logging_mixin.py:190} INFO - [2026-09-26T01:53:42.153+0000] {dag.py:3229} INFO - Sync 1 DAGs
[2026-09-26T01:53:42.169+0000] {logging_mixin.py:190} INFO - [2026-09-26T01:53:42.169+0000] {dag.py:4156} INFO - Setting next_dagrun for dbt_weather_analytics to None, run_after=None
[2026-09-26T01:53:42.185+0000] {processor.py:208} INFO - Processing /opt/airflow/dags/build_elt_with_dbt.py took 0.132 seconds
[2026-09-26T01:54:12.410+0000] {processor.py:186} INFO - Started process (PID=7938) to work on /opt/airflow/dags/build_elt_with_dbt.py
[2026-09-26T01:54:12.415+0000] {processor.py:914} INFO - Processing file /opt/airflow/dags/build_elt_with_dbt.py for tasks to queue
[2026-09-26T01:54:12.417+0000] {logging_mixin.py:190} INFO - [2026-09-26T01:54:12.416+0000] {dagbag.py:587} INFO - Filling up the DagBag from /opt/airflow/dags/build_elt_with_dbt.py
[2026-09-26T01:54:12.451+0000] {logging_mixin.py:190} INFO - [2026-09-26T01:54:12.451+0000] {base.py:84} INFO - Retrieving connection 'snowflake_conn'
[2026-09-26T01:54:12.460+0000] {processor.py:925} INFO - DAG(s) 'dbt_weather_analytics' retrieved from /opt/airflow/dags/build_elt_with_dbt.py
[2026-09-26T01:54:12.473+0000] {logging_mixin.py:190} INFO - [2026-09-26T01:54:12.472+0000] {dag.py:3229} INFO - Sync 1 DAGs
[2026-09-26T01:54:12.484+0000] {logging_mixin.py:190} INFO - [2026-09-26T01:54:12.484+0000] {dag.py:4156} INFO - Setting next_dagrun for dbt_weather_analytics to None, run_after=None
[2026-09-26T01:54:12.499+0000] {processor.py:208} INFO - Processing /opt/airflow/dags/build_elt_with_dbt.py took 0.100 seconds
[2026-09-26T01:54:42.867+0000] {processor.py:186} INFO - Started process (PID=7954) to work on /opt/airflow/dags/build_elt_with_dbt.py
[2026-09-26T01:54:42.868+0000] {processor.py:914} INFO - Processing file /opt/airflow/dags/build_elt_with_dbt.py for tasks to queue
[2026-09-26T01:54:42.870+0000] {logging_mixin.py:190} INFO - [2026-09-26T01:54:42.870+0000] {dagbag.py:587} INFO - Filling up the DagBag from /opt/airflow/dags/build_elt_with_dbt.py
[2026-09-26T01:54:42.940+0000] {logging_mixin.py:190} INFO - [2026-09-26T01:54:42.939+0000] {base.py:84} INFO - Retrieving connection 'snowflake_conn'
[2026-09-26T01:54:42.946+0000] {processor.py:925} INFO - DAG(s) 'dbt_weather_analytics' retrieved from /opt/airflow/dags/build_elt_with_dbt.py
[2026-09-26T01:54:42.962+0000] {logging_mixin.py:190} INFO - [2026-09-26T01:54:42.962+0000] {dag.py:3229} INFO - Sync 1 DAGs
[2026-09-26T01:54:42.980+0000] {logging_mixin.py:190} INFO - [2026-09-26T01:54:42.980+0000] {dag.py:4156} INFO - Setting next_dagrun for dbt_weather_analytics to None, run_after=None
[2026-09-26T01:54:42.990+0000] {processor.py:208} INFO - Processing /opt/airflow/dags/build_elt_with_dbt.py took 0.131 seconds
[2026-09-26T01:55:13.397+0000] {processor.py:186} INFO - Started process (PID=7970) to work on /opt/airflow/dags/build_elt_with_dbt.py
[2026-09-26T01:55:13.398+0000] {processor.py:914} INFO - Processing file /opt/airflow/dags/build_elt_with_dbt.py for tasks to queue
[2026-09-26T01:55:13.401+0000] {logging_mixin.py:190} INFO - [2026-09-26T01:55:13.400+0000] {dagbag.py:587} INFO - Filling up the DagBag from /opt/airflow/dags/build_elt_with_dbt.py
[2026-09-26T01:55:13.430+0000] {logging_mixin.py:190} INFO - [2026-09-26T01:55:13.430+0000] {base.py:84} INFO - Retrieving connection 'snowflake_conn'
[2026-09-26T01:55:13.434+0000] {processor.py:925} INFO - DAG(s) 'dbt_weather_analytics' retrieved from /opt/airflow/dags/build_elt_with_dbt.py
[2026-09-26T01:55:13.442+0000] {logging_mixin.py:190} INFO - [2026-09-26T01:55:13.442+0000] {dag.py:3229} INFO - Sync 1 DAGs
[2026-09-26T01:55:13.450+0000] {logging_mixin.py:190} INFO - [2026-09-26T01:55:13.450+0000] {dag.py:4156} INFO - Setting next_dagrun for dbt_weather_analytics to None, run_after=None
[2026-09-26T01:55:13.463+0000] {processor.py:208} INFO - Processing /opt/airflow/dags/build_elt_with_dbt.py took 0.072 seconds
[2026-09-26T01:55:43.898+0000] {processor.py:186} INFO - Started process (PID=7986) to work on /opt/airflow/dags/build_elt_with_dbt.py
[2026-09-26T01:55:43.903+0000] {processor.py:914} INFO - Processing file /opt/airflow/dags/build_elt_with_dbt.py for tasks to queue
[2026-09-26T01:55:43.904+0000] {logging_mixin.py:190} INFO - [2026-09-26T01:55:43.904+0000] {dagbag.py:587} INFO - Filling up the DagBag from /opt/airflow/dags/build_elt_with_dbt.py
[2026-09-26T01:55:43.960+0000] {logging_mixin.py:190} INFO - [2026-09-26T01:55:43.959+0000] {base.py:84} INFO - Retrieving connection 'snowflake_conn'
[2026-09-26T01:55:43.974+0000] {processor.py:925} INFO - DAG(s) 'dbt_weather_analytics' retrieved from /opt/airflow/dags/build_elt_with_dbt.py
[2026-09-26T01:55:43.987+0000] {logging_mixin.py:190} INFO - [2026-09-26T01:55:43.986+0000] {dag.py:3229} INFO - Sync 1 DAGs
[2026-09-26T01:55:44.008+0000] {logging_mixin.py:190} INFO - [2026-09-26T01:55:44.007+0000] {dag.py:4156} INFO - Setting next_dagrun for dbt_weather_analytics to None, run_after=None
[2026-09-26T01:55:44.024+0000] {processor.py:208} INFO - Processing /opt/airflow/dags/build_elt_with_dbt.py took 0.133 seconds
[2026-09-26T01:56:14.434+0000] {processor.py:186} INFO - Started process (PID=8001) to work on /opt/airflow/dags/build_elt_with_dbt.py
[2026-09-26T01:56:14.438+0000] {processor.py:914} INFO - Processing file /opt/airflow/dags/build_elt_with_dbt.py for tasks to queue
[2026-09-26T01:56:14.440+0000] {logging_mixin.py:190} INFO - [2026-09-26T01:56:14.440+0000] {dagbag.py:587} INFO - Filling up the DagBag from /opt/airflow/dags/build_elt_with_dbt.py
[2026-09-26T01:56:14.487+0000] {logging_mixin.py:190} INFO - [2026-09-26T01:56:14.486+0000] {base.py:84} INFO - Retrieving connection 'snowflake_conn'
[2026-09-26T01:56:14.507+0000] {processor.py:925} INFO - DAG(s) 'dbt_weather_analytics' retrieved from /opt/airflow/dags/build_elt_with_dbt.py
[2026-09-26T01:56:14.524+0000] {logging_mixin.py:190} INFO - [2026-09-26T01:56:14.524+0000] {dag.py:3229} INFO - Sync 1 DAGs
[2026-09-26T01:56:14.543+0000] {logging_mixin.py:190} INFO - [2026-09-26T01:56:14.543+0000] {dag.py:4156} INFO - Setting next_dagrun for dbt_weather_analytics to None, run_after=None
[2026-09-26T01:56:14.562+0000] {processor.py:208} INFO - Processing /opt/airflow/dags/build_elt_with_dbt.py took 0.145 seconds
[2026-09-26T01:56:45.088+0000] {processor.py:186} INFO - Started process (PID=8018) to work on /opt/airflow/dags/build_elt_with_dbt.py
[2026-09-26T01:56:45.092+0000] {processor.py:914} INFO - Processing file /opt/airflow/dags/build_elt_with_dbt.py for tasks to queue
[2026-09-26T01:56:45.110+0000] {logging_mixin.py:190} INFO - [2026-09-26T01:56:45.100+0000] {dagbag.py:587} INFO - Filling up the DagBag from /opt/airflow/dags/build_elt_with_dbt.py
[2026-09-26T01:56:45.202+0000] {logging_mixin.py:190} INFO - [2026-09-26T01:56:45.201+0000] {base.py:84} INFO - Retrieving connection 'snowflake_conn'
[2026-09-26T01:56:45.225+0000] {processor.py:925} INFO - DAG(s) 'dbt_weather_analytics' retrieved from /opt/airflow/dags/build_elt_with_dbt.py
[2026-09-26T01:56:45.244+0000] {logging_mixin.py:190} INFO - [2026-09-26T01:56:45.244+0000] {dag.py:3229} INFO - Sync 1 DAGs
[2026-09-26T01:56:45.261+0000] {logging_mixin.py:190} INFO - [2026-09-26T01:56:45.261+0000] {dag.py:4156} INFO - Setting next_dagrun for dbt_weather_analytics to None, run_after=None
[2026-09-26T01:56:45.288+0000] {processor.py:208} INFO - Processing /opt/airflow/dags/build_elt_with_dbt.py took 0.251 seconds
[2026-09-26T01:57:15.662+0000] {processor.py:186} INFO - Started process (PID=8033) to work on /opt/airflow/dags/build_elt_with_dbt.py
[2026-09-26T01:57:15.664+0000] {processor.py:914} INFO - Processing file /opt/airflow/dags/build_elt_with_dbt.py for tasks to queue
[2026-09-26T01:57:15.666+0000] {logging_mixin.py:190} INFO - [2026-09-26T01:57:15.666+0000] {dagbag.py:587} INFO - Filling up the DagBag from /opt/airflow/dags/build_elt_with_dbt.py
[2026-09-26T01:57:15.694+0000] {logging_mixin.py:190} INFO - [2026-09-26T01:57:15.694+0000] {base.py:84} INFO - Retrieving connection 'snowflake_conn'
[2026-09-26T01:57:15.703+0000] {processor.py:925} INFO - DAG(s) 'dbt_weather_analytics' retrieved from /opt/airflow/dags/build_elt_with_dbt.py
[2026-09-26T01:57:15.710+0000] {logging_mixin.py:190} INFO - [2026-09-26T01:57:15.710+0000] {dag.py:3229} INFO - Sync 1 DAGs
[2026-09-26T01:57:15.720+0000] {logging_mixin.py:190} INFO - [2026-09-26T01:57:15.720+0000] {dag.py:4156} INFO - Setting next_dagrun for dbt_weather_analytics to None, run_after=None
[2026-09-26T01:57:15.733+0000] {processor.py:208} INFO - Processing /opt/airflow/dags/build_elt_with_dbt.py took 0.076 seconds
[2026-09-26T01:57:46.070+0000] {processor.py:186} INFO - Started process (PID=8049) to work on /opt/airflow/dags/build_elt_with_dbt.py
[2026-09-26T01:57:46.074+0000] {processor.py:914} INFO - Processing file /opt/airflow/dags/build_elt_with_dbt.py for tasks to queue
[2026-09-26T01:57:46.076+0000] {logging_mixin.py:190} INFO - [2026-09-26T01:57:46.075+0000] {dagbag.py:587} INFO - Filling up the DagBag from /opt/airflow/dags/build_elt_with_dbt.py
[2026-09-26T01:57:46.128+0000] {logging_mixin.py:190} INFO - [2026-09-26T01:57:46.128+0000] {base.py:84} INFO - Retrieving connection 'snowflake_conn'
[2026-09-26T01:57:46.140+0000] {processor.py:925} INFO - DAG(s) 'dbt_weather_analytics' retrieved from /opt/airflow/dags/build_elt_with_dbt.py
[2026-09-26T01:57:46.156+0000] {logging_mixin.py:190} INFO - [2026-09-26T01:57:46.155+0000] {dag.py:3229} INFO - Sync 1 DAGs
[2026-09-26T01:57:46.175+0000] {logging_mixin.py:190} INFO - [2026-09-26T01:57:46.174+0000] {dag.py:4156} INFO - Setting next_dagrun for dbt_weather_analytics to None, run_after=None
[2026-09-26T01:57:46.192+0000] {processor.py:208} INFO - Processing /opt/airflow/dags/build_elt_with_dbt.py took 0.134 seconds
[2026-09-26T01:58:16.592+0000] {processor.py:186} INFO - Started process (PID=8065) to work on /opt/airflow/dags/build_elt_with_dbt.py
[2026-09-26T01:58:16.596+0000] {processor.py:914} INFO - Processing file /opt/airflow/dags/build_elt_with_dbt.py for tasks to queue
[2026-09-26T01:58:16.603+0000] {logging_mixin.py:190} INFO - [2026-09-26T01:58:16.602+0000] {dagbag.py:587} INFO - Filling up the DagBag from /opt/airflow/dags/build_elt_with_dbt.py
[2026-09-26T01:58:16.644+0000] {logging_mixin.py:190} INFO - [2026-09-26T01:58:16.644+0000] {base.py:84} INFO - Retrieving connection 'snowflake_conn'
[2026-09-26T01:58:16.658+0000] {processor.py:925} INFO - DAG(s) 'dbt_weather_analytics' retrieved from /opt/airflow/dags/build_elt_with_dbt.py
[2026-09-26T01:58:16.669+0000] {logging_mixin.py:190} INFO - [2026-09-26T01:58:16.669+0000] {dag.py:3229} INFO - Sync 1 DAGs
[2026-09-26T01:58:16.691+0000] {logging_mixin.py:190} INFO - [2026-09-26T01:58:16.691+0000] {dag.py:4156} INFO - Setting next_dagrun for dbt_weather_analytics to None, run_after=None
[2026-09-26T01:58:16.705+0000] {processor.py:208} INFO - Processing /opt/airflow/dags/build_elt_with_dbt.py took 0.127 seconds
[2026-09-26T01:58:47.213+0000] {processor.py:186} INFO - Started process (PID=8081) to work on /opt/airflow/dags/build_elt_with_dbt.py
[2026-09-26T01:58:47.215+0000] {processor.py:914} INFO - Processing file /opt/airflow/dags/build_elt_with_dbt.py for tasks to queue
[2026-09-26T01:58:47.217+0000] {logging_mixin.py:190} INFO - [2026-09-26T01:58:47.216+0000] {dagbag.py:587} INFO - Filling up the DagBag from /opt/airflow/dags/build_elt_with_dbt.py
[2026-09-26T01:58:47.264+0000] {logging_mixin.py:190} INFO - [2026-09-26T01:58:47.264+0000] {base.py:84} INFO - Retrieving connection 'snowflake_conn'
[2026-09-26T01:58:47.276+0000] {processor.py:925} INFO - DAG(s) 'dbt_weather_analytics' retrieved from /opt/airflow/dags/build_elt_with_dbt.py
[2026-09-26T01:58:47.295+0000] {logging_mixin.py:190} INFO - [2026-09-26T01:58:47.295+0000] {dag.py:3229} INFO - Sync 1 DAGs
[2026-09-26T01:58:47.315+0000] {logging_mixin.py:190} INFO - [2026-09-26T01:58:47.315+0000] {dag.py:4156} INFO - Setting next_dagrun for dbt_weather_analytics to None, run_after=None
[2026-09-26T01:58:47.342+0000] {processor.py:208} INFO - Processing /opt/airflow/dags/build_elt_with_dbt.py took 0.151 seconds
[2026-09-26T01:59:17.728+0000] {processor.py:186} INFO - Started process (PID=8097) to work on /opt/airflow/dags/build_elt_with_dbt.py
[2026-09-26T01:59:17.730+0000] {processor.py:914} INFO - Processing file /opt/airflow/dags/build_elt_with_dbt.py for tasks to queue
[2026-09-26T01:59:17.731+0000] {logging_mixin.py:190} INFO - [2026-09-26T01:59:17.731+0000] {dagbag.py:587} INFO - Filling up the DagBag from /opt/airflow/dags/build_elt_with_dbt.py
[2026-09-26T01:59:17.755+0000] {logging_mixin.py:190} INFO - [2026-09-26T01:59:17.754+0000] {base.py:84} INFO - Retrieving connection 'snowflake_conn'
[2026-09-26T01:59:17.760+0000] {processor.py:925} INFO - DAG(s) 'dbt_weather_analytics' retrieved from /opt/airflow/dags/build_elt_with_dbt.py
[2026-09-26T01:59:17.766+0000] {logging_mixin.py:190} INFO - [2026-09-26T01:59:17.766+0000] {dag.py:3229} INFO - Sync 1 DAGs
[2026-09-26T01:59:17.776+0000] {logging_mixin.py:190} INFO - [2026-09-26T01:59:17.776+0000] {dag.py:4156} INFO - Setting next_dagrun for dbt_weather_analytics to None, run_after=None
[2026-09-26T01:59:17.788+0000] {processor.py:208} INFO - Processing /opt/airflow/dags/build_elt_with_dbt.py took 0.065 seconds
[2026-09-26T01:59:48.207+0000] {processor.py:186} INFO - Started process (PID=8113) to work on /opt/airflow/dags/build_elt_with_dbt.py
[2026-09-26T01:59:48.209+0000] {processor.py:914} INFO - Processing file /opt/airflow/dags/build_elt_with_dbt.py for tasks to queue
[2026-09-26T01:59:48.210+0000] {logging_mixin.py:190} INFO - [2026-09-26T01:59:48.210+0000] {dagbag.py:587} INFO - Filling up the DagBag from /opt/airflow/dags/build_elt_with_dbt.py
[2026-09-26T01:59:48.259+0000] {logging_mixin.py:190} INFO - [2026-09-26T01:59:48.258+0000] {base.py:84} INFO - Retrieving connection 'snowflake_conn'
[2026-09-26T01:59:48.266+0000] {processor.py:925} INFO - DAG(s) 'dbt_weather_analytics' retrieved from /opt/airflow/dags/build_elt_with_dbt.py
[2026-09-26T01:59:48.285+0000] {logging_mixin.py:190} INFO - [2026-09-26T01:59:48.285+0000] {dag.py:3229} INFO - Sync 1 DAGs
[2026-09-26T01:59:48.297+0000] {logging_mixin.py:190} INFO - [2026-09-26T01:59:48.297+0000] {dag.py:4156} INFO - Setting next_dagrun for dbt_weather_analytics to None, run_after=None
[2026-09-26T01:59:48.314+0000] {processor.py:208} INFO - Processing /opt/airflow/dags/build_elt_with_dbt.py took 0.123 seconds
[2026-09-26T02:00:18.708+0000] {processor.py:186} INFO - Started process (PID=8129) to work on /opt/airflow/dags/build_elt_with_dbt.py
[2026-09-26T02:00:18.709+0000] {processor.py:914} INFO - Processing file /opt/airflow/dags/build_elt_with_dbt.py for tasks to queue
[2026-09-26T02:00:18.710+0000] {logging_mixin.py:190} INFO - [2026-09-26T02:00:18.710+0000] {dagbag.py:587} INFO - Filling up the DagBag from /opt/airflow/dags/build_elt_with_dbt.py
[2026-09-26T02:00:18.732+0000] {logging_mixin.py:190} INFO - [2026-09-26T02:00:18.732+0000] {base.py:84} INFO - Retrieving connection 'snowflake_conn'
[2026-09-26T02:00:18.736+0000] {processor.py:925} INFO - DAG(s) 'dbt_weather_analytics' retrieved from /opt/airflow/dags/build_elt_with_dbt.py
[2026-09-26T02:00:18.751+0000] {logging_mixin.py:190} INFO - [2026-09-26T02:00:18.750+0000] {dag.py:3229} INFO - Sync 1 DAGs
[2026-09-26T02:00:18.763+0000] {logging_mixin.py:190} INFO - [2026-09-26T02:00:18.763+0000] {dag.py:4156} INFO - Setting next_dagrun for dbt_weather_analytics to None, run_after=None
[2026-09-26T02:00:18.780+0000] {processor.py:208} INFO - Processing /opt/airflow/dags/build_elt_with_dbt.py took 0.078 seconds
[2026-09-26T02:00:49.270+0000] {processor.py:186} INFO - Started process (PID=8144) to work on /opt/airflow/dags/build_elt_with_dbt.py
[2026-09-26T02:00:49.273+0000] {processor.py:914} INFO - Processing file /opt/airflow/dags/build_elt_with_dbt.py for tasks to queue
[2026-09-26T02:00:49.275+0000] {logging_mixin.py:190} INFO - [2026-09-26T02:00:49.274+0000] {dagbag.py:587} INFO - Filling up the DagBag from /opt/airflow/dags/build_elt_with_dbt.py
[2026-09-26T02:00:49.313+0000] {logging_mixin.py:190} INFO - [2026-09-26T02:00:49.313+0000] {base.py:84} INFO - Retrieving connection 'snowflake_conn'
[2026-09-26T02:00:49.322+0000] {processor.py:925} INFO - DAG(s) 'dbt_weather_analytics' retrieved from /opt/airflow/dags/build_elt_with_dbt.py
[2026-09-26T02:00:49.338+0000] {logging_mixin.py:190} INFO - [2026-09-26T02:00:49.338+0000] {dag.py:3229} INFO - Sync 1 DAGs
[2026-09-26T02:00:49.351+0000] {logging_mixin.py:190} INFO - [2026-09-26T02:00:49.350+0000] {dag.py:4156} INFO - Setting next_dagrun for dbt_weather_analytics to None, run_after=None
[2026-09-26T02:00:49.364+0000] {processor.py:208} INFO - Processing /opt/airflow/dags/build_elt_with_dbt.py took 0.109 seconds
[2026-09-26T02:01:19.811+0000] {processor.py:186} INFO - Started process (PID=8160) to work on /opt/airflow/dags/build_elt_with_dbt.py
[2026-09-26T02:01:19.815+0000] {processor.py:914} INFO - Processing file /opt/airflow/dags/build_elt_with_dbt.py for tasks to queue
[2026-09-26T02:01:19.816+0000] {logging_mixin.py:190} INFO - [2026-09-26T02:01:19.816+0000] {dagbag.py:587} INFO - Filling up the DagBag from /opt/airflow/dags/build_elt_with_dbt.py
[2026-09-26T02:01:19.847+0000] {logging_mixin.py:190} INFO - [2026-09-26T02:01:19.847+0000] {base.py:84} INFO - Retrieving connection 'snowflake_conn'
[2026-09-26T02:01:19.856+0000] {processor.py:925} INFO - DAG(s) 'dbt_weather_analytics' retrieved from /opt/airflow/dags/build_elt_with_dbt.py
[2026-09-26T02:01:19.869+0000] {logging_mixin.py:190} INFO - [2026-09-26T02:01:19.869+0000] {dag.py:3229} INFO - Sync 1 DAGs
[2026-09-26T02:01:19.884+0000] {logging_mixin.py:190} INFO - [2026-09-26T02:01:19.883+0000] {dag.py:4156} INFO - Setting next_dagrun for dbt_weather_analytics to None, run_after=None
[2026-09-26T02:01:19.903+0000] {processor.py:208} INFO - Processing /opt/airflow/dags/build_elt_with_dbt.py took 0.097 seconds
[2026-09-26T02:01:50.378+0000] {processor.py:186} INFO - Started process (PID=8177) to work on /opt/airflow/dags/build_elt_with_dbt.py
[2026-09-26T02:01:50.381+0000] {processor.py:914} INFO - Processing file /opt/airflow/dags/build_elt_with_dbt.py for tasks to queue
[2026-09-26T02:01:50.383+0000] {logging_mixin.py:190} INFO - [2026-09-26T02:01:50.382+0000] {dagbag.py:587} INFO - Filling up the DagBag from /opt/airflow/dags/build_elt_with_dbt.py
[2026-09-26T02:01:50.434+0000] {logging_mixin.py:190} INFO - [2026-09-26T02:01:50.434+0000] {base.py:84} INFO - Retrieving connection 'snowflake_conn'
[2026-09-26T02:01:50.446+0000] {processor.py:925} INFO - DAG(s) 'dbt_weather_analytics' retrieved from /opt/airflow/dags/build_elt_with_dbt.py
[2026-09-26T02:01:50.468+0000] {logging_mixin.py:190} INFO - [2026-09-26T02:01:50.467+0000] {dag.py:3229} INFO - Sync 1 DAGs
[2026-09-26T02:01:50.492+0000] {logging_mixin.py:190} INFO - [2026-09-26T02:01:50.492+0000] {dag.py:4156} INFO - Setting next_dagrun for dbt_weather_analytics to None, run_after=None
[2026-09-26T02:01:50.513+0000] {processor.py:208} INFO - Processing /opt/airflow/dags/build_elt_with_dbt.py took 0.147 seconds
[2026-09-26T02:02:20.952+0000] {processor.py:186} INFO - Started process (PID=8193) to work on /opt/airflow/dags/build_elt_with_dbt.py
[2026-09-26T02:02:20.954+0000] {processor.py:914} INFO - Processing file /opt/airflow/dags/build_elt_with_dbt.py for tasks to queue
[2026-09-26T02:02:20.958+0000] {logging_mixin.py:190} INFO - [2026-09-26T02:02:20.957+0000] {dagbag.py:587} INFO - Filling up the DagBag from /opt/airflow/dags/build_elt_with_dbt.py
[2026-09-26T02:02:21.006+0000] {logging_mixin.py:190} INFO - [2026-09-26T02:02:21.006+0000] {base.py:84} INFO - Retrieving connection 'snowflake_conn'
[2026-09-26T02:02:21.017+0000] {processor.py:925} INFO - DAG(s) 'dbt_weather_analytics' retrieved from /opt/airflow/dags/build_elt_with_dbt.py
[2026-09-26T02:02:21.038+0000] {logging_mixin.py:190} INFO - [2026-09-26T02:02:21.037+0000] {dag.py:3229} INFO - Sync 1 DAGs
[2026-09-26T02:02:21.051+0000] {logging_mixin.py:190} INFO - [2026-09-26T02:02:21.051+0000] {dag.py:4156} INFO - Setting next_dagrun for dbt_weather_analytics to None, run_after=None
[2026-09-26T02:02:21.069+0000] {processor.py:208} INFO - Processing /opt/airflow/dags/build_elt_with_dbt.py took 0.130 seconds
[2026-09-26T02:02:51.398+0000] {processor.py:186} INFO - Started process (PID=8209) to work on /opt/airflow/dags/build_elt_with_dbt.py
[2026-09-26T02:02:51.399+0000] {processor.py:914} INFO - Processing file /opt/airflow/dags/build_elt_with_dbt.py for tasks to queue
[2026-09-26T02:02:51.401+0000] {logging_mixin.py:190} INFO - [2026-09-26T02:02:51.400+0000] {dagbag.py:587} INFO - Filling up the DagBag from /opt/airflow/dags/build_elt_with_dbt.py
[2026-09-26T02:02:51.423+0000] {logging_mixin.py:190} INFO - [2026-09-26T02:02:51.423+0000] {base.py:84} INFO - Retrieving connection 'snowflake_conn'
[2026-09-26T02:02:51.427+0000] {processor.py:925} INFO - DAG(s) 'dbt_weather_analytics' retrieved from /opt/airflow/dags/build_elt_with_dbt.py
[2026-09-26T02:02:51.436+0000] {logging_mixin.py:190} INFO - [2026-09-26T02:02:51.436+0000] {dag.py:3229} INFO - Sync 1 DAGs
[2026-09-26T02:02:51.445+0000] {logging_mixin.py:190} INFO - [2026-09-26T02:02:51.445+0000] {dag.py:4156} INFO - Setting next_dagrun for dbt_weather_analytics to None, run_after=None
[2026-09-26T02:02:51.455+0000] {processor.py:208} INFO - Processing /opt/airflow/dags/build_elt_with_dbt.py took 0.062 seconds
[2026-09-26T02:03:22.403+0000] {processor.py:186} INFO - Started process (PID=8225) to work on /opt/airflow/dags/build_elt_with_dbt.py
[2026-09-26T02:03:22.406+0000] {processor.py:914} INFO - Processing file /opt/airflow/dags/build_elt_with_dbt.py for tasks to queue
[2026-09-26T02:03:22.410+0000] {logging_mixin.py:190} INFO - [2026-09-26T02:03:22.409+0000] {dagbag.py:587} INFO - Filling up the DagBag from /opt/airflow/dags/build_elt_with_dbt.py
[2026-09-26T02:03:22.516+0000] {logging_mixin.py:190} INFO - [2026-09-26T02:03:22.515+0000] {base.py:84} INFO - Retrieving connection 'snowflake_conn'
[2026-09-26T02:03:22.532+0000] {processor.py:925} INFO - DAG(s) 'dbt_weather_analytics' retrieved from /opt/airflow/dags/build_elt_with_dbt.py
[2026-09-26T02:03:22.560+0000] {logging_mixin.py:190} INFO - [2026-09-26T02:03:22.560+0000] {dag.py:3229} INFO - Sync 1 DAGs
[2026-09-26T02:03:22.591+0000] {logging_mixin.py:190} INFO - [2026-09-26T02:03:22.591+0000] {dag.py:4156} INFO - Setting next_dagrun for dbt_weather_analytics to None, run_after=None
[2026-09-26T02:03:22.632+0000] {processor.py:208} INFO - Processing /opt/airflow/dags/build_elt_with_dbt.py took 0.262 seconds
[2026-09-26T02:04:33.982+0000] {processor.py:186} INFO - Started process (PID=8241) to work on /opt/airflow/dags/build_elt_with_dbt.py
[2026-09-26T02:04:33.984+0000] {processor.py:914} INFO - Processing file /opt/airflow/dags/build_elt_with_dbt.py for tasks to queue
[2026-09-26T02:04:33.986+0000] {logging_mixin.py:190} INFO - [2026-09-26T02:04:33.986+0000] {dagbag.py:587} INFO - Filling up the DagBag from /opt/airflow/dags/build_elt_with_dbt.py
[2026-09-26T02:04:34.058+0000] {logging_mixin.py:190} INFO - [2026-09-26T02:04:34.058+0000] {base.py:84} INFO - Retrieving connection 'snowflake_conn'
[2026-09-26T02:04:34.065+0000] {processor.py:925} INFO - DAG(s) 'dbt_weather_analytics' retrieved from /opt/airflow/dags/build_elt_with_dbt.py
[2026-09-26T02:04:34.079+0000] {logging_mixin.py:190} INFO - [2026-09-26T02:04:34.079+0000] {dag.py:3229} INFO - Sync 1 DAGs
[2026-09-26T02:04:34.102+0000] {logging_mixin.py:190} INFO - [2026-09-26T02:04:34.102+0000] {dag.py:4156} INFO - Setting next_dagrun for dbt_weather_analytics to None, run_after=None
[2026-09-26T02:04:34.122+0000] {processor.py:208} INFO - Processing /opt/airflow/dags/build_elt_with_dbt.py took 0.163 seconds
[2026-09-26T02:05:04.620+0000] {processor.py:186} INFO - Started process (PID=8257) to work on /opt/airflow/dags/build_elt_with_dbt.py
[2026-09-26T02:05:04.623+0000] {processor.py:914} INFO - Processing file /opt/airflow/dags/build_elt_with_dbt.py for tasks to queue
[2026-09-26T02:05:04.624+0000] {logging_mixin.py:190} INFO - [2026-09-26T02:05:04.624+0000] {dagbag.py:587} INFO - Filling up the DagBag from /opt/airflow/dags/build_elt_with_dbt.py
[2026-09-26T02:05:04.652+0000] {logging_mixin.py:190} INFO - [2026-09-26T02:05:04.652+0000] {base.py:84} INFO - Retrieving connection 'snowflake_conn'
[2026-09-26T02:05:04.664+0000] {processor.py:925} INFO - DAG(s) 'dbt_weather_analytics' retrieved from /opt/airflow/dags/build_elt_with_dbt.py
[2026-09-26T02:05:04.676+0000] {logging_mixin.py:190} INFO - [2026-09-26T02:05:04.676+0000] {dag.py:3229} INFO - Sync 1 DAGs
[2026-09-26T02:05:04.688+0000] {logging_mixin.py:190} INFO - [2026-09-26T02:05:04.688+0000] {dag.py:4156} INFO - Setting next_dagrun for dbt_weather_analytics to None, run_after=None
[2026-09-26T02:05:04.702+0000] {processor.py:208} INFO - Processing /opt/airflow/dags/build_elt_with_dbt.py took 0.089 seconds
[2026-09-26T02:05:35.122+0000] {processor.py:186} INFO - Started process (PID=8273) to work on /opt/airflow/dags/build_elt_with_dbt.py
[2026-09-26T02:05:35.124+0000] {processor.py:914} INFO - Processing file /opt/airflow/dags/build_elt_with_dbt.py for tasks to queue
[2026-09-26T02:05:35.126+0000] {logging_mixin.py:190} INFO - [2026-09-26T02:05:35.126+0000] {dagbag.py:587} INFO - Filling up the DagBag from /opt/airflow/dags/build_elt_with_dbt.py
[2026-09-26T02:05:35.167+0000] {logging_mixin.py:190} INFO - [2026-09-26T02:05:35.166+0000] {base.py:84} INFO - Retrieving connection 'snowflake_conn'
[2026-09-26T02:05:35.173+0000] {processor.py:925} INFO - DAG(s) 'dbt_weather_analytics' retrieved from /opt/airflow/dags/build_elt_with_dbt.py
[2026-09-26T02:05:35.186+0000] {logging_mixin.py:190} INFO - [2026-09-26T02:05:35.185+0000] {dag.py:3229} INFO - Sync 1 DAGs
[2026-09-26T02:05:35.201+0000] {logging_mixin.py:190} INFO - [2026-09-26T02:05:35.201+0000] {dag.py:4156} INFO - Setting next_dagrun for dbt_weather_analytics to None, run_after=None
[2026-09-26T02:05:35.215+0000] {processor.py:208} INFO - Processing /opt/airflow/dags/build_elt_with_dbt.py took 0.106 seconds
[2026-09-26T02:06:05.560+0000] {processor.py:186} INFO - Started process (PID=8289) to work on /opt/airflow/dags/build_elt_with_dbt.py
[2026-09-26T02:06:05.562+0000] {processor.py:914} INFO - Processing file /opt/airflow/dags/build_elt_with_dbt.py for tasks to queue
[2026-09-26T02:06:05.563+0000] {logging_mixin.py:190} INFO - [2026-09-26T02:06:05.563+0000] {dagbag.py:587} INFO - Filling up the DagBag from /opt/airflow/dags/build_elt_with_dbt.py
[2026-09-26T02:06:05.583+0000] {logging_mixin.py:190} INFO - [2026-09-26T02:06:05.583+0000] {base.py:84} INFO - Retrieving connection 'snowflake_conn'
[2026-09-26T02:06:05.588+0000] {processor.py:925} INFO - DAG(s) 'dbt_weather_analytics' retrieved from /opt/airflow/dags/build_elt_with_dbt.py
[2026-09-26T02:06:05.599+0000] {logging_mixin.py:190} INFO - [2026-09-26T02:06:05.599+0000] {dag.py:3229} INFO - Sync 1 DAGs
[2026-09-26T02:06:05.609+0000] {logging_mixin.py:190} INFO - [2026-09-26T02:06:05.609+0000] {dag.py:4156} INFO - Setting next_dagrun for dbt_weather_analytics to None, run_after=None
[2026-09-26T02:06:05.623+0000] {processor.py:208} INFO - Processing /opt/airflow/dags/build_elt_with_dbt.py took 0.070 seconds
[2026-09-26T02:06:36.012+0000] {processor.py:186} INFO - Started process (PID=8305) to work on /opt/airflow/dags/build_elt_with_dbt.py
[2026-09-26T02:06:36.014+0000] {processor.py:914} INFO - Processing file /opt/airflow/dags/build_elt_with_dbt.py for tasks to queue
[2026-09-26T02:06:36.015+0000] {logging_mixin.py:190} INFO - [2026-09-26T02:06:36.014+0000] {dagbag.py:587} INFO - Filling up the DagBag from /opt/airflow/dags/build_elt_with_dbt.py
[2026-09-26T02:06:36.032+0000] {logging_mixin.py:190} INFO - [2026-09-26T02:06:36.032+0000] {base.py:84} INFO - Retrieving connection 'snowflake_conn'
[2026-09-26T02:06:36.038+0000] {processor.py:925} INFO - DAG(s) 'dbt_weather_analytics' retrieved from /opt/airflow/dags/build_elt_with_dbt.py
[2026-09-26T02:06:36.050+0000] {logging_mixin.py:190} INFO - [2026-09-26T02:06:36.050+0000] {dag.py:3229} INFO - Sync 1 DAGs
[2026-09-26T02:06:36.056+0000] {logging_mixin.py:190} INFO - [2026-09-26T02:06:36.056+0000] {dag.py:4156} INFO - Setting next_dagrun for dbt_weather_analytics to None, run_after=None
[2026-09-26T02:06:36.070+0000] {processor.py:208} INFO - Processing /opt/airflow/dags/build_elt_with_dbt.py took 0.064 seconds
[2026-09-26T02:07:06.399+0000] {processor.py:186} INFO - Started process (PID=8321) to work on /opt/airflow/dags/build_elt_with_dbt.py
[2026-09-26T02:07:06.403+0000] {processor.py:914} INFO - Processing file /opt/airflow/dags/build_elt_with_dbt.py for tasks to queue
[2026-09-26T02:07:06.404+0000] {logging_mixin.py:190} INFO - [2026-09-26T02:07:06.404+0000] {dagbag.py:587} INFO - Filling up the DagBag from /opt/airflow/dags/build_elt_with_dbt.py
[2026-09-26T02:07:06.439+0000] {logging_mixin.py:190} INFO - [2026-09-26T02:07:06.438+0000] {base.py:84} INFO - Retrieving connection 'snowflake_conn'
[2026-09-26T02:07:06.449+0000] {processor.py:925} INFO - DAG(s) 'dbt_weather_analytics' retrieved from /opt/airflow/dags/build_elt_with_dbt.py
[2026-09-26T02:07:06.463+0000] {logging_mixin.py:190} INFO - [2026-09-26T02:07:06.463+0000] {dag.py:3229} INFO - Sync 1 DAGs
[2026-09-26T02:07:06.479+0000] {logging_mixin.py:190} INFO - [2026-09-26T02:07:06.479+0000] {dag.py:4156} INFO - Setting next_dagrun for dbt_weather_analytics to None, run_after=None
[2026-09-26T02:07:06.496+0000] {processor.py:208} INFO - Processing /opt/airflow/dags/build_elt_with_dbt.py took 0.102 seconds
[2026-09-26T02:07:36.908+0000] {processor.py:186} INFO - Started process (PID=8337) to work on /opt/airflow/dags/build_elt_with_dbt.py
[2026-09-26T02:07:36.909+0000] {processor.py:914} INFO - Processing file /opt/airflow/dags/build_elt_with_dbt.py for tasks to queue
[2026-09-26T02:07:36.910+0000] {logging_mixin.py:190} INFO - [2026-09-26T02:07:36.910+0000] {dagbag.py:587} INFO - Filling up the DagBag from /opt/airflow/dags/build_elt_with_dbt.py
[2026-09-26T02:07:36.940+0000] {logging_mixin.py:190} INFO - [2026-09-26T02:07:36.940+0000] {base.py:84} INFO - Retrieving connection 'snowflake_conn'
[2026-09-26T02:07:36.947+0000] {processor.py:925} INFO - DAG(s) 'dbt_weather_analytics' retrieved from /opt/airflow/dags/build_elt_with_dbt.py
[2026-09-26T02:07:36.957+0000] {logging_mixin.py:190} INFO - [2026-09-26T02:07:36.957+0000] {dag.py:3229} INFO - Sync 1 DAGs
[2026-09-26T02:07:36.966+0000] {logging_mixin.py:190} INFO - [2026-09-26T02:07:36.966+0000] {dag.py:4156} INFO - Setting next_dagrun for dbt_weather_analytics to None, run_after=None
[2026-09-26T02:07:36.984+0000] {processor.py:208} INFO - Processing /opt/airflow/dags/build_elt_with_dbt.py took 0.081 seconds
[2026-09-26T02:08:07.339+0000] {processor.py:186} INFO - Started process (PID=8353) to work on /opt/airflow/dags/build_elt_with_dbt.py
[2026-09-26T02:08:07.341+0000] {processor.py:914} INFO - Processing file /opt/airflow/dags/build_elt_with_dbt.py for tasks to queue
[2026-09-26T02:08:07.343+0000] {logging_mixin.py:190} INFO - [2026-09-26T02:08:07.342+0000] {dagbag.py:587} INFO - Filling up the DagBag from /opt/airflow/dags/build_elt_with_dbt.py
[2026-09-26T02:08:07.380+0000] {logging_mixin.py:190} INFO - [2026-09-26T02:08:07.380+0000] {base.py:84} INFO - Retrieving connection 'snowflake_conn'
[2026-09-26T02:08:07.391+0000] {processor.py:925} INFO - DAG(s) 'dbt_weather_analytics' retrieved from /opt/airflow/dags/build_elt_with_dbt.py
[2026-09-26T02:08:07.406+0000] {logging_mixin.py:190} INFO - [2026-09-26T02:08:07.406+0000] {dag.py:3229} INFO - Sync 1 DAGs
[2026-09-26T02:08:07.421+0000] {logging_mixin.py:190} INFO - [2026-09-26T02:08:07.421+0000] {dag.py:4156} INFO - Setting next_dagrun for dbt_weather_analytics to None, run_after=None
[2026-09-26T02:08:07.438+0000] {processor.py:208} INFO - Processing /opt/airflow/dags/build_elt_with_dbt.py took 0.106 seconds
[2026-09-26T02:08:37.853+0000] {processor.py:186} INFO - Started process (PID=8369) to work on /opt/airflow/dags/build_elt_with_dbt.py
[2026-09-26T02:08:37.855+0000] {processor.py:914} INFO - Processing file /opt/airflow/dags/build_elt_with_dbt.py for tasks to queue
[2026-09-26T02:08:37.855+0000] {logging_mixin.py:190} INFO - [2026-09-26T02:08:37.855+0000] {dagbag.py:587} INFO - Filling up the DagBag from /opt/airflow/dags/build_elt_with_dbt.py
[2026-09-26T02:08:37.873+0000] {logging_mixin.py:190} INFO - [2026-09-26T02:08:37.873+0000] {base.py:84} INFO - Retrieving connection 'snowflake_conn'
[2026-09-26T02:08:37.877+0000] {processor.py:925} INFO - DAG(s) 'dbt_weather_analytics' retrieved from /opt/airflow/dags/build_elt_with_dbt.py
[2026-09-26T02:08:37.885+0000] {logging_mixin.py:190} INFO - [2026-09-26T02:08:37.885+0000] {dag.py:3229} INFO - Sync 1 DAGs
[2026-09-26T02:08:37.893+0000] {logging_mixin.py:190} INFO - [2026-09-26T02:08:37.893+0000] {dag.py:4156} INFO - Setting next_dagrun for dbt_weather_analytics to None, run_after=None
[2026-09-26T02:08:37.906+0000] {processor.py:208} INFO - Processing /opt/airflow/dags/build_elt_with_dbt.py took 0.057 seconds
[2026-09-26T02:09:08.312+0000] {processor.py:186} INFO - Started process (PID=8385) to work on /opt/airflow/dags/build_elt_with_dbt.py
[2026-09-26T02:09:08.316+0000] {processor.py:914} INFO - Processing file /opt/airflow/dags/build_elt_with_dbt.py for tasks to queue
[2026-09-26T02:09:08.317+0000] {logging_mixin.py:190} INFO - [2026-09-26T02:09:08.317+0000] {dagbag.py:587} INFO - Filling up the DagBag from /opt/airflow/dags/build_elt_with_dbt.py
[2026-09-26T02:09:08.335+0000] {logging_mixin.py:190} INFO - [2026-09-26T02:09:08.335+0000] {base.py:84} INFO - Retrieving connection 'snowflake_conn'
[2026-09-26T02:09:08.340+0000] {processor.py:925} INFO - DAG(s) 'dbt_weather_analytics' retrieved from /opt/airflow/dags/build_elt_with_dbt.py
[2026-09-26T02:09:08.351+0000] {logging_mixin.py:190} INFO - [2026-09-26T02:09:08.351+0000] {dag.py:3229} INFO - Sync 1 DAGs
[2026-09-26T02:09:08.362+0000] {logging_mixin.py:190} INFO - [2026-09-26T02:09:08.361+0000] {dag.py:4156} INFO - Setting next_dagrun for dbt_weather_analytics to None, run_after=None
[2026-09-26T02:09:08.375+0000] {processor.py:208} INFO - Processing /opt/airflow/dags/build_elt_with_dbt.py took 0.070 seconds
[2026-09-26T02:09:38.740+0000] {processor.py:186} INFO - Started process (PID=8401) to work on /opt/airflow/dags/build_elt_with_dbt.py
[2026-09-26T02:09:38.741+0000] {processor.py:914} INFO - Processing file /opt/airflow/dags/build_elt_with_dbt.py for tasks to queue
[2026-09-26T02:09:38.742+0000] {logging_mixin.py:190} INFO - [2026-09-26T02:09:38.742+0000] {dagbag.py:587} INFO - Filling up the DagBag from /opt/airflow/dags/build_elt_with_dbt.py
[2026-09-26T02:09:38.762+0000] {logging_mixin.py:190} INFO - [2026-09-26T02:09:38.762+0000] {base.py:84} INFO - Retrieving connection 'snowflake_conn'
[2026-09-26T02:09:38.767+0000] {processor.py:925} INFO - DAG(s) 'dbt_weather_analytics' retrieved from /opt/airflow/dags/build_elt_with_dbt.py
[2026-09-26T02:09:38.776+0000] {logging_mixin.py:190} INFO - [2026-09-26T02:09:38.776+0000] {dag.py:3229} INFO - Sync 1 DAGs
[2026-09-26T02:09:38.786+0000] {logging_mixin.py:190} INFO - [2026-09-26T02:09:38.786+0000] {dag.py:4156} INFO - Setting next_dagrun for dbt_weather_analytics to None, run_after=None
[2026-09-26T02:09:38.798+0000] {processor.py:208} INFO - Processing /opt/airflow/dags/build_elt_with_dbt.py took 0.063 seconds
[2026-09-26T02:10:09.180+0000] {processor.py:186} INFO - Started process (PID=8417) to work on /opt/airflow/dags/build_elt_with_dbt.py
[2026-09-26T02:10:09.181+0000] {processor.py:914} INFO - Processing file /opt/airflow/dags/build_elt_with_dbt.py for tasks to queue
[2026-09-26T02:10:09.182+0000] {logging_mixin.py:190} INFO - [2026-09-26T02:10:09.182+0000] {dagbag.py:587} INFO - Filling up the DagBag from /opt/airflow/dags/build_elt_with_dbt.py
[2026-09-26T02:10:09.199+0000] {logging_mixin.py:190} INFO - [2026-09-26T02:10:09.199+0000] {base.py:84} INFO - Retrieving connection 'snowflake_conn'
[2026-09-26T02:10:09.204+0000] {processor.py:925} INFO - DAG(s) 'dbt_weather_analytics' retrieved from /opt/airflow/dags/build_elt_with_dbt.py
[2026-09-26T02:10:09.212+0000] {logging_mixin.py:190} INFO - [2026-09-26T02:10:09.212+0000] {dag.py:3229} INFO - Sync 1 DAGs
[2026-09-26T02:10:09.218+0000] {logging_mixin.py:190} INFO - [2026-09-26T02:10:09.218+0000] {dag.py:4156} INFO - Setting next_dagrun for dbt_weather_analytics to None, run_after=None
[2026-09-26T02:10:09.231+0000] {processor.py:208} INFO - Processing /opt/airflow/dags/build_elt_with_dbt.py took 0.055 seconds
[2026-09-26T02:10:39.568+0000] {processor.py:186} INFO - Started process (PID=8433) to work on /opt/airflow/dags/build_elt_with_dbt.py
[2026-09-26T02:10:39.570+0000] {processor.py:914} INFO - Processing file /opt/airflow/dags/build_elt_with_dbt.py for tasks to queue
[2026-09-26T02:10:39.571+0000] {logging_mixin.py:190} INFO - [2026-09-26T02:10:39.571+0000] {dagbag.py:587} INFO - Filling up the DagBag from /opt/airflow/dags/build_elt_with_dbt.py
[2026-09-26T02:10:39.589+0000] {logging_mixin.py:190} INFO - [2026-09-26T02:10:39.589+0000] {base.py:84} INFO - Retrieving connection 'snowflake_conn'
[2026-09-26T02:10:39.595+0000] {processor.py:925} INFO - DAG(s) 'dbt_weather_analytics' retrieved from /opt/airflow/dags/build_elt_with_dbt.py
[2026-09-26T02:10:39.604+0000] {logging_mixin.py:190} INFO - [2026-09-26T02:10:39.604+0000] {dag.py:3229} INFO - Sync 1 DAGs
[2026-09-26T02:10:39.613+0000] {logging_mixin.py:190} INFO - [2026-09-26T02:10:39.613+0000] {dag.py:4156} INFO - Setting next_dagrun for dbt_weather_analytics to None, run_after=None
[2026-09-26T02:10:39.625+0000] {processor.py:208} INFO - Processing /opt/airflow/dags/build_elt_with_dbt.py took 0.061 seconds
[2026-09-26T02:11:09.982+0000] {processor.py:186} INFO - Started process (PID=8449) to work on /opt/airflow/dags/build_elt_with_dbt.py
[2026-09-26T02:11:09.985+0000] {processor.py:914} INFO - Processing file /opt/airflow/dags/build_elt_with_dbt.py for tasks to queue
[2026-09-26T02:11:09.986+0000] {logging_mixin.py:190} INFO - [2026-09-26T02:11:09.986+0000] {dagbag.py:587} INFO - Filling up the DagBag from /opt/airflow/dags/build_elt_with_dbt.py
[2026-09-26T02:11:10.025+0000] {logging_mixin.py:190} INFO - [2026-09-26T02:11:10.024+0000] {base.py:84} INFO - Retrieving connection 'snowflake_conn'
[2026-09-26T02:11:10.031+0000] {processor.py:925} INFO - DAG(s) 'dbt_weather_analytics' retrieved from /opt/airflow/dags/build_elt_with_dbt.py
[2026-09-26T02:11:10.047+0000] {logging_mixin.py:190} INFO - [2026-09-26T02:11:10.047+0000] {dag.py:3229} INFO - Sync 1 DAGs
[2026-09-26T02:11:10.063+0000] {logging_mixin.py:190} INFO - [2026-09-26T02:11:10.063+0000] {dag.py:4156} INFO - Setting next_dagrun for dbt_weather_analytics to None, run_after=None
[2026-09-26T02:11:10.083+0000] {processor.py:208} INFO - Processing /opt/airflow/dags/build_elt_with_dbt.py took 0.111 seconds
[2026-09-26T02:11:40.482+0000] {processor.py:186} INFO - Started process (PID=8465) to work on /opt/airflow/dags/build_elt_with_dbt.py
[2026-09-26T02:11:40.490+0000] {processor.py:914} INFO - Processing file /opt/airflow/dags/build_elt_with_dbt.py for tasks to queue
[2026-09-26T02:11:40.491+0000] {logging_mixin.py:190} INFO - [2026-09-26T02:11:40.491+0000] {dagbag.py:587} INFO - Filling up the DagBag from /opt/airflow/dags/build_elt_with_dbt.py
[2026-09-26T02:11:40.546+0000] {logging_mixin.py:190} INFO - [2026-09-26T02:11:40.546+0000] {base.py:84} INFO - Retrieving connection 'snowflake_conn'
[2026-09-26T02:11:40.556+0000] {processor.py:925} INFO - DAG(s) 'dbt_weather_analytics' retrieved from /opt/airflow/dags/build_elt_with_dbt.py
[2026-09-26T02:11:40.570+0000] {logging_mixin.py:190} INFO - [2026-09-26T02:11:40.569+0000] {dag.py:3229} INFO - Sync 1 DAGs
[2026-09-26T02:11:40.594+0000] {logging_mixin.py:190} INFO - [2026-09-26T02:11:40.593+0000] {dag.py:4156} INFO - Setting next_dagrun for dbt_weather_analytics to None, run_after=None
[2026-09-26T02:11:40.616+0000] {processor.py:208} INFO - Processing /opt/airflow/dags/build_elt_with_dbt.py took 0.152 seconds
[2026-09-26T02:12:11.054+0000] {processor.py:186} INFO - Started process (PID=8481) to work on /opt/airflow/dags/build_elt_with_dbt.py
[2026-09-26T02:12:11.057+0000] {processor.py:914} INFO - Processing file /opt/airflow/dags/build_elt_with_dbt.py for tasks to queue
[2026-09-26T02:12:11.062+0000] {logging_mixin.py:190} INFO - [2026-09-26T02:12:11.060+0000] {dagbag.py:587} INFO - Filling up the DagBag from /opt/airflow/dags/build_elt_with_dbt.py
[2026-09-26T02:12:11.104+0000] {logging_mixin.py:190} INFO - [2026-09-26T02:12:11.104+0000] {base.py:84} INFO - Retrieving connection 'snowflake_conn'
[2026-09-26T02:12:11.114+0000] {processor.py:925} INFO - DAG(s) 'dbt_weather_analytics' retrieved from /opt/airflow/dags/build_elt_with_dbt.py
[2026-09-26T02:12:11.140+0000] {logging_mixin.py:190} INFO - [2026-09-26T02:12:11.140+0000] {dag.py:3229} INFO - Sync 1 DAGs
[2026-09-26T02:12:11.159+0000] {logging_mixin.py:190} INFO - [2026-09-26T02:12:11.159+0000] {dag.py:4156} INFO - Setting next_dagrun for dbt_weather_analytics to None, run_after=None
[2026-09-26T02:12:11.176+0000] {processor.py:208} INFO - Processing /opt/airflow/dags/build_elt_with_dbt.py took 0.140 seconds
[2026-09-26T02:12:41.482+0000] {processor.py:186} INFO - Started process (PID=8497) to work on /opt/airflow/dags/build_elt_with_dbt.py
[2026-09-26T02:12:41.484+0000] {processor.py:914} INFO - Processing file /opt/airflow/dags/build_elt_with_dbt.py for tasks to queue
[2026-09-26T02:12:41.487+0000] {logging_mixin.py:190} INFO - [2026-09-26T02:12:41.487+0000] {dagbag.py:587} INFO - Filling up the DagBag from /opt/airflow/dags/build_elt_with_dbt.py
[2026-09-26T02:12:41.525+0000] {logging_mixin.py:190} INFO - [2026-09-26T02:12:41.524+0000] {base.py:84} INFO - Retrieving connection 'snowflake_conn'
[2026-09-26T02:12:41.535+0000] {processor.py:925} INFO - DAG(s) 'dbt_weather_analytics' retrieved from /opt/airflow/dags/build_elt_with_dbt.py
[2026-09-26T02:12:41.552+0000] {logging_mixin.py:190} INFO - [2026-09-26T02:12:41.552+0000] {dag.py:3229} INFO - Sync 1 DAGs
[2026-09-26T02:12:41.569+0000] {logging_mixin.py:190} INFO - [2026-09-26T02:12:41.568+0000] {dag.py:4156} INFO - Setting next_dagrun for dbt_weather_analytics to None, run_after=None
[2026-09-26T02:12:41.595+0000] {processor.py:208} INFO - Processing /opt/airflow/dags/build_elt_with_dbt.py took 0.121 seconds
[2026-09-26T02:13:12.022+0000] {processor.py:186} INFO - Started process (PID=8513) to work on /opt/airflow/dags/build_elt_with_dbt.py
[2026-09-26T02:13:12.024+0000] {processor.py:914} INFO - Processing file /opt/airflow/dags/build_elt_with_dbt.py for tasks to queue
[2026-09-26T02:13:12.026+0000] {logging_mixin.py:190} INFO - [2026-09-26T02:13:12.025+0000] {dagbag.py:587} INFO - Filling up the DagBag from /opt/airflow/dags/build_elt_with_dbt.py
[2026-09-26T02:13:12.057+0000] {logging_mixin.py:190} INFO - [2026-09-26T02:13:12.057+0000] {base.py:84} INFO - Retrieving connection 'snowflake_conn'
[2026-09-26T02:13:12.062+0000] {processor.py:925} INFO - DAG(s) 'dbt_weather_analytics' retrieved from /opt/airflow/dags/build_elt_with_dbt.py
[2026-09-26T02:13:12.073+0000] {logging_mixin.py:190} INFO - [2026-09-26T02:13:12.073+0000] {dag.py:3229} INFO - Sync 1 DAGs
[2026-09-26T02:13:12.083+0000] {logging_mixin.py:190} INFO - [2026-09-26T02:13:12.083+0000] {dag.py:4156} INFO - Setting next_dagrun for dbt_weather_analytics to None, run_after=None
[2026-09-26T02:13:12.098+0000] {processor.py:208} INFO - Processing /opt/airflow/dags/build_elt_with_dbt.py took 0.084 seconds
[2026-09-26T02:13:42.687+0000] {processor.py:186} INFO - Started process (PID=8529) to work on /opt/airflow/dags/build_elt_with_dbt.py
[2026-09-26T02:13:42.692+0000] {processor.py:914} INFO - Processing file /opt/airflow/dags/build_elt_with_dbt.py for tasks to queue
[2026-09-26T02:13:42.700+0000] {logging_mixin.py:190} INFO - [2026-09-26T02:13:42.695+0000] {dagbag.py:587} INFO - Filling up the DagBag from /opt/airflow/dags/build_elt_with_dbt.py
[2026-09-26T02:13:42.823+0000] {logging_mixin.py:190} INFO - [2026-09-26T02:13:42.823+0000] {base.py:84} INFO - Retrieving connection 'snowflake_conn'
[2026-09-26T02:13:42.837+0000] {processor.py:925} INFO - DAG(s) 'dbt_weather_analytics' retrieved from /opt/airflow/dags/build_elt_with_dbt.py
[2026-09-26T02:13:42.858+0000] {logging_mixin.py:190} INFO - [2026-09-26T02:13:42.857+0000] {dag.py:3229} INFO - Sync 1 DAGs
[2026-09-26T02:13:42.875+0000] {logging_mixin.py:190} INFO - [2026-09-26T02:13:42.875+0000] {dag.py:4156} INFO - Setting next_dagrun for dbt_weather_analytics to None, run_after=None
[2026-09-26T02:13:42.895+0000] {processor.py:208} INFO - Processing /opt/airflow/dags/build_elt_with_dbt.py took 0.242 seconds
[2026-09-26T02:14:13.316+0000] {processor.py:186} INFO - Started process (PID=8545) to work on /opt/airflow/dags/build_elt_with_dbt.py
[2026-09-26T02:14:13.320+0000] {processor.py:914} INFO - Processing file /opt/airflow/dags/build_elt_with_dbt.py for tasks to queue
[2026-09-26T02:14:13.323+0000] {logging_mixin.py:190} INFO - [2026-09-26T02:14:13.323+0000] {dagbag.py:587} INFO - Filling up the DagBag from /opt/airflow/dags/build_elt_with_dbt.py
[2026-09-26T02:14:13.371+0000] {logging_mixin.py:190} INFO - [2026-09-26T02:14:13.370+0000] {base.py:84} INFO - Retrieving connection 'snowflake_conn'
[2026-09-26T02:14:13.385+0000] {processor.py:925} INFO - DAG(s) 'dbt_weather_analytics' retrieved from /opt/airflow/dags/build_elt_with_dbt.py
[2026-09-26T02:14:13.407+0000] {logging_mixin.py:190} INFO - [2026-09-26T02:14:13.407+0000] {dag.py:3229} INFO - Sync 1 DAGs
[2026-09-26T02:14:13.422+0000] {logging_mixin.py:190} INFO - [2026-09-26T02:14:13.422+0000] {dag.py:4156} INFO - Setting next_dagrun for dbt_weather_analytics to None, run_after=None
[2026-09-26T02:14:13.436+0000] {processor.py:208} INFO - Processing /opt/airflow/dags/build_elt_with_dbt.py took 0.137 seconds
[2026-09-26T02:14:43.829+0000] {processor.py:186} INFO - Started process (PID=8561) to work on /opt/airflow/dags/build_elt_with_dbt.py
[2026-09-26T02:14:43.831+0000] {processor.py:914} INFO - Processing file /opt/airflow/dags/build_elt_with_dbt.py for tasks to queue
[2026-09-26T02:14:43.832+0000] {logging_mixin.py:190} INFO - [2026-09-26T02:14:43.832+0000] {dagbag.py:587} INFO - Filling up the DagBag from /opt/airflow/dags/build_elt_with_dbt.py
[2026-09-26T02:14:43.863+0000] {logging_mixin.py:190} INFO - [2026-09-26T02:14:43.863+0000] {base.py:84} INFO - Retrieving connection 'snowflake_conn'
[2026-09-26T02:14:43.872+0000] {processor.py:925} INFO - DAG(s) 'dbt_weather_analytics' retrieved from /opt/airflow/dags/build_elt_with_dbt.py
[2026-09-26T02:14:43.880+0000] {logging_mixin.py:190} INFO - [2026-09-26T02:14:43.879+0000] {dag.py:3229} INFO - Sync 1 DAGs
[2026-09-26T02:14:43.893+0000] {logging_mixin.py:190} INFO - [2026-09-26T02:14:43.892+0000] {dag.py:4156} INFO - Setting next_dagrun for dbt_weather_analytics to None, run_after=None
[2026-09-26T02:14:43.906+0000] {processor.py:208} INFO - Processing /opt/airflow/dags/build_elt_with_dbt.py took 0.082 seconds
[2026-09-26T02:15:14.308+0000] {processor.py:186} INFO - Started process (PID=8577) to work on /opt/airflow/dags/build_elt_with_dbt.py
[2026-09-26T02:15:14.313+0000] {processor.py:914} INFO - Processing file /opt/airflow/dags/build_elt_with_dbt.py for tasks to queue
[2026-09-26T02:15:14.315+0000] {logging_mixin.py:190} INFO - [2026-09-26T02:15:14.314+0000] {dagbag.py:587} INFO - Filling up the DagBag from /opt/airflow/dags/build_elt_with_dbt.py
[2026-09-26T02:15:14.348+0000] {logging_mixin.py:190} INFO - [2026-09-26T02:15:14.347+0000] {base.py:84} INFO - Retrieving connection 'snowflake_conn'
[2026-09-26T02:15:14.355+0000] {processor.py:925} INFO - DAG(s) 'dbt_weather_analytics' retrieved from /opt/airflow/dags/build_elt_with_dbt.py
[2026-09-26T02:15:14.371+0000] {logging_mixin.py:190} INFO - [2026-09-26T02:15:14.370+0000] {dag.py:3229} INFO - Sync 1 DAGs
[2026-09-26T02:15:14.382+0000] {logging_mixin.py:190} INFO - [2026-09-26T02:15:14.382+0000] {dag.py:4156} INFO - Setting next_dagrun for dbt_weather_analytics to None, run_after=None
[2026-09-26T02:15:14.394+0000] {processor.py:208} INFO - Processing /opt/airflow/dags/build_elt_with_dbt.py took 0.093 seconds
[2026-09-26T02:15:44.798+0000] {processor.py:186} INFO - Started process (PID=8593) to work on /opt/airflow/dags/build_elt_with_dbt.py
[2026-09-26T02:15:44.799+0000] {processor.py:914} INFO - Processing file /opt/airflow/dags/build_elt_with_dbt.py for tasks to queue
[2026-09-26T02:15:44.801+0000] {logging_mixin.py:190} INFO - [2026-09-26T02:15:44.800+0000] {dagbag.py:587} INFO - Filling up the DagBag from /opt/airflow/dags/build_elt_with_dbt.py
[2026-09-26T02:15:44.825+0000] {logging_mixin.py:190} INFO - [2026-09-26T02:15:44.825+0000] {base.py:84} INFO - Retrieving connection 'snowflake_conn'
[2026-09-26T02:15:44.830+0000] {processor.py:925} INFO - DAG(s) 'dbt_weather_analytics' retrieved from /opt/airflow/dags/build_elt_with_dbt.py
[2026-09-26T02:15:44.841+0000] {logging_mixin.py:190} INFO - [2026-09-26T02:15:44.841+0000] {dag.py:3229} INFO - Sync 1 DAGs
[2026-09-26T02:15:44.850+0000] {logging_mixin.py:190} INFO - [2026-09-26T02:15:44.850+0000] {dag.py:4156} INFO - Setting next_dagrun for dbt_weather_analytics to None, run_after=None
[2026-09-26T02:15:44.865+0000] {processor.py:208} INFO - Processing /opt/airflow/dags/build_elt_with_dbt.py took 0.073 seconds
[2026-09-26T02:16:15.217+0000] {processor.py:186} INFO - Started process (PID=8609) to work on /opt/airflow/dags/build_elt_with_dbt.py
[2026-09-26T02:16:15.219+0000] {processor.py:914} INFO - Processing file /opt/airflow/dags/build_elt_with_dbt.py for tasks to queue
[2026-09-26T02:16:15.221+0000] {logging_mixin.py:190} INFO - [2026-09-26T02:16:15.221+0000] {dagbag.py:587} INFO - Filling up the DagBag from /opt/airflow/dags/build_elt_with_dbt.py
[2026-09-26T02:16:15.253+0000] {logging_mixin.py:190} INFO - [2026-09-26T02:16:15.253+0000] {base.py:84} INFO - Retrieving connection 'snowflake_conn'
[2026-09-26T02:16:15.259+0000] {processor.py:925} INFO - DAG(s) 'dbt_weather_analytics' retrieved from /opt/airflow/dags/build_elt_with_dbt.py
[2026-09-26T02:16:15.272+0000] {logging_mixin.py:190} INFO - [2026-09-26T02:16:15.272+0000] {dag.py:3229} INFO - Sync 1 DAGs
[2026-09-26T02:16:15.285+0000] {logging_mixin.py:190} INFO - [2026-09-26T02:16:15.285+0000] {dag.py:4156} INFO - Setting next_dagrun for dbt_weather_analytics to None, run_after=None
[2026-09-26T02:16:15.305+0000] {processor.py:208} INFO - Processing /opt/airflow/dags/build_elt_with_dbt.py took 0.093 seconds
[2026-09-26T02:16:45.664+0000] {processor.py:186} INFO - Started process (PID=8625) to work on /opt/airflow/dags/build_elt_with_dbt.py
[2026-09-26T02:16:45.666+0000] {processor.py:914} INFO - Processing file /opt/airflow/dags/build_elt_with_dbt.py for tasks to queue
[2026-09-26T02:16:45.668+0000] {logging_mixin.py:190} INFO - [2026-09-26T02:16:45.668+0000] {dagbag.py:587} INFO - Filling up the DagBag from /opt/airflow/dags/build_elt_with_dbt.py
[2026-09-26T02:16:45.693+0000] {logging_mixin.py:190} INFO - [2026-09-26T02:16:45.693+0000] {base.py:84} INFO - Retrieving connection 'snowflake_conn'
[2026-09-26T02:16:45.696+0000] {processor.py:925} INFO - DAG(s) 'dbt_weather_analytics' retrieved from /opt/airflow/dags/build_elt_with_dbt.py
[2026-09-26T02:16:45.704+0000] {logging_mixin.py:190} INFO - [2026-09-26T02:16:45.704+0000] {dag.py:3229} INFO - Sync 1 DAGs
[2026-09-26T02:16:45.712+0000] {logging_mixin.py:190} INFO - [2026-09-26T02:16:45.712+0000] {dag.py:4156} INFO - Setting next_dagrun for dbt_weather_analytics to None, run_after=None
[2026-09-26T02:16:45.722+0000] {processor.py:208} INFO - Processing /opt/airflow/dags/build_elt_with_dbt.py took 0.066 seconds
[2026-09-26T02:17:16.156+0000] {processor.py:186} INFO - Started process (PID=8640) to work on /opt/airflow/dags/build_elt_with_dbt.py
[2026-09-26T02:17:16.160+0000] {processor.py:914} INFO - Processing file /opt/airflow/dags/build_elt_with_dbt.py for tasks to queue
[2026-09-26T02:17:16.161+0000] {logging_mixin.py:190} INFO - [2026-09-26T02:17:16.161+0000] {dagbag.py:587} INFO - Filling up the DagBag from /opt/airflow/dags/build_elt_with_dbt.py
[2026-09-26T02:17:16.219+0000] {logging_mixin.py:190} INFO - [2026-09-26T02:17:16.219+0000] {base.py:84} INFO - Retrieving connection 'snowflake_conn'
[2026-09-26T02:17:16.233+0000] {processor.py:925} INFO - DAG(s) 'dbt_weather_analytics' retrieved from /opt/airflow/dags/build_elt_with_dbt.py
[2026-09-26T02:17:16.253+0000] {logging_mixin.py:190} INFO - [2026-09-26T02:17:16.253+0000] {dag.py:3229} INFO - Sync 1 DAGs
[2026-09-26T02:17:16.268+0000] {logging_mixin.py:190} INFO - [2026-09-26T02:17:16.268+0000] {dag.py:4156} INFO - Setting next_dagrun for dbt_weather_analytics to None, run_after=None
[2026-09-26T02:17:16.281+0000] {processor.py:208} INFO - Processing /opt/airflow/dags/build_elt_with_dbt.py took 0.140 seconds
[2026-09-26T02:17:46.701+0000] {processor.py:186} INFO - Started process (PID=8657) to work on /opt/airflow/dags/build_elt_with_dbt.py
[2026-09-26T02:17:46.703+0000] {processor.py:914} INFO - Processing file /opt/airflow/dags/build_elt_with_dbt.py for tasks to queue
[2026-09-26T02:17:46.704+0000] {logging_mixin.py:190} INFO - [2026-09-26T02:17:46.704+0000] {dagbag.py:587} INFO - Filling up the DagBag from /opt/airflow/dags/build_elt_with_dbt.py
[2026-09-26T02:17:46.724+0000] {logging_mixin.py:190} INFO - [2026-09-26T02:17:46.723+0000] {base.py:84} INFO - Retrieving connection 'snowflake_conn'
[2026-09-26T02:17:46.729+0000] {processor.py:925} INFO - DAG(s) 'dbt_weather_analytics' retrieved from /opt/airflow/dags/build_elt_with_dbt.py
[2026-09-26T02:17:46.740+0000] {logging_mixin.py:190} INFO - [2026-09-26T02:17:46.740+0000] {dag.py:3229} INFO - Sync 1 DAGs
[2026-09-26T02:17:46.751+0000] {logging_mixin.py:190} INFO - [2026-09-26T02:17:46.751+0000] {dag.py:4156} INFO - Setting next_dagrun for dbt_weather_analytics to None, run_after=None
[2026-09-26T02:17:46.765+0000] {processor.py:208} INFO - Processing /opt/airflow/dags/build_elt_with_dbt.py took 0.069 seconds
[2026-09-26T02:18:17.173+0000] {processor.py:186} INFO - Started process (PID=8673) to work on /opt/airflow/dags/build_elt_with_dbt.py
[2026-09-26T02:18:17.175+0000] {processor.py:914} INFO - Processing file /opt/airflow/dags/build_elt_with_dbt.py for tasks to queue
[2026-09-26T02:18:17.176+0000] {logging_mixin.py:190} INFO - [2026-09-26T02:18:17.176+0000] {dagbag.py:587} INFO - Filling up the DagBag from /opt/airflow/dags/build_elt_with_dbt.py
[2026-09-26T02:18:17.193+0000] {logging_mixin.py:190} INFO - [2026-09-26T02:18:17.193+0000] {base.py:84} INFO - Retrieving connection 'snowflake_conn'
[2026-09-26T02:18:17.199+0000] {processor.py:925} INFO - DAG(s) 'dbt_weather_analytics' retrieved from /opt/airflow/dags/build_elt_with_dbt.py
[2026-09-26T02:18:17.207+0000] {logging_mixin.py:190} INFO - [2026-09-26T02:18:17.207+0000] {dag.py:3229} INFO - Sync 1 DAGs
[2026-09-26T02:18:17.214+0000] {logging_mixin.py:190} INFO - [2026-09-26T02:18:17.214+0000] {dag.py:4156} INFO - Setting next_dagrun for dbt_weather_analytics to None, run_after=None
[2026-09-26T02:18:17.221+0000] {processor.py:208} INFO - Processing /opt/airflow/dags/build_elt_with_dbt.py took 0.052 seconds
[2026-09-26T02:18:47.626+0000] {processor.py:186} INFO - Started process (PID=8689) to work on /opt/airflow/dags/build_elt_with_dbt.py
[2026-09-26T02:18:47.628+0000] {processor.py:914} INFO - Processing file /opt/airflow/dags/build_elt_with_dbt.py for tasks to queue
[2026-09-26T02:18:47.629+0000] {logging_mixin.py:190} INFO - [2026-09-26T02:18:47.629+0000] {dagbag.py:587} INFO - Filling up the DagBag from /opt/airflow/dags/build_elt_with_dbt.py
[2026-09-26T02:18:47.647+0000] {logging_mixin.py:190} INFO - [2026-09-26T02:18:47.646+0000] {base.py:84} INFO - Retrieving connection 'snowflake_conn'
[2026-09-26T02:18:47.653+0000] {processor.py:925} INFO - DAG(s) 'dbt_weather_analytics' retrieved from /opt/airflow/dags/build_elt_with_dbt.py
[2026-09-26T02:18:47.663+0000] {logging_mixin.py:190} INFO - [2026-09-26T02:18:47.663+0000] {dag.py:3229} INFO - Sync 1 DAGs
[2026-09-26T02:18:47.671+0000] {logging_mixin.py:190} INFO - [2026-09-26T02:18:47.670+0000] {dag.py:4156} INFO - Setting next_dagrun for dbt_weather_analytics to None, run_after=None
[2026-09-26T02:18:47.681+0000] {processor.py:208} INFO - Processing /opt/airflow/dags/build_elt_with_dbt.py took 0.059 seconds
[2026-09-26T02:19:18.085+0000] {processor.py:186} INFO - Started process (PID=8705) to work on /opt/airflow/dags/build_elt_with_dbt.py
[2026-09-26T02:19:18.089+0000] {processor.py:914} INFO - Processing file /opt/airflow/dags/build_elt_with_dbt.py for tasks to queue
[2026-09-26T02:19:18.090+0000] {logging_mixin.py:190} INFO - [2026-09-26T02:19:18.089+0000] {dagbag.py:587} INFO - Filling up the DagBag from /opt/airflow/dags/build_elt_with_dbt.py
[2026-09-26T02:19:18.118+0000] {logging_mixin.py:190} INFO - [2026-09-26T02:19:18.117+0000] {base.py:84} INFO - Retrieving connection 'snowflake_conn'
[2026-09-26T02:19:18.123+0000] {processor.py:925} INFO - DAG(s) 'dbt_weather_analytics' retrieved from /opt/airflow/dags/build_elt_with_dbt.py
[2026-09-26T02:19:18.133+0000] {logging_mixin.py:190} INFO - [2026-09-26T02:19:18.132+0000] {dag.py:3229} INFO - Sync 1 DAGs
[2026-09-26T02:19:18.141+0000] {logging_mixin.py:190} INFO - [2026-09-26T02:19:18.141+0000] {dag.py:4156} INFO - Setting next_dagrun for dbt_weather_analytics to None, run_after=None
[2026-09-26T02:19:18.153+0000] {processor.py:208} INFO - Processing /opt/airflow/dags/build_elt_with_dbt.py took 0.074 seconds
[2026-09-26T02:19:48.583+0000] {processor.py:186} INFO - Started process (PID=8721) to work on /opt/airflow/dags/build_elt_with_dbt.py
[2026-09-26T02:19:48.585+0000] {processor.py:914} INFO - Processing file /opt/airflow/dags/build_elt_with_dbt.py for tasks to queue
[2026-09-26T02:19:48.586+0000] {logging_mixin.py:190} INFO - [2026-09-26T02:19:48.586+0000] {dagbag.py:587} INFO - Filling up the DagBag from /opt/airflow/dags/build_elt_with_dbt.py
[2026-09-26T02:19:48.611+0000] {logging_mixin.py:190} INFO - [2026-09-26T02:19:48.611+0000] {base.py:84} INFO - Retrieving connection 'snowflake_conn'
[2026-09-26T02:19:48.616+0000] {processor.py:925} INFO - DAG(s) 'dbt_weather_analytics' retrieved from /opt/airflow/dags/build_elt_with_dbt.py
[2026-09-26T02:19:48.624+0000] {logging_mixin.py:190} INFO - [2026-09-26T02:19:48.624+0000] {dag.py:3229} INFO - Sync 1 DAGs
[2026-09-26T02:19:48.636+0000] {logging_mixin.py:190} INFO - [2026-09-26T02:19:48.636+0000] {dag.py:4156} INFO - Setting next_dagrun for dbt_weather_analytics to None, run_after=None
[2026-09-26T02:19:48.649+0000] {processor.py:208} INFO - Processing /opt/airflow/dags/build_elt_with_dbt.py took 0.070 seconds
[2026-09-26T02:20:19.021+0000] {processor.py:186} INFO - Started process (PID=8737) to work on /opt/airflow/dags/build_elt_with_dbt.py
[2026-09-26T02:20:19.023+0000] {processor.py:914} INFO - Processing file /opt/airflow/dags/build_elt_with_dbt.py for tasks to queue
[2026-09-26T02:20:19.024+0000] {logging_mixin.py:190} INFO - [2026-09-26T02:20:19.024+0000] {dagbag.py:587} INFO - Filling up the DagBag from /opt/airflow/dags/build_elt_with_dbt.py
[2026-09-26T02:20:19.040+0000] {logging_mixin.py:190} INFO - [2026-09-26T02:20:19.040+0000] {base.py:84} INFO - Retrieving connection 'snowflake_conn'
[2026-09-26T02:20:19.044+0000] {processor.py:925} INFO - DAG(s) 'dbt_weather_analytics' retrieved from /opt/airflow/dags/build_elt_with_dbt.py
[2026-09-26T02:20:19.054+0000] {logging_mixin.py:190} INFO - [2026-09-26T02:20:19.053+0000] {dag.py:3229} INFO - Sync 1 DAGs
[2026-09-26T02:20:19.061+0000] {logging_mixin.py:190} INFO - [2026-09-26T02:20:19.061+0000] {dag.py:4156} INFO - Setting next_dagrun for dbt_weather_analytics to None, run_after=None
[2026-09-26T02:20:19.074+0000] {processor.py:208} INFO - Processing /opt/airflow/dags/build_elt_with_dbt.py took 0.057 seconds
[2026-09-26T02:20:49.391+0000] {processor.py:186} INFO - Started process (PID=8753) to work on /opt/airflow/dags/build_elt_with_dbt.py
[2026-09-26T02:20:49.392+0000] {processor.py:914} INFO - Processing file /opt/airflow/dags/build_elt_with_dbt.py for tasks to queue
[2026-09-26T02:20:49.394+0000] {logging_mixin.py:190} INFO - [2026-09-26T02:20:49.394+0000] {dagbag.py:587} INFO - Filling up the DagBag from /opt/airflow/dags/build_elt_with_dbt.py
[2026-09-26T02:20:49.412+0000] {logging_mixin.py:190} INFO - [2026-09-26T02:20:49.412+0000] {base.py:84} INFO - Retrieving connection 'snowflake_conn'
[2026-09-26T02:20:49.415+0000] {processor.py:925} INFO - DAG(s) 'dbt_weather_analytics' retrieved from /opt/airflow/dags/build_elt_with_dbt.py
[2026-09-26T02:20:49.428+0000] {logging_mixin.py:190} INFO - [2026-09-26T02:20:49.428+0000] {dag.py:3229} INFO - Sync 1 DAGs
[2026-09-26T02:20:49.438+0000] {logging_mixin.py:190} INFO - [2026-09-26T02:20:49.438+0000] {dag.py:4156} INFO - Setting next_dagrun for dbt_weather_analytics to None, run_after=None
[2026-09-26T02:20:49.449+0000] {processor.py:208} INFO - Processing /opt/airflow/dags/build_elt_with_dbt.py took 0.063 seconds
[2026-09-26T02:21:19.847+0000] {processor.py:186} INFO - Started process (PID=8768) to work on /opt/airflow/dags/build_elt_with_dbt.py
[2026-09-26T02:21:19.850+0000] {processor.py:914} INFO - Processing file /opt/airflow/dags/build_elt_with_dbt.py for tasks to queue
[2026-09-26T02:21:19.851+0000] {logging_mixin.py:190} INFO - [2026-09-26T02:21:19.851+0000] {dagbag.py:587} INFO - Filling up the DagBag from /opt/airflow/dags/build_elt_with_dbt.py
[2026-09-26T02:21:19.873+0000] {logging_mixin.py:190} INFO - [2026-09-26T02:21:19.872+0000] {base.py:84} INFO - Retrieving connection 'snowflake_conn'
[2026-09-26T02:21:19.881+0000] {processor.py:925} INFO - DAG(s) 'dbt_weather_analytics' retrieved from /opt/airflow/dags/build_elt_with_dbt.py
[2026-09-26T02:21:19.891+0000] {logging_mixin.py:190} INFO - [2026-09-26T02:21:19.891+0000] {dag.py:3229} INFO - Sync 1 DAGs
[2026-09-26T02:21:19.903+0000] {logging_mixin.py:190} INFO - [2026-09-26T02:21:19.903+0000] {dag.py:4156} INFO - Setting next_dagrun for dbt_weather_analytics to None, run_after=None
[2026-09-26T02:21:19.915+0000] {processor.py:208} INFO - Processing /opt/airflow/dags/build_elt_with_dbt.py took 0.075 seconds
[2026-09-26T02:21:50.395+0000] {processor.py:186} INFO - Started process (PID=8785) to work on /opt/airflow/dags/build_elt_with_dbt.py
[2026-09-26T02:21:50.402+0000] {processor.py:914} INFO - Processing file /opt/airflow/dags/build_elt_with_dbt.py for tasks to queue
[2026-09-26T02:21:50.405+0000] {logging_mixin.py:190} INFO - [2026-09-26T02:21:50.405+0000] {dagbag.py:587} INFO - Filling up the DagBag from /opt/airflow/dags/build_elt_with_dbt.py
[2026-09-26T02:21:50.442+0000] {logging_mixin.py:190} INFO - [2026-09-26T02:21:50.442+0000] {base.py:84} INFO - Retrieving connection 'snowflake_conn'
[2026-09-26T02:21:50.449+0000] {processor.py:925} INFO - DAG(s) 'dbt_weather_analytics' retrieved from /opt/airflow/dags/build_elt_with_dbt.py
[2026-09-26T02:21:50.461+0000] {logging_mixin.py:190} INFO - [2026-09-26T02:21:50.461+0000] {dag.py:3229} INFO - Sync 1 DAGs
[2026-09-26T02:21:50.486+0000] {logging_mixin.py:190} INFO - [2026-09-26T02:21:50.485+0000] {dag.py:4156} INFO - Setting next_dagrun for dbt_weather_analytics to None, run_after=None
[2026-09-26T02:21:50.506+0000] {processor.py:208} INFO - Processing /opt/airflow/dags/build_elt_with_dbt.py took 0.120 seconds
[2026-09-26T02:22:20.988+0000] {processor.py:186} INFO - Started process (PID=8801) to work on /opt/airflow/dags/build_elt_with_dbt.py
[2026-09-26T02:22:20.990+0000] {processor.py:914} INFO - Processing file /opt/airflow/dags/build_elt_with_dbt.py for tasks to queue
[2026-09-26T02:22:20.991+0000] {logging_mixin.py:190} INFO - [2026-09-26T02:22:20.991+0000] {dagbag.py:587} INFO - Filling up the DagBag from /opt/airflow/dags/build_elt_with_dbt.py
[2026-09-26T02:22:21.013+0000] {logging_mixin.py:190} INFO - [2026-09-26T02:22:21.013+0000] {base.py:84} INFO - Retrieving connection 'snowflake_conn'
[2026-09-26T02:22:21.016+0000] {processor.py:925} INFO - DAG(s) 'dbt_weather_analytics' retrieved from /opt/airflow/dags/build_elt_with_dbt.py
[2026-09-26T02:22:21.026+0000] {logging_mixin.py:190} INFO - [2026-09-26T02:22:21.025+0000] {dag.py:3229} INFO - Sync 1 DAGs
[2026-09-26T02:22:21.034+0000] {logging_mixin.py:190} INFO - [2026-09-26T02:22:21.034+0000] {dag.py:4156} INFO - Setting next_dagrun for dbt_weather_analytics to None, run_after=None
[2026-09-26T02:22:21.047+0000] {processor.py:208} INFO - Processing /opt/airflow/dags/build_elt_with_dbt.py took 0.063 seconds
[2026-09-26T02:22:51.470+0000] {processor.py:186} INFO - Started process (PID=8817) to work on /opt/airflow/dags/build_elt_with_dbt.py
[2026-09-26T02:22:51.473+0000] {processor.py:914} INFO - Processing file /opt/airflow/dags/build_elt_with_dbt.py for tasks to queue
[2026-09-26T02:22:51.475+0000] {logging_mixin.py:190} INFO - [2026-09-26T02:22:51.475+0000] {dagbag.py:587} INFO - Filling up the DagBag from /opt/airflow/dags/build_elt_with_dbt.py
[2026-09-26T02:22:51.497+0000] {logging_mixin.py:190} INFO - [2026-09-26T02:22:51.497+0000] {base.py:84} INFO - Retrieving connection 'snowflake_conn'
[2026-09-26T02:22:51.502+0000] {processor.py:925} INFO - DAG(s) 'dbt_weather_analytics' retrieved from /opt/airflow/dags/build_elt_with_dbt.py
[2026-09-26T02:22:51.513+0000] {logging_mixin.py:190} INFO - [2026-09-26T02:22:51.512+0000] {dag.py:3229} INFO - Sync 1 DAGs
[2026-09-26T02:22:51.524+0000] {logging_mixin.py:190} INFO - [2026-09-26T02:22:51.524+0000] {dag.py:4156} INFO - Setting next_dagrun for dbt_weather_analytics to None, run_after=None
[2026-09-26T02:22:51.536+0000] {processor.py:208} INFO - Processing /opt/airflow/dags/build_elt_with_dbt.py took 0.072 seconds
[2026-09-26T02:23:21.980+0000] {processor.py:186} INFO - Started process (PID=8833) to work on /opt/airflow/dags/build_elt_with_dbt.py
[2026-09-26T02:23:21.982+0000] {processor.py:914} INFO - Processing file /opt/airflow/dags/build_elt_with_dbt.py for tasks to queue
[2026-09-26T02:23:21.983+0000] {logging_mixin.py:190} INFO - [2026-09-26T02:23:21.983+0000] {dagbag.py:587} INFO - Filling up the DagBag from /opt/airflow/dags/build_elt_with_dbt.py
[2026-09-26T02:23:22.000+0000] {logging_mixin.py:190} INFO - [2026-09-26T02:23:22.000+0000] {base.py:84} INFO - Retrieving connection 'snowflake_conn'
[2026-09-26T02:23:22.004+0000] {processor.py:925} INFO - DAG(s) 'dbt_weather_analytics' retrieved from /opt/airflow/dags/build_elt_with_dbt.py
[2026-09-26T02:23:22.013+0000] {logging_mixin.py:190} INFO - [2026-09-26T02:23:22.013+0000] {dag.py:3229} INFO - Sync 1 DAGs
[2026-09-26T02:23:22.021+0000] {logging_mixin.py:190} INFO - [2026-09-26T02:23:22.021+0000] {dag.py:4156} INFO - Setting next_dagrun for dbt_weather_analytics to None, run_after=None
[2026-09-26T02:23:22.034+0000] {processor.py:208} INFO - Processing /opt/airflow/dags/build_elt_with_dbt.py took 0.058 seconds
[2026-09-26T02:23:52.548+0000] {processor.py:186} INFO - Started process (PID=8849) to work on /opt/airflow/dags/build_elt_with_dbt.py
[2026-09-26T02:23:52.550+0000] {processor.py:914} INFO - Processing file /opt/airflow/dags/build_elt_with_dbt.py for tasks to queue
[2026-09-26T02:23:52.551+0000] {logging_mixin.py:190} INFO - [2026-09-26T02:23:52.550+0000] {dagbag.py:587} INFO - Filling up the DagBag from /opt/airflow/dags/build_elt_with_dbt.py
[2026-09-26T02:23:52.571+0000] {logging_mixin.py:190} INFO - [2026-09-26T02:23:52.571+0000] {base.py:84} INFO - Retrieving connection 'snowflake_conn'
[2026-09-26T02:23:52.577+0000] {processor.py:925} INFO - DAG(s) 'dbt_weather_analytics' retrieved from /opt/airflow/dags/build_elt_with_dbt.py
[2026-09-26T02:23:52.588+0000] {logging_mixin.py:190} INFO - [2026-09-26T02:23:52.588+0000] {dag.py:3229} INFO - Sync 1 DAGs
[2026-09-26T02:23:52.598+0000] {logging_mixin.py:190} INFO - [2026-09-26T02:23:52.598+0000] {dag.py:4156} INFO - Setting next_dagrun for dbt_weather_analytics to None, run_after=None
[2026-09-26T02:23:52.609+0000] {processor.py:208} INFO - Processing /opt/airflow/dags/build_elt_with_dbt.py took 0.066 seconds
[2026-09-26T02:24:23.018+0000] {processor.py:186} INFO - Started process (PID=8865) to work on /opt/airflow/dags/build_elt_with_dbt.py
[2026-09-26T02:24:23.022+0000] {processor.py:914} INFO - Processing file /opt/airflow/dags/build_elt_with_dbt.py for tasks to queue
[2026-09-26T02:24:23.024+0000] {logging_mixin.py:190} INFO - [2026-09-26T02:24:23.024+0000] {dagbag.py:587} INFO - Filling up the DagBag from /opt/airflow/dags/build_elt_with_dbt.py
[2026-09-26T02:24:23.047+0000] {logging_mixin.py:190} INFO - [2026-09-26T02:24:23.047+0000] {base.py:84} INFO - Retrieving connection 'snowflake_conn'
[2026-09-26T02:24:23.053+0000] {processor.py:925} INFO - DAG(s) 'dbt_weather_analytics' retrieved from /opt/airflow/dags/build_elt_with_dbt.py
[2026-09-26T02:24:23.063+0000] {logging_mixin.py:190} INFO - [2026-09-26T02:24:23.062+0000] {dag.py:3229} INFO - Sync 1 DAGs
[2026-09-26T02:24:23.074+0000] {logging_mixin.py:190} INFO - [2026-09-26T02:24:23.073+0000] {dag.py:4156} INFO - Setting next_dagrun for dbt_weather_analytics to None, run_after=None
[2026-09-26T02:24:23.087+0000] {processor.py:208} INFO - Processing /opt/airflow/dags/build_elt_with_dbt.py took 0.076 seconds
[2026-09-26T02:24:53.517+0000] {processor.py:186} INFO - Started process (PID=8887) to work on /opt/airflow/dags/build_elt_with_dbt.py
[2026-09-26T02:24:53.520+0000] {processor.py:914} INFO - Processing file /opt/airflow/dags/build_elt_with_dbt.py for tasks to queue
[2026-09-26T02:24:53.520+0000] {logging_mixin.py:190} INFO - [2026-09-26T02:24:53.520+0000] {dagbag.py:587} INFO - Filling up the DagBag from /opt/airflow/dags/build_elt_with_dbt.py
[2026-09-26T02:24:53.542+0000] {logging_mixin.py:190} INFO - [2026-09-26T02:24:53.542+0000] {base.py:84} INFO - Retrieving connection 'snowflake_conn'
[2026-09-26T02:24:53.549+0000] {processor.py:925} INFO - DAG(s) 'dbt_weather_analytics' retrieved from /opt/airflow/dags/build_elt_with_dbt.py
[2026-09-26T02:24:53.558+0000] {logging_mixin.py:190} INFO - [2026-09-26T02:24:53.558+0000] {dag.py:3229} INFO - Sync 1 DAGs
[2026-09-26T02:24:53.567+0000] {logging_mixin.py:190} INFO - [2026-09-26T02:24:53.566+0000] {dag.py:4156} INFO - Setting next_dagrun for dbt_weather_analytics to None, run_after=None
[2026-09-26T02:24:53.579+0000] {processor.py:208} INFO - Processing /opt/airflow/dags/build_elt_with_dbt.py took 0.067 seconds
[2026-09-26T02:25:24.067+0000] {processor.py:186} INFO - Started process (PID=8903) to work on /opt/airflow/dags/build_elt_with_dbt.py
[2026-09-26T02:25:24.069+0000] {processor.py:914} INFO - Processing file /opt/airflow/dags/build_elt_with_dbt.py for tasks to queue
[2026-09-26T02:25:24.070+0000] {logging_mixin.py:190} INFO - [2026-09-26T02:25:24.070+0000] {dagbag.py:587} INFO - Filling up the DagBag from /opt/airflow/dags/build_elt_with_dbt.py
[2026-09-26T02:25:24.096+0000] {logging_mixin.py:190} INFO - [2026-09-26T02:25:24.096+0000] {base.py:84} INFO - Retrieving connection 'snowflake_conn'
[2026-09-26T02:25:24.100+0000] {processor.py:925} INFO - DAG(s) 'dbt_weather_analytics' retrieved from /opt/airflow/dags/build_elt_with_dbt.py
[2026-09-26T02:25:24.108+0000] {logging_mixin.py:190} INFO - [2026-09-26T02:25:24.108+0000] {dag.py:3229} INFO - Sync 1 DAGs
[2026-09-26T02:25:24.117+0000] {logging_mixin.py:190} INFO - [2026-09-26T02:25:24.117+0000] {dag.py:4156} INFO - Setting next_dagrun for dbt_weather_analytics to None, run_after=None
[2026-09-26T02:25:24.129+0000] {processor.py:208} INFO - Processing /opt/airflow/dags/build_elt_with_dbt.py took 0.067 seconds
[2026-09-26T02:25:54.498+0000] {processor.py:186} INFO - Started process (PID=8919) to work on /opt/airflow/dags/build_elt_with_dbt.py
[2026-09-26T02:25:54.502+0000] {processor.py:914} INFO - Processing file /opt/airflow/dags/build_elt_with_dbt.py for tasks to queue
[2026-09-26T02:25:54.505+0000] {logging_mixin.py:190} INFO - [2026-09-26T02:25:54.504+0000] {dagbag.py:587} INFO - Filling up the DagBag from /opt/airflow/dags/build_elt_with_dbt.py
[2026-09-26T02:25:54.546+0000] {logging_mixin.py:190} INFO - [2026-09-26T02:25:54.546+0000] {base.py:84} INFO - Retrieving connection 'snowflake_conn'
[2026-09-26T02:25:54.554+0000] {processor.py:925} INFO - DAG(s) 'dbt_weather_analytics' retrieved from /opt/airflow/dags/build_elt_with_dbt.py
[2026-09-26T02:25:54.576+0000] {logging_mixin.py:190} INFO - [2026-09-26T02:25:54.575+0000] {dag.py:3229} INFO - Sync 1 DAGs
[2026-09-26T02:25:54.607+0000] {logging_mixin.py:190} INFO - [2026-09-26T02:25:54.607+0000] {dag.py:4156} INFO - Setting next_dagrun for dbt_weather_analytics to None, run_after=None
[2026-09-26T02:25:54.620+0000] {processor.py:208} INFO - Processing /opt/airflow/dags/build_elt_with_dbt.py took 0.128 seconds
[2026-09-26T02:26:24.978+0000] {processor.py:186} INFO - Started process (PID=8935) to work on /opt/airflow/dags/build_elt_with_dbt.py
[2026-09-26T02:26:24.979+0000] {processor.py:914} INFO - Processing file /opt/airflow/dags/build_elt_with_dbt.py for tasks to queue
[2026-09-26T02:26:24.981+0000] {logging_mixin.py:190} INFO - [2026-09-26T02:26:24.981+0000] {dagbag.py:587} INFO - Filling up the DagBag from /opt/airflow/dags/build_elt_with_dbt.py
[2026-09-26T02:26:24.999+0000] {logging_mixin.py:190} INFO - [2026-09-26T02:26:24.999+0000] {base.py:84} INFO - Retrieving connection 'snowflake_conn'
[2026-09-26T02:26:25.003+0000] {processor.py:925} INFO - DAG(s) 'dbt_weather_analytics' retrieved from /opt/airflow/dags/build_elt_with_dbt.py
[2026-09-26T02:26:25.010+0000] {logging_mixin.py:190} INFO - [2026-09-26T02:26:25.010+0000] {dag.py:3229} INFO - Sync 1 DAGs
[2026-09-26T02:26:25.022+0000] {logging_mixin.py:190} INFO - [2026-09-26T02:26:25.022+0000] {dag.py:4156} INFO - Setting next_dagrun for dbt_weather_analytics to None, run_after=None
[2026-09-26T02:26:25.036+0000] {processor.py:208} INFO - Processing /opt/airflow/dags/build_elt_with_dbt.py took 0.063 seconds
[2026-09-26T02:26:55.460+0000] {processor.py:186} INFO - Started process (PID=8951) to work on /opt/airflow/dags/build_elt_with_dbt.py
[2026-09-26T02:26:55.463+0000] {processor.py:914} INFO - Processing file /opt/airflow/dags/build_elt_with_dbt.py for tasks to queue
[2026-09-26T02:26:55.464+0000] {logging_mixin.py:190} INFO - [2026-09-26T02:26:55.463+0000] {dagbag.py:587} INFO - Filling up the DagBag from /opt/airflow/dags/build_elt_with_dbt.py
[2026-09-26T02:26:55.492+0000] {logging_mixin.py:190} INFO - [2026-09-26T02:26:55.492+0000] {base.py:84} INFO - Retrieving connection 'snowflake_conn'
[2026-09-26T02:26:55.498+0000] {processor.py:925} INFO - DAG(s) 'dbt_weather_analytics' retrieved from /opt/airflow/dags/build_elt_with_dbt.py
[2026-09-26T02:26:55.506+0000] {logging_mixin.py:190} INFO - [2026-09-26T02:26:55.506+0000] {dag.py:3229} INFO - Sync 1 DAGs
[2026-09-26T02:26:55.519+0000] {logging_mixin.py:190} INFO - [2026-09-26T02:26:55.519+0000] {dag.py:4156} INFO - Setting next_dagrun for dbt_weather_analytics to None, run_after=None
[2026-09-26T02:26:55.533+0000] {processor.py:208} INFO - Processing /opt/airflow/dags/build_elt_with_dbt.py took 0.081 seconds
[2026-09-26T02:27:25.950+0000] {processor.py:186} INFO - Started process (PID=8967) to work on /opt/airflow/dags/build_elt_with_dbt.py
[2026-09-26T02:27:25.952+0000] {processor.py:914} INFO - Processing file /opt/airflow/dags/build_elt_with_dbt.py for tasks to queue
[2026-09-26T02:27:25.953+0000] {logging_mixin.py:190} INFO - [2026-09-26T02:27:25.953+0000] {dagbag.py:587} INFO - Filling up the DagBag from /opt/airflow/dags/build_elt_with_dbt.py
[2026-09-26T02:27:25.972+0000] {logging_mixin.py:190} INFO - [2026-09-26T02:27:25.972+0000] {base.py:84} INFO - Retrieving connection 'snowflake_conn'
[2026-09-26T02:27:25.977+0000] {processor.py:925} INFO - DAG(s) 'dbt_weather_analytics' retrieved from /opt/airflow/dags/build_elt_with_dbt.py
[2026-09-26T02:27:25.985+0000] {logging_mixin.py:190} INFO - [2026-09-26T02:27:25.985+0000] {dag.py:3229} INFO - Sync 1 DAGs
[2026-09-26T02:27:25.993+0000] {logging_mixin.py:190} INFO - [2026-09-26T02:27:25.993+0000] {dag.py:4156} INFO - Setting next_dagrun for dbt_weather_analytics to None, run_after=None
[2026-09-26T02:27:26.004+0000] {processor.py:208} INFO - Processing /opt/airflow/dags/build_elt_with_dbt.py took 0.058 seconds
[2026-09-26T02:27:56.444+0000] {processor.py:186} INFO - Started process (PID=8983) to work on /opt/airflow/dags/build_elt_with_dbt.py
[2026-09-26T02:27:56.447+0000] {processor.py:914} INFO - Processing file /opt/airflow/dags/build_elt_with_dbt.py for tasks to queue
[2026-09-26T02:27:56.449+0000] {logging_mixin.py:190} INFO - [2026-09-26T02:27:56.449+0000] {dagbag.py:587} INFO - Filling up the DagBag from /opt/airflow/dags/build_elt_with_dbt.py
[2026-09-26T02:27:56.483+0000] {logging_mixin.py:190} INFO - [2026-09-26T02:27:56.483+0000] {base.py:84} INFO - Retrieving connection 'snowflake_conn'
[2026-09-26T02:27:56.492+0000] {processor.py:925} INFO - DAG(s) 'dbt_weather_analytics' retrieved from /opt/airflow/dags/build_elt_with_dbt.py
[2026-09-26T02:27:56.504+0000] {logging_mixin.py:190} INFO - [2026-09-26T02:27:56.504+0000] {dag.py:3229} INFO - Sync 1 DAGs
[2026-09-26T02:27:56.518+0000] {logging_mixin.py:190} INFO - [2026-09-26T02:27:56.518+0000] {dag.py:4156} INFO - Setting next_dagrun for dbt_weather_analytics to None, run_after=None
[2026-09-26T02:27:56.535+0000] {processor.py:208} INFO - Processing /opt/airflow/dags/build_elt_with_dbt.py took 0.101 seconds
[2026-09-26T02:28:26.948+0000] {processor.py:186} INFO - Started process (PID=8999) to work on /opt/airflow/dags/build_elt_with_dbt.py
[2026-09-26T02:28:26.950+0000] {processor.py:914} INFO - Processing file /opt/airflow/dags/build_elt_with_dbt.py for tasks to queue
[2026-09-26T02:28:26.951+0000] {logging_mixin.py:190} INFO - [2026-09-26T02:28:26.951+0000] {dagbag.py:587} INFO - Filling up the DagBag from /opt/airflow/dags/build_elt_with_dbt.py
[2026-09-26T02:28:26.970+0000] {logging_mixin.py:190} INFO - [2026-09-26T02:28:26.970+0000] {base.py:84} INFO - Retrieving connection 'snowflake_conn'
[2026-09-26T02:28:26.978+0000] {processor.py:925} INFO - DAG(s) 'dbt_weather_analytics' retrieved from /opt/airflow/dags/build_elt_with_dbt.py
[2026-09-26T02:28:26.988+0000] {logging_mixin.py:190} INFO - [2026-09-26T02:28:26.988+0000] {dag.py:3229} INFO - Sync 1 DAGs
[2026-09-26T02:28:27.001+0000] {logging_mixin.py:190} INFO - [2026-09-26T02:28:27.000+0000] {dag.py:4156} INFO - Setting next_dagrun for dbt_weather_analytics to None, run_after=None
[2026-09-26T02:28:27.013+0000] {processor.py:208} INFO - Processing /opt/airflow/dags/build_elt_with_dbt.py took 0.072 seconds
[2026-09-26T02:28:57.376+0000] {processor.py:186} INFO - Started process (PID=9015) to work on /opt/airflow/dags/build_elt_with_dbt.py
[2026-09-26T02:28:57.379+0000] {processor.py:914} INFO - Processing file /opt/airflow/dags/build_elt_with_dbt.py for tasks to queue
[2026-09-26T02:28:57.381+0000] {logging_mixin.py:190} INFO - [2026-09-26T02:28:57.380+0000] {dagbag.py:587} INFO - Filling up the DagBag from /opt/airflow/dags/build_elt_with_dbt.py
[2026-09-26T02:28:57.416+0000] {logging_mixin.py:190} INFO - [2026-09-26T02:28:57.416+0000] {base.py:84} INFO - Retrieving connection 'snowflake_conn'
[2026-09-26T02:28:57.426+0000] {processor.py:925} INFO - DAG(s) 'dbt_weather_analytics' retrieved from /opt/airflow/dags/build_elt_with_dbt.py
[2026-09-26T02:28:57.442+0000] {logging_mixin.py:190} INFO - [2026-09-26T02:28:57.442+0000] {dag.py:3229} INFO - Sync 1 DAGs
[2026-09-26T02:28:57.460+0000] {logging_mixin.py:190} INFO - [2026-09-26T02:28:57.460+0000] {dag.py:4156} INFO - Setting next_dagrun for dbt_weather_analytics to None, run_after=None
[2026-09-26T02:28:57.491+0000] {processor.py:208} INFO - Processing /opt/airflow/dags/build_elt_with_dbt.py took 0.124 seconds
[2026-09-26T02:29:27.903+0000] {processor.py:186} INFO - Started process (PID=9031) to work on /opt/airflow/dags/build_elt_with_dbt.py
[2026-09-26T02:29:27.906+0000] {processor.py:914} INFO - Processing file /opt/airflow/dags/build_elt_with_dbt.py for tasks to queue
[2026-09-26T02:29:27.907+0000] {logging_mixin.py:190} INFO - [2026-09-26T02:29:27.907+0000] {dagbag.py:587} INFO - Filling up the DagBag from /opt/airflow/dags/build_elt_with_dbt.py
[2026-09-26T02:29:27.925+0000] {logging_mixin.py:190} INFO - [2026-09-26T02:29:27.925+0000] {base.py:84} INFO - Retrieving connection 'snowflake_conn'
[2026-09-26T02:29:27.930+0000] {processor.py:925} INFO - DAG(s) 'dbt_weather_analytics' retrieved from /opt/airflow/dags/build_elt_with_dbt.py
[2026-09-26T02:29:27.941+0000] {logging_mixin.py:190} INFO - [2026-09-26T02:29:27.941+0000] {dag.py:3229} INFO - Sync 1 DAGs
[2026-09-26T02:29:27.948+0000] {logging_mixin.py:190} INFO - [2026-09-26T02:29:27.948+0000] {dag.py:4156} INFO - Setting next_dagrun for dbt_weather_analytics to None, run_after=None
[2026-09-26T02:29:27.957+0000] {processor.py:208} INFO - Processing /opt/airflow/dags/build_elt_with_dbt.py took 0.060 seconds
[2026-09-26T02:29:58.327+0000] {processor.py:186} INFO - Started process (PID=9047) to work on /opt/airflow/dags/build_elt_with_dbt.py
[2026-09-26T02:29:58.331+0000] {processor.py:914} INFO - Processing file /opt/airflow/dags/build_elt_with_dbt.py for tasks to queue
[2026-09-26T02:29:58.333+0000] {logging_mixin.py:190} INFO - [2026-09-26T02:29:58.333+0000] {dagbag.py:587} INFO - Filling up the DagBag from /opt/airflow/dags/build_elt_with_dbt.py
[2026-09-26T02:29:58.361+0000] {logging_mixin.py:190} INFO - [2026-09-26T02:29:58.361+0000] {base.py:84} INFO - Retrieving connection 'snowflake_conn'
[2026-09-26T02:29:58.368+0000] {processor.py:925} INFO - DAG(s) 'dbt_weather_analytics' retrieved from /opt/airflow/dags/build_elt_with_dbt.py
[2026-09-26T02:29:58.379+0000] {logging_mixin.py:190} INFO - [2026-09-26T02:29:58.379+0000] {dag.py:3229} INFO - Sync 1 DAGs
[2026-09-26T02:29:58.390+0000] {logging_mixin.py:190} INFO - [2026-09-26T02:29:58.390+0000] {dag.py:4156} INFO - Setting next_dagrun for dbt_weather_analytics to None, run_after=None
[2026-09-26T02:29:58.402+0000] {processor.py:208} INFO - Processing /opt/airflow/dags/build_elt_with_dbt.py took 0.080 seconds
[2026-09-26T02:30:28.852+0000] {processor.py:186} INFO - Started process (PID=9093) to work on /opt/airflow/dags/build_elt_with_dbt.py
[2026-09-26T02:30:28.856+0000] {processor.py:914} INFO - Processing file /opt/airflow/dags/build_elt_with_dbt.py for tasks to queue
[2026-09-26T02:30:28.861+0000] {logging_mixin.py:190} INFO - [2026-09-26T02:30:28.859+0000] {dagbag.py:587} INFO - Filling up the DagBag from /opt/airflow/dags/build_elt_with_dbt.py
[2026-09-26T02:30:28.927+0000] {logging_mixin.py:190} INFO - [2026-09-26T02:30:28.927+0000] {base.py:84} INFO - Retrieving connection 'snowflake_conn'
[2026-09-26T02:30:28.942+0000] {processor.py:925} INFO - DAG(s) 'dbt_weather_analytics' retrieved from /opt/airflow/dags/build_elt_with_dbt.py
[2026-09-26T02:30:28.963+0000] {logging_mixin.py:190} INFO - [2026-09-26T02:30:28.963+0000] {dag.py:3229} INFO - Sync 1 DAGs
[2026-09-26T02:30:28.989+0000] {logging_mixin.py:190} INFO - [2026-09-26T02:30:28.989+0000] {dag.py:4156} INFO - Setting next_dagrun for dbt_weather_analytics to None, run_after=None
[2026-09-26T02:30:29.007+0000] {processor.py:208} INFO - Processing /opt/airflow/dags/build_elt_with_dbt.py took 0.180 seconds
[2026-09-26T02:30:59.442+0000] {processor.py:186} INFO - Started process (PID=9109) to work on /opt/airflow/dags/build_elt_with_dbt.py
[2026-09-26T02:30:59.446+0000] {processor.py:914} INFO - Processing file /opt/airflow/dags/build_elt_with_dbt.py for tasks to queue
[2026-09-26T02:30:59.447+0000] {logging_mixin.py:190} INFO - [2026-09-26T02:30:59.447+0000] {dagbag.py:587} INFO - Filling up the DagBag from /opt/airflow/dags/build_elt_with_dbt.py
[2026-09-26T02:30:59.467+0000] {logging_mixin.py:190} INFO - [2026-09-26T02:30:59.466+0000] {base.py:84} INFO - Retrieving connection 'snowflake_conn'
[2026-09-26T02:30:59.472+0000] {processor.py:925} INFO - DAG(s) 'dbt_weather_analytics' retrieved from /opt/airflow/dags/build_elt_with_dbt.py
[2026-09-26T02:30:59.482+0000] {logging_mixin.py:190} INFO - [2026-09-26T02:30:59.481+0000] {dag.py:3229} INFO - Sync 1 DAGs
[2026-09-26T02:30:59.510+0000] {logging_mixin.py:190} INFO - [2026-09-26T02:30:59.510+0000] {dag.py:4156} INFO - Setting next_dagrun for dbt_weather_analytics to None, run_after=None
[2026-09-26T02:30:59.520+0000] {processor.py:208} INFO - Processing /opt/airflow/dags/build_elt_with_dbt.py took 0.085 seconds
[2026-09-26T02:31:29.870+0000] {processor.py:186} INFO - Started process (PID=9128) to work on /opt/airflow/dags/build_elt_with_dbt.py
[2026-09-26T02:31:29.871+0000] {processor.py:914} INFO - Processing file /opt/airflow/dags/build_elt_with_dbt.py for tasks to queue
[2026-09-26T02:31:29.872+0000] {logging_mixin.py:190} INFO - [2026-09-26T02:31:29.872+0000] {dagbag.py:587} INFO - Filling up the DagBag from /opt/airflow/dags/build_elt_with_dbt.py
[2026-09-26T02:31:29.887+0000] {logging_mixin.py:190} INFO - [2026-09-26T02:31:29.887+0000] {base.py:84} INFO - Retrieving connection 'snowflake_conn'
[2026-09-26T02:31:29.893+0000] {processor.py:925} INFO - DAG(s) 'dbt_weather_analytics' retrieved from /opt/airflow/dags/build_elt_with_dbt.py
[2026-09-26T02:31:29.902+0000] {logging_mixin.py:190} INFO - [2026-09-26T02:31:29.900+0000] {dag.py:3229} INFO - Sync 1 DAGs
[2026-09-26T02:31:29.912+0000] {logging_mixin.py:190} INFO - [2026-09-26T02:31:29.912+0000] {dag.py:4156} INFO - Setting next_dagrun for dbt_weather_analytics to None, run_after=None
[2026-09-26T02:31:29.923+0000] {processor.py:208} INFO - Processing /opt/airflow/dags/build_elt_with_dbt.py took 0.058 seconds
[2026-09-26T02:32:00.268+0000] {processor.py:186} INFO - Started process (PID=9205) to work on /opt/airflow/dags/build_elt_with_dbt.py
[2026-09-26T02:32:00.271+0000] {processor.py:914} INFO - Processing file /opt/airflow/dags/build_elt_with_dbt.py for tasks to queue
[2026-09-26T02:32:00.272+0000] {logging_mixin.py:190} INFO - [2026-09-26T02:32:00.272+0000] {dagbag.py:587} INFO - Filling up the DagBag from /opt/airflow/dags/build_elt_with_dbt.py
[2026-09-26T02:32:00.301+0000] {logging_mixin.py:190} INFO - [2026-09-26T02:32:00.300+0000] {base.py:84} INFO - Retrieving connection 'snowflake_conn'
[2026-09-26T02:32:00.306+0000] {processor.py:925} INFO - DAG(s) 'dbt_weather_analytics' retrieved from /opt/airflow/dags/build_elt_with_dbt.py
[2026-09-26T02:32:00.319+0000] {logging_mixin.py:190} INFO - [2026-09-26T02:32:00.319+0000] {dag.py:3229} INFO - Sync 1 DAGs
[2026-09-26T02:32:00.332+0000] {logging_mixin.py:190} INFO - [2026-09-26T02:32:00.332+0000] {dag.py:4156} INFO - Setting next_dagrun for dbt_weather_analytics to None, run_after=None
[2026-09-26T02:32:00.344+0000] {processor.py:208} INFO - Processing /opt/airflow/dags/build_elt_with_dbt.py took 0.082 seconds
[2026-09-26T02:32:30.884+0000] {processor.py:186} INFO - Started process (PID=9221) to work on /opt/airflow/dags/build_elt_with_dbt.py
[2026-09-26T02:32:30.888+0000] {processor.py:914} INFO - Processing file /opt/airflow/dags/build_elt_with_dbt.py for tasks to queue
[2026-09-26T02:32:30.890+0000] {logging_mixin.py:190} INFO - [2026-09-26T02:32:30.890+0000] {dagbag.py:587} INFO - Filling up the DagBag from /opt/airflow/dags/build_elt_with_dbt.py
[2026-09-26T02:32:30.945+0000] {logging_mixin.py:190} INFO - [2026-09-26T02:32:30.945+0000] {base.py:84} INFO - Retrieving connection 'snowflake_conn'
[2026-09-26T02:32:30.951+0000] {processor.py:925} INFO - DAG(s) 'dbt_weather_analytics' retrieved from /opt/airflow/dags/build_elt_with_dbt.py
[2026-09-26T02:32:30.965+0000] {logging_mixin.py:190} INFO - [2026-09-26T02:32:30.965+0000] {dag.py:3229} INFO - Sync 1 DAGs
[2026-09-26T02:32:30.988+0000] {logging_mixin.py:190} INFO - [2026-09-26T02:32:30.988+0000] {dag.py:4156} INFO - Setting next_dagrun for dbt_weather_analytics to None, run_after=None
[2026-09-26T02:32:31.010+0000] {processor.py:208} INFO - Processing /opt/airflow/dags/build_elt_with_dbt.py took 0.144 seconds
[2026-09-26T02:33:01.429+0000] {processor.py:186} INFO - Started process (PID=9237) to work on /opt/airflow/dags/build_elt_with_dbt.py
[2026-09-26T02:33:01.433+0000] {processor.py:914} INFO - Processing file /opt/airflow/dags/build_elt_with_dbt.py for tasks to queue
[2026-09-26T02:33:01.437+0000] {logging_mixin.py:190} INFO - [2026-09-26T02:33:01.437+0000] {dagbag.py:587} INFO - Filling up the DagBag from /opt/airflow/dags/build_elt_with_dbt.py
[2026-09-26T02:33:01.481+0000] {logging_mixin.py:190} INFO - [2026-09-26T02:33:01.481+0000] {base.py:84} INFO - Retrieving connection 'snowflake_conn'
[2026-09-26T02:33:01.491+0000] {processor.py:925} INFO - DAG(s) 'dbt_weather_analytics' retrieved from /opt/airflow/dags/build_elt_with_dbt.py
[2026-09-26T02:33:01.506+0000] {logging_mixin.py:190} INFO - [2026-09-26T02:33:01.506+0000] {dag.py:3229} INFO - Sync 1 DAGs
[2026-09-26T02:33:01.525+0000] {logging_mixin.py:190} INFO - [2026-09-26T02:33:01.524+0000] {dag.py:4156} INFO - Setting next_dagrun for dbt_weather_analytics to None, run_after=None
[2026-09-26T02:33:01.542+0000] {processor.py:208} INFO - Processing /opt/airflow/dags/build_elt_with_dbt.py took 0.123 seconds
[2026-09-26T02:33:32.009+0000] {processor.py:186} INFO - Started process (PID=9253) to work on /opt/airflow/dags/build_elt_with_dbt.py
[2026-09-26T02:33:32.012+0000] {processor.py:914} INFO - Processing file /opt/airflow/dags/build_elt_with_dbt.py for tasks to queue
[2026-09-26T02:33:32.013+0000] {logging_mixin.py:190} INFO - [2026-09-26T02:33:32.013+0000] {dagbag.py:587} INFO - Filling up the DagBag from /opt/airflow/dags/build_elt_with_dbt.py
[2026-09-26T02:33:32.047+0000] {logging_mixin.py:190} INFO - [2026-09-26T02:33:32.047+0000] {base.py:84} INFO - Retrieving connection 'snowflake_conn'
[2026-09-26T02:33:32.059+0000] {processor.py:925} INFO - DAG(s) 'dbt_weather_analytics' retrieved from /opt/airflow/dags/build_elt_with_dbt.py
[2026-09-26T02:33:32.074+0000] {logging_mixin.py:190} INFO - [2026-09-26T02:33:32.074+0000] {dag.py:3229} INFO - Sync 1 DAGs
[2026-09-26T02:33:32.089+0000] {logging_mixin.py:190} INFO - [2026-09-26T02:33:32.089+0000] {dag.py:4156} INFO - Setting next_dagrun for dbt_weather_analytics to None, run_after=None
[2026-09-26T02:33:32.105+0000] {processor.py:208} INFO - Processing /opt/airflow/dags/build_elt_with_dbt.py took 0.104 seconds
[2026-09-26T02:34:02.575+0000] {processor.py:186} INFO - Started process (PID=9269) to work on /opt/airflow/dags/build_elt_with_dbt.py
[2026-09-26T02:34:02.577+0000] {processor.py:914} INFO - Processing file /opt/airflow/dags/build_elt_with_dbt.py for tasks to queue
[2026-09-26T02:34:02.578+0000] {logging_mixin.py:190} INFO - [2026-09-26T02:34:02.578+0000] {dagbag.py:587} INFO - Filling up the DagBag from /opt/airflow/dags/build_elt_with_dbt.py
[2026-09-26T02:34:02.599+0000] {logging_mixin.py:190} INFO - [2026-09-26T02:34:02.599+0000] {base.py:84} INFO - Retrieving connection 'snowflake_conn'
[2026-09-26T02:34:02.602+0000] {processor.py:925} INFO - DAG(s) 'dbt_weather_analytics' retrieved from /opt/airflow/dags/build_elt_with_dbt.py
[2026-09-26T02:34:02.613+0000] {logging_mixin.py:190} INFO - [2026-09-26T02:34:02.613+0000] {dag.py:3229} INFO - Sync 1 DAGs
[2026-09-26T02:34:02.621+0000] {logging_mixin.py:190} INFO - [2026-09-26T02:34:02.621+0000] {dag.py:4156} INFO - Setting next_dagrun for dbt_weather_analytics to None, run_after=None
[2026-09-26T02:34:02.631+0000] {processor.py:208} INFO - Processing /opt/airflow/dags/build_elt_with_dbt.py took 0.062 seconds
[2026-09-26T02:34:33.046+0000] {processor.py:186} INFO - Started process (PID=9285) to work on /opt/airflow/dags/build_elt_with_dbt.py
[2026-09-26T02:34:33.049+0000] {processor.py:914} INFO - Processing file /opt/airflow/dags/build_elt_with_dbt.py for tasks to queue
[2026-09-26T02:34:33.050+0000] {logging_mixin.py:190} INFO - [2026-09-26T02:34:33.050+0000] {dagbag.py:587} INFO - Filling up the DagBag from /opt/airflow/dags/build_elt_with_dbt.py
[2026-09-26T02:34:33.072+0000] {logging_mixin.py:190} INFO - [2026-09-26T02:34:33.072+0000] {base.py:84} INFO - Retrieving connection 'snowflake_conn'
[2026-09-26T02:34:33.076+0000] {processor.py:925} INFO - DAG(s) 'dbt_weather_analytics' retrieved from /opt/airflow/dags/build_elt_with_dbt.py
[2026-09-26T02:34:33.086+0000] {logging_mixin.py:190} INFO - [2026-09-26T02:34:33.086+0000] {dag.py:3229} INFO - Sync 1 DAGs
[2026-09-26T02:34:33.094+0000] {logging_mixin.py:190} INFO - [2026-09-26T02:34:33.094+0000] {dag.py:4156} INFO - Setting next_dagrun for dbt_weather_analytics to None, run_after=None
[2026-09-26T02:34:33.106+0000] {processor.py:208} INFO - Processing /opt/airflow/dags/build_elt_with_dbt.py took 0.066 seconds
[2026-09-26T02:35:03.483+0000] {processor.py:186} INFO - Started process (PID=9301) to work on /opt/airflow/dags/build_elt_with_dbt.py
[2026-09-26T02:35:03.485+0000] {processor.py:914} INFO - Processing file /opt/airflow/dags/build_elt_with_dbt.py for tasks to queue
[2026-09-26T02:35:03.488+0000] {logging_mixin.py:190} INFO - [2026-09-26T02:35:03.487+0000] {dagbag.py:587} INFO - Filling up the DagBag from /opt/airflow/dags/build_elt_with_dbt.py
[2026-09-26T02:35:03.514+0000] {logging_mixin.py:190} INFO - [2026-09-26T02:35:03.514+0000] {base.py:84} INFO - Retrieving connection 'snowflake_conn'
[2026-09-26T02:35:03.521+0000] {processor.py:925} INFO - DAG(s) 'dbt_weather_analytics' retrieved from /opt/airflow/dags/build_elt_with_dbt.py
[2026-09-26T02:35:03.532+0000] {logging_mixin.py:190} INFO - [2026-09-26T02:35:03.532+0000] {dag.py:3229} INFO - Sync 1 DAGs
[2026-09-26T02:35:03.544+0000] {logging_mixin.py:190} INFO - [2026-09-26T02:35:03.544+0000] {dag.py:4156} INFO - Setting next_dagrun for dbt_weather_analytics to None, run_after=None
[2026-09-26T02:35:03.558+0000] {processor.py:208} INFO - Processing /opt/airflow/dags/build_elt_with_dbt.py took 0.081 seconds
[2026-09-26T02:35:34.000+0000] {processor.py:186} INFO - Started process (PID=9317) to work on /opt/airflow/dags/build_elt_with_dbt.py
[2026-09-26T02:35:34.003+0000] {processor.py:914} INFO - Processing file /opt/airflow/dags/build_elt_with_dbt.py for tasks to queue
[2026-09-26T02:35:34.007+0000] {logging_mixin.py:190} INFO - [2026-09-26T02:35:34.005+0000] {dagbag.py:587} INFO - Filling up the DagBag from /opt/airflow/dags/build_elt_with_dbt.py
[2026-09-26T02:35:34.061+0000] {logging_mixin.py:190} INFO - [2026-09-26T02:35:34.060+0000] {base.py:84} INFO - Retrieving connection 'snowflake_conn'
[2026-09-26T02:35:34.070+0000] {processor.py:925} INFO - DAG(s) 'dbt_weather_analytics' retrieved from /opt/airflow/dags/build_elt_with_dbt.py
[2026-09-26T02:35:34.081+0000] {logging_mixin.py:190} INFO - [2026-09-26T02:35:34.081+0000] {dag.py:3229} INFO - Sync 1 DAGs
[2026-09-26T02:35:34.094+0000] {logging_mixin.py:190} INFO - [2026-09-26T02:35:34.094+0000] {dag.py:4156} INFO - Setting next_dagrun for dbt_weather_analytics to None, run_after=None
[2026-09-26T02:35:34.108+0000] {processor.py:208} INFO - Processing /opt/airflow/dags/build_elt_with_dbt.py took 0.120 seconds
[2026-09-26T02:36:04.557+0000] {processor.py:186} INFO - Started process (PID=9333) to work on /opt/airflow/dags/build_elt_with_dbt.py
[2026-09-26T02:36:04.560+0000] {processor.py:914} INFO - Processing file /opt/airflow/dags/build_elt_with_dbt.py for tasks to queue
[2026-09-26T02:36:04.561+0000] {logging_mixin.py:190} INFO - [2026-09-26T02:36:04.561+0000] {dagbag.py:587} INFO - Filling up the DagBag from /opt/airflow/dags/build_elt_with_dbt.py
[2026-09-26T02:36:04.583+0000] {logging_mixin.py:190} INFO - [2026-09-26T02:36:04.583+0000] {base.py:84} INFO - Retrieving connection 'snowflake_conn'
[2026-09-26T02:36:04.589+0000] {processor.py:925} INFO - DAG(s) 'dbt_weather_analytics' retrieved from /opt/airflow/dags/build_elt_with_dbt.py
[2026-09-26T02:36:04.599+0000] {logging_mixin.py:190} INFO - [2026-09-26T02:36:04.598+0000] {dag.py:3229} INFO - Sync 1 DAGs
[2026-09-26T02:36:04.608+0000] {logging_mixin.py:190} INFO - [2026-09-26T02:36:04.608+0000] {dag.py:4156} INFO - Setting next_dagrun for dbt_weather_analytics to None, run_after=None
[2026-09-26T02:36:04.618+0000] {processor.py:208} INFO - Processing /opt/airflow/dags/build_elt_with_dbt.py took 0.067 seconds
[2026-09-26T02:36:35.064+0000] {processor.py:186} INFO - Started process (PID=9348) to work on /opt/airflow/dags/build_elt_with_dbt.py
[2026-09-26T02:36:35.070+0000] {processor.py:914} INFO - Processing file /opt/airflow/dags/build_elt_with_dbt.py for tasks to queue
[2026-09-26T02:36:35.073+0000] {logging_mixin.py:190} INFO - [2026-09-26T02:36:35.073+0000] {dagbag.py:587} INFO - Filling up the DagBag from /opt/airflow/dags/build_elt_with_dbt.py
[2026-09-26T02:36:35.125+0000] {logging_mixin.py:190} INFO - [2026-09-26T02:36:35.124+0000] {base.py:84} INFO - Retrieving connection 'snowflake_conn'
[2026-09-26T02:36:35.133+0000] {processor.py:925} INFO - DAG(s) 'dbt_weather_analytics' retrieved from /opt/airflow/dags/build_elt_with_dbt.py
[2026-09-26T02:36:35.150+0000] {logging_mixin.py:190} INFO - [2026-09-26T02:36:35.150+0000] {dag.py:3229} INFO - Sync 1 DAGs
[2026-09-26T02:36:35.171+0000] {logging_mixin.py:190} INFO - [2026-09-26T02:36:35.171+0000] {dag.py:4156} INFO - Setting next_dagrun for dbt_weather_analytics to None, run_after=None
[2026-09-26T02:36:35.190+0000] {processor.py:208} INFO - Processing /opt/airflow/dags/build_elt_with_dbt.py took 0.145 seconds
[2026-09-26T02:37:05.611+0000] {processor.py:186} INFO - Started process (PID=9365) to work on /opt/airflow/dags/build_elt_with_dbt.py
[2026-09-26T02:37:05.613+0000] {processor.py:914} INFO - Processing file /opt/airflow/dags/build_elt_with_dbt.py for tasks to queue
[2026-09-26T02:37:05.615+0000] {logging_mixin.py:190} INFO - [2026-09-26T02:37:05.614+0000] {dagbag.py:587} INFO - Filling up the DagBag from /opt/airflow/dags/build_elt_with_dbt.py
[2026-09-26T02:37:05.644+0000] {logging_mixin.py:190} INFO - [2026-09-26T02:37:05.644+0000] {base.py:84} INFO - Retrieving connection 'snowflake_conn'
[2026-09-26T02:37:05.649+0000] {processor.py:925} INFO - DAG(s) 'dbt_weather_analytics' retrieved from /opt/airflow/dags/build_elt_with_dbt.py
[2026-09-26T02:37:05.660+0000] {logging_mixin.py:190} INFO - [2026-09-26T02:37:05.660+0000] {dag.py:3229} INFO - Sync 1 DAGs
[2026-09-26T02:37:05.672+0000] {logging_mixin.py:190} INFO - [2026-09-26T02:37:05.671+0000] {dag.py:4156} INFO - Setting next_dagrun for dbt_weather_analytics to None, run_after=None
[2026-09-26T02:37:05.690+0000] {processor.py:208} INFO - Processing /opt/airflow/dags/build_elt_with_dbt.py took 0.086 seconds
[2026-09-26T02:37:36.172+0000] {processor.py:186} INFO - Started process (PID=9381) to work on /opt/airflow/dags/build_elt_with_dbt.py
[2026-09-26T02:37:36.177+0000] {processor.py:914} INFO - Processing file /opt/airflow/dags/build_elt_with_dbt.py for tasks to queue
[2026-09-26T02:37:36.180+0000] {logging_mixin.py:190} INFO - [2026-09-26T02:37:36.179+0000] {dagbag.py:587} INFO - Filling up the DagBag from /opt/airflow/dags/build_elt_with_dbt.py
[2026-09-26T02:37:36.224+0000] {logging_mixin.py:190} INFO - [2026-09-26T02:37:36.224+0000] {base.py:84} INFO - Retrieving connection 'snowflake_conn'
[2026-09-26T02:37:36.233+0000] {processor.py:925} INFO - DAG(s) 'dbt_weather_analytics' retrieved from /opt/airflow/dags/build_elt_with_dbt.py
[2026-09-26T02:37:36.246+0000] {logging_mixin.py:190} INFO - [2026-09-26T02:37:36.246+0000] {dag.py:3229} INFO - Sync 1 DAGs
[2026-09-26T02:37:36.263+0000] {logging_mixin.py:190} INFO - [2026-09-26T02:37:36.263+0000] {dag.py:4156} INFO - Setting next_dagrun for dbt_weather_analytics to None, run_after=None
[2026-09-26T02:37:36.278+0000] {processor.py:208} INFO - Processing /opt/airflow/dags/build_elt_with_dbt.py took 0.128 seconds
[2026-09-26T02:38:06.683+0000] {processor.py:186} INFO - Started process (PID=9397) to work on /opt/airflow/dags/build_elt_with_dbt.py
[2026-09-26T02:38:06.686+0000] {processor.py:914} INFO - Processing file /opt/airflow/dags/build_elt_with_dbt.py for tasks to queue
[2026-09-26T02:38:06.688+0000] {logging_mixin.py:190} INFO - [2026-09-26T02:38:06.687+0000] {dagbag.py:587} INFO - Filling up the DagBag from /opt/airflow/dags/build_elt_with_dbt.py
[2026-09-26T02:38:06.741+0000] {logging_mixin.py:190} INFO - [2026-09-26T02:38:06.741+0000] {base.py:84} INFO - Retrieving connection 'snowflake_conn'
[2026-09-26T02:38:06.755+0000] {processor.py:925} INFO - DAG(s) 'dbt_weather_analytics' retrieved from /opt/airflow/dags/build_elt_with_dbt.py
[2026-09-26T02:38:06.781+0000] {logging_mixin.py:190} INFO - [2026-09-26T02:38:06.781+0000] {dag.py:3229} INFO - Sync 1 DAGs
[2026-09-26T02:38:06.798+0000] {logging_mixin.py:190} INFO - [2026-09-26T02:38:06.798+0000] {dag.py:4156} INFO - Setting next_dagrun for dbt_weather_analytics to None, run_after=None
[2026-09-26T02:38:06.817+0000] {processor.py:208} INFO - Processing /opt/airflow/dags/build_elt_with_dbt.py took 0.141 seconds
[2026-09-26T02:38:37.247+0000] {processor.py:186} INFO - Started process (PID=9413) to work on /opt/airflow/dags/build_elt_with_dbt.py
[2026-09-26T02:38:37.249+0000] {processor.py:914} INFO - Processing file /opt/airflow/dags/build_elt_with_dbt.py for tasks to queue
[2026-09-26T02:38:37.250+0000] {logging_mixin.py:190} INFO - [2026-09-26T02:38:37.250+0000] {dagbag.py:587} INFO - Filling up the DagBag from /opt/airflow/dags/build_elt_with_dbt.py
[2026-09-26T02:38:37.278+0000] {logging_mixin.py:190} INFO - [2026-09-26T02:38:37.277+0000] {base.py:84} INFO - Retrieving connection 'snowflake_conn'
[2026-09-26T02:38:37.289+0000] {processor.py:925} INFO - DAG(s) 'dbt_weather_analytics' retrieved from /opt/airflow/dags/build_elt_with_dbt.py
[2026-09-26T02:38:37.299+0000] {logging_mixin.py:190} INFO - [2026-09-26T02:38:37.299+0000] {dag.py:3229} INFO - Sync 1 DAGs
[2026-09-26T02:38:37.307+0000] {logging_mixin.py:190} INFO - [2026-09-26T02:38:37.307+0000] {dag.py:4156} INFO - Setting next_dagrun for dbt_weather_analytics to None, run_after=None
[2026-09-26T02:38:37.319+0000] {processor.py:208} INFO - Processing /opt/airflow/dags/build_elt_with_dbt.py took 0.078 seconds
[2026-09-26T02:39:07.722+0000] {processor.py:186} INFO - Started process (PID=9429) to work on /opt/airflow/dags/build_elt_with_dbt.py
[2026-09-26T02:39:07.724+0000] {processor.py:914} INFO - Processing file /opt/airflow/dags/build_elt_with_dbt.py for tasks to queue
[2026-09-26T02:39:07.726+0000] {logging_mixin.py:190} INFO - [2026-09-26T02:39:07.726+0000] {dagbag.py:587} INFO - Filling up the DagBag from /opt/airflow/dags/build_elt_with_dbt.py
[2026-09-26T02:39:07.743+0000] {logging_mixin.py:190} INFO - [2026-09-26T02:39:07.743+0000] {base.py:84} INFO - Retrieving connection 'snowflake_conn'
[2026-09-26T02:39:07.750+0000] {processor.py:925} INFO - DAG(s) 'dbt_weather_analytics' retrieved from /opt/airflow/dags/build_elt_with_dbt.py
[2026-09-26T02:39:07.758+0000] {logging_mixin.py:190} INFO - [2026-09-26T02:39:07.758+0000] {dag.py:3229} INFO - Sync 1 DAGs
[2026-09-26T02:39:07.765+0000] {logging_mixin.py:190} INFO - [2026-09-26T02:39:07.765+0000] {dag.py:4156} INFO - Setting next_dagrun for dbt_weather_analytics to None, run_after=None
[2026-09-26T02:39:07.776+0000] {processor.py:208} INFO - Processing /opt/airflow/dags/build_elt_with_dbt.py took 0.061 seconds
[2026-09-26T02:39:38.245+0000] {processor.py:186} INFO - Started process (PID=9445) to work on /opt/airflow/dags/build_elt_with_dbt.py
[2026-09-26T02:39:38.251+0000] {processor.py:914} INFO - Processing file /opt/airflow/dags/build_elt_with_dbt.py for tasks to queue
[2026-09-26T02:39:38.253+0000] {logging_mixin.py:190} INFO - [2026-09-26T02:39:38.252+0000] {dagbag.py:587} INFO - Filling up the DagBag from /opt/airflow/dags/build_elt_with_dbt.py
[2026-09-26T02:39:38.310+0000] {logging_mixin.py:190} INFO - [2026-09-26T02:39:38.310+0000] {base.py:84} INFO - Retrieving connection 'snowflake_conn'
[2026-09-26T02:39:38.329+0000] {processor.py:925} INFO - DAG(s) 'dbt_weather_analytics' retrieved from /opt/airflow/dags/build_elt_with_dbt.py
[2026-09-26T02:39:38.350+0000] {logging_mixin.py:190} INFO - [2026-09-26T02:39:38.350+0000] {dag.py:3229} INFO - Sync 1 DAGs
[2026-09-26T02:39:38.380+0000] {logging_mixin.py:190} INFO - [2026-09-26T02:39:38.379+0000] {dag.py:4156} INFO - Setting next_dagrun for dbt_weather_analytics to None, run_after=None
[2026-09-26T02:39:38.409+0000] {processor.py:208} INFO - Processing /opt/airflow/dags/build_elt_with_dbt.py took 0.177 seconds
[2026-09-26T02:40:08.801+0000] {processor.py:186} INFO - Started process (PID=9461) to work on /opt/airflow/dags/build_elt_with_dbt.py
[2026-09-26T02:40:08.803+0000] {processor.py:914} INFO - Processing file /opt/airflow/dags/build_elt_with_dbt.py for tasks to queue
[2026-09-26T02:40:08.806+0000] {logging_mixin.py:190} INFO - [2026-09-26T02:40:08.805+0000] {dagbag.py:587} INFO - Filling up the DagBag from /opt/airflow/dags/build_elt_with_dbt.py
[2026-09-26T02:40:08.838+0000] {logging_mixin.py:190} INFO - [2026-09-26T02:40:08.837+0000] {base.py:84} INFO - Retrieving connection 'snowflake_conn'
[2026-09-26T02:40:08.843+0000] {processor.py:925} INFO - DAG(s) 'dbt_weather_analytics' retrieved from /opt/airflow/dags/build_elt_with_dbt.py
[2026-09-26T02:40:08.853+0000] {logging_mixin.py:190} INFO - [2026-09-26T02:40:08.853+0000] {dag.py:3229} INFO - Sync 1 DAGs
[2026-09-26T02:40:08.867+0000] {logging_mixin.py:190} INFO - [2026-09-26T02:40:08.867+0000] {dag.py:4156} INFO - Setting next_dagrun for dbt_weather_analytics to None, run_after=None
[2026-09-26T02:40:08.882+0000] {processor.py:208} INFO - Processing /opt/airflow/dags/build_elt_with_dbt.py took 0.088 seconds
[2026-09-26T02:40:39.265+0000] {processor.py:186} INFO - Started process (PID=9491) to work on /opt/airflow/dags/build_elt_with_dbt.py
[2026-09-26T02:40:39.267+0000] {processor.py:914} INFO - Processing file /opt/airflow/dags/build_elt_with_dbt.py for tasks to queue
[2026-09-26T02:40:39.268+0000] {logging_mixin.py:190} INFO - [2026-09-26T02:40:39.267+0000] {dagbag.py:587} INFO - Filling up the DagBag from /opt/airflow/dags/build_elt_with_dbt.py
[2026-09-26T02:40:39.291+0000] {logging_mixin.py:190} INFO - [2026-09-26T02:40:39.291+0000] {base.py:84} INFO - Retrieving connection 'snowflake_conn'
[2026-09-26T02:40:39.295+0000] {processor.py:925} INFO - DAG(s) 'dbt_weather_analytics' retrieved from /opt/airflow/dags/build_elt_with_dbt.py
[2026-09-26T02:40:39.303+0000] {logging_mixin.py:190} INFO - [2026-09-26T02:40:39.303+0000] {dag.py:3229} INFO - Sync 1 DAGs
[2026-09-26T02:40:39.312+0000] {logging_mixin.py:190} INFO - [2026-09-26T02:40:39.312+0000] {dag.py:4156} INFO - Setting next_dagrun for dbt_weather_analytics to None, run_after=None
[2026-09-26T02:40:39.322+0000] {processor.py:208} INFO - Processing /opt/airflow/dags/build_elt_with_dbt.py took 0.062 seconds
[2026-09-26T02:41:09.695+0000] {processor.py:186} INFO - Started process (PID=9528) to work on /opt/airflow/dags/build_elt_with_dbt.py
[2026-09-26T02:41:09.698+0000] {processor.py:914} INFO - Processing file /opt/airflow/dags/build_elt_with_dbt.py for tasks to queue
[2026-09-26T02:41:09.699+0000] {logging_mixin.py:190} INFO - [2026-09-26T02:41:09.698+0000] {dagbag.py:587} INFO - Filling up the DagBag from /opt/airflow/dags/build_elt_with_dbt.py
[2026-09-26T02:41:09.722+0000] {logging_mixin.py:190} INFO - [2026-09-26T02:41:09.722+0000] {base.py:84} INFO - Retrieving connection 'snowflake_conn'
[2026-09-26T02:41:09.727+0000] {processor.py:925} INFO - DAG(s) 'dbt_weather_analytics' retrieved from /opt/airflow/dags/build_elt_with_dbt.py
[2026-09-26T02:41:09.736+0000] {logging_mixin.py:190} INFO - [2026-09-26T02:41:09.736+0000] {dag.py:3229} INFO - Sync 1 DAGs
[2026-09-26T02:41:09.745+0000] {logging_mixin.py:190} INFO - [2026-09-26T02:41:09.745+0000] {dag.py:4156} INFO - Setting next_dagrun for dbt_weather_analytics to None, run_after=None
[2026-09-26T02:41:09.752+0000] {processor.py:208} INFO - Processing /opt/airflow/dags/build_elt_with_dbt.py took 0.063 seconds
[2026-09-26T02:41:40.119+0000] {processor.py:186} INFO - Started process (PID=9544) to work on /opt/airflow/dags/build_elt_with_dbt.py
[2026-09-26T02:41:40.121+0000] {processor.py:914} INFO - Processing file /opt/airflow/dags/build_elt_with_dbt.py for tasks to queue
[2026-09-26T02:41:40.122+0000] {logging_mixin.py:190} INFO - [2026-09-26T02:41:40.122+0000] {dagbag.py:587} INFO - Filling up the DagBag from /opt/airflow/dags/build_elt_with_dbt.py
[2026-09-26T02:41:40.142+0000] {logging_mixin.py:190} INFO - [2026-09-26T02:41:40.141+0000] {base.py:84} INFO - Retrieving connection 'snowflake_conn'
[2026-09-26T02:41:40.146+0000] {processor.py:925} INFO - DAG(s) 'dbt_weather_analytics' retrieved from /opt/airflow/dags/build_elt_with_dbt.py
[2026-09-26T02:41:40.158+0000] {logging_mixin.py:190} INFO - [2026-09-26T02:41:40.158+0000] {dag.py:3229} INFO - Sync 1 DAGs
[2026-09-26T02:41:40.175+0000] {logging_mixin.py:190} INFO - [2026-09-26T02:41:40.175+0000] {dag.py:4156} INFO - Setting next_dagrun for dbt_weather_analytics to None, run_after=None
[2026-09-26T02:41:40.187+0000] {processor.py:208} INFO - Processing /opt/airflow/dags/build_elt_with_dbt.py took 0.075 seconds
[2026-09-26T02:42:10.608+0000] {processor.py:186} INFO - Started process (PID=9560) to work on /opt/airflow/dags/build_elt_with_dbt.py
[2026-09-26T02:42:10.610+0000] {processor.py:914} INFO - Processing file /opt/airflow/dags/build_elt_with_dbt.py for tasks to queue
[2026-09-26T02:42:10.612+0000] {logging_mixin.py:190} INFO - [2026-09-26T02:42:10.612+0000] {dagbag.py:587} INFO - Filling up the DagBag from /opt/airflow/dags/build_elt_with_dbt.py
[2026-09-26T02:42:10.633+0000] {logging_mixin.py:190} INFO - [2026-09-26T02:42:10.633+0000] {base.py:84} INFO - Retrieving connection 'snowflake_conn'
[2026-09-26T02:42:10.644+0000] {processor.py:925} INFO - DAG(s) 'dbt_weather_analytics' retrieved from /opt/airflow/dags/build_elt_with_dbt.py
[2026-09-26T02:42:10.652+0000] {logging_mixin.py:190} INFO - [2026-09-26T02:42:10.652+0000] {dag.py:3229} INFO - Sync 1 DAGs
[2026-09-26T02:42:10.663+0000] {logging_mixin.py:190} INFO - [2026-09-26T02:42:10.662+0000] {dag.py:4156} INFO - Setting next_dagrun for dbt_weather_analytics to None, run_after=None
[2026-09-26T02:42:10.671+0000] {processor.py:208} INFO - Processing /opt/airflow/dags/build_elt_with_dbt.py took 0.069 seconds
[2026-09-26T02:42:40.967+0000] {processor.py:186} INFO - Started process (PID=9576) to work on /opt/airflow/dags/build_elt_with_dbt.py
[2026-09-26T02:42:40.970+0000] {processor.py:914} INFO - Processing file /opt/airflow/dags/build_elt_with_dbt.py for tasks to queue
[2026-09-26T02:42:40.971+0000] {logging_mixin.py:190} INFO - [2026-09-26T02:42:40.971+0000] {dagbag.py:587} INFO - Filling up the DagBag from /opt/airflow/dags/build_elt_with_dbt.py
[2026-09-26T02:42:40.995+0000] {logging_mixin.py:190} INFO - [2026-09-26T02:42:40.994+0000] {base.py:84} INFO - Retrieving connection 'snowflake_conn'
[2026-09-26T02:42:41.000+0000] {processor.py:925} INFO - DAG(s) 'dbt_weather_analytics' retrieved from /opt/airflow/dags/build_elt_with_dbt.py
[2026-09-26T02:42:41.008+0000] {logging_mixin.py:190} INFO - [2026-09-26T02:42:41.008+0000] {dag.py:3229} INFO - Sync 1 DAGs
[2026-09-26T02:42:41.020+0000] {logging_mixin.py:190} INFO - [2026-09-26T02:42:41.020+0000] {dag.py:4156} INFO - Setting next_dagrun for dbt_weather_analytics to None, run_after=None
[2026-09-26T02:42:41.036+0000] {processor.py:208} INFO - Processing /opt/airflow/dags/build_elt_with_dbt.py took 0.075 seconds
[2026-09-26T02:43:11.513+0000] {processor.py:186} INFO - Started process (PID=9592) to work on /opt/airflow/dags/build_elt_with_dbt.py
[2026-09-26T02:43:11.520+0000] {processor.py:914} INFO - Processing file /opt/airflow/dags/build_elt_with_dbt.py for tasks to queue
[2026-09-26T02:43:11.527+0000] {logging_mixin.py:190} INFO - [2026-09-26T02:43:11.525+0000] {dagbag.py:587} INFO - Filling up the DagBag from /opt/airflow/dags/build_elt_with_dbt.py
[2026-09-26T02:43:11.594+0000] {logging_mixin.py:190} INFO - [2026-09-26T02:43:11.594+0000] {base.py:84} INFO - Retrieving connection 'snowflake_conn'
[2026-09-26T02:43:11.602+0000] {processor.py:925} INFO - DAG(s) 'dbt_weather_analytics' retrieved from /opt/airflow/dags/build_elt_with_dbt.py
[2026-09-26T02:43:11.616+0000] {logging_mixin.py:190} INFO - [2026-09-26T02:43:11.615+0000] {dag.py:3229} INFO - Sync 1 DAGs
[2026-09-26T02:43:11.633+0000] {logging_mixin.py:190} INFO - [2026-09-26T02:43:11.633+0000] {dag.py:4156} INFO - Setting next_dagrun for dbt_weather_analytics to None, run_after=None
[2026-09-26T02:43:11.652+0000] {processor.py:208} INFO - Processing /opt/airflow/dags/build_elt_with_dbt.py took 0.156 seconds
[2026-09-26T02:43:42.110+0000] {processor.py:186} INFO - Started process (PID=9610) to work on /opt/airflow/dags/build_elt_with_dbt.py
[2026-09-26T02:43:42.113+0000] {processor.py:914} INFO - Processing file /opt/airflow/dags/build_elt_with_dbt.py for tasks to queue
[2026-09-26T02:43:42.115+0000] {logging_mixin.py:190} INFO - [2026-09-26T02:43:42.115+0000] {dagbag.py:587} INFO - Filling up the DagBag from /opt/airflow/dags/build_elt_with_dbt.py
[2026-09-26T02:43:42.144+0000] {logging_mixin.py:190} INFO - [2026-09-26T02:43:42.144+0000] {base.py:84} INFO - Retrieving connection 'snowflake_conn'
[2026-09-26T02:43:42.153+0000] {processor.py:925} INFO - DAG(s) 'dbt_weather_analytics' retrieved from /opt/airflow/dags/build_elt_with_dbt.py
[2026-09-26T02:43:42.175+0000] {logging_mixin.py:190} INFO - [2026-09-26T02:43:42.175+0000] {dag.py:3229} INFO - Sync 1 DAGs
[2026-09-26T02:43:42.188+0000] {logging_mixin.py:190} INFO - [2026-09-26T02:43:42.188+0000] {dag.py:4156} INFO - Setting next_dagrun for dbt_weather_analytics to None, run_after=None
[2026-09-26T02:43:42.197+0000] {processor.py:208} INFO - Processing /opt/airflow/dags/build_elt_with_dbt.py took 0.092 seconds
[2026-09-26T02:44:12.443+0000] {processor.py:186} INFO - Started process (PID=9659) to work on /opt/airflow/dags/build_elt_with_dbt.py
[2026-09-26T02:44:12.444+0000] {processor.py:914} INFO - Processing file /opt/airflow/dags/build_elt_with_dbt.py for tasks to queue
[2026-09-26T02:44:12.446+0000] {logging_mixin.py:190} INFO - [2026-09-26T02:44:12.445+0000] {dagbag.py:587} INFO - Filling up the DagBag from /opt/airflow/dags/build_elt_with_dbt.py
[2026-09-26T02:44:12.466+0000] {logging_mixin.py:190} INFO - [2026-09-26T02:44:12.466+0000] {base.py:84} INFO - Retrieving connection 'snowflake_conn'
[2026-09-26T02:44:12.470+0000] {processor.py:925} INFO - DAG(s) 'dbt_weather_analytics' retrieved from /opt/airflow/dags/build_elt_with_dbt.py
[2026-09-26T02:44:12.482+0000] {logging_mixin.py:190} INFO - [2026-09-26T02:44:12.482+0000] {dag.py:3229} INFO - Sync 1 DAGs
[2026-09-26T02:44:12.493+0000] {logging_mixin.py:190} INFO - [2026-09-26T02:44:12.492+0000] {dag.py:4156} INFO - Setting next_dagrun for dbt_weather_analytics to None, run_after=None
[2026-09-26T02:44:12.501+0000] {processor.py:208} INFO - Processing /opt/airflow/dags/build_elt_with_dbt.py took 0.063 seconds
[2026-09-26T02:44:42.939+0000] {processor.py:186} INFO - Started process (PID=9674) to work on /opt/airflow/dags/build_elt_with_dbt.py
[2026-09-26T02:44:42.943+0000] {processor.py:914} INFO - Processing file /opt/airflow/dags/build_elt_with_dbt.py for tasks to queue
[2026-09-26T02:44:42.945+0000] {logging_mixin.py:190} INFO - [2026-09-26T02:44:42.945+0000] {dagbag.py:587} INFO - Filling up the DagBag from /opt/airflow/dags/build_elt_with_dbt.py
[2026-09-26T02:44:42.979+0000] {logging_mixin.py:190} INFO - [2026-09-26T02:44:42.978+0000] {base.py:84} INFO - Retrieving connection 'snowflake_conn'
[2026-09-26T02:44:42.986+0000] {processor.py:925} INFO - DAG(s) 'dbt_weather_analytics' retrieved from /opt/airflow/dags/build_elt_with_dbt.py
[2026-09-26T02:44:42.996+0000] {logging_mixin.py:190} INFO - [2026-09-26T02:44:42.996+0000] {dag.py:3229} INFO - Sync 1 DAGs
[2026-09-26T02:44:43.010+0000] {logging_mixin.py:190} INFO - [2026-09-26T02:44:43.010+0000] {dag.py:4156} INFO - Setting next_dagrun for dbt_weather_analytics to None, run_after=None
[2026-09-26T02:44:43.025+0000] {processor.py:208} INFO - Processing /opt/airflow/dags/build_elt_with_dbt.py took 0.097 seconds
[2026-09-26T02:45:13.388+0000] {processor.py:186} INFO - Started process (PID=9708) to work on /opt/airflow/dags/build_elt_with_dbt.py
[2026-09-26T02:45:13.391+0000] {processor.py:914} INFO - Processing file /opt/airflow/dags/build_elt_with_dbt.py for tasks to queue
[2026-09-26T02:45:13.393+0000] {logging_mixin.py:190} INFO - [2026-09-26T02:45:13.392+0000] {dagbag.py:587} INFO - Filling up the DagBag from /opt/airflow/dags/build_elt_with_dbt.py
[2026-09-26T02:45:13.421+0000] {logging_mixin.py:190} INFO - [2026-09-26T02:45:13.421+0000] {base.py:84} INFO - Retrieving connection 'snowflake_conn'
[2026-09-26T02:45:13.429+0000] {processor.py:925} INFO - DAG(s) 'dbt_weather_analytics' retrieved from /opt/airflow/dags/build_elt_with_dbt.py
[2026-09-26T02:45:13.440+0000] {logging_mixin.py:190} INFO - [2026-09-26T02:45:13.440+0000] {dag.py:3229} INFO - Sync 1 DAGs
[2026-09-26T02:45:13.451+0000] {logging_mixin.py:190} INFO - [2026-09-26T02:45:13.451+0000] {dag.py:4156} INFO - Setting next_dagrun for dbt_weather_analytics to None, run_after=None
[2026-09-26T02:45:13.464+0000] {processor.py:208} INFO - Processing /opt/airflow/dags/build_elt_with_dbt.py took 0.084 seconds
[2026-09-26T02:45:43.875+0000] {processor.py:186} INFO - Started process (PID=9723) to work on /opt/airflow/dags/build_elt_with_dbt.py
[2026-09-26T02:45:43.877+0000] {processor.py:914} INFO - Processing file /opt/airflow/dags/build_elt_with_dbt.py for tasks to queue
[2026-09-26T02:45:43.878+0000] {logging_mixin.py:190} INFO - [2026-09-26T02:45:43.878+0000] {dagbag.py:587} INFO - Filling up the DagBag from /opt/airflow/dags/build_elt_with_dbt.py
[2026-09-26T02:45:43.904+0000] {logging_mixin.py:190} INFO - [2026-09-26T02:45:43.904+0000] {base.py:84} INFO - Retrieving connection 'snowflake_conn'
[2026-09-26T02:45:43.909+0000] {processor.py:925} INFO - DAG(s) 'dbt_weather_analytics' retrieved from /opt/airflow/dags/build_elt_with_dbt.py
[2026-09-26T02:45:43.919+0000] {logging_mixin.py:190} INFO - [2026-09-26T02:45:43.919+0000] {dag.py:3229} INFO - Sync 1 DAGs
[2026-09-26T02:45:43.929+0000] {logging_mixin.py:190} INFO - [2026-09-26T02:45:43.929+0000] {dag.py:4156} INFO - Setting next_dagrun for dbt_weather_analytics to None, run_after=None
[2026-09-26T02:45:43.941+0000] {processor.py:208} INFO - Processing /opt/airflow/dags/build_elt_with_dbt.py took 0.075 seconds
[2026-09-26T02:46:14.352+0000] {processor.py:186} INFO - Started process (PID=9740) to work on /opt/airflow/dags/build_elt_with_dbt.py
[2026-09-26T02:46:14.354+0000] {processor.py:914} INFO - Processing file /opt/airflow/dags/build_elt_with_dbt.py for tasks to queue
[2026-09-26T02:46:14.355+0000] {logging_mixin.py:190} INFO - [2026-09-26T02:46:14.355+0000] {dagbag.py:587} INFO - Filling up the DagBag from /opt/airflow/dags/build_elt_with_dbt.py
[2026-09-26T02:46:14.374+0000] {logging_mixin.py:190} INFO - [2026-09-26T02:46:14.373+0000] {base.py:84} INFO - Retrieving connection 'snowflake_conn'
[2026-09-26T02:46:14.379+0000] {processor.py:925} INFO - DAG(s) 'dbt_weather_analytics' retrieved from /opt/airflow/dags/build_elt_with_dbt.py
[2026-09-26T02:46:14.388+0000] {logging_mixin.py:190} INFO - [2026-09-26T02:46:14.388+0000] {dag.py:3229} INFO - Sync 1 DAGs
[2026-09-26T02:46:14.395+0000] {logging_mixin.py:190} INFO - [2026-09-26T02:46:14.395+0000] {dag.py:4156} INFO - Setting next_dagrun for dbt_weather_analytics to None, run_after=None
[2026-09-26T02:46:14.402+0000] {processor.py:208} INFO - Processing /opt/airflow/dags/build_elt_with_dbt.py took 0.056 seconds
[2026-09-26T02:46:44.732+0000] {processor.py:186} INFO - Started process (PID=9790) to work on /opt/airflow/dags/build_elt_with_dbt.py
[2026-09-26T02:46:44.734+0000] {processor.py:914} INFO - Processing file /opt/airflow/dags/build_elt_with_dbt.py for tasks to queue
[2026-09-26T02:46:44.735+0000] {logging_mixin.py:190} INFO - [2026-09-26T02:46:44.735+0000] {dagbag.py:587} INFO - Filling up the DagBag from /opt/airflow/dags/build_elt_with_dbt.py
[2026-09-26T02:46:44.754+0000] {logging_mixin.py:190} INFO - [2026-09-26T02:46:44.754+0000] {base.py:84} INFO - Retrieving connection 'snowflake_conn'
[2026-09-26T02:46:44.761+0000] {processor.py:925} INFO - DAG(s) 'dbt_weather_analytics' retrieved from /opt/airflow/dags/build_elt_with_dbt.py
[2026-09-26T02:46:44.768+0000] {logging_mixin.py:190} INFO - [2026-09-26T02:46:44.768+0000] {dag.py:3229} INFO - Sync 1 DAGs
[2026-09-26T02:46:44.777+0000] {logging_mixin.py:190} INFO - [2026-09-26T02:46:44.777+0000] {dag.py:4156} INFO - Setting next_dagrun for dbt_weather_analytics to None, run_after=None
[2026-09-26T02:46:44.787+0000] {processor.py:208} INFO - Processing /opt/airflow/dags/build_elt_with_dbt.py took 0.060 seconds
[2026-09-26T02:47:15.176+0000] {processor.py:186} INFO - Started process (PID=9806) to work on /opt/airflow/dags/build_elt_with_dbt.py
[2026-09-26T02:47:15.182+0000] {processor.py:914} INFO - Processing file /opt/airflow/dags/build_elt_with_dbt.py for tasks to queue
[2026-09-26T02:47:15.183+0000] {logging_mixin.py:190} INFO - [2026-09-26T02:47:15.182+0000] {dagbag.py:587} INFO - Filling up the DagBag from /opt/airflow/dags/build_elt_with_dbt.py
[2026-09-26T02:47:15.220+0000] {logging_mixin.py:190} INFO - [2026-09-26T02:47:15.219+0000] {base.py:84} INFO - Retrieving connection 'snowflake_conn'
[2026-09-26T02:47:15.226+0000] {processor.py:925} INFO - DAG(s) 'dbt_weather_analytics' retrieved from /opt/airflow/dags/build_elt_with_dbt.py
[2026-09-26T02:47:15.236+0000] {logging_mixin.py:190} INFO - [2026-09-26T02:47:15.236+0000] {dag.py:3229} INFO - Sync 1 DAGs
[2026-09-26T02:47:15.246+0000] {logging_mixin.py:190} INFO - [2026-09-26T02:47:15.246+0000] {dag.py:4156} INFO - Setting next_dagrun for dbt_weather_analytics to None, run_after=None
[2026-09-26T02:47:15.256+0000] {processor.py:208} INFO - Processing /opt/airflow/dags/build_elt_with_dbt.py took 0.088 seconds
[2026-09-26T02:47:45.604+0000] {processor.py:186} INFO - Started process (PID=9851) to work on /opt/airflow/dags/build_elt_with_dbt.py
[2026-09-26T02:47:45.606+0000] {processor.py:914} INFO - Processing file /opt/airflow/dags/build_elt_with_dbt.py for tasks to queue
[2026-09-26T02:47:45.610+0000] {logging_mixin.py:190} INFO - [2026-09-26T02:47:45.609+0000] {dagbag.py:587} INFO - Filling up the DagBag from /opt/airflow/dags/build_elt_with_dbt.py
[2026-09-26T02:47:45.662+0000] {logging_mixin.py:190} INFO - [2026-09-26T02:47:45.662+0000] {base.py:84} INFO - Retrieving connection 'snowflake_conn'
[2026-09-26T02:47:45.679+0000] {processor.py:925} INFO - DAG(s) 'dbt_weather_analytics' retrieved from /opt/airflow/dags/build_elt_with_dbt.py
[2026-09-26T02:47:45.691+0000] {logging_mixin.py:190} INFO - [2026-09-26T02:47:45.691+0000] {dag.py:3229} INFO - Sync 1 DAGs
[2026-09-26T02:47:45.707+0000] {logging_mixin.py:190} INFO - [2026-09-26T02:47:45.707+0000] {dag.py:4156} INFO - Setting next_dagrun for dbt_weather_analytics to None, run_after=None
[2026-09-26T02:47:45.728+0000] {processor.py:208} INFO - Processing /opt/airflow/dags/build_elt_with_dbt.py took 0.135 seconds
[2026-09-26T02:48:16.058+0000] {processor.py:186} INFO - Started process (PID=9912) to work on /opt/airflow/dags/build_elt_with_dbt.py
[2026-09-26T02:48:16.063+0000] {processor.py:914} INFO - Processing file /opt/airflow/dags/build_elt_with_dbt.py for tasks to queue
[2026-09-26T02:48:16.064+0000] {logging_mixin.py:190} INFO - [2026-09-26T02:48:16.064+0000] {dagbag.py:587} INFO - Filling up the DagBag from /opt/airflow/dags/build_elt_with_dbt.py
[2026-09-26T02:48:16.107+0000] {logging_mixin.py:190} INFO - [2026-09-26T02:48:16.106+0000] {base.py:84} INFO - Retrieving connection 'snowflake_conn'
[2026-09-26T02:48:16.116+0000] {processor.py:925} INFO - DAG(s) 'dbt_weather_analytics' retrieved from /opt/airflow/dags/build_elt_with_dbt.py
[2026-09-26T02:48:16.135+0000] {logging_mixin.py:190} INFO - [2026-09-26T02:48:16.135+0000] {dag.py:3229} INFO - Sync 1 DAGs
[2026-09-26T02:48:16.155+0000] {logging_mixin.py:190} INFO - [2026-09-26T02:48:16.155+0000] {dag.py:4156} INFO - Setting next_dagrun for dbt_weather_analytics to None, run_after=None
[2026-09-26T02:48:16.168+0000] {processor.py:208} INFO - Processing /opt/airflow/dags/build_elt_with_dbt.py took 0.119 seconds
[2026-09-26T02:48:46.612+0000] {processor.py:186} INFO - Started process (PID=9948) to work on /opt/airflow/dags/build_elt_with_dbt.py
[2026-09-26T02:48:46.628+0000] {processor.py:914} INFO - Processing file /opt/airflow/dags/build_elt_with_dbt.py for tasks to queue
[2026-09-26T02:48:46.629+0000] {logging_mixin.py:190} INFO - [2026-09-26T02:48:46.629+0000] {dagbag.py:587} INFO - Filling up the DagBag from /opt/airflow/dags/build_elt_with_dbt.py
[2026-09-26T02:48:46.659+0000] {logging_mixin.py:190} INFO - [2026-09-26T02:48:46.659+0000] {base.py:84} INFO - Retrieving connection 'snowflake_conn'
[2026-09-26T02:48:46.664+0000] {processor.py:925} INFO - DAG(s) 'dbt_weather_analytics' retrieved from /opt/airflow/dags/build_elt_with_dbt.py
[2026-09-26T02:48:46.676+0000] {logging_mixin.py:190} INFO - [2026-09-26T02:48:46.676+0000] {dag.py:3229} INFO - Sync 1 DAGs
[2026-09-26T02:48:46.686+0000] {logging_mixin.py:190} INFO - [2026-09-26T02:48:46.686+0000] {dag.py:4156} INFO - Setting next_dagrun for dbt_weather_analytics to None, run_after=None
[2026-09-26T02:48:46.702+0000] {processor.py:208} INFO - Processing /opt/airflow/dags/build_elt_with_dbt.py took 0.097 seconds
[2026-09-26T02:49:17.113+0000] {processor.py:186} INFO - Started process (PID=9964) to work on /opt/airflow/dags/build_elt_with_dbt.py
[2026-09-26T02:49:17.116+0000] {processor.py:914} INFO - Processing file /opt/airflow/dags/build_elt_with_dbt.py for tasks to queue
[2026-09-26T02:49:17.118+0000] {logging_mixin.py:190} INFO - [2026-09-26T02:49:17.117+0000] {dagbag.py:587} INFO - Filling up the DagBag from /opt/airflow/dags/build_elt_with_dbt.py
[2026-09-26T02:49:17.159+0000] {logging_mixin.py:190} INFO - [2026-09-26T02:49:17.159+0000] {base.py:84} INFO - Retrieving connection 'snowflake_conn'
[2026-09-26T02:49:17.164+0000] {processor.py:925} INFO - DAG(s) 'dbt_weather_analytics' retrieved from /opt/airflow/dags/build_elt_with_dbt.py
[2026-09-26T02:49:17.179+0000] {logging_mixin.py:190} INFO - [2026-09-26T02:49:17.179+0000] {dag.py:3229} INFO - Sync 1 DAGs
[2026-09-26T02:49:17.192+0000] {logging_mixin.py:190} INFO - [2026-09-26T02:49:17.192+0000] {dag.py:4156} INFO - Setting next_dagrun for dbt_weather_analytics to None, run_after=None
[2026-09-26T02:49:17.209+0000] {processor.py:208} INFO - Processing /opt/airflow/dags/build_elt_with_dbt.py took 0.105 seconds
[2026-09-26T02:49:47.528+0000] {processor.py:186} INFO - Started process (PID=9980) to work on /opt/airflow/dags/build_elt_with_dbt.py
[2026-09-26T02:49:47.532+0000] {processor.py:914} INFO - Processing file /opt/airflow/dags/build_elt_with_dbt.py for tasks to queue
[2026-09-26T02:49:47.533+0000] {logging_mixin.py:190} INFO - [2026-09-26T02:49:47.533+0000] {dagbag.py:587} INFO - Filling up the DagBag from /opt/airflow/dags/build_elt_with_dbt.py
[2026-09-26T02:49:47.556+0000] {logging_mixin.py:190} INFO - [2026-09-26T02:49:47.556+0000] {base.py:84} INFO - Retrieving connection 'snowflake_conn'
[2026-09-26T02:49:47.565+0000] {processor.py:925} INFO - DAG(s) 'dbt_weather_analytics' retrieved from /opt/airflow/dags/build_elt_with_dbt.py
[2026-09-26T02:49:47.575+0000] {logging_mixin.py:190} INFO - [2026-09-26T02:49:47.575+0000] {dag.py:3229} INFO - Sync 1 DAGs
[2026-09-26T02:49:47.588+0000] {logging_mixin.py:190} INFO - [2026-09-26T02:49:47.588+0000] {dag.py:4156} INFO - Setting next_dagrun for dbt_weather_analytics to None, run_after=None
[2026-09-26T02:49:47.602+0000] {processor.py:208} INFO - Processing /opt/airflow/dags/build_elt_with_dbt.py took 0.081 seconds
[2026-09-26T02:50:18.042+0000] {processor.py:186} INFO - Started process (PID=9995) to work on /opt/airflow/dags/build_elt_with_dbt.py
[2026-09-26T02:50:18.047+0000] {processor.py:914} INFO - Processing file /opt/airflow/dags/build_elt_with_dbt.py for tasks to queue
[2026-09-26T02:50:18.050+0000] {logging_mixin.py:190} INFO - [2026-09-26T02:50:18.049+0000] {dagbag.py:587} INFO - Filling up the DagBag from /opt/airflow/dags/build_elt_with_dbt.py
[2026-09-26T02:50:18.102+0000] {logging_mixin.py:190} INFO - [2026-09-26T02:50:18.101+0000] {base.py:84} INFO - Retrieving connection 'snowflake_conn'
[2026-09-26T02:50:18.113+0000] {processor.py:925} INFO - DAG(s) 'dbt_weather_analytics' retrieved from /opt/airflow/dags/build_elt_with_dbt.py
[2026-09-26T02:50:18.142+0000] {logging_mixin.py:190} INFO - [2026-09-26T02:50:18.142+0000] {dag.py:3229} INFO - Sync 1 DAGs
[2026-09-26T02:50:18.161+0000] {logging_mixin.py:190} INFO - [2026-09-26T02:50:18.161+0000] {dag.py:4156} INFO - Setting next_dagrun for dbt_weather_analytics to None, run_after=None
[2026-09-26T02:50:18.188+0000] {processor.py:208} INFO - Processing /opt/airflow/dags/build_elt_with_dbt.py took 0.155 seconds
[2026-09-26T02:50:48.716+0000] {processor.py:186} INFO - Started process (PID=10012) to work on /opt/airflow/dags/build_elt_with_dbt.py
[2026-09-26T02:50:48.720+0000] {processor.py:914} INFO - Processing file /opt/airflow/dags/build_elt_with_dbt.py for tasks to queue
[2026-09-26T02:50:48.726+0000] {logging_mixin.py:190} INFO - [2026-09-26T02:50:48.723+0000] {dagbag.py:587} INFO - Filling up the DagBag from /opt/airflow/dags/build_elt_with_dbt.py
[2026-09-26T02:50:48.760+0000] {logging_mixin.py:190} INFO - [2026-09-26T02:50:48.760+0000] {base.py:84} INFO - Retrieving connection 'snowflake_conn'
[2026-09-26T02:50:48.769+0000] {processor.py:925} INFO - DAG(s) 'dbt_weather_analytics' retrieved from /opt/airflow/dags/build_elt_with_dbt.py
[2026-09-26T02:50:48.785+0000] {logging_mixin.py:190} INFO - [2026-09-26T02:50:48.785+0000] {dag.py:3229} INFO - Sync 1 DAGs
[2026-09-26T02:50:48.812+0000] {logging_mixin.py:190} INFO - [2026-09-26T02:50:48.812+0000] {dag.py:4156} INFO - Setting next_dagrun for dbt_weather_analytics to None, run_after=None
[2026-09-26T02:50:48.837+0000] {processor.py:208} INFO - Processing /opt/airflow/dags/build_elt_with_dbt.py took 0.129 seconds
[2026-09-26T02:51:19.279+0000] {processor.py:186} INFO - Started process (PID=10035) to work on /opt/airflow/dags/build_elt_with_dbt.py
[2026-09-26T02:51:19.281+0000] {processor.py:914} INFO - Processing file /opt/airflow/dags/build_elt_with_dbt.py for tasks to queue
[2026-09-26T02:51:19.283+0000] {logging_mixin.py:190} INFO - [2026-09-26T02:51:19.282+0000] {dagbag.py:587} INFO - Filling up the DagBag from /opt/airflow/dags/build_elt_with_dbt.py
[2026-09-26T02:51:19.318+0000] {logging_mixin.py:190} INFO - [2026-09-26T02:51:19.317+0000] {base.py:84} INFO - Retrieving connection 'snowflake_conn'
[2026-09-26T02:51:19.334+0000] {processor.py:925} INFO - DAG(s) 'dbt_weather_analytics' retrieved from /opt/airflow/dags/build_elt_with_dbt.py
[2026-09-26T02:51:19.345+0000] {logging_mixin.py:190} INFO - [2026-09-26T02:51:19.345+0000] {dag.py:3229} INFO - Sync 1 DAGs
[2026-09-26T02:51:19.362+0000] {logging_mixin.py:190} INFO - [2026-09-26T02:51:19.361+0000] {dag.py:4156} INFO - Setting next_dagrun for dbt_weather_analytics to None, run_after=None
[2026-09-26T02:51:19.373+0000] {processor.py:208} INFO - Processing /opt/airflow/dags/build_elt_with_dbt.py took 0.100 seconds
[2026-09-26T02:51:49.713+0000] {processor.py:186} INFO - Started process (PID=10081) to work on /opt/airflow/dags/build_elt_with_dbt.py
[2026-09-26T02:51:49.717+0000] {processor.py:914} INFO - Processing file /opt/airflow/dags/build_elt_with_dbt.py for tasks to queue
[2026-09-26T02:51:49.719+0000] {logging_mixin.py:190} INFO - [2026-09-26T02:51:49.718+0000] {dagbag.py:587} INFO - Filling up the DagBag from /opt/airflow/dags/build_elt_with_dbt.py
[2026-09-26T02:51:49.739+0000] {logging_mixin.py:190} INFO - [2026-09-26T02:51:49.739+0000] {base.py:84} INFO - Retrieving connection 'snowflake_conn'
[2026-09-26T02:51:49.743+0000] {processor.py:925} INFO - DAG(s) 'dbt_weather_analytics' retrieved from /opt/airflow/dags/build_elt_with_dbt.py
[2026-09-26T02:51:49.750+0000] {logging_mixin.py:190} INFO - [2026-09-26T02:51:49.750+0000] {dag.py:3229} INFO - Sync 1 DAGs
[2026-09-26T02:51:49.758+0000] {logging_mixin.py:190} INFO - [2026-09-26T02:51:49.757+0000] {dag.py:4156} INFO - Setting next_dagrun for dbt_weather_analytics to None, run_after=None
[2026-09-26T02:51:49.764+0000] {processor.py:208} INFO - Processing /opt/airflow/dags/build_elt_with_dbt.py took 0.061 seconds
[2026-09-26T02:52:20.131+0000] {processor.py:186} INFO - Started process (PID=10097) to work on /opt/airflow/dags/build_elt_with_dbt.py
[2026-09-26T02:52:20.135+0000] {processor.py:914} INFO - Processing file /opt/airflow/dags/build_elt_with_dbt.py for tasks to queue
[2026-09-26T02:52:20.136+0000] {logging_mixin.py:190} INFO - [2026-09-26T02:52:20.136+0000] {dagbag.py:587} INFO - Filling up the DagBag from /opt/airflow/dags/build_elt_with_dbt.py
[2026-09-26T02:52:20.156+0000] {logging_mixin.py:190} INFO - [2026-09-26T02:52:20.155+0000] {base.py:84} INFO - Retrieving connection 'snowflake_conn'
[2026-09-26T02:52:20.160+0000] {processor.py:925} INFO - DAG(s) 'dbt_weather_analytics' retrieved from /opt/airflow/dags/build_elt_with_dbt.py
[2026-09-26T02:52:20.167+0000] {logging_mixin.py:190} INFO - [2026-09-26T02:52:20.167+0000] {dag.py:3229} INFO - Sync 1 DAGs
[2026-09-26T02:52:20.175+0000] {logging_mixin.py:190} INFO - [2026-09-26T02:52:20.175+0000] {dag.py:4156} INFO - Setting next_dagrun for dbt_weather_analytics to None, run_after=None
[2026-09-26T02:52:20.182+0000] {processor.py:208} INFO - Processing /opt/airflow/dags/build_elt_with_dbt.py took 0.059 seconds
[2026-09-26T02:52:50.497+0000] {processor.py:186} INFO - Started process (PID=10177) to work on /opt/airflow/dags/build_elt_with_dbt.py
[2026-09-26T02:52:50.500+0000] {processor.py:914} INFO - Processing file /opt/airflow/dags/build_elt_with_dbt.py for tasks to queue
[2026-09-26T02:52:50.502+0000] {logging_mixin.py:190} INFO - [2026-09-26T02:52:50.502+0000] {dagbag.py:587} INFO - Filling up the DagBag from /opt/airflow/dags/build_elt_with_dbt.py
[2026-09-26T02:52:50.523+0000] {logging_mixin.py:190} INFO - [2026-09-26T02:52:50.523+0000] {base.py:84} INFO - Retrieving connection 'snowflake_conn'
[2026-09-26T02:52:50.530+0000] {processor.py:925} INFO - DAG(s) 'dbt_weather_analytics' retrieved from /opt/airflow/dags/build_elt_with_dbt.py
[2026-09-26T02:52:50.543+0000] {logging_mixin.py:190} INFO - [2026-09-26T02:52:50.542+0000] {dag.py:3229} INFO - Sync 1 DAGs
[2026-09-26T02:52:50.553+0000] {logging_mixin.py:190} INFO - [2026-09-26T02:52:50.553+0000] {dag.py:4156} INFO - Setting next_dagrun for dbt_weather_analytics to None, run_after=None
[2026-09-26T02:52:50.563+0000] {processor.py:208} INFO - Processing /opt/airflow/dags/build_elt_with_dbt.py took 0.073 seconds
[2026-09-26T02:53:20.897+0000] {processor.py:186} INFO - Started process (PID=10193) to work on /opt/airflow/dags/build_elt_with_dbt.py
[2026-09-26T02:53:20.900+0000] {processor.py:914} INFO - Processing file /opt/airflow/dags/build_elt_with_dbt.py for tasks to queue
[2026-09-26T02:53:20.901+0000] {logging_mixin.py:190} INFO - [2026-09-26T02:53:20.901+0000] {dagbag.py:587} INFO - Filling up the DagBag from /opt/airflow/dags/build_elt_with_dbt.py
[2026-09-26T02:53:20.922+0000] {logging_mixin.py:190} INFO - [2026-09-26T02:53:20.922+0000] {base.py:84} INFO - Retrieving connection 'snowflake_conn'
[2026-09-26T02:53:20.928+0000] {processor.py:925} INFO - DAG(s) 'dbt_weather_analytics' retrieved from /opt/airflow/dags/build_elt_with_dbt.py
[2026-09-26T02:53:20.936+0000] {logging_mixin.py:190} INFO - [2026-09-26T02:53:20.936+0000] {dag.py:3229} INFO - Sync 1 DAGs
[2026-09-26T02:53:20.945+0000] {logging_mixin.py:190} INFO - [2026-09-26T02:53:20.945+0000] {dag.py:4156} INFO - Setting next_dagrun for dbt_weather_analytics to None, run_after=None
[2026-09-26T02:53:20.953+0000] {processor.py:208} INFO - Processing /opt/airflow/dags/build_elt_with_dbt.py took 0.064 seconds
[2026-09-26T02:53:51.445+0000] {processor.py:186} INFO - Started process (PID=10209) to work on /opt/airflow/dags/build_elt_with_dbt.py
[2026-09-26T02:53:51.447+0000] {processor.py:914} INFO - Processing file /opt/airflow/dags/build_elt_with_dbt.py for tasks to queue
[2026-09-26T02:53:51.449+0000] {logging_mixin.py:190} INFO - [2026-09-26T02:53:51.448+0000] {dagbag.py:587} INFO - Filling up the DagBag from /opt/airflow/dags/build_elt_with_dbt.py
[2026-09-26T02:53:51.489+0000] {logging_mixin.py:190} INFO - [2026-09-26T02:53:51.488+0000] {base.py:84} INFO - Retrieving connection 'snowflake_conn'
[2026-09-26T02:53:51.501+0000] {processor.py:925} INFO - DAG(s) 'dbt_weather_analytics' retrieved from /opt/airflow/dags/build_elt_with_dbt.py
[2026-09-26T02:53:51.519+0000] {logging_mixin.py:190} INFO - [2026-09-26T02:53:51.519+0000] {dag.py:3229} INFO - Sync 1 DAGs
[2026-09-26T02:53:51.544+0000] {logging_mixin.py:190} INFO - [2026-09-26T02:53:51.543+0000] {dag.py:4156} INFO - Setting next_dagrun for dbt_weather_analytics to None, run_after=None
[2026-09-26T02:53:51.557+0000] {processor.py:208} INFO - Processing /opt/airflow/dags/build_elt_with_dbt.py took 0.121 seconds
[2026-09-26T02:54:21.847+0000] {processor.py:186} INFO - Started process (PID=10255) to work on /opt/airflow/dags/build_elt_with_dbt.py
[2026-09-26T02:54:21.850+0000] {processor.py:914} INFO - Processing file /opt/airflow/dags/build_elt_with_dbt.py for tasks to queue
[2026-09-26T02:54:21.851+0000] {logging_mixin.py:190} INFO - [2026-09-26T02:54:21.851+0000] {dagbag.py:587} INFO - Filling up the DagBag from /opt/airflow/dags/build_elt_with_dbt.py
[2026-09-26T02:54:21.868+0000] {logging_mixin.py:190} INFO - [2026-09-26T02:54:21.868+0000] {base.py:84} INFO - Retrieving connection 'snowflake_conn'
[2026-09-26T02:54:21.873+0000] {processor.py:925} INFO - DAG(s) 'dbt_weather_analytics' retrieved from /opt/airflow/dags/build_elt_with_dbt.py
[2026-09-26T02:54:21.880+0000] {logging_mixin.py:190} INFO - [2026-09-26T02:54:21.880+0000] {dag.py:3229} INFO - Sync 1 DAGs
[2026-09-26T02:54:21.888+0000] {logging_mixin.py:190} INFO - [2026-09-26T02:54:21.888+0000] {dag.py:4156} INFO - Setting next_dagrun for dbt_weather_analytics to None, run_after=None
[2026-09-26T02:54:21.895+0000] {processor.py:208} INFO - Processing /opt/airflow/dags/build_elt_with_dbt.py took 0.057 seconds
[2026-09-26T02:54:52.205+0000] {processor.py:186} INFO - Started process (PID=10315) to work on /opt/airflow/dags/build_elt_with_dbt.py
[2026-09-26T02:54:52.209+0000] {processor.py:914} INFO - Processing file /opt/airflow/dags/build_elt_with_dbt.py for tasks to queue
[2026-09-26T02:54:52.210+0000] {logging_mixin.py:190} INFO - [2026-09-26T02:54:52.210+0000] {dagbag.py:587} INFO - Filling up the DagBag from /opt/airflow/dags/build_elt_with_dbt.py
[2026-09-26T02:54:52.234+0000] {logging_mixin.py:190} INFO - [2026-09-26T02:54:52.233+0000] {base.py:84} INFO - Retrieving connection 'snowflake_conn'
[2026-09-26T02:54:52.240+0000] {processor.py:925} INFO - DAG(s) 'dbt_weather_analytics' retrieved from /opt/airflow/dags/build_elt_with_dbt.py
[2026-09-26T02:54:52.249+0000] {logging_mixin.py:190} INFO - [2026-09-26T02:54:52.248+0000] {dag.py:3229} INFO - Sync 1 DAGs
[2026-09-26T02:54:52.258+0000] {logging_mixin.py:190} INFO - [2026-09-26T02:54:52.258+0000] {dag.py:4156} INFO - Setting next_dagrun for dbt_weather_analytics to None, run_after=None
[2026-09-26T02:54:52.267+0000] {processor.py:208} INFO - Processing /opt/airflow/dags/build_elt_with_dbt.py took 0.071 seconds
[2026-09-26T02:55:22.618+0000] {processor.py:186} INFO - Started process (PID=10351) to work on /opt/airflow/dags/build_elt_with_dbt.py
[2026-09-26T02:55:22.621+0000] {processor.py:914} INFO - Processing file /opt/airflow/dags/build_elt_with_dbt.py for tasks to queue
[2026-09-26T02:55:22.623+0000] {logging_mixin.py:190} INFO - [2026-09-26T02:55:22.622+0000] {dagbag.py:587} INFO - Filling up the DagBag from /opt/airflow/dags/build_elt_with_dbt.py
[2026-09-26T02:55:22.642+0000] {logging_mixin.py:190} INFO - [2026-09-26T02:55:22.642+0000] {base.py:84} INFO - Retrieving connection 'snowflake_conn'
[2026-09-26T02:55:22.649+0000] {processor.py:925} INFO - DAG(s) 'dbt_weather_analytics' retrieved from /opt/airflow/dags/build_elt_with_dbt.py
[2026-09-26T02:55:22.656+0000] {logging_mixin.py:190} INFO - [2026-09-26T02:55:22.656+0000] {dag.py:3229} INFO - Sync 1 DAGs
[2026-09-26T02:55:22.668+0000] {logging_mixin.py:190} INFO - [2026-09-26T02:55:22.667+0000] {dag.py:4156} INFO - Setting next_dagrun for dbt_weather_analytics to None, run_after=None
[2026-09-26T02:55:22.677+0000] {processor.py:208} INFO - Processing /opt/airflow/dags/build_elt_with_dbt.py took 0.067 seconds
[2026-09-26T02:55:53.147+0000] {processor.py:186} INFO - Started process (PID=10367) to work on /opt/airflow/dags/build_elt_with_dbt.py
[2026-09-26T02:55:53.150+0000] {processor.py:914} INFO - Processing file /opt/airflow/dags/build_elt_with_dbt.py for tasks to queue
[2026-09-26T02:55:53.152+0000] {logging_mixin.py:190} INFO - [2026-09-26T02:55:53.152+0000] {dagbag.py:587} INFO - Filling up the DagBag from /opt/airflow/dags/build_elt_with_dbt.py
[2026-09-26T02:55:53.228+0000] {logging_mixin.py:190} INFO - [2026-09-26T02:55:53.228+0000] {base.py:84} INFO - Retrieving connection 'snowflake_conn'
[2026-09-26T02:55:53.243+0000] {processor.py:925} INFO - DAG(s) 'dbt_weather_analytics' retrieved from /opt/airflow/dags/build_elt_with_dbt.py
[2026-09-26T02:55:53.258+0000] {logging_mixin.py:190} INFO - [2026-09-26T02:55:53.258+0000] {dag.py:3229} INFO - Sync 1 DAGs
[2026-09-26T02:55:53.268+0000] {logging_mixin.py:190} INFO - [2026-09-26T02:55:53.268+0000] {dag.py:4156} INFO - Setting next_dagrun for dbt_weather_analytics to None, run_after=None
[2026-09-26T02:55:53.276+0000] {processor.py:208} INFO - Processing /opt/airflow/dags/build_elt_with_dbt.py took 0.145 seconds
[2026-09-26T02:56:23.876+0000] {processor.py:186} INFO - Started process (PID=10393) to work on /opt/airflow/dags/build_elt_with_dbt.py
[2026-09-26T02:56:23.882+0000] {processor.py:914} INFO - Processing file /opt/airflow/dags/build_elt_with_dbt.py for tasks to queue
[2026-09-26T02:56:23.886+0000] {logging_mixin.py:190} INFO - [2026-09-26T02:56:23.884+0000] {dagbag.py:587} INFO - Filling up the DagBag from /opt/airflow/dags/build_elt_with_dbt.py
[2026-09-26T02:56:23.918+0000] {logging_mixin.py:190} INFO - [2026-09-26T02:56:23.917+0000] {base.py:84} INFO - Retrieving connection 'snowflake_conn'
[2026-09-26T02:56:23.924+0000] {processor.py:925} INFO - DAG(s) 'dbt_weather_analytics' retrieved from /opt/airflow/dags/build_elt_with_dbt.py
[2026-09-26T02:56:23.934+0000] {logging_mixin.py:190} INFO - [2026-09-26T02:56:23.934+0000] {dag.py:3229} INFO - Sync 1 DAGs
[2026-09-26T02:56:23.944+0000] {logging_mixin.py:190} INFO - [2026-09-26T02:56:23.944+0000] {dag.py:4156} INFO - Setting next_dagrun for dbt_weather_analytics to None, run_after=None
[2026-09-26T02:56:23.953+0000] {processor.py:208} INFO - Processing /opt/airflow/dags/build_elt_with_dbt.py took 0.087 seconds
[2026-09-26T02:56:54.295+0000] {processor.py:186} INFO - Started process (PID=10439) to work on /opt/airflow/dags/build_elt_with_dbt.py
[2026-09-26T02:56:54.298+0000] {processor.py:914} INFO - Processing file /opt/airflow/dags/build_elt_with_dbt.py for tasks to queue
[2026-09-26T02:56:54.299+0000] {logging_mixin.py:190} INFO - [2026-09-26T02:56:54.299+0000] {dagbag.py:587} INFO - Filling up the DagBag from /opt/airflow/dags/build_elt_with_dbt.py
[2026-09-26T02:56:54.312+0000] {logging_mixin.py:190} INFO - [2026-09-26T02:56:54.312+0000] {base.py:84} INFO - Retrieving connection 'snowflake_conn'
[2026-09-26T02:56:54.316+0000] {processor.py:925} INFO - DAG(s) 'dbt_weather_analytics' retrieved from /opt/airflow/dags/build_elt_with_dbt.py
[2026-09-26T02:56:54.322+0000] {logging_mixin.py:190} INFO - [2026-09-26T02:56:54.322+0000] {dag.py:3229} INFO - Sync 1 DAGs
[2026-09-26T02:56:54.328+0000] {logging_mixin.py:190} INFO - [2026-09-26T02:56:54.328+0000] {dag.py:4156} INFO - Setting next_dagrun for dbt_weather_analytics to None, run_after=None
[2026-09-26T02:56:54.336+0000] {processor.py:208} INFO - Processing /opt/airflow/dags/build_elt_with_dbt.py took 0.048 seconds
[2026-09-26T02:57:24.656+0000] {processor.py:186} INFO - Started process (PID=10455) to work on /opt/airflow/dags/build_elt_with_dbt.py
[2026-09-26T02:57:24.661+0000] {processor.py:914} INFO - Processing file /opt/airflow/dags/build_elt_with_dbt.py for tasks to queue
[2026-09-26T02:57:24.674+0000] {logging_mixin.py:190} INFO - [2026-09-26T02:57:24.669+0000] {dagbag.py:587} INFO - Filling up the DagBag from /opt/airflow/dags/build_elt_with_dbt.py
[2026-09-26T02:57:24.695+0000] {logging_mixin.py:190} INFO - [2026-09-26T02:57:24.695+0000] {base.py:84} INFO - Retrieving connection 'snowflake_conn'
[2026-09-26T02:57:24.699+0000] {processor.py:925} INFO - DAG(s) 'dbt_weather_analytics' retrieved from /opt/airflow/dags/build_elt_with_dbt.py
[2026-09-26T02:57:24.706+0000] {logging_mixin.py:190} INFO - [2026-09-26T02:57:24.706+0000] {dag.py:3229} INFO - Sync 1 DAGs
[2026-09-26T02:57:24.718+0000] {logging_mixin.py:190} INFO - [2026-09-26T02:57:24.717+0000] {dag.py:4156} INFO - Setting next_dagrun for dbt_weather_analytics to None, run_after=None
[2026-09-26T02:57:24.725+0000] {processor.py:208} INFO - Processing /opt/airflow/dags/build_elt_with_dbt.py took 0.078 seconds
[2026-09-26T02:57:55.123+0000] {processor.py:186} INFO - Started process (PID=10496) to work on /opt/airflow/dags/build_elt_with_dbt.py
[2026-09-26T02:57:55.128+0000] {processor.py:914} INFO - Processing file /opt/airflow/dags/build_elt_with_dbt.py for tasks to queue
[2026-09-26T02:57:55.131+0000] {logging_mixin.py:190} INFO - [2026-09-26T02:57:55.130+0000] {dagbag.py:587} INFO - Filling up the DagBag from /opt/airflow/dags/build_elt_with_dbt.py
[2026-09-26T02:57:55.162+0000] {logging_mixin.py:190} INFO - [2026-09-26T02:57:55.162+0000] {base.py:84} INFO - Retrieving connection 'snowflake_conn'
[2026-09-26T02:57:55.169+0000] {processor.py:925} INFO - DAG(s) 'dbt_weather_analytics' retrieved from /opt/airflow/dags/build_elt_with_dbt.py
[2026-09-26T02:57:55.180+0000] {logging_mixin.py:190} INFO - [2026-09-26T02:57:55.180+0000] {dag.py:3229} INFO - Sync 1 DAGs
[2026-09-26T02:57:55.205+0000] {logging_mixin.py:190} INFO - [2026-09-26T02:57:55.205+0000] {dag.py:4156} INFO - Setting next_dagrun for dbt_weather_analytics to None, run_after=None
[2026-09-26T02:57:55.221+0000] {processor.py:208} INFO - Processing /opt/airflow/dags/build_elt_with_dbt.py took 0.111 seconds
[2026-09-26T02:58:25.474+0000] {processor.py:186} INFO - Started process (PID=10551) to work on /opt/airflow/dags/build_elt_with_dbt.py
[2026-09-26T02:58:25.477+0000] {processor.py:914} INFO - Processing file /opt/airflow/dags/build_elt_with_dbt.py for tasks to queue
[2026-09-26T02:58:25.479+0000] {logging_mixin.py:190} INFO - [2026-09-26T02:58:25.478+0000] {dagbag.py:587} INFO - Filling up the DagBag from /opt/airflow/dags/build_elt_with_dbt.py
[2026-09-26T02:58:25.498+0000] {logging_mixin.py:190} INFO - [2026-09-26T02:58:25.497+0000] {base.py:84} INFO - Retrieving connection 'snowflake_conn'
[2026-09-26T02:58:25.502+0000] {processor.py:925} INFO - DAG(s) 'dbt_weather_analytics' retrieved from /opt/airflow/dags/build_elt_with_dbt.py
[2026-09-26T02:58:25.510+0000] {logging_mixin.py:190} INFO - [2026-09-26T02:58:25.509+0000] {dag.py:3229} INFO - Sync 1 DAGs
[2026-09-26T02:58:25.517+0000] {logging_mixin.py:190} INFO - [2026-09-26T02:58:25.517+0000] {dag.py:4156} INFO - Setting next_dagrun for dbt_weather_analytics to None, run_after=None
[2026-09-26T02:58:25.524+0000] {processor.py:208} INFO - Processing /opt/airflow/dags/build_elt_with_dbt.py took 0.058 seconds
[2026-09-26T02:58:55.939+0000] {processor.py:186} INFO - Started process (PID=10567) to work on /opt/airflow/dags/build_elt_with_dbt.py
[2026-09-26T02:58:55.942+0000] {processor.py:914} INFO - Processing file /opt/airflow/dags/build_elt_with_dbt.py for tasks to queue
[2026-09-26T02:58:55.943+0000] {logging_mixin.py:190} INFO - [2026-09-26T02:58:55.943+0000] {dagbag.py:587} INFO - Filling up the DagBag from /opt/airflow/dags/build_elt_with_dbt.py
[2026-09-26T02:58:55.974+0000] {logging_mixin.py:190} INFO - [2026-09-26T02:58:55.974+0000] {base.py:84} INFO - Retrieving connection 'snowflake_conn'
[2026-09-26T02:58:55.982+0000] {processor.py:925} INFO - DAG(s) 'dbt_weather_analytics' retrieved from /opt/airflow/dags/build_elt_with_dbt.py
[2026-09-26T02:58:55.993+0000] {logging_mixin.py:190} INFO - [2026-09-26T02:58:55.993+0000] {dag.py:3229} INFO - Sync 1 DAGs
[2026-09-26T02:58:56.013+0000] {logging_mixin.py:190} INFO - [2026-09-26T02:58:56.013+0000] {dag.py:4156} INFO - Setting next_dagrun for dbt_weather_analytics to None, run_after=None
[2026-09-26T02:58:56.026+0000] {processor.py:208} INFO - Processing /opt/airflow/dags/build_elt_with_dbt.py took 0.097 seconds
[2026-09-26T02:59:26.369+0000] {processor.py:186} INFO - Started process (PID=10601) to work on /opt/airflow/dags/build_elt_with_dbt.py
[2026-09-26T02:59:26.374+0000] {processor.py:914} INFO - Processing file /opt/airflow/dags/build_elt_with_dbt.py for tasks to queue
[2026-09-26T02:59:26.375+0000] {logging_mixin.py:190} INFO - [2026-09-26T02:59:26.375+0000] {dagbag.py:587} INFO - Filling up the DagBag from /opt/airflow/dags/build_elt_with_dbt.py
[2026-09-26T02:59:26.391+0000] {logging_mixin.py:190} INFO - [2026-09-26T02:59:26.391+0000] {base.py:84} INFO - Retrieving connection 'snowflake_conn'
[2026-09-26T02:59:26.396+0000] {processor.py:925} INFO - DAG(s) 'dbt_weather_analytics' retrieved from /opt/airflow/dags/build_elt_with_dbt.py
[2026-09-26T02:59:26.403+0000] {logging_mixin.py:190} INFO - [2026-09-26T02:59:26.403+0000] {dag.py:3229} INFO - Sync 1 DAGs
[2026-09-26T02:59:26.412+0000] {logging_mixin.py:190} INFO - [2026-09-26T02:59:26.412+0000] {dag.py:4156} INFO - Setting next_dagrun for dbt_weather_analytics to None, run_after=None
[2026-09-26T02:59:26.420+0000] {processor.py:208} INFO - Processing /opt/airflow/dags/build_elt_with_dbt.py took 0.058 seconds
[2026-09-26T02:59:56.844+0000] {processor.py:186} INFO - Started process (PID=10633) to work on /opt/airflow/dags/build_elt_with_dbt.py
[2026-09-26T02:59:56.847+0000] {processor.py:914} INFO - Processing file /opt/airflow/dags/build_elt_with_dbt.py for tasks to queue
[2026-09-26T02:59:56.848+0000] {logging_mixin.py:190} INFO - [2026-09-26T02:59:56.848+0000] {dagbag.py:587} INFO - Filling up the DagBag from /opt/airflow/dags/build_elt_with_dbt.py
[2026-09-26T02:59:56.874+0000] {logging_mixin.py:190} INFO - [2026-09-26T02:59:56.874+0000] {base.py:84} INFO - Retrieving connection 'snowflake_conn'
[2026-09-26T02:59:56.882+0000] {processor.py:925} INFO - DAG(s) 'dbt_weather_analytics' retrieved from /opt/airflow/dags/build_elt_with_dbt.py
[2026-09-26T02:59:56.892+0000] {logging_mixin.py:190} INFO - [2026-09-26T02:59:56.892+0000] {dag.py:3229} INFO - Sync 1 DAGs
[2026-09-26T02:59:56.903+0000] {logging_mixin.py:190} INFO - [2026-09-26T02:59:56.903+0000] {dag.py:4156} INFO - Setting next_dagrun for dbt_weather_analytics to None, run_after=None
[2026-09-26T02:59:56.912+0000] {processor.py:208} INFO - Processing /opt/airflow/dags/build_elt_with_dbt.py took 0.078 seconds
[2026-09-26T03:00:27.286+0000] {processor.py:186} INFO - Started process (PID=10683) to work on /opt/airflow/dags/build_elt_with_dbt.py
[2026-09-26T03:00:27.289+0000] {processor.py:914} INFO - Processing file /opt/airflow/dags/build_elt_with_dbt.py for tasks to queue
[2026-09-26T03:00:27.291+0000] {logging_mixin.py:190} INFO - [2026-09-26T03:00:27.290+0000] {dagbag.py:587} INFO - Filling up the DagBag from /opt/airflow/dags/build_elt_with_dbt.py
[2026-09-26T03:00:27.327+0000] {logging_mixin.py:190} INFO - [2026-09-26T03:00:27.327+0000] {base.py:84} INFO - Retrieving connection 'snowflake_conn'
[2026-09-26T03:00:27.333+0000] {processor.py:925} INFO - DAG(s) 'dbt_weather_analytics' retrieved from /opt/airflow/dags/build_elt_with_dbt.py
[2026-09-26T03:00:27.343+0000] {logging_mixin.py:190} INFO - [2026-09-26T03:00:27.343+0000] {dag.py:3229} INFO - Sync 1 DAGs
[2026-09-26T03:00:27.354+0000] {logging_mixin.py:190} INFO - [2026-09-26T03:00:27.354+0000] {dag.py:4156} INFO - Setting next_dagrun for dbt_weather_analytics to None, run_after=None
[2026-09-26T03:00:27.362+0000] {processor.py:208} INFO - Processing /opt/airflow/dags/build_elt_with_dbt.py took 0.083 seconds
[2026-09-26T03:00:40.554+0000] {processor.py:186} INFO - Started process (PID=10697) to work on /opt/airflow/dags/build_elt_with_dbt.py
[2026-09-26T03:00:40.557+0000] {processor.py:914} INFO - Processing file /opt/airflow/dags/build_elt_with_dbt.py for tasks to queue
[2026-09-26T03:00:40.558+0000] {logging_mixin.py:190} INFO - [2026-09-26T03:00:40.558+0000] {dagbag.py:587} INFO - Filling up the DagBag from /opt/airflow/dags/build_elt_with_dbt.py
[2026-09-26T03:00:40.671+0000] {logging_mixin.py:190} INFO - [2026-09-26T03:00:40.671+0000] {base.py:84} INFO - Retrieving connection 'snowflake_conn'
[2026-09-26T03:00:40.680+0000] {processor.py:925} INFO - DAG(s) 'dbt_weather_analytics' retrieved from /opt/airflow/dags/build_elt_with_dbt.py
[2026-09-26T03:00:40.698+0000] {logging_mixin.py:190} INFO - [2026-09-26T03:00:40.698+0000] {dag.py:3229} INFO - Sync 1 DAGs
[2026-09-26T03:00:40.721+0000] {logging_mixin.py:190} INFO - [2026-09-26T03:00:40.720+0000] {dag.py:4156} INFO - Setting next_dagrun for dbt_weather_analytics to None, run_after=None
[2026-09-26T03:00:40.731+0000] {processor.py:208} INFO - Processing /opt/airflow/dags/build_elt_with_dbt.py took 0.189 seconds
[2026-09-26T03:01:11.166+0000] {processor.py:186} INFO - Started process (PID=10713) to work on /opt/airflow/dags/build_elt_with_dbt.py
[2026-09-26T03:01:11.171+0000] {processor.py:914} INFO - Processing file /opt/airflow/dags/build_elt_with_dbt.py for tasks to queue
[2026-09-26T03:01:11.178+0000] {logging_mixin.py:190} INFO - [2026-09-26T03:01:11.175+0000] {dagbag.py:587} INFO - Filling up the DagBag from /opt/airflow/dags/build_elt_with_dbt.py
[2026-09-26T03:01:11.231+0000] {logging_mixin.py:190} INFO - [2026-09-26T03:01:11.231+0000] {base.py:84} INFO - Retrieving connection 'snowflake_conn'
[2026-09-26T03:01:11.249+0000] {processor.py:925} INFO - DAG(s) 'dbt_weather_analytics' retrieved from /opt/airflow/dags/build_elt_with_dbt.py
[2026-09-26T03:01:11.275+0000] {logging_mixin.py:190} INFO - [2026-09-26T03:01:11.275+0000] {dag.py:3229} INFO - Sync 1 DAGs
[2026-09-26T03:01:11.322+0000] {logging_mixin.py:190} INFO - [2026-09-26T03:01:11.322+0000] {dag.py:4156} INFO - Setting next_dagrun for dbt_weather_analytics to None, run_after=None
[2026-09-26T03:01:11.348+0000] {processor.py:208} INFO - Processing /opt/airflow/dags/build_elt_with_dbt.py took 0.192 seconds
[2026-09-26T03:01:41.809+0000] {processor.py:186} INFO - Started process (PID=10729) to work on /opt/airflow/dags/build_elt_with_dbt.py
[2026-09-26T03:01:41.812+0000] {processor.py:914} INFO - Processing file /opt/airflow/dags/build_elt_with_dbt.py for tasks to queue
[2026-09-26T03:01:41.817+0000] {logging_mixin.py:190} INFO - [2026-09-26T03:01:41.816+0000] {dagbag.py:587} INFO - Filling up the DagBag from /opt/airflow/dags/build_elt_with_dbt.py
[2026-09-26T03:01:41.857+0000] {logging_mixin.py:190} INFO - [2026-09-26T03:01:41.857+0000] {base.py:84} INFO - Retrieving connection 'snowflake_conn'
[2026-09-26T03:01:41.863+0000] {processor.py:925} INFO - DAG(s) 'dbt_weather_analytics' retrieved from /opt/airflow/dags/build_elt_with_dbt.py
[2026-09-26T03:01:41.873+0000] {logging_mixin.py:190} INFO - [2026-09-26T03:01:41.873+0000] {dag.py:3229} INFO - Sync 1 DAGs
[2026-09-26T03:01:41.886+0000] {logging_mixin.py:190} INFO - [2026-09-26T03:01:41.886+0000] {dag.py:4156} INFO - Setting next_dagrun for dbt_weather_analytics to None, run_after=None
[2026-09-26T03:01:41.897+0000] {processor.py:208} INFO - Processing /opt/airflow/dags/build_elt_with_dbt.py took 0.102 seconds
[2026-09-26T03:02:12.380+0000] {processor.py:186} INFO - Started process (PID=10745) to work on /opt/airflow/dags/build_elt_with_dbt.py
[2026-09-26T03:02:12.385+0000] {processor.py:914} INFO - Processing file /opt/airflow/dags/build_elt_with_dbt.py for tasks to queue
[2026-09-26T03:02:12.386+0000] {logging_mixin.py:190} INFO - [2026-09-26T03:02:12.386+0000] {dagbag.py:587} INFO - Filling up the DagBag from /opt/airflow/dags/build_elt_with_dbt.py
[2026-09-26T03:02:12.423+0000] {logging_mixin.py:190} INFO - [2026-09-26T03:02:12.423+0000] {base.py:84} INFO - Retrieving connection 'snowflake_conn'
[2026-09-26T03:02:12.431+0000] {processor.py:925} INFO - DAG(s) 'dbt_weather_analytics' retrieved from /opt/airflow/dags/build_elt_with_dbt.py
[2026-09-26T03:02:12.443+0000] {logging_mixin.py:190} INFO - [2026-09-26T03:02:12.443+0000] {dag.py:3229} INFO - Sync 1 DAGs
[2026-09-26T03:02:12.462+0000] {logging_mixin.py:190} INFO - [2026-09-26T03:02:12.462+0000] {dag.py:4156} INFO - Setting next_dagrun for dbt_weather_analytics to None, run_after=None
[2026-09-26T03:02:12.475+0000] {processor.py:208} INFO - Processing /opt/airflow/dags/build_elt_with_dbt.py took 0.106 seconds
[2026-09-26T03:02:42.899+0000] {processor.py:186} INFO - Started process (PID=10761) to work on /opt/airflow/dags/build_elt_with_dbt.py
[2026-09-26T03:02:42.902+0000] {processor.py:914} INFO - Processing file /opt/airflow/dags/build_elt_with_dbt.py for tasks to queue
[2026-09-26T03:02:42.903+0000] {logging_mixin.py:190} INFO - [2026-09-26T03:02:42.903+0000] {dagbag.py:587} INFO - Filling up the DagBag from /opt/airflow/dags/build_elt_with_dbt.py
[2026-09-26T03:02:42.948+0000] {logging_mixin.py:190} INFO - [2026-09-26T03:02:42.948+0000] {base.py:84} INFO - Retrieving connection 'snowflake_conn'
[2026-09-26T03:02:42.955+0000] {processor.py:925} INFO - DAG(s) 'dbt_weather_analytics' retrieved from /opt/airflow/dags/build_elt_with_dbt.py
[2026-09-26T03:02:42.973+0000] {logging_mixin.py:190} INFO - [2026-09-26T03:02:42.972+0000] {dag.py:3229} INFO - Sync 1 DAGs
[2026-09-26T03:02:42.986+0000] {logging_mixin.py:190} INFO - [2026-09-26T03:02:42.986+0000] {dag.py:4156} INFO - Setting next_dagrun for dbt_weather_analytics to None, run_after=None
[2026-09-26T03:02:43.002+0000] {processor.py:208} INFO - Processing /opt/airflow/dags/build_elt_with_dbt.py took 0.116 seconds
[2026-09-26T03:03:13.447+0000] {processor.py:186} INFO - Started process (PID=10777) to work on /opt/airflow/dags/build_elt_with_dbt.py
[2026-09-26T03:03:13.449+0000] {processor.py:914} INFO - Processing file /opt/airflow/dags/build_elt_with_dbt.py for tasks to queue
[2026-09-26T03:03:13.450+0000] {logging_mixin.py:190} INFO - [2026-09-26T03:03:13.449+0000] {dagbag.py:587} INFO - Filling up the DagBag from /opt/airflow/dags/build_elt_with_dbt.py
[2026-09-26T03:03:13.474+0000] {logging_mixin.py:190} INFO - [2026-09-26T03:03:13.474+0000] {base.py:84} INFO - Retrieving connection 'snowflake_conn'
[2026-09-26T03:03:13.480+0000] {processor.py:925} INFO - DAG(s) 'dbt_weather_analytics' retrieved from /opt/airflow/dags/build_elt_with_dbt.py
[2026-09-26T03:03:13.488+0000] {logging_mixin.py:190} INFO - [2026-09-26T03:03:13.488+0000] {dag.py:3229} INFO - Sync 1 DAGs
[2026-09-26T03:03:13.504+0000] {logging_mixin.py:190} INFO - [2026-09-26T03:03:13.504+0000] {dag.py:4156} INFO - Setting next_dagrun for dbt_weather_analytics to None, run_after=None
[2026-09-26T03:03:13.514+0000] {processor.py:208} INFO - Processing /opt/airflow/dags/build_elt_with_dbt.py took 0.074 seconds
[2026-09-26T03:03:43.977+0000] {processor.py:186} INFO - Started process (PID=10793) to work on /opt/airflow/dags/build_elt_with_dbt.py
[2026-09-26T03:03:43.979+0000] {processor.py:914} INFO - Processing file /opt/airflow/dags/build_elt_with_dbt.py for tasks to queue
[2026-09-26T03:03:43.980+0000] {logging_mixin.py:190} INFO - [2026-09-26T03:03:43.980+0000] {dagbag.py:587} INFO - Filling up the DagBag from /opt/airflow/dags/build_elt_with_dbt.py
[2026-09-26T03:03:44.000+0000] {logging_mixin.py:190} INFO - [2026-09-26T03:03:44.000+0000] {base.py:84} INFO - Retrieving connection 'snowflake_conn'
[2026-09-26T03:03:44.004+0000] {processor.py:925} INFO - DAG(s) 'dbt_weather_analytics' retrieved from /opt/airflow/dags/build_elt_with_dbt.py
[2026-09-26T03:03:44.011+0000] {logging_mixin.py:190} INFO - [2026-09-26T03:03:44.010+0000] {dag.py:3229} INFO - Sync 1 DAGs
[2026-09-26T03:03:44.019+0000] {logging_mixin.py:190} INFO - [2026-09-26T03:03:44.019+0000] {dag.py:4156} INFO - Setting next_dagrun for dbt_weather_analytics to None, run_after=None
[2026-09-26T03:03:44.027+0000] {processor.py:208} INFO - Processing /opt/airflow/dags/build_elt_with_dbt.py took 0.057 seconds
[2026-09-26T03:04:14.944+0000] {processor.py:186} INFO - Started process (PID=10809) to work on /opt/airflow/dags/build_elt_with_dbt.py
[2026-09-26T03:04:14.947+0000] {processor.py:914} INFO - Processing file /opt/airflow/dags/build_elt_with_dbt.py for tasks to queue
[2026-09-26T03:04:14.949+0000] {logging_mixin.py:190} INFO - [2026-09-26T03:04:14.948+0000] {dagbag.py:587} INFO - Filling up the DagBag from /opt/airflow/dags/build_elt_with_dbt.py
[2026-09-26T03:04:14.978+0000] {logging_mixin.py:190} INFO - [2026-09-26T03:04:14.977+0000] {base.py:84} INFO - Retrieving connection 'snowflake_conn'
[2026-09-26T03:04:14.994+0000] {processor.py:925} INFO - DAG(s) 'dbt_weather_analytics' retrieved from /opt/airflow/dags/build_elt_with_dbt.py
[2026-09-26T03:04:15.008+0000] {logging_mixin.py:190} INFO - [2026-09-26T03:04:15.008+0000] {dag.py:3229} INFO - Sync 1 DAGs
[2026-09-26T03:04:15.021+0000] {logging_mixin.py:190} INFO - [2026-09-26T03:04:15.021+0000] {dag.py:4156} INFO - Setting next_dagrun for dbt_weather_analytics to None, run_after=None
[2026-09-26T03:04:15.036+0000] {processor.py:208} INFO - Processing /opt/airflow/dags/build_elt_with_dbt.py took 0.099 seconds
[2026-09-26T03:04:45.606+0000] {processor.py:186} INFO - Started process (PID=10824) to work on /opt/airflow/dags/build_elt_with_dbt.py
[2026-09-26T03:04:45.610+0000] {processor.py:914} INFO - Processing file /opt/airflow/dags/build_elt_with_dbt.py for tasks to queue
[2026-09-26T03:04:45.613+0000] {logging_mixin.py:190} INFO - [2026-09-26T03:04:45.612+0000] {dagbag.py:587} INFO - Filling up the DagBag from /opt/airflow/dags/build_elt_with_dbt.py
[2026-09-26T03:04:45.668+0000] {logging_mixin.py:190} INFO - [2026-09-26T03:04:45.667+0000] {base.py:84} INFO - Retrieving connection 'snowflake_conn'
[2026-09-26T03:04:45.675+0000] {processor.py:925} INFO - DAG(s) 'dbt_weather_analytics' retrieved from /opt/airflow/dags/build_elt_with_dbt.py
[2026-09-26T03:04:45.689+0000] {logging_mixin.py:190} INFO - [2026-09-26T03:04:45.689+0000] {dag.py:3229} INFO - Sync 1 DAGs
[2026-09-26T03:04:45.711+0000] {logging_mixin.py:190} INFO - [2026-09-26T03:04:45.711+0000] {dag.py:4156} INFO - Setting next_dagrun for dbt_weather_analytics to None, run_after=None
[2026-09-26T03:04:45.731+0000] {processor.py:208} INFO - Processing /opt/airflow/dags/build_elt_with_dbt.py took 0.142 seconds
[2026-09-26T03:05:27.934+0000] {processor.py:186} INFO - Started process (PID=10841) to work on /opt/airflow/dags/build_elt_with_dbt.py
[2026-09-26T03:05:27.936+0000] {processor.py:914} INFO - Processing file /opt/airflow/dags/build_elt_with_dbt.py for tasks to queue
[2026-09-26T03:05:27.941+0000] {logging_mixin.py:190} INFO - [2026-09-26T03:05:27.940+0000] {dagbag.py:587} INFO - Filling up the DagBag from /opt/airflow/dags/build_elt_with_dbt.py
[2026-09-26T03:05:28.013+0000] {logging_mixin.py:190} INFO - [2026-09-26T03:05:28.012+0000] {base.py:84} INFO - Retrieving connection 'snowflake_conn'
[2026-09-26T03:05:28.032+0000] {processor.py:925} INFO - DAG(s) 'dbt_weather_analytics' retrieved from /opt/airflow/dags/build_elt_with_dbt.py
[2026-09-26T03:05:28.061+0000] {logging_mixin.py:190} INFO - [2026-09-26T03:05:28.061+0000] {dag.py:3229} INFO - Sync 1 DAGs
[2026-09-26T03:05:28.082+0000] {logging_mixin.py:190} INFO - [2026-09-26T03:05:28.082+0000] {dag.py:4156} INFO - Setting next_dagrun for dbt_weather_analytics to None, run_after=None
[2026-09-26T03:05:28.104+0000] {processor.py:208} INFO - Processing /opt/airflow/dags/build_elt_with_dbt.py took 0.188 seconds
