[2026-09-26T00:00:23.918+0000] {processor.py:186} INFO - Started process (PID=4356) to work on /opt/airflow/dags/weather_etl.py
[2026-09-26T00:00:23.919+0000] {processor.py:914} INFO - Processing file /opt/airflow/dags/weather_etl.py for tasks to queue
[2026-09-26T00:00:23.920+0000] {logging_mixin.py:190} INFO - [2026-09-26T00:00:23.920+0000] {dagbag.py:587} INFO - Filling up the DagBag from /opt/airflow/dags/weather_etl.py
[2026-09-26T00:00:23.948+0000] {processor.py:925} INFO - DAG(s) 'weather_etl' retrieved from /opt/airflow/dags/weather_etl.py
[2026-09-26T00:00:23.957+0000] {logging_mixin.py:190} INFO - [2026-09-26T00:00:23.956+0000] {dag.py:3229} INFO - Sync 1 DAGs
[2026-09-26T00:00:23.969+0000] {logging_mixin.py:190} INFO - [2026-09-26T00:00:23.969+0000] {dag.py:4156} INFO - Setting next_dagrun for weather_etl to 2026-09-25 02:30:00+00:00, run_after=2026-09-26 02:30:00+00:00
[2026-09-26T00:00:23.975+0000] {processor.py:208} INFO - Processing /opt/airflow/dags/weather_etl.py took 0.065 seconds
[2026-09-26T00:00:54.359+0000] {processor.py:186} INFO - Started process (PID=4372) to work on /opt/airflow/dags/weather_etl.py
[2026-09-26T00:00:54.361+0000] {processor.py:914} INFO - Processing file /opt/airflow/dags/weather_etl.py for tasks to queue
[2026-09-26T00:00:54.362+0000] {logging_mixin.py:190} INFO - [2026-09-26T00:00:54.361+0000] {dagbag.py:587} INFO - Filling up the DagBag from /opt/airflow/dags/weather_etl.py
[2026-09-26T00:00:54.397+0000] {processor.py:925} INFO - DAG(s) 'weather_etl' retrieved from /opt/airflow/dags/weather_etl.py
[2026-09-26T00:00:54.407+0000] {logging_mixin.py:190} INFO - [2026-09-26T00:00:54.407+0000] {dag.py:3229} INFO - Sync 1 DAGs
[2026-09-26T00:00:54.425+0000] {logging_mixin.py:190} INFO - [2026-09-26T00:00:54.425+0000] {dag.py:4156} INFO - Setting next_dagrun for weather_etl to 2026-09-25 02:30:00+00:00, run_after=2026-09-26 02:30:00+00:00
[2026-09-26T00:00:54.433+0000] {processor.py:208} INFO - Processing /opt/airflow/dags/weather_etl.py took 0.088 seconds
[2026-09-26T00:01:24.820+0000] {processor.py:186} INFO - Started process (PID=4388) to work on /opt/airflow/dags/weather_etl.py
[2026-09-26T00:01:24.823+0000] {processor.py:914} INFO - Processing file /opt/airflow/dags/weather_etl.py for tasks to queue
[2026-09-26T00:01:24.824+0000] {logging_mixin.py:190} INFO - [2026-09-26T00:01:24.823+0000] {dagbag.py:587} INFO - Filling up the DagBag from /opt/airflow/dags/weather_etl.py
[2026-09-26T00:01:24.849+0000] {processor.py:925} INFO - DAG(s) 'weather_etl' retrieved from /opt/airflow/dags/weather_etl.py
[2026-09-26T00:01:24.859+0000] {logging_mixin.py:190} INFO - [2026-09-26T00:01:24.859+0000] {dag.py:3229} INFO - Sync 1 DAGs
[2026-09-26T00:01:24.872+0000] {logging_mixin.py:190} INFO - [2026-09-26T00:01:24.872+0000] {dag.py:4156} INFO - Setting next_dagrun for weather_etl to 2026-09-25 02:30:00+00:00, run_after=2026-09-26 02:30:00+00:00
[2026-09-26T00:01:24.878+0000] {processor.py:208} INFO - Processing /opt/airflow/dags/weather_etl.py took 0.068 seconds
[2026-09-26T00:01:55.292+0000] {processor.py:186} INFO - Started process (PID=4404) to work on /opt/airflow/dags/weather_etl.py
[2026-09-26T00:01:55.293+0000] {processor.py:914} INFO - Processing file /opt/airflow/dags/weather_etl.py for tasks to queue
[2026-09-26T00:01:55.294+0000] {logging_mixin.py:190} INFO - [2026-09-26T00:01:55.294+0000] {dagbag.py:587} INFO - Filling up the DagBag from /opt/airflow/dags/weather_etl.py
[2026-09-26T00:01:55.320+0000] {processor.py:925} INFO - DAG(s) 'weather_etl' retrieved from /opt/airflow/dags/weather_etl.py
[2026-09-26T00:01:55.328+0000] {logging_mixin.py:190} INFO - [2026-09-26T00:01:55.328+0000] {dag.py:3229} INFO - Sync 1 DAGs
[2026-09-26T00:01:55.343+0000] {logging_mixin.py:190} INFO - [2026-09-26T00:01:55.342+0000] {dag.py:4156} INFO - Setting next_dagrun for weather_etl to 2026-09-25 02:30:00+00:00, run_after=2026-09-26 02:30:00+00:00
[2026-09-26T00:01:55.351+0000] {processor.py:208} INFO - Processing /opt/airflow/dags/weather_etl.py took 0.069 seconds
[2026-09-26T00:02:25.759+0000] {processor.py:186} INFO - Started process (PID=4420) to work on /opt/airflow/dags/weather_etl.py
[2026-09-26T00:02:25.760+0000] {processor.py:914} INFO - Processing file /opt/airflow/dags/weather_etl.py for tasks to queue
[2026-09-26T00:02:25.761+0000] {logging_mixin.py:190} INFO - [2026-09-26T00:02:25.761+0000] {dagbag.py:587} INFO - Filling up the DagBag from /opt/airflow/dags/weather_etl.py
[2026-09-26T00:02:25.784+0000] {processor.py:925} INFO - DAG(s) 'weather_etl' retrieved from /opt/airflow/dags/weather_etl.py
[2026-09-26T00:02:25.790+0000] {logging_mixin.py:190} INFO - [2026-09-26T00:02:25.790+0000] {dag.py:3229} INFO - Sync 1 DAGs
[2026-09-26T00:02:25.801+0000] {logging_mixin.py:190} INFO - [2026-09-26T00:02:25.801+0000] {dag.py:4156} INFO - Setting next_dagrun for weather_etl to 2026-09-25 02:30:00+00:00, run_after=2026-09-26 02:30:00+00:00
[2026-09-26T00:02:25.808+0000] {processor.py:208} INFO - Processing /opt/airflow/dags/weather_etl.py took 0.057 seconds
[2026-09-26T00:02:56.255+0000] {processor.py:186} INFO - Started process (PID=4436) to work on /opt/airflow/dags/weather_etl.py
[2026-09-26T00:02:56.257+0000] {processor.py:914} INFO - Processing file /opt/airflow/dags/weather_etl.py for tasks to queue
[2026-09-26T00:02:56.258+0000] {logging_mixin.py:190} INFO - [2026-09-26T00:02:56.258+0000] {dagbag.py:587} INFO - Filling up the DagBag from /opt/airflow/dags/weather_etl.py
[2026-09-26T00:02:56.280+0000] {processor.py:925} INFO - DAG(s) 'weather_etl' retrieved from /opt/airflow/dags/weather_etl.py
[2026-09-26T00:02:56.286+0000] {logging_mixin.py:190} INFO - [2026-09-26T00:02:56.286+0000] {dag.py:3229} INFO - Sync 1 DAGs
[2026-09-26T00:02:56.300+0000] {logging_mixin.py:190} INFO - [2026-09-26T00:02:56.300+0000] {dag.py:4156} INFO - Setting next_dagrun for weather_etl to 2026-09-25 02:30:00+00:00, run_after=2026-09-26 02:30:00+00:00
[2026-09-26T00:02:56.306+0000] {processor.py:208} INFO - Processing /opt/airflow/dags/weather_etl.py took 0.061 seconds
[2026-09-26T00:03:26.760+0000] {processor.py:186} INFO - Started process (PID=4452) to work on /opt/airflow/dags/weather_etl.py
[2026-09-26T00:03:26.762+0000] {processor.py:914} INFO - Processing file /opt/airflow/dags/weather_etl.py for tasks to queue
[2026-09-26T00:03:26.763+0000] {logging_mixin.py:190} INFO - [2026-09-26T00:03:26.763+0000] {dagbag.py:587} INFO - Filling up the DagBag from /opt/airflow/dags/weather_etl.py
[2026-09-26T00:03:26.790+0000] {processor.py:925} INFO - DAG(s) 'weather_etl' retrieved from /opt/airflow/dags/weather_etl.py
[2026-09-26T00:03:26.801+0000] {logging_mixin.py:190} INFO - [2026-09-26T00:03:26.801+0000] {dag.py:3229} INFO - Sync 1 DAGs
[2026-09-26T00:03:26.816+0000] {logging_mixin.py:190} INFO - [2026-09-26T00:03:26.816+0000] {dag.py:4156} INFO - Setting next_dagrun for weather_etl to 2026-09-25 02:30:00+00:00, run_after=2026-09-26 02:30:00+00:00
[2026-09-26T00:03:26.825+0000] {processor.py:208} INFO - Processing /opt/airflow/dags/weather_etl.py took 0.075 seconds
[2026-09-26T00:03:57.204+0000] {processor.py:186} INFO - Started process (PID=4468) to work on /opt/airflow/dags/weather_etl.py
[2026-09-26T00:03:57.205+0000] {processor.py:914} INFO - Processing file /opt/airflow/dags/weather_etl.py for tasks to queue
[2026-09-26T00:03:57.207+0000] {logging_mixin.py:190} INFO - [2026-09-26T00:03:57.206+0000] {dagbag.py:587} INFO - Filling up the DagBag from /opt/airflow/dags/weather_etl.py
[2026-09-26T00:03:57.239+0000] {processor.py:925} INFO - DAG(s) 'weather_etl' retrieved from /opt/airflow/dags/weather_etl.py
[2026-09-26T00:03:57.252+0000] {logging_mixin.py:190} INFO - [2026-09-26T00:03:57.251+0000] {dag.py:3229} INFO - Sync 1 DAGs
[2026-09-26T00:03:57.269+0000] {logging_mixin.py:190} INFO - [2026-09-26T00:03:57.269+0000] {dag.py:4156} INFO - Setting next_dagrun for weather_etl to 2026-09-25 02:30:00+00:00, run_after=2026-09-26 02:30:00+00:00
[2026-09-26T00:03:57.280+0000] {processor.py:208} INFO - Processing /opt/airflow/dags/weather_etl.py took 0.082 seconds
[2026-09-26T00:04:27.635+0000] {processor.py:186} INFO - Started process (PID=4484) to work on /opt/airflow/dags/weather_etl.py
[2026-09-26T00:04:27.637+0000] {processor.py:914} INFO - Processing file /opt/airflow/dags/weather_etl.py for tasks to queue
[2026-09-26T00:04:27.638+0000] {logging_mixin.py:190} INFO - [2026-09-26T00:04:27.638+0000] {dagbag.py:587} INFO - Filling up the DagBag from /opt/airflow/dags/weather_etl.py
[2026-09-26T00:04:27.663+0000] {processor.py:925} INFO - DAG(s) 'weather_etl' retrieved from /opt/airflow/dags/weather_etl.py
[2026-09-26T00:04:27.672+0000] {logging_mixin.py:190} INFO - [2026-09-26T00:04:27.672+0000] {dag.py:3229} INFO - Sync 1 DAGs
[2026-09-26T00:04:27.684+0000] {logging_mixin.py:190} INFO - [2026-09-26T00:04:27.684+0000] {dag.py:4156} INFO - Setting next_dagrun for weather_etl to 2026-09-25 02:30:00+00:00, run_after=2026-09-26 02:30:00+00:00
[2026-09-26T00:04:27.690+0000] {processor.py:208} INFO - Processing /opt/airflow/dags/weather_etl.py took 0.061 seconds
[2026-09-26T00:04:58.073+0000] {processor.py:186} INFO - Started process (PID=4500) to work on /opt/airflow/dags/weather_etl.py
[2026-09-26T00:04:58.074+0000] {processor.py:914} INFO - Processing file /opt/airflow/dags/weather_etl.py for tasks to queue
[2026-09-26T00:04:58.075+0000] {logging_mixin.py:190} INFO - [2026-09-26T00:04:58.075+0000] {dagbag.py:587} INFO - Filling up the DagBag from /opt/airflow/dags/weather_etl.py
[2026-09-26T00:04:58.097+0000] {processor.py:925} INFO - DAG(s) 'weather_etl' retrieved from /opt/airflow/dags/weather_etl.py
[2026-09-26T00:04:58.103+0000] {logging_mixin.py:190} INFO - [2026-09-26T00:04:58.103+0000] {dag.py:3229} INFO - Sync 1 DAGs
[2026-09-26T00:04:58.115+0000] {logging_mixin.py:190} INFO - [2026-09-26T00:04:58.115+0000] {dag.py:4156} INFO - Setting next_dagrun for weather_etl to 2026-09-25 02:30:00+00:00, run_after=2026-09-26 02:30:00+00:00
[2026-09-26T00:04:58.121+0000] {processor.py:208} INFO - Processing /opt/airflow/dags/weather_etl.py took 0.055 seconds
[2026-09-26T00:05:28.524+0000] {processor.py:186} INFO - Started process (PID=4516) to work on /opt/airflow/dags/weather_etl.py
[2026-09-26T00:05:28.525+0000] {processor.py:914} INFO - Processing file /opt/airflow/dags/weather_etl.py for tasks to queue
[2026-09-26T00:05:28.527+0000] {logging_mixin.py:190} INFO - [2026-09-26T00:05:28.526+0000] {dagbag.py:587} INFO - Filling up the DagBag from /opt/airflow/dags/weather_etl.py
[2026-09-26T00:05:28.552+0000] {processor.py:925} INFO - DAG(s) 'weather_etl' retrieved from /opt/airflow/dags/weather_etl.py
[2026-09-26T00:05:28.560+0000] {logging_mixin.py:190} INFO - [2026-09-26T00:05:28.559+0000] {dag.py:3229} INFO - Sync 1 DAGs
[2026-09-26T00:05:28.573+0000] {logging_mixin.py:190} INFO - [2026-09-26T00:05:28.573+0000] {dag.py:4156} INFO - Setting next_dagrun for weather_etl to 2026-09-25 02:30:00+00:00, run_after=2026-09-26 02:30:00+00:00
[2026-09-26T00:05:28.580+0000] {processor.py:208} INFO - Processing /opt/airflow/dags/weather_etl.py took 0.067 seconds
[2026-09-26T00:05:58.974+0000] {processor.py:186} INFO - Started process (PID=4532) to work on /opt/airflow/dags/weather_etl.py
[2026-09-26T00:05:58.977+0000] {processor.py:914} INFO - Processing file /opt/airflow/dags/weather_etl.py for tasks to queue
[2026-09-26T00:05:58.979+0000] {logging_mixin.py:190} INFO - [2026-09-26T00:05:58.978+0000] {dagbag.py:587} INFO - Filling up the DagBag from /opt/airflow/dags/weather_etl.py
[2026-09-26T00:05:59.019+0000] {processor.py:925} INFO - DAG(s) 'weather_etl' retrieved from /opt/airflow/dags/weather_etl.py
[2026-09-26T00:05:59.028+0000] {logging_mixin.py:190} INFO - [2026-09-26T00:05:59.028+0000] {dag.py:3229} INFO - Sync 1 DAGs
[2026-09-26T00:05:59.051+0000] {logging_mixin.py:190} INFO - [2026-09-26T00:05:59.051+0000] {dag.py:4156} INFO - Setting next_dagrun for weather_etl to 2026-09-25 02:30:00+00:00, run_after=2026-09-26 02:30:00+00:00
[2026-09-26T00:05:59.060+0000] {processor.py:208} INFO - Processing /opt/airflow/dags/weather_etl.py took 0.096 seconds
[2026-09-26T00:06:29.401+0000] {processor.py:186} INFO - Started process (PID=4548) to work on /opt/airflow/dags/weather_etl.py
[2026-09-26T00:06:29.403+0000] {processor.py:914} INFO - Processing file /opt/airflow/dags/weather_etl.py for tasks to queue
[2026-09-26T00:06:29.404+0000] {logging_mixin.py:190} INFO - [2026-09-26T00:06:29.404+0000] {dagbag.py:587} INFO - Filling up the DagBag from /opt/airflow/dags/weather_etl.py
[2026-09-26T00:06:29.426+0000] {processor.py:925} INFO - DAG(s) 'weather_etl' retrieved from /opt/airflow/dags/weather_etl.py
[2026-09-26T00:06:29.433+0000] {logging_mixin.py:190} INFO - [2026-09-26T00:06:29.433+0000] {dag.py:3229} INFO - Sync 1 DAGs
[2026-09-26T00:06:29.445+0000] {logging_mixin.py:190} INFO - [2026-09-26T00:06:29.445+0000] {dag.py:4156} INFO - Setting next_dagrun for weather_etl to 2026-09-25 02:30:00+00:00, run_after=2026-09-26 02:30:00+00:00
[2026-09-26T00:06:29.451+0000] {processor.py:208} INFO - Processing /opt/airflow/dags/weather_etl.py took 0.058 seconds
[2026-09-26T00:06:59.830+0000] {processor.py:186} INFO - Started process (PID=4564) to work on /opt/airflow/dags/weather_etl.py
[2026-09-26T00:06:59.831+0000] {processor.py:914} INFO - Processing file /opt/airflow/dags/weather_etl.py for tasks to queue
[2026-09-26T00:06:59.832+0000] {logging_mixin.py:190} INFO - [2026-09-26T00:06:59.832+0000] {dagbag.py:587} INFO - Filling up the DagBag from /opt/airflow/dags/weather_etl.py
[2026-09-26T00:06:59.856+0000] {processor.py:925} INFO - DAG(s) 'weather_etl' retrieved from /opt/airflow/dags/weather_etl.py
[2026-09-26T00:06:59.865+0000] {logging_mixin.py:190} INFO - [2026-09-26T00:06:59.865+0000] {dag.py:3229} INFO - Sync 1 DAGs
[2026-09-26T00:06:59.878+0000] {logging_mixin.py:190} INFO - [2026-09-26T00:06:59.877+0000] {dag.py:4156} INFO - Setting next_dagrun for weather_etl to 2026-09-25 02:30:00+00:00, run_after=2026-09-26 02:30:00+00:00
[2026-09-26T00:06:59.884+0000] {processor.py:208} INFO - Processing /opt/airflow/dags/weather_etl.py took 0.063 seconds
[2026-09-26T00:07:30.244+0000] {processor.py:186} INFO - Started process (PID=4580) to work on /opt/airflow/dags/weather_etl.py
[2026-09-26T00:07:30.245+0000] {processor.py:914} INFO - Processing file /opt/airflow/dags/weather_etl.py for tasks to queue
[2026-09-26T00:07:30.247+0000] {logging_mixin.py:190} INFO - [2026-09-26T00:07:30.246+0000] {dagbag.py:587} INFO - Filling up the DagBag from /opt/airflow/dags/weather_etl.py
[2026-09-26T00:07:30.272+0000] {processor.py:925} INFO - DAG(s) 'weather_etl' retrieved from /opt/airflow/dags/weather_etl.py
[2026-09-26T00:07:30.281+0000] {logging_mixin.py:190} INFO - [2026-09-26T00:07:30.281+0000] {dag.py:3229} INFO - Sync 1 DAGs
[2026-09-26T00:07:30.292+0000] {logging_mixin.py:190} INFO - [2026-09-26T00:07:30.292+0000] {dag.py:4156} INFO - Setting next_dagrun for weather_etl to 2026-09-25 02:30:00+00:00, run_after=2026-09-26 02:30:00+00:00
[2026-09-26T00:07:30.298+0000] {processor.py:208} INFO - Processing /opt/airflow/dags/weather_etl.py took 0.063 seconds
[2026-09-26T00:08:00.761+0000] {processor.py:186} INFO - Started process (PID=4596) to work on /opt/airflow/dags/weather_etl.py
[2026-09-26T00:08:00.762+0000] {processor.py:914} INFO - Processing file /opt/airflow/dags/weather_etl.py for tasks to queue
[2026-09-26T00:08:00.763+0000] {logging_mixin.py:190} INFO - [2026-09-26T00:08:00.763+0000] {dagbag.py:587} INFO - Filling up the DagBag from /opt/airflow/dags/weather_etl.py
[2026-09-26T00:08:00.790+0000] {processor.py:925} INFO - DAG(s) 'weather_etl' retrieved from /opt/airflow/dags/weather_etl.py
[2026-09-26T00:08:00.798+0000] {logging_mixin.py:190} INFO - [2026-09-26T00:08:00.798+0000] {dag.py:3229} INFO - Sync 1 DAGs
[2026-09-26T00:08:00.812+0000] {logging_mixin.py:190} INFO - [2026-09-26T00:08:00.812+0000] {dag.py:4156} INFO - Setting next_dagrun for weather_etl to 2026-09-25 02:30:00+00:00, run_after=2026-09-26 02:30:00+00:00
[2026-09-26T00:08:00.820+0000] {processor.py:208} INFO - Processing /opt/airflow/dags/weather_etl.py took 0.069 seconds
[2026-09-26T00:08:31.359+0000] {processor.py:186} INFO - Started process (PID=4612) to work on /opt/airflow/dags/weather_etl.py
[2026-09-26T00:08:31.361+0000] {processor.py:914} INFO - Processing file /opt/airflow/dags/weather_etl.py for tasks to queue
[2026-09-26T00:08:31.365+0000] {logging_mixin.py:190} INFO - [2026-09-26T00:08:31.363+0000] {dagbag.py:587} INFO - Filling up the DagBag from /opt/airflow/dags/weather_etl.py
[2026-09-26T00:08:31.433+0000] {processor.py:925} INFO - DAG(s) 'weather_etl' retrieved from /opt/airflow/dags/weather_etl.py
[2026-09-26T00:08:31.453+0000] {logging_mixin.py:190} INFO - [2026-09-26T00:08:31.453+0000] {dag.py:3229} INFO - Sync 1 DAGs
[2026-09-26T00:08:31.482+0000] {logging_mixin.py:190} INFO - [2026-09-26T00:08:31.482+0000] {dag.py:4156} INFO - Setting next_dagrun for weather_etl to 2026-09-25 02:30:00+00:00, run_after=2026-09-26 02:30:00+00:00
[2026-09-26T00:08:31.491+0000] {processor.py:208} INFO - Processing /opt/airflow/dags/weather_etl.py took 0.145 seconds
[2026-09-26T00:09:01.837+0000] {processor.py:186} INFO - Started process (PID=4628) to work on /opt/airflow/dags/weather_etl.py
[2026-09-26T00:09:01.838+0000] {processor.py:914} INFO - Processing file /opt/airflow/dags/weather_etl.py for tasks to queue
[2026-09-26T00:09:01.839+0000] {logging_mixin.py:190} INFO - [2026-09-26T00:09:01.839+0000] {dagbag.py:587} INFO - Filling up the DagBag from /opt/airflow/dags/weather_etl.py
[2026-09-26T00:09:01.860+0000] {processor.py:925} INFO - DAG(s) 'weather_etl' retrieved from /opt/airflow/dags/weather_etl.py
[2026-09-26T00:09:01.867+0000] {logging_mixin.py:190} INFO - [2026-09-26T00:09:01.867+0000] {dag.py:3229} INFO - Sync 1 DAGs
[2026-09-26T00:09:01.879+0000] {logging_mixin.py:190} INFO - [2026-09-26T00:09:01.879+0000] {dag.py:4156} INFO - Setting next_dagrun for weather_etl to 2026-09-25 02:30:00+00:00, run_after=2026-09-26 02:30:00+00:00
[2026-09-26T00:09:01.885+0000] {processor.py:208} INFO - Processing /opt/airflow/dags/weather_etl.py took 0.055 seconds
[2026-09-26T00:09:32.188+0000] {processor.py:186} INFO - Started process (PID=4644) to work on /opt/airflow/dags/weather_etl.py
[2026-09-26T00:09:32.190+0000] {processor.py:914} INFO - Processing file /opt/airflow/dags/weather_etl.py for tasks to queue
[2026-09-26T00:09:32.191+0000] {logging_mixin.py:190} INFO - [2026-09-26T00:09:32.190+0000] {dagbag.py:587} INFO - Filling up the DagBag from /opt/airflow/dags/weather_etl.py
[2026-09-26T00:09:32.214+0000] {processor.py:925} INFO - DAG(s) 'weather_etl' retrieved from /opt/airflow/dags/weather_etl.py
[2026-09-26T00:09:32.222+0000] {logging_mixin.py:190} INFO - [2026-09-26T00:09:32.222+0000] {dag.py:3229} INFO - Sync 1 DAGs
[2026-09-26T00:09:32.238+0000] {logging_mixin.py:190} INFO - [2026-09-26T00:09:32.238+0000] {dag.py:4156} INFO - Setting next_dagrun for weather_etl to 2026-09-25 02:30:00+00:00, run_after=2026-09-26 02:30:00+00:00
[2026-09-26T00:09:32.246+0000] {processor.py:208} INFO - Processing /opt/airflow/dags/weather_etl.py took 0.065 seconds
[2026-09-26T00:10:02.573+0000] {processor.py:186} INFO - Started process (PID=4660) to work on /opt/airflow/dags/weather_etl.py
[2026-09-26T00:10:02.575+0000] {processor.py:914} INFO - Processing file /opt/airflow/dags/weather_etl.py for tasks to queue
[2026-09-26T00:10:02.576+0000] {logging_mixin.py:190} INFO - [2026-09-26T00:10:02.576+0000] {dagbag.py:587} INFO - Filling up the DagBag from /opt/airflow/dags/weather_etl.py
[2026-09-26T00:10:02.603+0000] {processor.py:925} INFO - DAG(s) 'weather_etl' retrieved from /opt/airflow/dags/weather_etl.py
[2026-09-26T00:10:02.612+0000] {logging_mixin.py:190} INFO - [2026-09-26T00:10:02.612+0000] {dag.py:3229} INFO - Sync 1 DAGs
[2026-09-26T00:10:02.626+0000] {logging_mixin.py:190} INFO - [2026-09-26T00:10:02.626+0000] {dag.py:4156} INFO - Setting next_dagrun for weather_etl to 2026-09-25 02:30:00+00:00, run_after=2026-09-26 02:30:00+00:00
[2026-09-26T00:10:02.633+0000] {processor.py:208} INFO - Processing /opt/airflow/dags/weather_etl.py took 0.069 seconds
[2026-09-26T00:10:32.995+0000] {processor.py:186} INFO - Started process (PID=4676) to work on /opt/airflow/dags/weather_etl.py
[2026-09-26T00:10:32.997+0000] {processor.py:914} INFO - Processing file /opt/airflow/dags/weather_etl.py for tasks to queue
[2026-09-26T00:10:32.998+0000] {logging_mixin.py:190} INFO - [2026-09-26T00:10:32.998+0000] {dagbag.py:587} INFO - Filling up the DagBag from /opt/airflow/dags/weather_etl.py
[2026-09-26T00:10:33.021+0000] {processor.py:925} INFO - DAG(s) 'weather_etl' retrieved from /opt/airflow/dags/weather_etl.py
[2026-09-26T00:10:33.030+0000] {logging_mixin.py:190} INFO - [2026-09-26T00:10:33.030+0000] {dag.py:3229} INFO - Sync 1 DAGs
[2026-09-26T00:10:33.043+0000] {logging_mixin.py:190} INFO - [2026-09-26T00:10:33.043+0000] {dag.py:4156} INFO - Setting next_dagrun for weather_etl to 2026-09-25 02:30:00+00:00, run_after=2026-09-26 02:30:00+00:00
[2026-09-26T00:10:33.051+0000] {processor.py:208} INFO - Processing /opt/airflow/dags/weather_etl.py took 0.061 seconds
[2026-09-26T00:11:03.452+0000] {processor.py:186} INFO - Started process (PID=4692) to work on /opt/airflow/dags/weather_etl.py
[2026-09-26T00:11:03.454+0000] {processor.py:914} INFO - Processing file /opt/airflow/dags/weather_etl.py for tasks to queue
[2026-09-26T00:11:03.456+0000] {logging_mixin.py:190} INFO - [2026-09-26T00:11:03.455+0000] {dagbag.py:587} INFO - Filling up the DagBag from /opt/airflow/dags/weather_etl.py
[2026-09-26T00:11:03.488+0000] {processor.py:925} INFO - DAG(s) 'weather_etl' retrieved from /opt/airflow/dags/weather_etl.py
[2026-09-26T00:11:03.497+0000] {logging_mixin.py:190} INFO - [2026-09-26T00:11:03.497+0000] {dag.py:3229} INFO - Sync 1 DAGs
[2026-09-26T00:11:03.513+0000] {logging_mixin.py:190} INFO - [2026-09-26T00:11:03.512+0000] {dag.py:4156} INFO - Setting next_dagrun for weather_etl to 2026-09-25 02:30:00+00:00, run_after=2026-09-26 02:30:00+00:00
[2026-09-26T00:11:03.520+0000] {processor.py:208} INFO - Processing /opt/airflow/dags/weather_etl.py took 0.077 seconds
[2026-09-26T00:11:33.829+0000] {processor.py:186} INFO - Started process (PID=4708) to work on /opt/airflow/dags/weather_etl.py
[2026-09-26T00:11:33.830+0000] {processor.py:914} INFO - Processing file /opt/airflow/dags/weather_etl.py for tasks to queue
[2026-09-26T00:11:33.831+0000] {logging_mixin.py:190} INFO - [2026-09-26T00:11:33.830+0000] {dagbag.py:587} INFO - Filling up the DagBag from /opt/airflow/dags/weather_etl.py
[2026-09-26T00:11:33.854+0000] {processor.py:925} INFO - DAG(s) 'weather_etl' retrieved from /opt/airflow/dags/weather_etl.py
[2026-09-26T00:11:33.860+0000] {logging_mixin.py:190} INFO - [2026-09-26T00:11:33.860+0000] {dag.py:3229} INFO - Sync 1 DAGs
[2026-09-26T00:11:33.871+0000] {logging_mixin.py:190} INFO - [2026-09-26T00:11:33.871+0000] {dag.py:4156} INFO - Setting next_dagrun for weather_etl to 2026-09-25 02:30:00+00:00, run_after=2026-09-26 02:30:00+00:00
[2026-09-26T00:11:33.878+0000] {processor.py:208} INFO - Processing /opt/airflow/dags/weather_etl.py took 0.055 seconds
[2026-09-26T00:12:04.284+0000] {processor.py:186} INFO - Started process (PID=4724) to work on /opt/airflow/dags/weather_etl.py
[2026-09-26T00:12:04.286+0000] {processor.py:914} INFO - Processing file /opt/airflow/dags/weather_etl.py for tasks to queue
[2026-09-26T00:12:04.287+0000] {logging_mixin.py:190} INFO - [2026-09-26T00:12:04.287+0000] {dagbag.py:587} INFO - Filling up the DagBag from /opt/airflow/dags/weather_etl.py
[2026-09-26T00:12:04.311+0000] {processor.py:925} INFO - DAG(s) 'weather_etl' retrieved from /opt/airflow/dags/weather_etl.py
[2026-09-26T00:12:04.321+0000] {logging_mixin.py:190} INFO - [2026-09-26T00:12:04.320+0000] {dag.py:3229} INFO - Sync 1 DAGs
[2026-09-26T00:12:04.335+0000] {logging_mixin.py:190} INFO - [2026-09-26T00:12:04.335+0000] {dag.py:4156} INFO - Setting next_dagrun for weather_etl to 2026-09-25 02:30:00+00:00, run_after=2026-09-26 02:30:00+00:00
[2026-09-26T00:12:04.343+0000] {processor.py:208} INFO - Processing /opt/airflow/dags/weather_etl.py took 0.066 seconds
[2026-09-26T00:12:34.713+0000] {processor.py:186} INFO - Started process (PID=4740) to work on /opt/airflow/dags/weather_etl.py
[2026-09-26T00:12:34.714+0000] {processor.py:914} INFO - Processing file /opt/airflow/dags/weather_etl.py for tasks to queue
[2026-09-26T00:12:34.715+0000] {logging_mixin.py:190} INFO - [2026-09-26T00:12:34.714+0000] {dagbag.py:587} INFO - Filling up the DagBag from /opt/airflow/dags/weather_etl.py
[2026-09-26T00:12:34.735+0000] {processor.py:925} INFO - DAG(s) 'weather_etl' retrieved from /opt/airflow/dags/weather_etl.py
[2026-09-26T00:12:34.742+0000] {logging_mixin.py:190} INFO - [2026-09-26T00:12:34.742+0000] {dag.py:3229} INFO - Sync 1 DAGs
[2026-09-26T00:12:34.755+0000] {logging_mixin.py:190} INFO - [2026-09-26T00:12:34.755+0000] {dag.py:4156} INFO - Setting next_dagrun for weather_etl to 2026-09-25 02:30:00+00:00, run_after=2026-09-26 02:30:00+00:00
[2026-09-26T00:12:34.760+0000] {processor.py:208} INFO - Processing /opt/airflow/dags/weather_etl.py took 0.055 seconds
[2026-09-26T00:13:05.196+0000] {processor.py:186} INFO - Started process (PID=4756) to work on /opt/airflow/dags/weather_etl.py
[2026-09-26T00:13:05.200+0000] {processor.py:914} INFO - Processing file /opt/airflow/dags/weather_etl.py for tasks to queue
[2026-09-26T00:13:05.201+0000] {logging_mixin.py:190} INFO - [2026-09-26T00:13:05.200+0000] {dagbag.py:587} INFO - Filling up the DagBag from /opt/airflow/dags/weather_etl.py
[2026-09-26T00:13:05.224+0000] {processor.py:925} INFO - DAG(s) 'weather_etl' retrieved from /opt/airflow/dags/weather_etl.py
[2026-09-26T00:13:05.231+0000] {logging_mixin.py:190} INFO - [2026-09-26T00:13:05.231+0000] {dag.py:3229} INFO - Sync 1 DAGs
[2026-09-26T00:13:05.246+0000] {logging_mixin.py:190} INFO - [2026-09-26T00:13:05.245+0000] {dag.py:4156} INFO - Setting next_dagrun for weather_etl to 2026-09-25 02:30:00+00:00, run_after=2026-09-26 02:30:00+00:00
[2026-09-26T00:13:05.253+0000] {processor.py:208} INFO - Processing /opt/airflow/dags/weather_etl.py took 0.066 seconds
[2026-09-26T00:13:35.669+0000] {processor.py:186} INFO - Started process (PID=4773) to work on /opt/airflow/dags/weather_etl.py
[2026-09-26T00:13:35.670+0000] {processor.py:914} INFO - Processing file /opt/airflow/dags/weather_etl.py for tasks to queue
[2026-09-26T00:13:35.672+0000] {logging_mixin.py:190} INFO - [2026-09-26T00:13:35.671+0000] {dagbag.py:587} INFO - Filling up the DagBag from /opt/airflow/dags/weather_etl.py
[2026-09-26T00:13:35.721+0000] {processor.py:925} INFO - DAG(s) 'weather_etl' retrieved from /opt/airflow/dags/weather_etl.py
[2026-09-26T00:13:35.731+0000] {logging_mixin.py:190} INFO - [2026-09-26T00:13:35.731+0000] {dag.py:3229} INFO - Sync 1 DAGs
[2026-09-26T00:13:35.745+0000] {logging_mixin.py:190} INFO - [2026-09-26T00:13:35.745+0000] {dag.py:4156} INFO - Setting next_dagrun for weather_etl to 2026-09-25 02:30:00+00:00, run_after=2026-09-26 02:30:00+00:00
[2026-09-26T00:13:35.753+0000] {processor.py:208} INFO - Processing /opt/airflow/dags/weather_etl.py took 0.111 seconds
[2026-09-26T00:14:06.092+0000] {processor.py:186} INFO - Started process (PID=4789) to work on /opt/airflow/dags/weather_etl.py
[2026-09-26T00:14:06.095+0000] {processor.py:914} INFO - Processing file /opt/airflow/dags/weather_etl.py for tasks to queue
[2026-09-26T00:14:06.096+0000] {logging_mixin.py:190} INFO - [2026-09-26T00:14:06.096+0000] {dagbag.py:587} INFO - Filling up the DagBag from /opt/airflow/dags/weather_etl.py
[2026-09-26T00:14:06.119+0000] {processor.py:925} INFO - DAG(s) 'weather_etl' retrieved from /opt/airflow/dags/weather_etl.py
[2026-09-26T00:14:06.125+0000] {logging_mixin.py:190} INFO - [2026-09-26T00:14:06.125+0000] {dag.py:3229} INFO - Sync 1 DAGs
[2026-09-26T00:14:06.136+0000] {logging_mixin.py:190} INFO - [2026-09-26T00:14:06.136+0000] {dag.py:4156} INFO - Setting next_dagrun for weather_etl to 2026-09-25 02:30:00+00:00, run_after=2026-09-26 02:30:00+00:00
[2026-09-26T00:14:06.142+0000] {processor.py:208} INFO - Processing /opt/airflow/dags/weather_etl.py took 0.057 seconds
[2026-09-26T00:14:36.502+0000] {processor.py:186} INFO - Started process (PID=4805) to work on /opt/airflow/dags/weather_etl.py
[2026-09-26T00:14:36.505+0000] {processor.py:914} INFO - Processing file /opt/airflow/dags/weather_etl.py for tasks to queue
[2026-09-26T00:14:36.506+0000] {logging_mixin.py:190} INFO - [2026-09-26T00:14:36.506+0000] {dagbag.py:587} INFO - Filling up the DagBag from /opt/airflow/dags/weather_etl.py
[2026-09-26T00:14:36.529+0000] {processor.py:925} INFO - DAG(s) 'weather_etl' retrieved from /opt/airflow/dags/weather_etl.py
[2026-09-26T00:14:36.535+0000] {logging_mixin.py:190} INFO - [2026-09-26T00:14:36.535+0000] {dag.py:3229} INFO - Sync 1 DAGs
[2026-09-26T00:14:36.547+0000] {logging_mixin.py:190} INFO - [2026-09-26T00:14:36.546+0000] {dag.py:4156} INFO - Setting next_dagrun for weather_etl to 2026-09-25 02:30:00+00:00, run_after=2026-09-26 02:30:00+00:00
[2026-09-26T00:14:36.553+0000] {processor.py:208} INFO - Processing /opt/airflow/dags/weather_etl.py took 0.060 seconds
[2026-09-26T00:15:06.977+0000] {processor.py:186} INFO - Started process (PID=4821) to work on /opt/airflow/dags/weather_etl.py
[2026-09-26T00:15:06.980+0000] {processor.py:914} INFO - Processing file /opt/airflow/dags/weather_etl.py for tasks to queue
[2026-09-26T00:15:06.982+0000] {logging_mixin.py:190} INFO - [2026-09-26T00:15:06.981+0000] {dagbag.py:587} INFO - Filling up the DagBag from /opt/airflow/dags/weather_etl.py
[2026-09-26T00:15:07.004+0000] {processor.py:925} INFO - DAG(s) 'weather_etl' retrieved from /opt/airflow/dags/weather_etl.py
[2026-09-26T00:15:07.011+0000] {logging_mixin.py:190} INFO - [2026-09-26T00:15:07.011+0000] {dag.py:3229} INFO - Sync 1 DAGs
[2026-09-26T00:15:07.024+0000] {logging_mixin.py:190} INFO - [2026-09-26T00:15:07.024+0000] {dag.py:4156} INFO - Setting next_dagrun for weather_etl to 2026-09-25 02:30:00+00:00, run_after=2026-09-26 02:30:00+00:00
[2026-09-26T00:15:07.031+0000] {processor.py:208} INFO - Processing /opt/airflow/dags/weather_etl.py took 0.061 seconds
[2026-09-26T00:15:37.428+0000] {processor.py:186} INFO - Started process (PID=4837) to work on /opt/airflow/dags/weather_etl.py
[2026-09-26T00:15:37.430+0000] {processor.py:914} INFO - Processing file /opt/airflow/dags/weather_etl.py for tasks to queue
[2026-09-26T00:15:37.433+0000] {logging_mixin.py:190} INFO - [2026-09-26T00:15:37.431+0000] {dagbag.py:587} INFO - Filling up the DagBag from /opt/airflow/dags/weather_etl.py
[2026-09-26T00:15:37.487+0000] {processor.py:925} INFO - DAG(s) 'weather_etl' retrieved from /opt/airflow/dags/weather_etl.py
[2026-09-26T00:15:37.505+0000] {logging_mixin.py:190} INFO - [2026-09-26T00:15:37.505+0000] {dag.py:3229} INFO - Sync 1 DAGs
[2026-09-26T00:15:37.529+0000] {logging_mixin.py:190} INFO - [2026-09-26T00:15:37.529+0000] {dag.py:4156} INFO - Setting next_dagrun for weather_etl to 2026-09-25 02:30:00+00:00, run_after=2026-09-26 02:30:00+00:00
[2026-09-26T00:15:37.539+0000] {processor.py:208} INFO - Processing /opt/airflow/dags/weather_etl.py took 0.122 seconds
[2026-09-26T00:16:07.867+0000] {processor.py:186} INFO - Started process (PID=4853) to work on /opt/airflow/dags/weather_etl.py
[2026-09-26T00:16:07.869+0000] {processor.py:914} INFO - Processing file /opt/airflow/dags/weather_etl.py for tasks to queue
[2026-09-26T00:16:07.869+0000] {logging_mixin.py:190} INFO - [2026-09-26T00:16:07.869+0000] {dagbag.py:587} INFO - Filling up the DagBag from /opt/airflow/dags/weather_etl.py
[2026-09-26T00:16:07.892+0000] {processor.py:925} INFO - DAG(s) 'weather_etl' retrieved from /opt/airflow/dags/weather_etl.py
[2026-09-26T00:16:07.901+0000] {logging_mixin.py:190} INFO - [2026-09-26T00:16:07.901+0000] {dag.py:3229} INFO - Sync 1 DAGs
[2026-09-26T00:16:07.918+0000] {logging_mixin.py:190} INFO - [2026-09-26T00:16:07.918+0000] {dag.py:4156} INFO - Setting next_dagrun for weather_etl to 2026-09-25 02:30:00+00:00, run_after=2026-09-26 02:30:00+00:00
[2026-09-26T00:16:07.929+0000] {processor.py:208} INFO - Processing /opt/airflow/dags/weather_etl.py took 0.066 seconds
[2026-09-26T00:16:38.432+0000] {processor.py:186} INFO - Started process (PID=4869) to work on /opt/airflow/dags/weather_etl.py
[2026-09-26T00:16:38.436+0000] {processor.py:914} INFO - Processing file /opt/airflow/dags/weather_etl.py for tasks to queue
[2026-09-26T00:16:38.438+0000] {logging_mixin.py:190} INFO - [2026-09-26T00:16:38.437+0000] {dagbag.py:587} INFO - Filling up the DagBag from /opt/airflow/dags/weather_etl.py
[2026-09-26T00:16:38.503+0000] {processor.py:925} INFO - DAG(s) 'weather_etl' retrieved from /opt/airflow/dags/weather_etl.py
[2026-09-26T00:16:38.521+0000] {logging_mixin.py:190} INFO - [2026-09-26T00:16:38.521+0000] {dag.py:3229} INFO - Sync 1 DAGs
[2026-09-26T00:16:38.552+0000] {logging_mixin.py:190} INFO - [2026-09-26T00:16:38.551+0000] {dag.py:4156} INFO - Setting next_dagrun for weather_etl to 2026-09-25 02:30:00+00:00, run_after=2026-09-26 02:30:00+00:00
[2026-09-26T00:16:38.564+0000] {processor.py:208} INFO - Processing /opt/airflow/dags/weather_etl.py took 0.148 seconds
[2026-09-26T00:17:08.862+0000] {processor.py:186} INFO - Started process (PID=4885) to work on /opt/airflow/dags/weather_etl.py
[2026-09-26T00:17:08.864+0000] {processor.py:914} INFO - Processing file /opt/airflow/dags/weather_etl.py for tasks to queue
[2026-09-26T00:17:08.865+0000] {logging_mixin.py:190} INFO - [2026-09-26T00:17:08.865+0000] {dagbag.py:587} INFO - Filling up the DagBag from /opt/airflow/dags/weather_etl.py
[2026-09-26T00:17:08.887+0000] {processor.py:925} INFO - DAG(s) 'weather_etl' retrieved from /opt/airflow/dags/weather_etl.py
[2026-09-26T00:17:08.893+0000] {logging_mixin.py:190} INFO - [2026-09-26T00:17:08.893+0000] {dag.py:3229} INFO - Sync 1 DAGs
[2026-09-26T00:17:08.903+0000] {logging_mixin.py:190} INFO - [2026-09-26T00:17:08.903+0000] {dag.py:4156} INFO - Setting next_dagrun for weather_etl to 2026-09-25 02:30:00+00:00, run_after=2026-09-26 02:30:00+00:00
[2026-09-26T00:17:08.909+0000] {processor.py:208} INFO - Processing /opt/airflow/dags/weather_etl.py took 0.051 seconds
[2026-09-26T00:17:39.296+0000] {processor.py:186} INFO - Started process (PID=4901) to work on /opt/airflow/dags/weather_etl.py
[2026-09-26T00:17:39.297+0000] {processor.py:914} INFO - Processing file /opt/airflow/dags/weather_etl.py for tasks to queue
[2026-09-26T00:17:39.298+0000] {logging_mixin.py:190} INFO - [2026-09-26T00:17:39.298+0000] {dagbag.py:587} INFO - Filling up the DagBag from /opt/airflow/dags/weather_etl.py
[2026-09-26T00:17:39.333+0000] {processor.py:925} INFO - DAG(s) 'weather_etl' retrieved from /opt/airflow/dags/weather_etl.py
[2026-09-26T00:17:39.340+0000] {logging_mixin.py:190} INFO - [2026-09-26T00:17:39.340+0000] {dag.py:3229} INFO - Sync 1 DAGs
[2026-09-26T00:17:39.356+0000] {logging_mixin.py:190} INFO - [2026-09-26T00:17:39.356+0000] {dag.py:4156} INFO - Setting next_dagrun for weather_etl to 2026-09-25 02:30:00+00:00, run_after=2026-09-26 02:30:00+00:00
[2026-09-26T00:17:39.363+0000] {processor.py:208} INFO - Processing /opt/airflow/dags/weather_etl.py took 0.074 seconds
[2026-09-26T00:18:09.740+0000] {processor.py:186} INFO - Started process (PID=4917) to work on /opt/airflow/dags/weather_etl.py
[2026-09-26T00:18:09.741+0000] {processor.py:914} INFO - Processing file /opt/airflow/dags/weather_etl.py for tasks to queue
[2026-09-26T00:18:09.742+0000] {logging_mixin.py:190} INFO - [2026-09-26T00:18:09.741+0000] {dagbag.py:587} INFO - Filling up the DagBag from /opt/airflow/dags/weather_etl.py
[2026-09-26T00:18:09.764+0000] {processor.py:925} INFO - DAG(s) 'weather_etl' retrieved from /opt/airflow/dags/weather_etl.py
[2026-09-26T00:18:09.770+0000] {logging_mixin.py:190} INFO - [2026-09-26T00:18:09.770+0000] {dag.py:3229} INFO - Sync 1 DAGs
[2026-09-26T00:18:09.781+0000] {logging_mixin.py:190} INFO - [2026-09-26T00:18:09.781+0000] {dag.py:4156} INFO - Setting next_dagrun for weather_etl to 2026-09-25 02:30:00+00:00, run_after=2026-09-26 02:30:00+00:00
[2026-09-26T00:18:09.788+0000] {processor.py:208} INFO - Processing /opt/airflow/dags/weather_etl.py took 0.053 seconds
[2026-09-26T00:18:40.227+0000] {processor.py:186} INFO - Started process (PID=4933) to work on /opt/airflow/dags/weather_etl.py
[2026-09-26T00:18:40.230+0000] {processor.py:914} INFO - Processing file /opt/airflow/dags/weather_etl.py for tasks to queue
[2026-09-26T00:18:40.232+0000] {logging_mixin.py:190} INFO - [2026-09-26T00:18:40.231+0000] {dagbag.py:587} INFO - Filling up the DagBag from /opt/airflow/dags/weather_etl.py
[2026-09-26T00:18:40.257+0000] {processor.py:925} INFO - DAG(s) 'weather_etl' retrieved from /opt/airflow/dags/weather_etl.py
[2026-09-26T00:18:40.264+0000] {logging_mixin.py:190} INFO - [2026-09-26T00:18:40.264+0000] {dag.py:3229} INFO - Sync 1 DAGs
[2026-09-26T00:18:40.276+0000] {logging_mixin.py:190} INFO - [2026-09-26T00:18:40.276+0000] {dag.py:4156} INFO - Setting next_dagrun for weather_etl to 2026-09-25 02:30:00+00:00, run_after=2026-09-26 02:30:00+00:00
[2026-09-26T00:18:40.282+0000] {processor.py:208} INFO - Processing /opt/airflow/dags/weather_etl.py took 0.069 seconds
[2026-09-26T00:19:10.666+0000] {processor.py:186} INFO - Started process (PID=4949) to work on /opt/airflow/dags/weather_etl.py
[2026-09-26T00:19:10.669+0000] {processor.py:914} INFO - Processing file /opt/airflow/dags/weather_etl.py for tasks to queue
[2026-09-26T00:19:10.671+0000] {logging_mixin.py:190} INFO - [2026-09-26T00:19:10.670+0000] {dagbag.py:587} INFO - Filling up the DagBag from /opt/airflow/dags/weather_etl.py
[2026-09-26T00:19:10.692+0000] {processor.py:925} INFO - DAG(s) 'weather_etl' retrieved from /opt/airflow/dags/weather_etl.py
[2026-09-26T00:19:10.700+0000] {logging_mixin.py:190} INFO - [2026-09-26T00:19:10.700+0000] {dag.py:3229} INFO - Sync 1 DAGs
[2026-09-26T00:19:10.712+0000] {logging_mixin.py:190} INFO - [2026-09-26T00:19:10.712+0000] {dag.py:4156} INFO - Setting next_dagrun for weather_etl to 2026-09-25 02:30:00+00:00, run_after=2026-09-26 02:30:00+00:00
[2026-09-26T00:19:10.718+0000] {processor.py:208} INFO - Processing /opt/airflow/dags/weather_etl.py took 0.060 seconds
[2026-09-26T00:19:41.109+0000] {processor.py:186} INFO - Started process (PID=4965) to work on /opt/airflow/dags/weather_etl.py
[2026-09-26T00:19:41.111+0000] {processor.py:914} INFO - Processing file /opt/airflow/dags/weather_etl.py for tasks to queue
[2026-09-26T00:19:41.112+0000] {logging_mixin.py:190} INFO - [2026-09-26T00:19:41.111+0000] {dagbag.py:587} INFO - Filling up the DagBag from /opt/airflow/dags/weather_etl.py
[2026-09-26T00:19:41.127+0000] {processor.py:925} INFO - DAG(s) 'weather_etl' retrieved from /opt/airflow/dags/weather_etl.py
[2026-09-26T00:19:41.133+0000] {logging_mixin.py:190} INFO - [2026-09-26T00:19:41.133+0000] {dag.py:3229} INFO - Sync 1 DAGs
[2026-09-26T00:19:41.143+0000] {logging_mixin.py:190} INFO - [2026-09-26T00:19:41.143+0000] {dag.py:4156} INFO - Setting next_dagrun for weather_etl to 2026-09-25 02:30:00+00:00, run_after=2026-09-26 02:30:00+00:00
[2026-09-26T00:19:41.150+0000] {processor.py:208} INFO - Processing /opt/airflow/dags/weather_etl.py took 0.056 seconds
[2026-09-26T00:20:11.535+0000] {processor.py:186} INFO - Started process (PID=4981) to work on /opt/airflow/dags/weather_etl.py
[2026-09-26T00:20:11.538+0000] {processor.py:914} INFO - Processing file /opt/airflow/dags/weather_etl.py for tasks to queue
[2026-09-26T00:20:11.539+0000] {logging_mixin.py:190} INFO - [2026-09-26T00:20:11.539+0000] {dagbag.py:587} INFO - Filling up the DagBag from /opt/airflow/dags/weather_etl.py
[2026-09-26T00:20:11.561+0000] {processor.py:925} INFO - DAG(s) 'weather_etl' retrieved from /opt/airflow/dags/weather_etl.py
[2026-09-26T00:20:11.568+0000] {logging_mixin.py:190} INFO - [2026-09-26T00:20:11.568+0000] {dag.py:3229} INFO - Sync 1 DAGs
[2026-09-26T00:20:11.580+0000] {logging_mixin.py:190} INFO - [2026-09-26T00:20:11.580+0000] {dag.py:4156} INFO - Setting next_dagrun for weather_etl to 2026-09-25 02:30:00+00:00, run_after=2026-09-26 02:30:00+00:00
[2026-09-26T00:20:11.588+0000] {processor.py:208} INFO - Processing /opt/airflow/dags/weather_etl.py took 0.063 seconds
[2026-09-26T00:20:41.990+0000] {processor.py:186} INFO - Started process (PID=4997) to work on /opt/airflow/dags/weather_etl.py
[2026-09-26T00:20:41.992+0000] {processor.py:914} INFO - Processing file /opt/airflow/dags/weather_etl.py for tasks to queue
[2026-09-26T00:20:41.993+0000] {logging_mixin.py:190} INFO - [2026-09-26T00:20:41.993+0000] {dagbag.py:587} INFO - Filling up the DagBag from /opt/airflow/dags/weather_etl.py
[2026-09-26T00:20:42.016+0000] {processor.py:925} INFO - DAG(s) 'weather_etl' retrieved from /opt/airflow/dags/weather_etl.py
[2026-09-26T00:20:42.024+0000] {logging_mixin.py:190} INFO - [2026-09-26T00:20:42.024+0000] {dag.py:3229} INFO - Sync 1 DAGs
[2026-09-26T00:20:42.035+0000] {logging_mixin.py:190} INFO - [2026-09-26T00:20:42.034+0000] {dag.py:4156} INFO - Setting next_dagrun for weather_etl to 2026-09-25 02:30:00+00:00, run_after=2026-09-26 02:30:00+00:00
[2026-09-26T00:20:42.041+0000] {processor.py:208} INFO - Processing /opt/airflow/dags/weather_etl.py took 0.059 seconds
[2026-09-26T00:21:12.539+0000] {processor.py:186} INFO - Started process (PID=5013) to work on /opt/airflow/dags/weather_etl.py
[2026-09-26T00:21:12.540+0000] {processor.py:914} INFO - Processing file /opt/airflow/dags/weather_etl.py for tasks to queue
[2026-09-26T00:21:12.541+0000] {logging_mixin.py:190} INFO - [2026-09-26T00:21:12.541+0000] {dagbag.py:587} INFO - Filling up the DagBag from /opt/airflow/dags/weather_etl.py
[2026-09-26T00:21:12.563+0000] {processor.py:925} INFO - DAG(s) 'weather_etl' retrieved from /opt/airflow/dags/weather_etl.py
[2026-09-26T00:21:12.569+0000] {logging_mixin.py:190} INFO - [2026-09-26T00:21:12.569+0000] {dag.py:3229} INFO - Sync 1 DAGs
[2026-09-26T00:21:12.579+0000] {logging_mixin.py:190} INFO - [2026-09-26T00:21:12.579+0000] {dag.py:4156} INFO - Setting next_dagrun for weather_etl to 2026-09-25 02:30:00+00:00, run_after=2026-09-26 02:30:00+00:00
[2026-09-26T00:21:12.586+0000] {processor.py:208} INFO - Processing /opt/airflow/dags/weather_etl.py took 0.056 seconds
[2026-09-26T00:21:42.943+0000] {processor.py:186} INFO - Started process (PID=5029) to work on /opt/airflow/dags/weather_etl.py
[2026-09-26T00:21:42.945+0000] {processor.py:914} INFO - Processing file /opt/airflow/dags/weather_etl.py for tasks to queue
[2026-09-26T00:21:42.946+0000] {logging_mixin.py:190} INFO - [2026-09-26T00:21:42.946+0000] {dagbag.py:587} INFO - Filling up the DagBag from /opt/airflow/dags/weather_etl.py
[2026-09-26T00:21:42.977+0000] {processor.py:925} INFO - DAG(s) 'weather_etl' retrieved from /opt/airflow/dags/weather_etl.py
[2026-09-26T00:21:42.986+0000] {logging_mixin.py:190} INFO - [2026-09-26T00:21:42.986+0000] {dag.py:3229} INFO - Sync 1 DAGs
[2026-09-26T00:21:43.002+0000] {logging_mixin.py:190} INFO - [2026-09-26T00:21:43.002+0000] {dag.py:4156} INFO - Setting next_dagrun for weather_etl to 2026-09-25 02:30:00+00:00, run_after=2026-09-26 02:30:00+00:00
[2026-09-26T00:21:43.011+0000] {processor.py:208} INFO - Processing /opt/airflow/dags/weather_etl.py took 0.078 seconds
[2026-09-26T00:22:13.407+0000] {processor.py:186} INFO - Started process (PID=5045) to work on /opt/airflow/dags/weather_etl.py
[2026-09-26T00:22:13.410+0000] {processor.py:914} INFO - Processing file /opt/airflow/dags/weather_etl.py for tasks to queue
[2026-09-26T00:22:13.411+0000] {logging_mixin.py:190} INFO - [2026-09-26T00:22:13.410+0000] {dagbag.py:587} INFO - Filling up the DagBag from /opt/airflow/dags/weather_etl.py
[2026-09-26T00:22:13.435+0000] {processor.py:925} INFO - DAG(s) 'weather_etl' retrieved from /opt/airflow/dags/weather_etl.py
[2026-09-26T00:22:13.444+0000] {logging_mixin.py:190} INFO - [2026-09-26T00:22:13.444+0000] {dag.py:3229} INFO - Sync 1 DAGs
[2026-09-26T00:22:13.458+0000] {logging_mixin.py:190} INFO - [2026-09-26T00:22:13.457+0000] {dag.py:4156} INFO - Setting next_dagrun for weather_etl to 2026-09-25 02:30:00+00:00, run_after=2026-09-26 02:30:00+00:00
[2026-09-26T00:22:13.465+0000] {processor.py:208} INFO - Processing /opt/airflow/dags/weather_etl.py took 0.067 seconds
[2026-09-26T00:22:43.775+0000] {processor.py:186} INFO - Started process (PID=5061) to work on /opt/airflow/dags/weather_etl.py
[2026-09-26T00:22:43.776+0000] {processor.py:914} INFO - Processing file /opt/airflow/dags/weather_etl.py for tasks to queue
[2026-09-26T00:22:43.776+0000] {logging_mixin.py:190} INFO - [2026-09-26T00:22:43.776+0000] {dagbag.py:587} INFO - Filling up the DagBag from /opt/airflow/dags/weather_etl.py
[2026-09-26T00:22:43.796+0000] {processor.py:925} INFO - DAG(s) 'weather_etl' retrieved from /opt/airflow/dags/weather_etl.py
[2026-09-26T00:22:43.805+0000] {logging_mixin.py:190} INFO - [2026-09-26T00:22:43.805+0000] {dag.py:3229} INFO - Sync 1 DAGs
[2026-09-26T00:22:43.816+0000] {logging_mixin.py:190} INFO - [2026-09-26T00:22:43.816+0000] {dag.py:4156} INFO - Setting next_dagrun for weather_etl to 2026-09-25 02:30:00+00:00, run_after=2026-09-26 02:30:00+00:00
[2026-09-26T00:22:43.824+0000] {processor.py:208} INFO - Processing /opt/airflow/dags/weather_etl.py took 0.054 seconds
[2026-09-26T00:23:14.222+0000] {processor.py:186} INFO - Started process (PID=5077) to work on /opt/airflow/dags/weather_etl.py
[2026-09-26T00:23:14.224+0000] {processor.py:914} INFO - Processing file /opt/airflow/dags/weather_etl.py for tasks to queue
[2026-09-26T00:23:14.225+0000] {logging_mixin.py:190} INFO - [2026-09-26T00:23:14.225+0000] {dagbag.py:587} INFO - Filling up the DagBag from /opt/airflow/dags/weather_etl.py
[2026-09-26T00:23:14.254+0000] {processor.py:925} INFO - DAG(s) 'weather_etl' retrieved from /opt/airflow/dags/weather_etl.py
[2026-09-26T00:23:14.261+0000] {logging_mixin.py:190} INFO - [2026-09-26T00:23:14.261+0000] {dag.py:3229} INFO - Sync 1 DAGs
[2026-09-26T00:23:14.272+0000] {logging_mixin.py:190} INFO - [2026-09-26T00:23:14.272+0000] {dag.py:4156} INFO - Setting next_dagrun for weather_etl to 2026-09-25 02:30:00+00:00, run_after=2026-09-26 02:30:00+00:00
[2026-09-26T00:23:14.280+0000] {processor.py:208} INFO - Processing /opt/airflow/dags/weather_etl.py took 0.067 seconds
[2026-09-26T00:23:44.693+0000] {processor.py:186} INFO - Started process (PID=5093) to work on /opt/airflow/dags/weather_etl.py
[2026-09-26T00:23:44.695+0000] {processor.py:914} INFO - Processing file /opt/airflow/dags/weather_etl.py for tasks to queue
[2026-09-26T00:23:44.697+0000] {logging_mixin.py:190} INFO - [2026-09-26T00:23:44.697+0000] {dagbag.py:587} INFO - Filling up the DagBag from /opt/airflow/dags/weather_etl.py
[2026-09-26T00:23:44.722+0000] {processor.py:925} INFO - DAG(s) 'weather_etl' retrieved from /opt/airflow/dags/weather_etl.py
[2026-09-26T00:23:44.731+0000] {logging_mixin.py:190} INFO - [2026-09-26T00:23:44.730+0000] {dag.py:3229} INFO - Sync 1 DAGs
[2026-09-26T00:23:44.747+0000] {logging_mixin.py:190} INFO - [2026-09-26T00:23:44.747+0000] {dag.py:4156} INFO - Setting next_dagrun for weather_etl to 2026-09-25 02:30:00+00:00, run_after=2026-09-26 02:30:00+00:00
[2026-09-26T00:23:44.755+0000] {processor.py:208} INFO - Processing /opt/airflow/dags/weather_etl.py took 0.076 seconds
[2026-09-26T00:24:15.252+0000] {processor.py:186} INFO - Started process (PID=5109) to work on /opt/airflow/dags/weather_etl.py
[2026-09-26T00:24:15.253+0000] {processor.py:914} INFO - Processing file /opt/airflow/dags/weather_etl.py for tasks to queue
[2026-09-26T00:24:15.254+0000] {logging_mixin.py:190} INFO - [2026-09-26T00:24:15.254+0000] {dagbag.py:587} INFO - Filling up the DagBag from /opt/airflow/dags/weather_etl.py
[2026-09-26T00:24:15.277+0000] {processor.py:925} INFO - DAG(s) 'weather_etl' retrieved from /opt/airflow/dags/weather_etl.py
[2026-09-26T00:24:15.283+0000] {logging_mixin.py:190} INFO - [2026-09-26T00:24:15.283+0000] {dag.py:3229} INFO - Sync 1 DAGs
[2026-09-26T00:24:15.295+0000] {logging_mixin.py:190} INFO - [2026-09-26T00:24:15.295+0000] {dag.py:4156} INFO - Setting next_dagrun for weather_etl to 2026-09-25 02:30:00+00:00, run_after=2026-09-26 02:30:00+00:00
[2026-09-26T00:24:15.302+0000] {processor.py:208} INFO - Processing /opt/airflow/dags/weather_etl.py took 0.058 seconds
[2026-09-26T00:24:45.746+0000] {processor.py:186} INFO - Started process (PID=5125) to work on /opt/airflow/dags/weather_etl.py
[2026-09-26T00:24:45.748+0000] {processor.py:914} INFO - Processing file /opt/airflow/dags/weather_etl.py for tasks to queue
[2026-09-26T00:24:45.749+0000] {logging_mixin.py:190} INFO - [2026-09-26T00:24:45.748+0000] {dagbag.py:587} INFO - Filling up the DagBag from /opt/airflow/dags/weather_etl.py
[2026-09-26T00:24:45.781+0000] {processor.py:925} INFO - DAG(s) 'weather_etl' retrieved from /opt/airflow/dags/weather_etl.py
[2026-09-26T00:24:45.787+0000] {logging_mixin.py:190} INFO - [2026-09-26T00:24:45.787+0000] {dag.py:3229} INFO - Sync 1 DAGs
[2026-09-26T00:24:45.800+0000] {logging_mixin.py:190} INFO - [2026-09-26T00:24:45.799+0000] {dag.py:4156} INFO - Setting next_dagrun for weather_etl to 2026-09-25 02:30:00+00:00, run_after=2026-09-26 02:30:00+00:00
[2026-09-26T00:24:45.810+0000] {processor.py:208} INFO - Processing /opt/airflow/dags/weather_etl.py took 0.072 seconds
[2026-09-26T00:25:16.151+0000] {processor.py:186} INFO - Started process (PID=5141) to work on /opt/airflow/dags/weather_etl.py
[2026-09-26T00:25:16.152+0000] {processor.py:914} INFO - Processing file /opt/airflow/dags/weather_etl.py for tasks to queue
[2026-09-26T00:25:16.153+0000] {logging_mixin.py:190} INFO - [2026-09-26T00:25:16.153+0000] {dagbag.py:587} INFO - Filling up the DagBag from /opt/airflow/dags/weather_etl.py
[2026-09-26T00:25:16.175+0000] {processor.py:925} INFO - DAG(s) 'weather_etl' retrieved from /opt/airflow/dags/weather_etl.py
[2026-09-26T00:25:16.181+0000] {logging_mixin.py:190} INFO - [2026-09-26T00:25:16.181+0000] {dag.py:3229} INFO - Sync 1 DAGs
[2026-09-26T00:25:16.192+0000] {logging_mixin.py:190} INFO - [2026-09-26T00:25:16.191+0000] {dag.py:4156} INFO - Setting next_dagrun for weather_etl to 2026-09-25 02:30:00+00:00, run_after=2026-09-26 02:30:00+00:00
[2026-09-26T00:25:16.198+0000] {processor.py:208} INFO - Processing /opt/airflow/dags/weather_etl.py took 0.054 seconds
[2026-09-26T00:25:46.656+0000] {processor.py:186} INFO - Started process (PID=5157) to work on /opt/airflow/dags/weather_etl.py
[2026-09-26T00:25:46.658+0000] {processor.py:914} INFO - Processing file /opt/airflow/dags/weather_etl.py for tasks to queue
[2026-09-26T00:25:46.660+0000] {logging_mixin.py:190} INFO - [2026-09-26T00:25:46.659+0000] {dagbag.py:587} INFO - Filling up the DagBag from /opt/airflow/dags/weather_etl.py
[2026-09-26T00:25:46.709+0000] {processor.py:925} INFO - DAG(s) 'weather_etl' retrieved from /opt/airflow/dags/weather_etl.py
[2026-09-26T00:25:46.723+0000] {logging_mixin.py:190} INFO - [2026-09-26T00:25:46.723+0000] {dag.py:3229} INFO - Sync 1 DAGs
[2026-09-26T00:25:46.741+0000] {logging_mixin.py:190} INFO - [2026-09-26T00:25:46.741+0000] {dag.py:4156} INFO - Setting next_dagrun for weather_etl to 2026-09-25 02:30:00+00:00, run_after=2026-09-26 02:30:00+00:00
[2026-09-26T00:25:46.750+0000] {processor.py:208} INFO - Processing /opt/airflow/dags/weather_etl.py took 0.114 seconds
[2026-09-26T00:26:17.058+0000] {processor.py:186} INFO - Started process (PID=5173) to work on /opt/airflow/dags/weather_etl.py
[2026-09-26T00:26:17.060+0000] {processor.py:914} INFO - Processing file /opt/airflow/dags/weather_etl.py for tasks to queue
[2026-09-26T00:26:17.062+0000] {logging_mixin.py:190} INFO - [2026-09-26T00:26:17.062+0000] {dagbag.py:587} INFO - Filling up the DagBag from /opt/airflow/dags/weather_etl.py
[2026-09-26T00:26:17.091+0000] {processor.py:925} INFO - DAG(s) 'weather_etl' retrieved from /opt/airflow/dags/weather_etl.py
[2026-09-26T00:26:17.099+0000] {logging_mixin.py:190} INFO - [2026-09-26T00:26:17.099+0000] {dag.py:3229} INFO - Sync 1 DAGs
[2026-09-26T00:26:17.113+0000] {logging_mixin.py:190} INFO - [2026-09-26T00:26:17.113+0000] {dag.py:4156} INFO - Setting next_dagrun for weather_etl to 2026-09-25 02:30:00+00:00, run_after=2026-09-26 02:30:00+00:00
[2026-09-26T00:26:17.120+0000] {processor.py:208} INFO - Processing /opt/airflow/dags/weather_etl.py took 0.072 seconds
[2026-09-26T00:26:47.514+0000] {processor.py:186} INFO - Started process (PID=5189) to work on /opt/airflow/dags/weather_etl.py
[2026-09-26T00:26:47.518+0000] {processor.py:914} INFO - Processing file /opt/airflow/dags/weather_etl.py for tasks to queue
[2026-09-26T00:26:47.522+0000] {logging_mixin.py:190} INFO - [2026-09-26T00:26:47.521+0000] {dagbag.py:587} INFO - Filling up the DagBag from /opt/airflow/dags/weather_etl.py
[2026-09-26T00:26:47.558+0000] {processor.py:925} INFO - DAG(s) 'weather_etl' retrieved from /opt/airflow/dags/weather_etl.py
[2026-09-26T00:26:47.568+0000] {logging_mixin.py:190} INFO - [2026-09-26T00:26:47.568+0000] {dag.py:3229} INFO - Sync 1 DAGs
[2026-09-26T00:26:47.589+0000] {logging_mixin.py:190} INFO - [2026-09-26T00:26:47.588+0000] {dag.py:4156} INFO - Setting next_dagrun for weather_etl to 2026-09-25 02:30:00+00:00, run_after=2026-09-26 02:30:00+00:00
[2026-09-26T00:26:47.606+0000] {processor.py:208} INFO - Processing /opt/airflow/dags/weather_etl.py took 0.104 seconds
[2026-09-26T00:27:18.030+0000] {processor.py:186} INFO - Started process (PID=5205) to work on /opt/airflow/dags/weather_etl.py
[2026-09-26T00:27:18.032+0000] {processor.py:914} INFO - Processing file /opt/airflow/dags/weather_etl.py for tasks to queue
[2026-09-26T00:27:18.033+0000] {logging_mixin.py:190} INFO - [2026-09-26T00:27:18.033+0000] {dagbag.py:587} INFO - Filling up the DagBag from /opt/airflow/dags/weather_etl.py
[2026-09-26T00:27:18.058+0000] {processor.py:925} INFO - DAG(s) 'weather_etl' retrieved from /opt/airflow/dags/weather_etl.py
[2026-09-26T00:27:18.065+0000] {logging_mixin.py:190} INFO - [2026-09-26T00:27:18.065+0000] {dag.py:3229} INFO - Sync 1 DAGs
[2026-09-26T00:27:18.076+0000] {logging_mixin.py:190} INFO - [2026-09-26T00:27:18.076+0000] {dag.py:4156} INFO - Setting next_dagrun for weather_etl to 2026-09-25 02:30:00+00:00, run_after=2026-09-26 02:30:00+00:00
[2026-09-26T00:27:18.083+0000] {processor.py:208} INFO - Processing /opt/airflow/dags/weather_etl.py took 0.062 seconds
[2026-09-26T00:27:48.413+0000] {processor.py:186} INFO - Started process (PID=5221) to work on /opt/airflow/dags/weather_etl.py
[2026-09-26T00:27:48.415+0000] {processor.py:914} INFO - Processing file /opt/airflow/dags/weather_etl.py for tasks to queue
[2026-09-26T00:27:48.416+0000] {logging_mixin.py:190} INFO - [2026-09-26T00:27:48.416+0000] {dagbag.py:587} INFO - Filling up the DagBag from /opt/airflow/dags/weather_etl.py
[2026-09-26T00:27:48.445+0000] {processor.py:925} INFO - DAG(s) 'weather_etl' retrieved from /opt/airflow/dags/weather_etl.py
[2026-09-26T00:27:48.454+0000] {logging_mixin.py:190} INFO - [2026-09-26T00:27:48.454+0000] {dag.py:3229} INFO - Sync 1 DAGs
[2026-09-26T00:27:48.468+0000] {logging_mixin.py:190} INFO - [2026-09-26T00:27:48.468+0000] {dag.py:4156} INFO - Setting next_dagrun for weather_etl to 2026-09-25 02:30:00+00:00, run_after=2026-09-26 02:30:00+00:00
[2026-09-26T00:27:48.475+0000] {processor.py:208} INFO - Processing /opt/airflow/dags/weather_etl.py took 0.070 seconds
[2026-09-26T00:28:18.849+0000] {processor.py:186} INFO - Started process (PID=5237) to work on /opt/airflow/dags/weather_etl.py
[2026-09-26T00:28:18.851+0000] {processor.py:914} INFO - Processing file /opt/airflow/dags/weather_etl.py for tasks to queue
[2026-09-26T00:28:18.852+0000] {logging_mixin.py:190} INFO - [2026-09-26T00:28:18.852+0000] {dagbag.py:587} INFO - Filling up the DagBag from /opt/airflow/dags/weather_etl.py
[2026-09-26T00:28:18.879+0000] {processor.py:925} INFO - DAG(s) 'weather_etl' retrieved from /opt/airflow/dags/weather_etl.py
[2026-09-26T00:28:18.886+0000] {logging_mixin.py:190} INFO - [2026-09-26T00:28:18.886+0000] {dag.py:3229} INFO - Sync 1 DAGs
[2026-09-26T00:28:18.899+0000] {logging_mixin.py:190} INFO - [2026-09-26T00:28:18.898+0000] {dag.py:4156} INFO - Setting next_dagrun for weather_etl to 2026-09-25 02:30:00+00:00, run_after=2026-09-26 02:30:00+00:00
[2026-09-26T00:28:18.907+0000] {processor.py:208} INFO - Processing /opt/airflow/dags/weather_etl.py took 0.067 seconds
[2026-09-26T00:28:49.310+0000] {processor.py:186} INFO - Started process (PID=5253) to work on /opt/airflow/dags/weather_etl.py
[2026-09-26T00:28:49.312+0000] {processor.py:914} INFO - Processing file /opt/airflow/dags/weather_etl.py for tasks to queue
[2026-09-26T00:28:49.313+0000] {logging_mixin.py:190} INFO - [2026-09-26T00:28:49.313+0000] {dagbag.py:587} INFO - Filling up the DagBag from /opt/airflow/dags/weather_etl.py
[2026-09-26T00:28:49.352+0000] {processor.py:925} INFO - DAG(s) 'weather_etl' retrieved from /opt/airflow/dags/weather_etl.py
[2026-09-26T00:28:49.364+0000] {logging_mixin.py:190} INFO - [2026-09-26T00:28:49.364+0000] {dag.py:3229} INFO - Sync 1 DAGs
[2026-09-26T00:28:49.393+0000] {logging_mixin.py:190} INFO - [2026-09-26T00:28:49.393+0000] {dag.py:4156} INFO - Setting next_dagrun for weather_etl to 2026-09-25 02:30:00+00:00, run_after=2026-09-26 02:30:00+00:00
[2026-09-26T00:28:49.404+0000] {processor.py:208} INFO - Processing /opt/airflow/dags/weather_etl.py took 0.105 seconds
[2026-09-26T00:29:19.770+0000] {processor.py:186} INFO - Started process (PID=5269) to work on /opt/airflow/dags/weather_etl.py
[2026-09-26T00:29:19.772+0000] {processor.py:914} INFO - Processing file /opt/airflow/dags/weather_etl.py for tasks to queue
[2026-09-26T00:29:19.773+0000] {logging_mixin.py:190} INFO - [2026-09-26T00:29:19.773+0000] {dagbag.py:587} INFO - Filling up the DagBag from /opt/airflow/dags/weather_etl.py
[2026-09-26T00:29:19.808+0000] {processor.py:925} INFO - DAG(s) 'weather_etl' retrieved from /opt/airflow/dags/weather_etl.py
[2026-09-26T00:29:19.817+0000] {logging_mixin.py:190} INFO - [2026-09-26T00:29:19.817+0000] {dag.py:3229} INFO - Sync 1 DAGs
[2026-09-26T00:29:19.831+0000] {logging_mixin.py:190} INFO - [2026-09-26T00:29:19.831+0000] {dag.py:4156} INFO - Setting next_dagrun for weather_etl to 2026-09-25 02:30:00+00:00, run_after=2026-09-26 02:30:00+00:00
[2026-09-26T00:29:19.858+0000] {processor.py:208} INFO - Processing /opt/airflow/dags/weather_etl.py took 0.107 seconds
[2026-09-26T00:29:50.241+0000] {processor.py:186} INFO - Started process (PID=5285) to work on /opt/airflow/dags/weather_etl.py
[2026-09-26T00:29:50.242+0000] {processor.py:914} INFO - Processing file /opt/airflow/dags/weather_etl.py for tasks to queue
[2026-09-26T00:29:50.243+0000] {logging_mixin.py:190} INFO - [2026-09-26T00:29:50.243+0000] {dagbag.py:587} INFO - Filling up the DagBag from /opt/airflow/dags/weather_etl.py
[2026-09-26T00:29:50.270+0000] {processor.py:925} INFO - DAG(s) 'weather_etl' retrieved from /opt/airflow/dags/weather_etl.py
[2026-09-26T00:29:50.280+0000] {logging_mixin.py:190} INFO - [2026-09-26T00:29:50.280+0000] {dag.py:3229} INFO - Sync 1 DAGs
[2026-09-26T00:29:50.297+0000] {logging_mixin.py:190} INFO - [2026-09-26T00:29:50.296+0000] {dag.py:4156} INFO - Setting next_dagrun for weather_etl to 2026-09-25 02:30:00+00:00, run_after=2026-09-26 02:30:00+00:00
[2026-09-26T00:29:50.305+0000] {processor.py:208} INFO - Processing /opt/airflow/dags/weather_etl.py took 0.084 seconds
[2026-09-26T00:30:20.710+0000] {processor.py:186} INFO - Started process (PID=5301) to work on /opt/airflow/dags/weather_etl.py
[2026-09-26T00:30:20.712+0000] {processor.py:914} INFO - Processing file /opt/airflow/dags/weather_etl.py for tasks to queue
[2026-09-26T00:30:20.713+0000] {logging_mixin.py:190} INFO - [2026-09-26T00:30:20.713+0000] {dagbag.py:587} INFO - Filling up the DagBag from /opt/airflow/dags/weather_etl.py
[2026-09-26T00:30:20.750+0000] {processor.py:925} INFO - DAG(s) 'weather_etl' retrieved from /opt/airflow/dags/weather_etl.py
[2026-09-26T00:30:20.758+0000] {logging_mixin.py:190} INFO - [2026-09-26T00:30:20.758+0000] {dag.py:3229} INFO - Sync 1 DAGs
[2026-09-26T00:30:20.771+0000] {logging_mixin.py:190} INFO - [2026-09-26T00:30:20.771+0000] {dag.py:4156} INFO - Setting next_dagrun for weather_etl to 2026-09-25 02:30:00+00:00, run_after=2026-09-26 02:30:00+00:00
[2026-09-26T00:30:20.778+0000] {processor.py:208} INFO - Processing /opt/airflow/dags/weather_etl.py took 0.073 seconds
[2026-09-26T00:30:51.112+0000] {processor.py:186} INFO - Started process (PID=5317) to work on /opt/airflow/dags/weather_etl.py
[2026-09-26T00:30:51.116+0000] {processor.py:914} INFO - Processing file /opt/airflow/dags/weather_etl.py for tasks to queue
[2026-09-26T00:30:51.117+0000] {logging_mixin.py:190} INFO - [2026-09-26T00:30:51.116+0000] {dagbag.py:587} INFO - Filling up the DagBag from /opt/airflow/dags/weather_etl.py
[2026-09-26T00:30:51.138+0000] {processor.py:925} INFO - DAG(s) 'weather_etl' retrieved from /opt/airflow/dags/weather_etl.py
[2026-09-26T00:30:51.145+0000] {logging_mixin.py:190} INFO - [2026-09-26T00:30:51.145+0000] {dag.py:3229} INFO - Sync 1 DAGs
[2026-09-26T00:30:51.158+0000] {logging_mixin.py:190} INFO - [2026-09-26T00:30:51.158+0000] {dag.py:4156} INFO - Setting next_dagrun for weather_etl to 2026-09-25 02:30:00+00:00, run_after=2026-09-26 02:30:00+00:00
[2026-09-26T00:30:51.165+0000] {processor.py:208} INFO - Processing /opt/airflow/dags/weather_etl.py took 0.068 seconds
[2026-09-26T00:31:21.540+0000] {processor.py:186} INFO - Started process (PID=5333) to work on /opt/airflow/dags/weather_etl.py
[2026-09-26T00:31:21.541+0000] {processor.py:914} INFO - Processing file /opt/airflow/dags/weather_etl.py for tasks to queue
[2026-09-26T00:31:21.542+0000] {logging_mixin.py:190} INFO - [2026-09-26T00:31:21.542+0000] {dagbag.py:587} INFO - Filling up the DagBag from /opt/airflow/dags/weather_etl.py
[2026-09-26T00:31:21.566+0000] {processor.py:925} INFO - DAG(s) 'weather_etl' retrieved from /opt/airflow/dags/weather_etl.py
[2026-09-26T00:31:21.576+0000] {logging_mixin.py:190} INFO - [2026-09-26T00:31:21.576+0000] {dag.py:3229} INFO - Sync 1 DAGs
[2026-09-26T00:31:21.590+0000] {logging_mixin.py:190} INFO - [2026-09-26T00:31:21.590+0000] {dag.py:4156} INFO - Setting next_dagrun for weather_etl to 2026-09-25 02:30:00+00:00, run_after=2026-09-26 02:30:00+00:00
[2026-09-26T00:31:21.597+0000] {processor.py:208} INFO - Processing /opt/airflow/dags/weather_etl.py took 0.064 seconds
[2026-09-26T00:31:52.042+0000] {processor.py:186} INFO - Started process (PID=5349) to work on /opt/airflow/dags/weather_etl.py
[2026-09-26T00:31:52.043+0000] {processor.py:914} INFO - Processing file /opt/airflow/dags/weather_etl.py for tasks to queue
[2026-09-26T00:31:52.044+0000] {logging_mixin.py:190} INFO - [2026-09-26T00:31:52.044+0000] {dagbag.py:587} INFO - Filling up the DagBag from /opt/airflow/dags/weather_etl.py
[2026-09-26T00:31:52.070+0000] {processor.py:925} INFO - DAG(s) 'weather_etl' retrieved from /opt/airflow/dags/weather_etl.py
[2026-09-26T00:31:52.078+0000] {logging_mixin.py:190} INFO - [2026-09-26T00:31:52.078+0000] {dag.py:3229} INFO - Sync 1 DAGs
[2026-09-26T00:31:52.092+0000] {logging_mixin.py:190} INFO - [2026-09-26T00:31:52.092+0000] {dag.py:4156} INFO - Setting next_dagrun for weather_etl to 2026-09-25 02:30:00+00:00, run_after=2026-09-26 02:30:00+00:00
[2026-09-26T00:31:52.101+0000] {processor.py:208} INFO - Processing /opt/airflow/dags/weather_etl.py took 0.071 seconds
[2026-09-26T00:32:22.492+0000] {processor.py:186} INFO - Started process (PID=5365) to work on /opt/airflow/dags/weather_etl.py
[2026-09-26T00:32:22.494+0000] {processor.py:914} INFO - Processing file /opt/airflow/dags/weather_etl.py for tasks to queue
[2026-09-26T00:32:22.495+0000] {logging_mixin.py:190} INFO - [2026-09-26T00:32:22.495+0000] {dagbag.py:587} INFO - Filling up the DagBag from /opt/airflow/dags/weather_etl.py
[2026-09-26T00:32:22.523+0000] {processor.py:925} INFO - DAG(s) 'weather_etl' retrieved from /opt/airflow/dags/weather_etl.py
[2026-09-26T00:32:22.529+0000] {logging_mixin.py:190} INFO - [2026-09-26T00:32:22.529+0000] {dag.py:3229} INFO - Sync 1 DAGs
[2026-09-26T00:32:22.542+0000] {logging_mixin.py:190} INFO - [2026-09-26T00:32:22.542+0000] {dag.py:4156} INFO - Setting next_dagrun for weather_etl to 2026-09-25 02:30:00+00:00, run_after=2026-09-26 02:30:00+00:00
[2026-09-26T00:32:22.551+0000] {processor.py:208} INFO - Processing /opt/airflow/dags/weather_etl.py took 0.073 seconds
[2026-09-26T00:32:52.868+0000] {processor.py:186} INFO - Started process (PID=5387) to work on /opt/airflow/dags/weather_etl.py
[2026-09-26T00:32:52.869+0000] {processor.py:914} INFO - Processing file /opt/airflow/dags/weather_etl.py for tasks to queue
[2026-09-26T00:32:52.870+0000] {logging_mixin.py:190} INFO - [2026-09-26T00:32:52.870+0000] {dagbag.py:587} INFO - Filling up the DagBag from /opt/airflow/dags/weather_etl.py
[2026-09-26T00:32:52.895+0000] {processor.py:925} INFO - DAG(s) 'weather_etl' retrieved from /opt/airflow/dags/weather_etl.py
[2026-09-26T00:32:52.901+0000] {logging_mixin.py:190} INFO - [2026-09-26T00:32:52.901+0000] {dag.py:3229} INFO - Sync 1 DAGs
[2026-09-26T00:32:52.915+0000] {logging_mixin.py:190} INFO - [2026-09-26T00:32:52.915+0000] {dag.py:4156} INFO - Setting next_dagrun for weather_etl to 2026-09-25 02:30:00+00:00, run_after=2026-09-26 02:30:00+00:00
[2026-09-26T00:32:52.921+0000] {processor.py:208} INFO - Processing /opt/airflow/dags/weather_etl.py took 0.062 seconds
[2026-09-26T00:33:23.307+0000] {processor.py:186} INFO - Started process (PID=5403) to work on /opt/airflow/dags/weather_etl.py
[2026-09-26T00:33:23.308+0000] {processor.py:914} INFO - Processing file /opt/airflow/dags/weather_etl.py for tasks to queue
[2026-09-26T00:33:23.309+0000] {logging_mixin.py:190} INFO - [2026-09-26T00:33:23.309+0000] {dagbag.py:587} INFO - Filling up the DagBag from /opt/airflow/dags/weather_etl.py
[2026-09-26T00:33:23.331+0000] {processor.py:925} INFO - DAG(s) 'weather_etl' retrieved from /opt/airflow/dags/weather_etl.py
[2026-09-26T00:33:23.337+0000] {logging_mixin.py:190} INFO - [2026-09-26T00:33:23.337+0000] {dag.py:3229} INFO - Sync 1 DAGs
[2026-09-26T00:33:23.349+0000] {logging_mixin.py:190} INFO - [2026-09-26T00:33:23.348+0000] {dag.py:4156} INFO - Setting next_dagrun for weather_etl to 2026-09-25 02:30:00+00:00, run_after=2026-09-26 02:30:00+00:00
[2026-09-26T00:33:23.355+0000] {processor.py:208} INFO - Processing /opt/airflow/dags/weather_etl.py took 0.058 seconds
[2026-09-26T00:33:53.801+0000] {processor.py:186} INFO - Started process (PID=5419) to work on /opt/airflow/dags/weather_etl.py
[2026-09-26T00:33:53.803+0000] {processor.py:914} INFO - Processing file /opt/airflow/dags/weather_etl.py for tasks to queue
[2026-09-26T00:33:53.804+0000] {logging_mixin.py:190} INFO - [2026-09-26T00:33:53.804+0000] {dagbag.py:587} INFO - Filling up the DagBag from /opt/airflow/dags/weather_etl.py
[2026-09-26T00:33:53.826+0000] {processor.py:925} INFO - DAG(s) 'weather_etl' retrieved from /opt/airflow/dags/weather_etl.py
[2026-09-26T00:33:53.833+0000] {logging_mixin.py:190} INFO - [2026-09-26T00:33:53.833+0000] {dag.py:3229} INFO - Sync 1 DAGs
[2026-09-26T00:33:53.846+0000] {logging_mixin.py:190} INFO - [2026-09-26T00:33:53.846+0000] {dag.py:4156} INFO - Setting next_dagrun for weather_etl to 2026-09-25 02:30:00+00:00, run_after=2026-09-26 02:30:00+00:00
[2026-09-26T00:33:53.853+0000] {processor.py:208} INFO - Processing /opt/airflow/dags/weather_etl.py took 0.061 seconds
[2026-09-26T00:34:24.299+0000] {processor.py:186} INFO - Started process (PID=5435) to work on /opt/airflow/dags/weather_etl.py
[2026-09-26T00:34:24.301+0000] {processor.py:914} INFO - Processing file /opt/airflow/dags/weather_etl.py for tasks to queue
[2026-09-26T00:34:24.302+0000] {logging_mixin.py:190} INFO - [2026-09-26T00:34:24.302+0000] {dagbag.py:587} INFO - Filling up the DagBag from /opt/airflow/dags/weather_etl.py
[2026-09-26T00:34:24.322+0000] {processor.py:925} INFO - DAG(s) 'weather_etl' retrieved from /opt/airflow/dags/weather_etl.py
[2026-09-26T00:34:24.329+0000] {logging_mixin.py:190} INFO - [2026-09-26T00:34:24.329+0000] {dag.py:3229} INFO - Sync 1 DAGs
[2026-09-26T00:34:24.340+0000] {logging_mixin.py:190} INFO - [2026-09-26T00:34:24.340+0000] {dag.py:4156} INFO - Setting next_dagrun for weather_etl to 2026-09-25 02:30:00+00:00, run_after=2026-09-26 02:30:00+00:00
[2026-09-26T00:34:24.346+0000] {processor.py:208} INFO - Processing /opt/airflow/dags/weather_etl.py took 0.058 seconds
[2026-09-26T00:34:54.767+0000] {processor.py:186} INFO - Started process (PID=5451) to work on /opt/airflow/dags/weather_etl.py
[2026-09-26T00:34:54.769+0000] {processor.py:914} INFO - Processing file /opt/airflow/dags/weather_etl.py for tasks to queue
[2026-09-26T00:34:54.770+0000] {logging_mixin.py:190} INFO - [2026-09-26T00:34:54.769+0000] {dagbag.py:587} INFO - Filling up the DagBag from /opt/airflow/dags/weather_etl.py
[2026-09-26T00:34:54.794+0000] {processor.py:925} INFO - DAG(s) 'weather_etl' retrieved from /opt/airflow/dags/weather_etl.py
[2026-09-26T00:34:54.800+0000] {logging_mixin.py:190} INFO - [2026-09-26T00:34:54.800+0000] {dag.py:3229} INFO - Sync 1 DAGs
[2026-09-26T00:34:54.821+0000] {logging_mixin.py:190} INFO - [2026-09-26T00:34:54.821+0000] {dag.py:4156} INFO - Setting next_dagrun for weather_etl to 2026-09-25 02:30:00+00:00, run_after=2026-09-26 02:30:00+00:00
[2026-09-26T00:34:54.828+0000] {processor.py:208} INFO - Processing /opt/airflow/dags/weather_etl.py took 0.068 seconds
[2026-09-26T00:35:25.215+0000] {processor.py:186} INFO - Started process (PID=5467) to work on /opt/airflow/dags/weather_etl.py
[2026-09-26T00:35:25.216+0000] {processor.py:914} INFO - Processing file /opt/airflow/dags/weather_etl.py for tasks to queue
[2026-09-26T00:35:25.217+0000] {logging_mixin.py:190} INFO - [2026-09-26T00:35:25.217+0000] {dagbag.py:587} INFO - Filling up the DagBag from /opt/airflow/dags/weather_etl.py
[2026-09-26T00:35:25.237+0000] {processor.py:925} INFO - DAG(s) 'weather_etl' retrieved from /opt/airflow/dags/weather_etl.py
[2026-09-26T00:35:25.244+0000] {logging_mixin.py:190} INFO - [2026-09-26T00:35:25.244+0000] {dag.py:3229} INFO - Sync 1 DAGs
[2026-09-26T00:35:25.255+0000] {logging_mixin.py:190} INFO - [2026-09-26T00:35:25.255+0000] {dag.py:4156} INFO - Setting next_dagrun for weather_etl to 2026-09-25 02:30:00+00:00, run_after=2026-09-26 02:30:00+00:00
[2026-09-26T00:35:25.263+0000] {processor.py:208} INFO - Processing /opt/airflow/dags/weather_etl.py took 0.056 seconds
[2026-09-26T00:35:55.597+0000] {processor.py:186} INFO - Started process (PID=5483) to work on /opt/airflow/dags/weather_etl.py
[2026-09-26T00:35:55.599+0000] {processor.py:914} INFO - Processing file /opt/airflow/dags/weather_etl.py for tasks to queue
[2026-09-26T00:35:55.600+0000] {logging_mixin.py:190} INFO - [2026-09-26T00:35:55.599+0000] {dagbag.py:587} INFO - Filling up the DagBag from /opt/airflow/dags/weather_etl.py
[2026-09-26T00:35:55.621+0000] {processor.py:925} INFO - DAG(s) 'weather_etl' retrieved from /opt/airflow/dags/weather_etl.py
[2026-09-26T00:35:55.629+0000] {logging_mixin.py:190} INFO - [2026-09-26T00:35:55.629+0000] {dag.py:3229} INFO - Sync 1 DAGs
[2026-09-26T00:35:55.643+0000] {logging_mixin.py:190} INFO - [2026-09-26T00:35:55.643+0000] {dag.py:4156} INFO - Setting next_dagrun for weather_etl to 2026-09-25 02:30:00+00:00, run_after=2026-09-26 02:30:00+00:00
[2026-09-26T00:35:55.651+0000] {processor.py:208} INFO - Processing /opt/airflow/dags/weather_etl.py took 0.060 seconds
[2026-09-26T00:36:25.991+0000] {processor.py:186} INFO - Started process (PID=5499) to work on /opt/airflow/dags/weather_etl.py
[2026-09-26T00:36:25.992+0000] {processor.py:914} INFO - Processing file /opt/airflow/dags/weather_etl.py for tasks to queue
[2026-09-26T00:36:25.993+0000] {logging_mixin.py:190} INFO - [2026-09-26T00:36:25.993+0000] {dagbag.py:587} INFO - Filling up the DagBag from /opt/airflow/dags/weather_etl.py
[2026-09-26T00:36:26.017+0000] {processor.py:925} INFO - DAG(s) 'weather_etl' retrieved from /opt/airflow/dags/weather_etl.py
[2026-09-26T00:36:26.025+0000] {logging_mixin.py:190} INFO - [2026-09-26T00:36:26.025+0000] {dag.py:3229} INFO - Sync 1 DAGs
[2026-09-26T00:36:26.039+0000] {logging_mixin.py:190} INFO - [2026-09-26T00:36:26.039+0000] {dag.py:4156} INFO - Setting next_dagrun for weather_etl to 2026-09-25 02:30:00+00:00, run_after=2026-09-26 02:30:00+00:00
[2026-09-26T00:36:26.047+0000] {processor.py:208} INFO - Processing /opt/airflow/dags/weather_etl.py took 0.064 seconds
[2026-09-26T00:36:56.398+0000] {processor.py:186} INFO - Started process (PID=5515) to work on /opt/airflow/dags/weather_etl.py
[2026-09-26T00:36:56.400+0000] {processor.py:914} INFO - Processing file /opt/airflow/dags/weather_etl.py for tasks to queue
[2026-09-26T00:36:56.401+0000] {logging_mixin.py:190} INFO - [2026-09-26T00:36:56.400+0000] {dagbag.py:587} INFO - Filling up the DagBag from /opt/airflow/dags/weather_etl.py
[2026-09-26T00:36:56.431+0000] {processor.py:925} INFO - DAG(s) 'weather_etl' retrieved from /opt/airflow/dags/weather_etl.py
[2026-09-26T00:36:56.440+0000] {logging_mixin.py:190} INFO - [2026-09-26T00:36:56.440+0000] {dag.py:3229} INFO - Sync 1 DAGs
[2026-09-26T00:36:56.454+0000] {logging_mixin.py:190} INFO - [2026-09-26T00:36:56.454+0000] {dag.py:4156} INFO - Setting next_dagrun for weather_etl to 2026-09-25 02:30:00+00:00, run_after=2026-09-26 02:30:00+00:00
[2026-09-26T00:36:56.463+0000] {processor.py:208} INFO - Processing /opt/airflow/dags/weather_etl.py took 0.072 seconds
[2026-09-26T00:37:26.855+0000] {processor.py:186} INFO - Started process (PID=5531) to work on /opt/airflow/dags/weather_etl.py
[2026-09-26T00:37:26.857+0000] {processor.py:914} INFO - Processing file /opt/airflow/dags/weather_etl.py for tasks to queue
[2026-09-26T00:37:26.858+0000] {logging_mixin.py:190} INFO - [2026-09-26T00:37:26.858+0000] {dagbag.py:587} INFO - Filling up the DagBag from /opt/airflow/dags/weather_etl.py
[2026-09-26T00:37:26.882+0000] {processor.py:925} INFO - DAG(s) 'weather_etl' retrieved from /opt/airflow/dags/weather_etl.py
[2026-09-26T00:37:26.888+0000] {logging_mixin.py:190} INFO - [2026-09-26T00:37:26.888+0000] {dag.py:3229} INFO - Sync 1 DAGs
[2026-09-26T00:37:26.898+0000] {logging_mixin.py:190} INFO - [2026-09-26T00:37:26.898+0000] {dag.py:4156} INFO - Setting next_dagrun for weather_etl to 2026-09-25 02:30:00+00:00, run_after=2026-09-26 02:30:00+00:00
[2026-09-26T00:37:26.904+0000] {processor.py:208} INFO - Processing /opt/airflow/dags/weather_etl.py took 0.057 seconds
[2026-09-26T00:37:57.278+0000] {processor.py:186} INFO - Started process (PID=5547) to work on /opt/airflow/dags/weather_etl.py
[2026-09-26T00:37:57.280+0000] {processor.py:914} INFO - Processing file /opt/airflow/dags/weather_etl.py for tasks to queue
[2026-09-26T00:37:57.282+0000] {logging_mixin.py:190} INFO - [2026-09-26T00:37:57.282+0000] {dagbag.py:587} INFO - Filling up the DagBag from /opt/airflow/dags/weather_etl.py
[2026-09-26T00:37:57.303+0000] {processor.py:925} INFO - DAG(s) 'weather_etl' retrieved from /opt/airflow/dags/weather_etl.py
[2026-09-26T00:37:57.310+0000] {logging_mixin.py:190} INFO - [2026-09-26T00:37:57.310+0000] {dag.py:3229} INFO - Sync 1 DAGs
[2026-09-26T00:37:57.322+0000] {logging_mixin.py:190} INFO - [2026-09-26T00:37:57.322+0000] {dag.py:4156} INFO - Setting next_dagrun for weather_etl to 2026-09-25 02:30:00+00:00, run_after=2026-09-26 02:30:00+00:00
[2026-09-26T00:37:57.331+0000] {processor.py:208} INFO - Processing /opt/airflow/dags/weather_etl.py took 0.060 seconds
[2026-09-26T00:38:27.663+0000] {processor.py:186} INFO - Started process (PID=5563) to work on /opt/airflow/dags/weather_etl.py
[2026-09-26T00:38:27.664+0000] {processor.py:914} INFO - Processing file /opt/airflow/dags/weather_etl.py for tasks to queue
[2026-09-26T00:38:27.665+0000] {logging_mixin.py:190} INFO - [2026-09-26T00:38:27.665+0000] {dagbag.py:587} INFO - Filling up the DagBag from /opt/airflow/dags/weather_etl.py
[2026-09-26T00:38:27.687+0000] {processor.py:925} INFO - DAG(s) 'weather_etl' retrieved from /opt/airflow/dags/weather_etl.py
[2026-09-26T00:38:27.694+0000] {logging_mixin.py:190} INFO - [2026-09-26T00:38:27.694+0000] {dag.py:3229} INFO - Sync 1 DAGs
[2026-09-26T00:38:27.707+0000] {logging_mixin.py:190} INFO - [2026-09-26T00:38:27.707+0000] {dag.py:4156} INFO - Setting next_dagrun for weather_etl to 2026-09-25 02:30:00+00:00, run_after=2026-09-26 02:30:00+00:00
[2026-09-26T00:38:27.715+0000] {processor.py:208} INFO - Processing /opt/airflow/dags/weather_etl.py took 0.057 seconds
[2026-09-26T00:38:58.047+0000] {processor.py:186} INFO - Started process (PID=5579) to work on /opt/airflow/dags/weather_etl.py
[2026-09-26T00:38:58.049+0000] {processor.py:914} INFO - Processing file /opt/airflow/dags/weather_etl.py for tasks to queue
[2026-09-26T00:38:58.050+0000] {logging_mixin.py:190} INFO - [2026-09-26T00:38:58.050+0000] {dagbag.py:587} INFO - Filling up the DagBag from /opt/airflow/dags/weather_etl.py
[2026-09-26T00:38:58.074+0000] {processor.py:925} INFO - DAG(s) 'weather_etl' retrieved from /opt/airflow/dags/weather_etl.py
[2026-09-26T00:38:58.081+0000] {logging_mixin.py:190} INFO - [2026-09-26T00:38:58.081+0000] {dag.py:3229} INFO - Sync 1 DAGs
[2026-09-26T00:38:58.094+0000] {logging_mixin.py:190} INFO - [2026-09-26T00:38:58.093+0000] {dag.py:4156} INFO - Setting next_dagrun for weather_etl to 2026-09-25 02:30:00+00:00, run_after=2026-09-26 02:30:00+00:00
[2026-09-26T00:38:58.101+0000] {processor.py:208} INFO - Processing /opt/airflow/dags/weather_etl.py took 0.066 seconds
[2026-09-26T00:39:28.464+0000] {processor.py:186} INFO - Started process (PID=5595) to work on /opt/airflow/dags/weather_etl.py
[2026-09-26T00:39:28.468+0000] {processor.py:914} INFO - Processing file /opt/airflow/dags/weather_etl.py for tasks to queue
[2026-09-26T00:39:28.469+0000] {logging_mixin.py:190} INFO - [2026-09-26T00:39:28.469+0000] {dagbag.py:587} INFO - Filling up the DagBag from /opt/airflow/dags/weather_etl.py
[2026-09-26T00:39:28.491+0000] {processor.py:925} INFO - DAG(s) 'weather_etl' retrieved from /opt/airflow/dags/weather_etl.py
[2026-09-26T00:39:28.499+0000] {logging_mixin.py:190} INFO - [2026-09-26T00:39:28.499+0000] {dag.py:3229} INFO - Sync 1 DAGs
[2026-09-26T00:39:28.511+0000] {logging_mixin.py:190} INFO - [2026-09-26T00:39:28.511+0000] {dag.py:4156} INFO - Setting next_dagrun for weather_etl to 2026-09-25 02:30:00+00:00, run_after=2026-09-26 02:30:00+00:00
[2026-09-26T00:39:28.518+0000] {processor.py:208} INFO - Processing /opt/airflow/dags/weather_etl.py took 0.061 seconds
[2026-09-26T00:39:58.829+0000] {processor.py:186} INFO - Started process (PID=5611) to work on /opt/airflow/dags/weather_etl.py
[2026-09-26T00:39:58.830+0000] {processor.py:914} INFO - Processing file /opt/airflow/dags/weather_etl.py for tasks to queue
[2026-09-26T00:39:58.831+0000] {logging_mixin.py:190} INFO - [2026-09-26T00:39:58.831+0000] {dagbag.py:587} INFO - Filling up the DagBag from /opt/airflow/dags/weather_etl.py
[2026-09-26T00:39:58.856+0000] {processor.py:925} INFO - DAG(s) 'weather_etl' retrieved from /opt/airflow/dags/weather_etl.py
[2026-09-26T00:39:58.863+0000] {logging_mixin.py:190} INFO - [2026-09-26T00:39:58.863+0000] {dag.py:3229} INFO - Sync 1 DAGs
[2026-09-26T00:39:58.875+0000] {logging_mixin.py:190} INFO - [2026-09-26T00:39:58.875+0000] {dag.py:4156} INFO - Setting next_dagrun for weather_etl to 2026-09-25 02:30:00+00:00, run_after=2026-09-26 02:30:00+00:00
[2026-09-26T00:39:58.882+0000] {processor.py:208} INFO - Processing /opt/airflow/dags/weather_etl.py took 0.060 seconds
[2026-09-26T00:40:29.274+0000] {processor.py:186} INFO - Started process (PID=5627) to work on /opt/airflow/dags/weather_etl.py
[2026-09-26T00:40:29.276+0000] {processor.py:914} INFO - Processing file /opt/airflow/dags/weather_etl.py for tasks to queue
[2026-09-26T00:40:29.277+0000] {logging_mixin.py:190} INFO - [2026-09-26T00:40:29.277+0000] {dagbag.py:587} INFO - Filling up the DagBag from /opt/airflow/dags/weather_etl.py
[2026-09-26T00:40:29.298+0000] {processor.py:925} INFO - DAG(s) 'weather_etl' retrieved from /opt/airflow/dags/weather_etl.py
[2026-09-26T00:40:29.307+0000] {logging_mixin.py:190} INFO - [2026-09-26T00:40:29.307+0000] {dag.py:3229} INFO - Sync 1 DAGs
[2026-09-26T00:40:29.317+0000] {logging_mixin.py:190} INFO - [2026-09-26T00:40:29.317+0000] {dag.py:4156} INFO - Setting next_dagrun for weather_etl to 2026-09-25 02:30:00+00:00, run_after=2026-09-26 02:30:00+00:00
[2026-09-26T00:40:29.324+0000] {processor.py:208} INFO - Processing /opt/airflow/dags/weather_etl.py took 0.059 seconds
[2026-09-26T00:40:59.740+0000] {processor.py:186} INFO - Started process (PID=5643) to work on /opt/airflow/dags/weather_etl.py
[2026-09-26T00:40:59.742+0000] {processor.py:914} INFO - Processing file /opt/airflow/dags/weather_etl.py for tasks to queue
[2026-09-26T00:40:59.743+0000] {logging_mixin.py:190} INFO - [2026-09-26T00:40:59.742+0000] {dagbag.py:587} INFO - Filling up the DagBag from /opt/airflow/dags/weather_etl.py
[2026-09-26T00:40:59.764+0000] {processor.py:925} INFO - DAG(s) 'weather_etl' retrieved from /opt/airflow/dags/weather_etl.py
[2026-09-26T00:40:59.770+0000] {logging_mixin.py:190} INFO - [2026-09-26T00:40:59.770+0000] {dag.py:3229} INFO - Sync 1 DAGs
[2026-09-26T00:40:59.781+0000] {logging_mixin.py:190} INFO - [2026-09-26T00:40:59.781+0000] {dag.py:4156} INFO - Setting next_dagrun for weather_etl to 2026-09-25 02:30:00+00:00, run_after=2026-09-26 02:30:00+00:00
[2026-09-26T00:40:59.789+0000] {processor.py:208} INFO - Processing /opt/airflow/dags/weather_etl.py took 0.058 seconds
[2026-09-26T00:41:30.209+0000] {processor.py:186} INFO - Started process (PID=5659) to work on /opt/airflow/dags/weather_etl.py
[2026-09-26T00:41:30.211+0000] {processor.py:914} INFO - Processing file /opt/airflow/dags/weather_etl.py for tasks to queue
[2026-09-26T00:41:30.212+0000] {logging_mixin.py:190} INFO - [2026-09-26T00:41:30.212+0000] {dagbag.py:587} INFO - Filling up the DagBag from /opt/airflow/dags/weather_etl.py
[2026-09-26T00:41:30.235+0000] {processor.py:925} INFO - DAG(s) 'weather_etl' retrieved from /opt/airflow/dags/weather_etl.py
[2026-09-26T00:41:30.246+0000] {logging_mixin.py:190} INFO - [2026-09-26T00:41:30.245+0000] {dag.py:3229} INFO - Sync 1 DAGs
[2026-09-26T00:41:30.259+0000] {logging_mixin.py:190} INFO - [2026-09-26T00:41:30.259+0000] {dag.py:4156} INFO - Setting next_dagrun for weather_etl to 2026-09-25 02:30:00+00:00, run_after=2026-09-26 02:30:00+00:00
[2026-09-26T00:41:30.266+0000] {processor.py:208} INFO - Processing /opt/airflow/dags/weather_etl.py took 0.071 seconds
[2026-09-26T00:42:00.680+0000] {processor.py:186} INFO - Started process (PID=5675) to work on /opt/airflow/dags/weather_etl.py
[2026-09-26T00:42:00.683+0000] {processor.py:914} INFO - Processing file /opt/airflow/dags/weather_etl.py for tasks to queue
[2026-09-26T00:42:00.684+0000] {logging_mixin.py:190} INFO - [2026-09-26T00:42:00.683+0000] {dagbag.py:587} INFO - Filling up the DagBag from /opt/airflow/dags/weather_etl.py
[2026-09-26T00:42:00.706+0000] {processor.py:925} INFO - DAG(s) 'weather_etl' retrieved from /opt/airflow/dags/weather_etl.py
[2026-09-26T00:42:00.715+0000] {logging_mixin.py:190} INFO - [2026-09-26T00:42:00.715+0000] {dag.py:3229} INFO - Sync 1 DAGs
[2026-09-26T00:42:00.735+0000] {logging_mixin.py:190} INFO - [2026-09-26T00:42:00.735+0000] {dag.py:4156} INFO - Setting next_dagrun for weather_etl to 2026-09-25 02:30:00+00:00, run_after=2026-09-26 02:30:00+00:00
[2026-09-26T00:42:00.746+0000] {processor.py:208} INFO - Processing /opt/airflow/dags/weather_etl.py took 0.073 seconds
[2026-09-26T00:42:31.134+0000] {processor.py:186} INFO - Started process (PID=5691) to work on /opt/airflow/dags/weather_etl.py
[2026-09-26T00:42:31.136+0000] {processor.py:914} INFO - Processing file /opt/airflow/dags/weather_etl.py for tasks to queue
[2026-09-26T00:42:31.138+0000] {logging_mixin.py:190} INFO - [2026-09-26T00:42:31.137+0000] {dagbag.py:587} INFO - Filling up the DagBag from /opt/airflow/dags/weather_etl.py
[2026-09-26T00:42:31.164+0000] {processor.py:925} INFO - DAG(s) 'weather_etl' retrieved from /opt/airflow/dags/weather_etl.py
[2026-09-26T00:42:31.172+0000] {logging_mixin.py:190} INFO - [2026-09-26T00:42:31.171+0000] {dag.py:3229} INFO - Sync 1 DAGs
[2026-09-26T00:42:31.184+0000] {logging_mixin.py:190} INFO - [2026-09-26T00:42:31.184+0000] {dag.py:4156} INFO - Setting next_dagrun for weather_etl to 2026-09-25 02:30:00+00:00, run_after=2026-09-26 02:30:00+00:00
[2026-09-26T00:42:31.192+0000] {processor.py:208} INFO - Processing /opt/airflow/dags/weather_etl.py took 0.067 seconds
[2026-09-26T00:43:01.593+0000] {processor.py:186} INFO - Started process (PID=5707) to work on /opt/airflow/dags/weather_etl.py
[2026-09-26T00:43:01.596+0000] {processor.py:914} INFO - Processing file /opt/airflow/dags/weather_etl.py for tasks to queue
[2026-09-26T00:43:01.597+0000] {logging_mixin.py:190} INFO - [2026-09-26T00:43:01.597+0000] {dagbag.py:587} INFO - Filling up the DagBag from /opt/airflow/dags/weather_etl.py
[2026-09-26T00:43:01.624+0000] {processor.py:925} INFO - DAG(s) 'weather_etl' retrieved from /opt/airflow/dags/weather_etl.py
[2026-09-26T00:43:01.635+0000] {logging_mixin.py:190} INFO - [2026-09-26T00:43:01.634+0000] {dag.py:3229} INFO - Sync 1 DAGs
[2026-09-26T00:43:01.648+0000] {logging_mixin.py:190} INFO - [2026-09-26T00:43:01.648+0000] {dag.py:4156} INFO - Setting next_dagrun for weather_etl to 2026-09-25 02:30:00+00:00, run_after=2026-09-26 02:30:00+00:00
[2026-09-26T00:43:01.660+0000] {processor.py:208} INFO - Processing /opt/airflow/dags/weather_etl.py took 0.085 seconds
[2026-09-26T00:43:32.117+0000] {processor.py:186} INFO - Started process (PID=5724) to work on /opt/airflow/dags/weather_etl.py
[2026-09-26T00:43:32.119+0000] {processor.py:914} INFO - Processing file /opt/airflow/dags/weather_etl.py for tasks to queue
[2026-09-26T00:43:32.121+0000] {logging_mixin.py:190} INFO - [2026-09-26T00:43:32.120+0000] {dagbag.py:587} INFO - Filling up the DagBag from /opt/airflow/dags/weather_etl.py
[2026-09-26T00:43:32.159+0000] {processor.py:925} INFO - DAG(s) 'weather_etl' retrieved from /opt/airflow/dags/weather_etl.py
[2026-09-26T00:43:32.172+0000] {logging_mixin.py:190} INFO - [2026-09-26T00:43:32.171+0000] {dag.py:3229} INFO - Sync 1 DAGs
[2026-09-26T00:43:32.190+0000] {logging_mixin.py:190} INFO - [2026-09-26T00:43:32.190+0000] {dag.py:4156} INFO - Setting next_dagrun for weather_etl to 2026-09-25 02:30:00+00:00, run_after=2026-09-26 02:30:00+00:00
[2026-09-26T00:43:32.200+0000] {processor.py:208} INFO - Processing /opt/airflow/dags/weather_etl.py took 0.093 seconds
[2026-09-26T00:44:02.571+0000] {processor.py:186} INFO - Started process (PID=5740) to work on /opt/airflow/dags/weather_etl.py
[2026-09-26T00:44:02.573+0000] {processor.py:914} INFO - Processing file /opt/airflow/dags/weather_etl.py for tasks to queue
[2026-09-26T00:44:02.574+0000] {logging_mixin.py:190} INFO - [2026-09-26T00:44:02.574+0000] {dagbag.py:587} INFO - Filling up the DagBag from /opt/airflow/dags/weather_etl.py
[2026-09-26T00:44:02.597+0000] {processor.py:925} INFO - DAG(s) 'weather_etl' retrieved from /opt/airflow/dags/weather_etl.py
[2026-09-26T00:44:02.604+0000] {logging_mixin.py:190} INFO - [2026-09-26T00:44:02.604+0000] {dag.py:3229} INFO - Sync 1 DAGs
[2026-09-26T00:44:02.617+0000] {logging_mixin.py:190} INFO - [2026-09-26T00:44:02.617+0000] {dag.py:4156} INFO - Setting next_dagrun for weather_etl to 2026-09-25 02:30:00+00:00, run_after=2026-09-26 02:30:00+00:00
[2026-09-26T00:44:02.623+0000] {processor.py:208} INFO - Processing /opt/airflow/dags/weather_etl.py took 0.059 seconds
[2026-09-26T00:44:33.016+0000] {processor.py:186} INFO - Started process (PID=5756) to work on /opt/airflow/dags/weather_etl.py
[2026-09-26T00:44:33.018+0000] {processor.py:914} INFO - Processing file /opt/airflow/dags/weather_etl.py for tasks to queue
[2026-09-26T00:44:33.019+0000] {logging_mixin.py:190} INFO - [2026-09-26T00:44:33.018+0000] {dagbag.py:587} INFO - Filling up the DagBag from /opt/airflow/dags/weather_etl.py
[2026-09-26T00:44:33.041+0000] {processor.py:925} INFO - DAG(s) 'weather_etl' retrieved from /opt/airflow/dags/weather_etl.py
[2026-09-26T00:44:33.048+0000] {logging_mixin.py:190} INFO - [2026-09-26T00:44:33.047+0000] {dag.py:3229} INFO - Sync 1 DAGs
[2026-09-26T00:44:33.058+0000] {logging_mixin.py:190} INFO - [2026-09-26T00:44:33.058+0000] {dag.py:4156} INFO - Setting next_dagrun for weather_etl to 2026-09-25 02:30:00+00:00, run_after=2026-09-26 02:30:00+00:00
[2026-09-26T00:44:33.064+0000] {processor.py:208} INFO - Processing /opt/airflow/dags/weather_etl.py took 0.054 seconds
[2026-09-26T00:45:03.451+0000] {processor.py:186} INFO - Started process (PID=5772) to work on /opt/airflow/dags/weather_etl.py
[2026-09-26T00:45:03.452+0000] {processor.py:914} INFO - Processing file /opt/airflow/dags/weather_etl.py for tasks to queue
[2026-09-26T00:45:03.453+0000] {logging_mixin.py:190} INFO - [2026-09-26T00:45:03.453+0000] {dagbag.py:587} INFO - Filling up the DagBag from /opt/airflow/dags/weather_etl.py
[2026-09-26T00:45:03.474+0000] {processor.py:925} INFO - DAG(s) 'weather_etl' retrieved from /opt/airflow/dags/weather_etl.py
[2026-09-26T00:45:03.481+0000] {logging_mixin.py:190} INFO - [2026-09-26T00:45:03.480+0000] {dag.py:3229} INFO - Sync 1 DAGs
[2026-09-26T00:45:03.490+0000] {logging_mixin.py:190} INFO - [2026-09-26T00:45:03.490+0000] {dag.py:4156} INFO - Setting next_dagrun for weather_etl to 2026-09-25 02:30:00+00:00, run_after=2026-09-26 02:30:00+00:00
[2026-09-26T00:45:03.496+0000] {processor.py:208} INFO - Processing /opt/airflow/dags/weather_etl.py took 0.053 seconds
[2026-09-26T00:45:33.878+0000] {processor.py:186} INFO - Started process (PID=5788) to work on /opt/airflow/dags/weather_etl.py
[2026-09-26T00:45:33.880+0000] {processor.py:914} INFO - Processing file /opt/airflow/dags/weather_etl.py for tasks to queue
[2026-09-26T00:45:33.881+0000] {logging_mixin.py:190} INFO - [2026-09-26T00:45:33.881+0000] {dagbag.py:587} INFO - Filling up the DagBag from /opt/airflow/dags/weather_etl.py
[2026-09-26T00:45:33.908+0000] {processor.py:925} INFO - DAG(s) 'weather_etl' retrieved from /opt/airflow/dags/weather_etl.py
[2026-09-26T00:45:33.917+0000] {logging_mixin.py:190} INFO - [2026-09-26T00:45:33.916+0000] {dag.py:3229} INFO - Sync 1 DAGs
[2026-09-26T00:45:33.930+0000] {logging_mixin.py:190} INFO - [2026-09-26T00:45:33.930+0000] {dag.py:4156} INFO - Setting next_dagrun for weather_etl to 2026-09-25 02:30:00+00:00, run_after=2026-09-26 02:30:00+00:00
[2026-09-26T00:45:33.937+0000] {processor.py:208} INFO - Processing /opt/airflow/dags/weather_etl.py took 0.067 seconds
[2026-09-26T00:46:04.311+0000] {processor.py:186} INFO - Started process (PID=5804) to work on /opt/airflow/dags/weather_etl.py
[2026-09-26T00:46:04.313+0000] {processor.py:914} INFO - Processing file /opt/airflow/dags/weather_etl.py for tasks to queue
[2026-09-26T00:46:04.314+0000] {logging_mixin.py:190} INFO - [2026-09-26T00:46:04.313+0000] {dagbag.py:587} INFO - Filling up the DagBag from /opt/airflow/dags/weather_etl.py
[2026-09-26T00:46:04.338+0000] {processor.py:925} INFO - DAG(s) 'weather_etl' retrieved from /opt/airflow/dags/weather_etl.py
[2026-09-26T00:46:04.345+0000] {logging_mixin.py:190} INFO - [2026-09-26T00:46:04.344+0000] {dag.py:3229} INFO - Sync 1 DAGs
[2026-09-26T00:46:04.356+0000] {logging_mixin.py:190} INFO - [2026-09-26T00:46:04.356+0000] {dag.py:4156} INFO - Setting next_dagrun for weather_etl to 2026-09-25 02:30:00+00:00, run_after=2026-09-26 02:30:00+00:00
[2026-09-26T00:46:04.362+0000] {processor.py:208} INFO - Processing /opt/airflow/dags/weather_etl.py took 0.058 seconds
[2026-09-26T00:46:34.730+0000] {processor.py:186} INFO - Started process (PID=5820) to work on /opt/airflow/dags/weather_etl.py
[2026-09-26T00:46:34.731+0000] {processor.py:914} INFO - Processing file /opt/airflow/dags/weather_etl.py for tasks to queue
[2026-09-26T00:46:34.732+0000] {logging_mixin.py:190} INFO - [2026-09-26T00:46:34.732+0000] {dagbag.py:587} INFO - Filling up the DagBag from /opt/airflow/dags/weather_etl.py
[2026-09-26T00:46:34.753+0000] {processor.py:925} INFO - DAG(s) 'weather_etl' retrieved from /opt/airflow/dags/weather_etl.py
[2026-09-26T00:46:34.759+0000] {logging_mixin.py:190} INFO - [2026-09-26T00:46:34.759+0000] {dag.py:3229} INFO - Sync 1 DAGs
[2026-09-26T00:46:34.769+0000] {logging_mixin.py:190} INFO - [2026-09-26T00:46:34.769+0000] {dag.py:4156} INFO - Setting next_dagrun for weather_etl to 2026-09-25 02:30:00+00:00, run_after=2026-09-26 02:30:00+00:00
[2026-09-26T00:46:34.775+0000] {processor.py:208} INFO - Processing /opt/airflow/dags/weather_etl.py took 0.053 seconds
[2026-09-26T00:47:05.136+0000] {processor.py:186} INFO - Started process (PID=5836) to work on /opt/airflow/dags/weather_etl.py
[2026-09-26T00:47:05.137+0000] {processor.py:914} INFO - Processing file /opt/airflow/dags/weather_etl.py for tasks to queue
[2026-09-26T00:47:05.138+0000] {logging_mixin.py:190} INFO - [2026-09-26T00:47:05.138+0000] {dagbag.py:587} INFO - Filling up the DagBag from /opt/airflow/dags/weather_etl.py
[2026-09-26T00:47:05.160+0000] {processor.py:925} INFO - DAG(s) 'weather_etl' retrieved from /opt/airflow/dags/weather_etl.py
[2026-09-26T00:47:05.167+0000] {logging_mixin.py:190} INFO - [2026-09-26T00:47:05.167+0000] {dag.py:3229} INFO - Sync 1 DAGs
[2026-09-26T00:47:05.177+0000] {logging_mixin.py:190} INFO - [2026-09-26T00:47:05.177+0000] {dag.py:4156} INFO - Setting next_dagrun for weather_etl to 2026-09-25 02:30:00+00:00, run_after=2026-09-26 02:30:00+00:00
[2026-09-26T00:47:05.183+0000] {processor.py:208} INFO - Processing /opt/airflow/dags/weather_etl.py took 0.056 seconds
[2026-09-26T00:47:35.558+0000] {processor.py:186} INFO - Started process (PID=5852) to work on /opt/airflow/dags/weather_etl.py
[2026-09-26T00:47:35.559+0000] {processor.py:914} INFO - Processing file /opt/airflow/dags/weather_etl.py for tasks to queue
[2026-09-26T00:47:35.560+0000] {logging_mixin.py:190} INFO - [2026-09-26T00:47:35.560+0000] {dagbag.py:587} INFO - Filling up the DagBag from /opt/airflow/dags/weather_etl.py
[2026-09-26T00:47:35.581+0000] {processor.py:925} INFO - DAG(s) 'weather_etl' retrieved from /opt/airflow/dags/weather_etl.py
[2026-09-26T00:47:35.588+0000] {logging_mixin.py:190} INFO - [2026-09-26T00:47:35.588+0000] {dag.py:3229} INFO - Sync 1 DAGs
[2026-09-26T00:47:35.598+0000] {logging_mixin.py:190} INFO - [2026-09-26T00:47:35.598+0000] {dag.py:4156} INFO - Setting next_dagrun for weather_etl to 2026-09-25 02:30:00+00:00, run_after=2026-09-26 02:30:00+00:00
[2026-09-26T00:47:35.604+0000] {processor.py:208} INFO - Processing /opt/airflow/dags/weather_etl.py took 0.052 seconds
[2026-09-26T00:48:05.975+0000] {processor.py:186} INFO - Started process (PID=5868) to work on /opt/airflow/dags/weather_etl.py
[2026-09-26T00:48:05.976+0000] {processor.py:914} INFO - Processing file /opt/airflow/dags/weather_etl.py for tasks to queue
[2026-09-26T00:48:05.977+0000] {logging_mixin.py:190} INFO - [2026-09-26T00:48:05.977+0000] {dagbag.py:587} INFO - Filling up the DagBag from /opt/airflow/dags/weather_etl.py
[2026-09-26T00:48:06.000+0000] {processor.py:925} INFO - DAG(s) 'weather_etl' retrieved from /opt/airflow/dags/weather_etl.py
[2026-09-26T00:48:06.007+0000] {logging_mixin.py:190} INFO - [2026-09-26T00:48:06.007+0000] {dag.py:3229} INFO - Sync 1 DAGs
[2026-09-26T00:48:06.018+0000] {logging_mixin.py:190} INFO - [2026-09-26T00:48:06.018+0000] {dag.py:4156} INFO - Setting next_dagrun for weather_etl to 2026-09-25 02:30:00+00:00, run_after=2026-09-26 02:30:00+00:00
[2026-09-26T00:48:06.024+0000] {processor.py:208} INFO - Processing /opt/airflow/dags/weather_etl.py took 0.057 seconds
[2026-09-26T00:48:36.403+0000] {processor.py:186} INFO - Started process (PID=5884) to work on /opt/airflow/dags/weather_etl.py
[2026-09-26T00:48:36.405+0000] {processor.py:914} INFO - Processing file /opt/airflow/dags/weather_etl.py for tasks to queue
[2026-09-26T00:48:36.406+0000] {logging_mixin.py:190} INFO - [2026-09-26T00:48:36.406+0000] {dagbag.py:587} INFO - Filling up the DagBag from /opt/airflow/dags/weather_etl.py
[2026-09-26T00:48:36.423+0000] {processor.py:925} INFO - DAG(s) 'weather_etl' retrieved from /opt/airflow/dags/weather_etl.py
[2026-09-26T00:48:36.429+0000] {logging_mixin.py:190} INFO - [2026-09-26T00:48:36.429+0000] {dag.py:3229} INFO - Sync 1 DAGs
[2026-09-26T00:48:36.440+0000] {logging_mixin.py:190} INFO - [2026-09-26T00:48:36.440+0000] {dag.py:4156} INFO - Setting next_dagrun for weather_etl to 2026-09-25 02:30:00+00:00, run_after=2026-09-26 02:30:00+00:00
[2026-09-26T00:48:36.447+0000] {processor.py:208} INFO - Processing /opt/airflow/dags/weather_etl.py took 0.049 seconds
[2026-09-26T00:49:06.867+0000] {processor.py:186} INFO - Started process (PID=5900) to work on /opt/airflow/dags/weather_etl.py
[2026-09-26T00:49:06.868+0000] {processor.py:914} INFO - Processing file /opt/airflow/dags/weather_etl.py for tasks to queue
[2026-09-26T00:49:06.869+0000] {logging_mixin.py:190} INFO - [2026-09-26T00:49:06.868+0000] {dagbag.py:587} INFO - Filling up the DagBag from /opt/airflow/dags/weather_etl.py
[2026-09-26T00:49:06.888+0000] {processor.py:925} INFO - DAG(s) 'weather_etl' retrieved from /opt/airflow/dags/weather_etl.py
[2026-09-26T00:49:06.895+0000] {logging_mixin.py:190} INFO - [2026-09-26T00:49:06.895+0000] {dag.py:3229} INFO - Sync 1 DAGs
[2026-09-26T00:49:06.907+0000] {logging_mixin.py:190} INFO - [2026-09-26T00:49:06.907+0000] {dag.py:4156} INFO - Setting next_dagrun for weather_etl to 2026-09-25 02:30:00+00:00, run_after=2026-09-26 02:30:00+00:00
[2026-09-26T00:49:06.914+0000] {processor.py:208} INFO - Processing /opt/airflow/dags/weather_etl.py took 0.053 seconds
[2026-09-26T00:49:37.259+0000] {processor.py:186} INFO - Started process (PID=5916) to work on /opt/airflow/dags/weather_etl.py
[2026-09-26T00:49:37.260+0000] {processor.py:914} INFO - Processing file /opt/airflow/dags/weather_etl.py for tasks to queue
[2026-09-26T00:49:37.261+0000] {logging_mixin.py:190} INFO - [2026-09-26T00:49:37.261+0000] {dagbag.py:587} INFO - Filling up the DagBag from /opt/airflow/dags/weather_etl.py
[2026-09-26T00:49:37.277+0000] {processor.py:925} INFO - DAG(s) 'weather_etl' retrieved from /opt/airflow/dags/weather_etl.py
[2026-09-26T00:49:37.284+0000] {logging_mixin.py:190} INFO - [2026-09-26T00:49:37.284+0000] {dag.py:3229} INFO - Sync 1 DAGs
[2026-09-26T00:49:37.294+0000] {logging_mixin.py:190} INFO - [2026-09-26T00:49:37.294+0000] {dag.py:4156} INFO - Setting next_dagrun for weather_etl to 2026-09-25 02:30:00+00:00, run_after=2026-09-26 02:30:00+00:00
[2026-09-26T00:49:37.301+0000] {processor.py:208} INFO - Processing /opt/airflow/dags/weather_etl.py took 0.046 seconds
[2026-09-26T00:50:07.764+0000] {processor.py:186} INFO - Started process (PID=5932) to work on /opt/airflow/dags/weather_etl.py
[2026-09-26T00:50:07.765+0000] {processor.py:914} INFO - Processing file /opt/airflow/dags/weather_etl.py for tasks to queue
[2026-09-26T00:50:07.766+0000] {logging_mixin.py:190} INFO - [2026-09-26T00:50:07.766+0000] {dagbag.py:587} INFO - Filling up the DagBag from /opt/airflow/dags/weather_etl.py
[2026-09-26T00:50:07.788+0000] {processor.py:925} INFO - DAG(s) 'weather_etl' retrieved from /opt/airflow/dags/weather_etl.py
[2026-09-26T00:50:07.794+0000] {logging_mixin.py:190} INFO - [2026-09-26T00:50:07.794+0000] {dag.py:3229} INFO - Sync 1 DAGs
[2026-09-26T00:50:07.805+0000] {logging_mixin.py:190} INFO - [2026-09-26T00:50:07.805+0000] {dag.py:4156} INFO - Setting next_dagrun for weather_etl to 2026-09-25 02:30:00+00:00, run_after=2026-09-26 02:30:00+00:00
[2026-09-26T00:50:07.812+0000] {processor.py:208} INFO - Processing /opt/airflow/dags/weather_etl.py took 0.054 seconds
[2026-09-26T00:50:38.246+0000] {processor.py:186} INFO - Started process (PID=5948) to work on /opt/airflow/dags/weather_etl.py
[2026-09-26T00:50:38.249+0000] {processor.py:914} INFO - Processing file /opt/airflow/dags/weather_etl.py for tasks to queue
[2026-09-26T00:50:38.250+0000] {logging_mixin.py:190} INFO - [2026-09-26T00:50:38.250+0000] {dagbag.py:587} INFO - Filling up the DagBag from /opt/airflow/dags/weather_etl.py
[2026-09-26T00:50:38.269+0000] {processor.py:925} INFO - DAG(s) 'weather_etl' retrieved from /opt/airflow/dags/weather_etl.py
[2026-09-26T00:50:38.276+0000] {logging_mixin.py:190} INFO - [2026-09-26T00:50:38.276+0000] {dag.py:3229} INFO - Sync 1 DAGs
[2026-09-26T00:50:38.286+0000] {logging_mixin.py:190} INFO - [2026-09-26T00:50:38.286+0000] {dag.py:4156} INFO - Setting next_dagrun for weather_etl to 2026-09-25 02:30:00+00:00, run_after=2026-09-26 02:30:00+00:00
[2026-09-26T00:50:38.292+0000] {processor.py:208} INFO - Processing /opt/airflow/dags/weather_etl.py took 0.053 seconds
[2026-09-26T00:51:08.718+0000] {processor.py:186} INFO - Started process (PID=5964) to work on /opt/airflow/dags/weather_etl.py
[2026-09-26T00:51:08.719+0000] {processor.py:914} INFO - Processing file /opt/airflow/dags/weather_etl.py for tasks to queue
[2026-09-26T00:51:08.720+0000] {logging_mixin.py:190} INFO - [2026-09-26T00:51:08.720+0000] {dagbag.py:587} INFO - Filling up the DagBag from /opt/airflow/dags/weather_etl.py
[2026-09-26T00:51:08.738+0000] {processor.py:925} INFO - DAG(s) 'weather_etl' retrieved from /opt/airflow/dags/weather_etl.py
[2026-09-26T00:51:08.745+0000] {logging_mixin.py:190} INFO - [2026-09-26T00:51:08.745+0000] {dag.py:3229} INFO - Sync 1 DAGs
[2026-09-26T00:51:08.756+0000] {logging_mixin.py:190} INFO - [2026-09-26T00:51:08.756+0000] {dag.py:4156} INFO - Setting next_dagrun for weather_etl to 2026-09-25 02:30:00+00:00, run_after=2026-09-26 02:30:00+00:00
[2026-09-26T00:51:08.762+0000] {processor.py:208} INFO - Processing /opt/airflow/dags/weather_etl.py took 0.050 seconds
[2026-09-26T00:51:39.222+0000] {processor.py:186} INFO - Started process (PID=5980) to work on /opt/airflow/dags/weather_etl.py
[2026-09-26T00:51:39.223+0000] {processor.py:914} INFO - Processing file /opt/airflow/dags/weather_etl.py for tasks to queue
[2026-09-26T00:51:39.224+0000] {logging_mixin.py:190} INFO - [2026-09-26T00:51:39.224+0000] {dagbag.py:587} INFO - Filling up the DagBag from /opt/airflow/dags/weather_etl.py
[2026-09-26T00:51:39.242+0000] {processor.py:925} INFO - DAG(s) 'weather_etl' retrieved from /opt/airflow/dags/weather_etl.py
[2026-09-26T00:51:39.249+0000] {logging_mixin.py:190} INFO - [2026-09-26T00:51:39.249+0000] {dag.py:3229} INFO - Sync 1 DAGs
[2026-09-26T00:51:39.259+0000] {logging_mixin.py:190} INFO - [2026-09-26T00:51:39.259+0000] {dag.py:4156} INFO - Setting next_dagrun for weather_etl to 2026-09-25 02:30:00+00:00, run_after=2026-09-26 02:30:00+00:00
[2026-09-26T00:51:39.265+0000] {processor.py:208} INFO - Processing /opt/airflow/dags/weather_etl.py took 0.050 seconds
[2026-09-26T00:52:09.633+0000] {processor.py:186} INFO - Started process (PID=5996) to work on /opt/airflow/dags/weather_etl.py
[2026-09-26T00:52:09.634+0000] {processor.py:914} INFO - Processing file /opt/airflow/dags/weather_etl.py for tasks to queue
[2026-09-26T00:52:09.635+0000] {logging_mixin.py:190} INFO - [2026-09-26T00:52:09.635+0000] {dagbag.py:587} INFO - Filling up the DagBag from /opt/airflow/dags/weather_etl.py
[2026-09-26T00:52:09.657+0000] {processor.py:925} INFO - DAG(s) 'weather_etl' retrieved from /opt/airflow/dags/weather_etl.py
[2026-09-26T00:52:09.663+0000] {logging_mixin.py:190} INFO - [2026-09-26T00:52:09.663+0000] {dag.py:3229} INFO - Sync 1 DAGs
[2026-09-26T00:52:09.673+0000] {logging_mixin.py:190} INFO - [2026-09-26T00:52:09.673+0000] {dag.py:4156} INFO - Setting next_dagrun for weather_etl to 2026-09-25 02:30:00+00:00, run_after=2026-09-26 02:30:00+00:00
[2026-09-26T00:52:09.679+0000] {processor.py:208} INFO - Processing /opt/airflow/dags/weather_etl.py took 0.052 seconds
[2026-09-26T00:52:40.152+0000] {processor.py:186} INFO - Started process (PID=6012) to work on /opt/airflow/dags/weather_etl.py
[2026-09-26T00:52:40.154+0000] {processor.py:914} INFO - Processing file /opt/airflow/dags/weather_etl.py for tasks to queue
[2026-09-26T00:52:40.155+0000] {logging_mixin.py:190} INFO - [2026-09-26T00:52:40.155+0000] {dagbag.py:587} INFO - Filling up the DagBag from /opt/airflow/dags/weather_etl.py
[2026-09-26T00:52:40.177+0000] {processor.py:925} INFO - DAG(s) 'weather_etl' retrieved from /opt/airflow/dags/weather_etl.py
[2026-09-26T00:52:40.183+0000] {logging_mixin.py:190} INFO - [2026-09-26T00:52:40.183+0000] {dag.py:3229} INFO - Sync 1 DAGs
[2026-09-26T00:52:40.193+0000] {logging_mixin.py:190} INFO - [2026-09-26T00:52:40.193+0000] {dag.py:4156} INFO - Setting next_dagrun for weather_etl to 2026-09-25 02:30:00+00:00, run_after=2026-09-26 02:30:00+00:00
[2026-09-26T00:52:40.200+0000] {processor.py:208} INFO - Processing /opt/airflow/dags/weather_etl.py took 0.054 seconds
[2026-09-26T00:53:10.635+0000] {processor.py:186} INFO - Started process (PID=6028) to work on /opt/airflow/dags/weather_etl.py
[2026-09-26T00:53:10.637+0000] {processor.py:914} INFO - Processing file /opt/airflow/dags/weather_etl.py for tasks to queue
[2026-09-26T00:53:10.638+0000] {logging_mixin.py:190} INFO - [2026-09-26T00:53:10.638+0000] {dagbag.py:587} INFO - Filling up the DagBag from /opt/airflow/dags/weather_etl.py
[2026-09-26T00:53:10.658+0000] {processor.py:925} INFO - DAG(s) 'weather_etl' retrieved from /opt/airflow/dags/weather_etl.py
[2026-09-26T00:53:10.664+0000] {logging_mixin.py:190} INFO - [2026-09-26T00:53:10.664+0000] {dag.py:3229} INFO - Sync 1 DAGs
[2026-09-26T00:53:10.675+0000] {logging_mixin.py:190} INFO - [2026-09-26T00:53:10.675+0000] {dag.py:4156} INFO - Setting next_dagrun for weather_etl to 2026-09-25 02:30:00+00:00, run_after=2026-09-26 02:30:00+00:00
[2026-09-26T00:53:10.682+0000] {processor.py:208} INFO - Processing /opt/airflow/dags/weather_etl.py took 0.056 seconds
[2026-09-26T00:53:41.163+0000] {processor.py:186} INFO - Started process (PID=6044) to work on /opt/airflow/dags/weather_etl.py
[2026-09-26T00:53:41.165+0000] {processor.py:914} INFO - Processing file /opt/airflow/dags/weather_etl.py for tasks to queue
[2026-09-26T00:53:41.167+0000] {logging_mixin.py:190} INFO - [2026-09-26T00:53:41.167+0000] {dagbag.py:587} INFO - Filling up the DagBag from /opt/airflow/dags/weather_etl.py
[2026-09-26T00:53:41.187+0000] {processor.py:925} INFO - DAG(s) 'weather_etl' retrieved from /opt/airflow/dags/weather_etl.py
[2026-09-26T00:53:41.194+0000] {logging_mixin.py:190} INFO - [2026-09-26T00:53:41.194+0000] {dag.py:3229} INFO - Sync 1 DAGs
[2026-09-26T00:53:41.204+0000] {logging_mixin.py:190} INFO - [2026-09-26T00:53:41.204+0000] {dag.py:4156} INFO - Setting next_dagrun for weather_etl to 2026-09-25 02:30:00+00:00, run_after=2026-09-26 02:30:00+00:00
[2026-09-26T00:53:41.211+0000] {processor.py:208} INFO - Processing /opt/airflow/dags/weather_etl.py took 0.055 seconds
[2026-09-26T00:54:11.684+0000] {processor.py:186} INFO - Started process (PID=6060) to work on /opt/airflow/dags/weather_etl.py
[2026-09-26T00:54:11.685+0000] {processor.py:914} INFO - Processing file /opt/airflow/dags/weather_etl.py for tasks to queue
[2026-09-26T00:54:11.686+0000] {logging_mixin.py:190} INFO - [2026-09-26T00:54:11.686+0000] {dagbag.py:587} INFO - Filling up the DagBag from /opt/airflow/dags/weather_etl.py
[2026-09-26T00:54:11.710+0000] {processor.py:925} INFO - DAG(s) 'weather_etl' retrieved from /opt/airflow/dags/weather_etl.py
[2026-09-26T00:54:11.717+0000] {logging_mixin.py:190} INFO - [2026-09-26T00:54:11.717+0000] {dag.py:3229} INFO - Sync 1 DAGs
[2026-09-26T00:54:11.729+0000] {logging_mixin.py:190} INFO - [2026-09-26T00:54:11.729+0000] {dag.py:4156} INFO - Setting next_dagrun for weather_etl to 2026-09-25 02:30:00+00:00, run_after=2026-09-26 02:30:00+00:00
[2026-09-26T00:54:11.737+0000] {processor.py:208} INFO - Processing /opt/airflow/dags/weather_etl.py took 0.071 seconds
[2026-09-26T00:54:42.239+0000] {processor.py:186} INFO - Started process (PID=6076) to work on /opt/airflow/dags/weather_etl.py
[2026-09-26T00:54:42.241+0000] {processor.py:914} INFO - Processing file /opt/airflow/dags/weather_etl.py for tasks to queue
[2026-09-26T00:54:42.242+0000] {logging_mixin.py:190} INFO - [2026-09-26T00:54:42.242+0000] {dagbag.py:587} INFO - Filling up the DagBag from /opt/airflow/dags/weather_etl.py
[2026-09-26T00:54:42.260+0000] {processor.py:925} INFO - DAG(s) 'weather_etl' retrieved from /opt/airflow/dags/weather_etl.py
[2026-09-26T00:54:42.266+0000] {logging_mixin.py:190} INFO - [2026-09-26T00:54:42.266+0000] {dag.py:3229} INFO - Sync 1 DAGs
[2026-09-26T00:54:42.277+0000] {logging_mixin.py:190} INFO - [2026-09-26T00:54:42.277+0000] {dag.py:4156} INFO - Setting next_dagrun for weather_etl to 2026-09-25 02:30:00+00:00, run_after=2026-09-26 02:30:00+00:00
[2026-09-26T00:54:42.283+0000] {processor.py:208} INFO - Processing /opt/airflow/dags/weather_etl.py took 0.054 seconds
[2026-09-26T00:55:12.733+0000] {processor.py:186} INFO - Started process (PID=6092) to work on /opt/airflow/dags/weather_etl.py
[2026-09-26T00:55:12.735+0000] {processor.py:914} INFO - Processing file /opt/airflow/dags/weather_etl.py for tasks to queue
[2026-09-26T00:55:12.736+0000] {logging_mixin.py:190} INFO - [2026-09-26T00:55:12.736+0000] {dagbag.py:587} INFO - Filling up the DagBag from /opt/airflow/dags/weather_etl.py
[2026-09-26T00:55:12.757+0000] {processor.py:925} INFO - DAG(s) 'weather_etl' retrieved from /opt/airflow/dags/weather_etl.py
[2026-09-26T00:55:12.764+0000] {logging_mixin.py:190} INFO - [2026-09-26T00:55:12.764+0000] {dag.py:3229} INFO - Sync 1 DAGs
[2026-09-26T00:55:12.774+0000] {logging_mixin.py:190} INFO - [2026-09-26T00:55:12.774+0000] {dag.py:4156} INFO - Setting next_dagrun for weather_etl to 2026-09-25 02:30:00+00:00, run_after=2026-09-26 02:30:00+00:00
[2026-09-26T00:55:12.780+0000] {processor.py:208} INFO - Processing /opt/airflow/dags/weather_etl.py took 0.053 seconds
[2026-09-26T00:55:43.246+0000] {processor.py:186} INFO - Started process (PID=6108) to work on /opt/airflow/dags/weather_etl.py
[2026-09-26T00:55:43.247+0000] {processor.py:914} INFO - Processing file /opt/airflow/dags/weather_etl.py for tasks to queue
[2026-09-26T00:55:43.248+0000] {logging_mixin.py:190} INFO - [2026-09-26T00:55:43.248+0000] {dagbag.py:587} INFO - Filling up the DagBag from /opt/airflow/dags/weather_etl.py
[2026-09-26T00:55:43.269+0000] {processor.py:925} INFO - DAG(s) 'weather_etl' retrieved from /opt/airflow/dags/weather_etl.py
[2026-09-26T00:55:43.276+0000] {logging_mixin.py:190} INFO - [2026-09-26T00:55:43.276+0000] {dag.py:3229} INFO - Sync 1 DAGs
[2026-09-26T00:55:43.286+0000] {logging_mixin.py:190} INFO - [2026-09-26T00:55:43.286+0000] {dag.py:4156} INFO - Setting next_dagrun for weather_etl to 2026-09-25 02:30:00+00:00, run_after=2026-09-26 02:30:00+00:00
[2026-09-26T00:55:43.292+0000] {processor.py:208} INFO - Processing /opt/airflow/dags/weather_etl.py took 0.052 seconds
[2026-09-26T00:56:13.771+0000] {processor.py:186} INFO - Started process (PID=6124) to work on /opt/airflow/dags/weather_etl.py
[2026-09-26T00:56:13.773+0000] {processor.py:914} INFO - Processing file /opt/airflow/dags/weather_etl.py for tasks to queue
[2026-09-26T00:56:13.774+0000] {logging_mixin.py:190} INFO - [2026-09-26T00:56:13.774+0000] {dagbag.py:587} INFO - Filling up the DagBag from /opt/airflow/dags/weather_etl.py
[2026-09-26T00:56:13.796+0000] {processor.py:925} INFO - DAG(s) 'weather_etl' retrieved from /opt/airflow/dags/weather_etl.py
[2026-09-26T00:56:13.802+0000] {logging_mixin.py:190} INFO - [2026-09-26T00:56:13.802+0000] {dag.py:3229} INFO - Sync 1 DAGs
[2026-09-26T00:56:13.814+0000] {logging_mixin.py:190} INFO - [2026-09-26T00:56:13.814+0000] {dag.py:4156} INFO - Setting next_dagrun for weather_etl to 2026-09-25 02:30:00+00:00, run_after=2026-09-26 02:30:00+00:00
[2026-09-26T00:56:13.821+0000] {processor.py:208} INFO - Processing /opt/airflow/dags/weather_etl.py took 0.057 seconds
[2026-09-26T00:56:44.227+0000] {processor.py:186} INFO - Started process (PID=6140) to work on /opt/airflow/dags/weather_etl.py
[2026-09-26T00:56:44.228+0000] {processor.py:914} INFO - Processing file /opt/airflow/dags/weather_etl.py for tasks to queue
[2026-09-26T00:56:44.229+0000] {logging_mixin.py:190} INFO - [2026-09-26T00:56:44.229+0000] {dagbag.py:587} INFO - Filling up the DagBag from /opt/airflow/dags/weather_etl.py
[2026-09-26T00:56:44.248+0000] {processor.py:925} INFO - DAG(s) 'weather_etl' retrieved from /opt/airflow/dags/weather_etl.py
[2026-09-26T00:56:44.256+0000] {logging_mixin.py:190} INFO - [2026-09-26T00:56:44.256+0000] {dag.py:3229} INFO - Sync 1 DAGs
[2026-09-26T00:56:44.266+0000] {logging_mixin.py:190} INFO - [2026-09-26T00:56:44.266+0000] {dag.py:4156} INFO - Setting next_dagrun for weather_etl to 2026-09-25 02:30:00+00:00, run_after=2026-09-26 02:30:00+00:00
[2026-09-26T00:56:44.272+0000] {processor.py:208} INFO - Processing /opt/airflow/dags/weather_etl.py took 0.050 seconds
[2026-09-26T00:57:14.756+0000] {processor.py:186} INFO - Started process (PID=6156) to work on /opt/airflow/dags/weather_etl.py
[2026-09-26T00:57:14.758+0000] {processor.py:914} INFO - Processing file /opt/airflow/dags/weather_etl.py for tasks to queue
[2026-09-26T00:57:14.759+0000] {logging_mixin.py:190} INFO - [2026-09-26T00:57:14.759+0000] {dagbag.py:587} INFO - Filling up the DagBag from /opt/airflow/dags/weather_etl.py
[2026-09-26T00:57:14.778+0000] {processor.py:925} INFO - DAG(s) 'weather_etl' retrieved from /opt/airflow/dags/weather_etl.py
[2026-09-26T00:57:14.784+0000] {logging_mixin.py:190} INFO - [2026-09-26T00:57:14.784+0000] {dag.py:3229} INFO - Sync 1 DAGs
[2026-09-26T00:57:14.795+0000] {logging_mixin.py:190} INFO - [2026-09-26T00:57:14.795+0000] {dag.py:4156} INFO - Setting next_dagrun for weather_etl to 2026-09-25 02:30:00+00:00, run_after=2026-09-26 02:30:00+00:00
[2026-09-26T00:57:14.801+0000] {processor.py:208} INFO - Processing /opt/airflow/dags/weather_etl.py took 0.050 seconds
[2026-09-26T00:57:45.281+0000] {processor.py:186} INFO - Started process (PID=6172) to work on /opt/airflow/dags/weather_etl.py
[2026-09-26T00:57:45.283+0000] {processor.py:914} INFO - Processing file /opt/airflow/dags/weather_etl.py for tasks to queue
[2026-09-26T00:57:45.284+0000] {logging_mixin.py:190} INFO - [2026-09-26T00:57:45.283+0000] {dagbag.py:587} INFO - Filling up the DagBag from /opt/airflow/dags/weather_etl.py
[2026-09-26T00:57:45.309+0000] {processor.py:925} INFO - DAG(s) 'weather_etl' retrieved from /opt/airflow/dags/weather_etl.py
[2026-09-26T00:57:45.317+0000] {logging_mixin.py:190} INFO - [2026-09-26T00:57:45.317+0000] {dag.py:3229} INFO - Sync 1 DAGs
[2026-09-26T00:57:45.328+0000] {logging_mixin.py:190} INFO - [2026-09-26T00:57:45.328+0000] {dag.py:4156} INFO - Setting next_dagrun for weather_etl to 2026-09-25 02:30:00+00:00, run_after=2026-09-26 02:30:00+00:00
[2026-09-26T00:57:45.334+0000] {processor.py:208} INFO - Processing /opt/airflow/dags/weather_etl.py took 0.061 seconds
[2026-09-26T00:58:15.754+0000] {processor.py:186} INFO - Started process (PID=6188) to work on /opt/airflow/dags/weather_etl.py
[2026-09-26T00:58:15.756+0000] {processor.py:914} INFO - Processing file /opt/airflow/dags/weather_etl.py for tasks to queue
[2026-09-26T00:58:15.756+0000] {logging_mixin.py:190} INFO - [2026-09-26T00:58:15.756+0000] {dagbag.py:587} INFO - Filling up the DagBag from /opt/airflow/dags/weather_etl.py
[2026-09-26T00:58:15.775+0000] {processor.py:925} INFO - DAG(s) 'weather_etl' retrieved from /opt/airflow/dags/weather_etl.py
[2026-09-26T00:58:15.784+0000] {logging_mixin.py:190} INFO - [2026-09-26T00:58:15.784+0000] {dag.py:3229} INFO - Sync 1 DAGs
[2026-09-26T00:58:15.795+0000] {logging_mixin.py:190} INFO - [2026-09-26T00:58:15.795+0000] {dag.py:4156} INFO - Setting next_dagrun for weather_etl to 2026-09-25 02:30:00+00:00, run_after=2026-09-26 02:30:00+00:00
[2026-09-26T00:58:15.801+0000] {processor.py:208} INFO - Processing /opt/airflow/dags/weather_etl.py took 0.052 seconds
[2026-09-26T00:58:46.260+0000] {processor.py:186} INFO - Started process (PID=6204) to work on /opt/airflow/dags/weather_etl.py
[2026-09-26T00:58:46.262+0000] {processor.py:914} INFO - Processing file /opt/airflow/dags/weather_etl.py for tasks to queue
[2026-09-26T00:58:46.263+0000] {logging_mixin.py:190} INFO - [2026-09-26T00:58:46.263+0000] {dagbag.py:587} INFO - Filling up the DagBag from /opt/airflow/dags/weather_etl.py
[2026-09-26T00:58:46.287+0000] {processor.py:925} INFO - DAG(s) 'weather_etl' retrieved from /opt/airflow/dags/weather_etl.py
[2026-09-26T00:58:46.293+0000] {logging_mixin.py:190} INFO - [2026-09-26T00:58:46.293+0000] {dag.py:3229} INFO - Sync 1 DAGs
[2026-09-26T00:58:46.304+0000] {logging_mixin.py:190} INFO - [2026-09-26T00:58:46.304+0000] {dag.py:4156} INFO - Setting next_dagrun for weather_etl to 2026-09-25 02:30:00+00:00, run_after=2026-09-26 02:30:00+00:00
[2026-09-26T00:58:46.311+0000] {processor.py:208} INFO - Processing /opt/airflow/dags/weather_etl.py took 0.057 seconds
[2026-09-26T00:59:16.758+0000] {processor.py:186} INFO - Started process (PID=6220) to work on /opt/airflow/dags/weather_etl.py
[2026-09-26T00:59:16.760+0000] {processor.py:914} INFO - Processing file /opt/airflow/dags/weather_etl.py for tasks to queue
[2026-09-26T00:59:16.761+0000] {logging_mixin.py:190} INFO - [2026-09-26T00:59:16.761+0000] {dagbag.py:587} INFO - Filling up the DagBag from /opt/airflow/dags/weather_etl.py
[2026-09-26T00:59:16.783+0000] {processor.py:925} INFO - DAG(s) 'weather_etl' retrieved from /opt/airflow/dags/weather_etl.py
[2026-09-26T00:59:16.790+0000] {logging_mixin.py:190} INFO - [2026-09-26T00:59:16.790+0000] {dag.py:3229} INFO - Sync 1 DAGs
[2026-09-26T00:59:16.801+0000] {logging_mixin.py:190} INFO - [2026-09-26T00:59:16.801+0000] {dag.py:4156} INFO - Setting next_dagrun for weather_etl to 2026-09-25 02:30:00+00:00, run_after=2026-09-26 02:30:00+00:00
[2026-09-26T00:59:16.807+0000] {processor.py:208} INFO - Processing /opt/airflow/dags/weather_etl.py took 0.058 seconds
[2026-09-26T00:59:47.262+0000] {processor.py:186} INFO - Started process (PID=6236) to work on /opt/airflow/dags/weather_etl.py
[2026-09-26T00:59:47.264+0000] {processor.py:914} INFO - Processing file /opt/airflow/dags/weather_etl.py for tasks to queue
[2026-09-26T00:59:47.265+0000] {logging_mixin.py:190} INFO - [2026-09-26T00:59:47.265+0000] {dagbag.py:587} INFO - Filling up the DagBag from /opt/airflow/dags/weather_etl.py
[2026-09-26T00:59:47.287+0000] {processor.py:925} INFO - DAG(s) 'weather_etl' retrieved from /opt/airflow/dags/weather_etl.py
[2026-09-26T00:59:47.294+0000] {logging_mixin.py:190} INFO - [2026-09-26T00:59:47.294+0000] {dag.py:3229} INFO - Sync 1 DAGs
[2026-09-26T00:59:47.305+0000] {logging_mixin.py:190} INFO - [2026-09-26T00:59:47.305+0000] {dag.py:4156} INFO - Setting next_dagrun for weather_etl to 2026-09-25 02:30:00+00:00, run_after=2026-09-26 02:30:00+00:00
[2026-09-26T00:59:47.312+0000] {processor.py:208} INFO - Processing /opt/airflow/dags/weather_etl.py took 0.057 seconds
[2026-09-26T01:00:17.728+0000] {processor.py:186} INFO - Started process (PID=6252) to work on /opt/airflow/dags/weather_etl.py
[2026-09-26T01:00:17.729+0000] {processor.py:914} INFO - Processing file /opt/airflow/dags/weather_etl.py for tasks to queue
[2026-09-26T01:00:17.730+0000] {logging_mixin.py:190} INFO - [2026-09-26T01:00:17.730+0000] {dagbag.py:587} INFO - Filling up the DagBag from /opt/airflow/dags/weather_etl.py
[2026-09-26T01:00:17.752+0000] {processor.py:925} INFO - DAG(s) 'weather_etl' retrieved from /opt/airflow/dags/weather_etl.py
[2026-09-26T01:00:17.759+0000] {logging_mixin.py:190} INFO - [2026-09-26T01:00:17.759+0000] {dag.py:3229} INFO - Sync 1 DAGs
[2026-09-26T01:00:17.770+0000] {logging_mixin.py:190} INFO - [2026-09-26T01:00:17.769+0000] {dag.py:4156} INFO - Setting next_dagrun for weather_etl to 2026-09-25 02:30:00+00:00, run_after=2026-09-26 02:30:00+00:00
[2026-09-26T01:00:17.777+0000] {processor.py:208} INFO - Processing /opt/airflow/dags/weather_etl.py took 0.055 seconds
[2026-09-26T01:00:48.264+0000] {processor.py:186} INFO - Started process (PID=6268) to work on /opt/airflow/dags/weather_etl.py
[2026-09-26T01:00:48.266+0000] {processor.py:914} INFO - Processing file /opt/airflow/dags/weather_etl.py for tasks to queue
[2026-09-26T01:00:48.267+0000] {logging_mixin.py:190} INFO - [2026-09-26T01:00:48.267+0000] {dagbag.py:587} INFO - Filling up the DagBag from /opt/airflow/dags/weather_etl.py
[2026-09-26T01:00:48.288+0000] {processor.py:925} INFO - DAG(s) 'weather_etl' retrieved from /opt/airflow/dags/weather_etl.py
[2026-09-26T01:00:48.296+0000] {logging_mixin.py:190} INFO - [2026-09-26T01:00:48.296+0000] {dag.py:3229} INFO - Sync 1 DAGs
[2026-09-26T01:00:48.306+0000] {logging_mixin.py:190} INFO - [2026-09-26T01:00:48.306+0000] {dag.py:4156} INFO - Setting next_dagrun for weather_etl to 2026-09-25 02:30:00+00:00, run_after=2026-09-26 02:30:00+00:00
[2026-09-26T01:00:48.312+0000] {processor.py:208} INFO - Processing /opt/airflow/dags/weather_etl.py took 0.054 seconds
[2026-09-26T01:01:18.752+0000] {processor.py:186} INFO - Started process (PID=6284) to work on /opt/airflow/dags/weather_etl.py
[2026-09-26T01:01:18.754+0000] {processor.py:914} INFO - Processing file /opt/airflow/dags/weather_etl.py for tasks to queue
[2026-09-26T01:01:18.755+0000] {logging_mixin.py:190} INFO - [2026-09-26T01:01:18.754+0000] {dagbag.py:587} INFO - Filling up the DagBag from /opt/airflow/dags/weather_etl.py
[2026-09-26T01:01:18.772+0000] {processor.py:925} INFO - DAG(s) 'weather_etl' retrieved from /opt/airflow/dags/weather_etl.py
[2026-09-26T01:01:18.778+0000] {logging_mixin.py:190} INFO - [2026-09-26T01:01:18.778+0000] {dag.py:3229} INFO - Sync 1 DAGs
[2026-09-26T01:01:18.789+0000] {logging_mixin.py:190} INFO - [2026-09-26T01:01:18.789+0000] {dag.py:4156} INFO - Setting next_dagrun for weather_etl to 2026-09-25 02:30:00+00:00, run_after=2026-09-26 02:30:00+00:00
[2026-09-26T01:01:18.795+0000] {processor.py:208} INFO - Processing /opt/airflow/dags/weather_etl.py took 0.047 seconds
[2026-09-26T01:01:49.257+0000] {processor.py:186} INFO - Started process (PID=6300) to work on /opt/airflow/dags/weather_etl.py
[2026-09-26T01:01:49.259+0000] {processor.py:914} INFO - Processing file /opt/airflow/dags/weather_etl.py for tasks to queue
[2026-09-26T01:01:49.260+0000] {logging_mixin.py:190} INFO - [2026-09-26T01:01:49.260+0000] {dagbag.py:587} INFO - Filling up the DagBag from /opt/airflow/dags/weather_etl.py
[2026-09-26T01:01:49.284+0000] {processor.py:925} INFO - DAG(s) 'weather_etl' retrieved from /opt/airflow/dags/weather_etl.py
[2026-09-26T01:01:49.291+0000] {logging_mixin.py:190} INFO - [2026-09-26T01:01:49.290+0000] {dag.py:3229} INFO - Sync 1 DAGs
[2026-09-26T01:01:49.301+0000] {logging_mixin.py:190} INFO - [2026-09-26T01:01:49.301+0000] {dag.py:4156} INFO - Setting next_dagrun for weather_etl to 2026-09-25 02:30:00+00:00, run_after=2026-09-26 02:30:00+00:00
[2026-09-26T01:01:49.308+0000] {processor.py:208} INFO - Processing /opt/airflow/dags/weather_etl.py took 0.058 seconds
[2026-09-26T01:02:19.767+0000] {processor.py:186} INFO - Started process (PID=6316) to work on /opt/airflow/dags/weather_etl.py
[2026-09-26T01:02:19.768+0000] {processor.py:914} INFO - Processing file /opt/airflow/dags/weather_etl.py for tasks to queue
[2026-09-26T01:02:19.769+0000] {logging_mixin.py:190} INFO - [2026-09-26T01:02:19.769+0000] {dagbag.py:587} INFO - Filling up the DagBag from /opt/airflow/dags/weather_etl.py
[2026-09-26T01:02:19.792+0000] {processor.py:925} INFO - DAG(s) 'weather_etl' retrieved from /opt/airflow/dags/weather_etl.py
[2026-09-26T01:02:19.799+0000] {logging_mixin.py:190} INFO - [2026-09-26T01:02:19.799+0000] {dag.py:3229} INFO - Sync 1 DAGs
[2026-09-26T01:02:19.810+0000] {logging_mixin.py:190} INFO - [2026-09-26T01:02:19.810+0000] {dag.py:4156} INFO - Setting next_dagrun for weather_etl to 2026-09-25 02:30:00+00:00, run_after=2026-09-26 02:30:00+00:00
[2026-09-26T01:02:19.817+0000] {processor.py:208} INFO - Processing /opt/airflow/dags/weather_etl.py took 0.058 seconds
[2026-09-26T01:02:50.321+0000] {processor.py:186} INFO - Started process (PID=6332) to work on /opt/airflow/dags/weather_etl.py
[2026-09-26T01:02:50.324+0000] {processor.py:914} INFO - Processing file /opt/airflow/dags/weather_etl.py for tasks to queue
[2026-09-26T01:02:50.326+0000] {logging_mixin.py:190} INFO - [2026-09-26T01:02:50.326+0000] {dagbag.py:587} INFO - Filling up the DagBag from /opt/airflow/dags/weather_etl.py
[2026-09-26T01:02:50.349+0000] {processor.py:925} INFO - DAG(s) 'weather_etl' retrieved from /opt/airflow/dags/weather_etl.py
[2026-09-26T01:02:50.356+0000] {logging_mixin.py:190} INFO - [2026-09-26T01:02:50.356+0000] {dag.py:3229} INFO - Sync 1 DAGs
[2026-09-26T01:02:50.367+0000] {logging_mixin.py:190} INFO - [2026-09-26T01:02:50.367+0000] {dag.py:4156} INFO - Setting next_dagrun for weather_etl to 2026-09-25 02:30:00+00:00, run_after=2026-09-26 02:30:00+00:00
[2026-09-26T01:02:50.374+0000] {processor.py:208} INFO - Processing /opt/airflow/dags/weather_etl.py took 0.061 seconds
[2026-09-26T01:03:20.833+0000] {processor.py:186} INFO - Started process (PID=6348) to work on /opt/airflow/dags/weather_etl.py
[2026-09-26T01:03:20.835+0000] {processor.py:914} INFO - Processing file /opt/airflow/dags/weather_etl.py for tasks to queue
[2026-09-26T01:03:20.836+0000] {logging_mixin.py:190} INFO - [2026-09-26T01:03:20.836+0000] {dagbag.py:587} INFO - Filling up the DagBag from /opt/airflow/dags/weather_etl.py
[2026-09-26T01:03:20.857+0000] {processor.py:925} INFO - DAG(s) 'weather_etl' retrieved from /opt/airflow/dags/weather_etl.py
[2026-09-26T01:03:20.863+0000] {logging_mixin.py:190} INFO - [2026-09-26T01:03:20.863+0000] {dag.py:3229} INFO - Sync 1 DAGs
[2026-09-26T01:03:20.874+0000] {logging_mixin.py:190} INFO - [2026-09-26T01:03:20.874+0000] {dag.py:4156} INFO - Setting next_dagrun for weather_etl to 2026-09-25 02:30:00+00:00, run_after=2026-09-26 02:30:00+00:00
[2026-09-26T01:03:20.880+0000] {processor.py:208} INFO - Processing /opt/airflow/dags/weather_etl.py took 0.053 seconds
[2026-09-26T01:03:51.341+0000] {processor.py:186} INFO - Started process (PID=6364) to work on /opt/airflow/dags/weather_etl.py
[2026-09-26T01:03:51.342+0000] {processor.py:914} INFO - Processing file /opt/airflow/dags/weather_etl.py for tasks to queue
[2026-09-26T01:03:51.344+0000] {logging_mixin.py:190} INFO - [2026-09-26T01:03:51.343+0000] {dagbag.py:587} INFO - Filling up the DagBag from /opt/airflow/dags/weather_etl.py
[2026-09-26T01:03:51.366+0000] {processor.py:925} INFO - DAG(s) 'weather_etl' retrieved from /opt/airflow/dags/weather_etl.py
[2026-09-26T01:03:51.373+0000] {logging_mixin.py:190} INFO - [2026-09-26T01:03:51.373+0000] {dag.py:3229} INFO - Sync 1 DAGs
[2026-09-26T01:03:51.384+0000] {logging_mixin.py:190} INFO - [2026-09-26T01:03:51.384+0000] {dag.py:4156} INFO - Setting next_dagrun for weather_etl to 2026-09-25 02:30:00+00:00, run_after=2026-09-26 02:30:00+00:00
[2026-09-26T01:03:51.390+0000] {processor.py:208} INFO - Processing /opt/airflow/dags/weather_etl.py took 0.056 seconds
[2026-09-26T01:04:21.858+0000] {processor.py:186} INFO - Started process (PID=6380) to work on /opt/airflow/dags/weather_etl.py
[2026-09-26T01:04:21.859+0000] {processor.py:914} INFO - Processing file /opt/airflow/dags/weather_etl.py for tasks to queue
[2026-09-26T01:04:21.861+0000] {logging_mixin.py:190} INFO - [2026-09-26T01:04:21.861+0000] {dagbag.py:587} INFO - Filling up the DagBag from /opt/airflow/dags/weather_etl.py
[2026-09-26T01:04:21.881+0000] {processor.py:925} INFO - DAG(s) 'weather_etl' retrieved from /opt/airflow/dags/weather_etl.py
[2026-09-26T01:04:21.887+0000] {logging_mixin.py:190} INFO - [2026-09-26T01:04:21.887+0000] {dag.py:3229} INFO - Sync 1 DAGs
[2026-09-26T01:04:21.899+0000] {logging_mixin.py:190} INFO - [2026-09-26T01:04:21.899+0000] {dag.py:4156} INFO - Setting next_dagrun for weather_etl to 2026-09-25 02:30:00+00:00, run_after=2026-09-26 02:30:00+00:00
[2026-09-26T01:04:21.906+0000] {processor.py:208} INFO - Processing /opt/airflow/dags/weather_etl.py took 0.057 seconds
[2026-09-26T01:04:52.348+0000] {processor.py:186} INFO - Started process (PID=6396) to work on /opt/airflow/dags/weather_etl.py
[2026-09-26T01:04:52.349+0000] {processor.py:914} INFO - Processing file /opt/airflow/dags/weather_etl.py for tasks to queue
[2026-09-26T01:04:52.350+0000] {logging_mixin.py:190} INFO - [2026-09-26T01:04:52.350+0000] {dagbag.py:587} INFO - Filling up the DagBag from /opt/airflow/dags/weather_etl.py
[2026-09-26T01:04:52.374+0000] {processor.py:925} INFO - DAG(s) 'weather_etl' retrieved from /opt/airflow/dags/weather_etl.py
[2026-09-26T01:04:52.380+0000] {logging_mixin.py:190} INFO - [2026-09-26T01:04:52.380+0000] {dag.py:3229} INFO - Sync 1 DAGs
[2026-09-26T01:04:52.390+0000] {logging_mixin.py:190} INFO - [2026-09-26T01:04:52.390+0000] {dag.py:4156} INFO - Setting next_dagrun for weather_etl to 2026-09-25 02:30:00+00:00, run_after=2026-09-26 02:30:00+00:00
[2026-09-26T01:04:52.397+0000] {processor.py:208} INFO - Processing /opt/airflow/dags/weather_etl.py took 0.055 seconds
[2026-09-26T01:05:22.827+0000] {processor.py:186} INFO - Started process (PID=6412) to work on /opt/airflow/dags/weather_etl.py
[2026-09-26T01:05:22.828+0000] {processor.py:914} INFO - Processing file /opt/airflow/dags/weather_etl.py for tasks to queue
[2026-09-26T01:05:22.829+0000] {logging_mixin.py:190} INFO - [2026-09-26T01:05:22.829+0000] {dagbag.py:587} INFO - Filling up the DagBag from /opt/airflow/dags/weather_etl.py
[2026-09-26T01:05:22.849+0000] {processor.py:925} INFO - DAG(s) 'weather_etl' retrieved from /opt/airflow/dags/weather_etl.py
[2026-09-26T01:05:22.855+0000] {logging_mixin.py:190} INFO - [2026-09-26T01:05:22.855+0000] {dag.py:3229} INFO - Sync 1 DAGs
[2026-09-26T01:05:22.864+0000] {logging_mixin.py:190} INFO - [2026-09-26T01:05:22.864+0000] {dag.py:4156} INFO - Setting next_dagrun for weather_etl to 2026-09-25 02:30:00+00:00, run_after=2026-09-26 02:30:00+00:00
[2026-09-26T01:05:22.871+0000] {processor.py:208} INFO - Processing /opt/airflow/dags/weather_etl.py took 0.049 seconds
[2026-09-26T01:05:53.291+0000] {processor.py:186} INFO - Started process (PID=6428) to work on /opt/airflow/dags/weather_etl.py
[2026-09-26T01:05:53.293+0000] {processor.py:914} INFO - Processing file /opt/airflow/dags/weather_etl.py for tasks to queue
[2026-09-26T01:05:53.294+0000] {logging_mixin.py:190} INFO - [2026-09-26T01:05:53.294+0000] {dagbag.py:587} INFO - Filling up the DagBag from /opt/airflow/dags/weather_etl.py
[2026-09-26T01:05:53.315+0000] {processor.py:925} INFO - DAG(s) 'weather_etl' retrieved from /opt/airflow/dags/weather_etl.py
[2026-09-26T01:05:53.322+0000] {logging_mixin.py:190} INFO - [2026-09-26T01:05:53.321+0000] {dag.py:3229} INFO - Sync 1 DAGs
[2026-09-26T01:05:53.332+0000] {logging_mixin.py:190} INFO - [2026-09-26T01:05:53.332+0000] {dag.py:4156} INFO - Setting next_dagrun for weather_etl to 2026-09-25 02:30:00+00:00, run_after=2026-09-26 02:30:00+00:00
[2026-09-26T01:05:53.338+0000] {processor.py:208} INFO - Processing /opt/airflow/dags/weather_etl.py took 0.053 seconds
[2026-09-26T01:06:23.791+0000] {processor.py:186} INFO - Started process (PID=6444) to work on /opt/airflow/dags/weather_etl.py
[2026-09-26T01:06:23.792+0000] {processor.py:914} INFO - Processing file /opt/airflow/dags/weather_etl.py for tasks to queue
[2026-09-26T01:06:23.793+0000] {logging_mixin.py:190} INFO - [2026-09-26T01:06:23.793+0000] {dagbag.py:587} INFO - Filling up the DagBag from /opt/airflow/dags/weather_etl.py
[2026-09-26T01:06:23.812+0000] {processor.py:925} INFO - DAG(s) 'weather_etl' retrieved from /opt/airflow/dags/weather_etl.py
[2026-09-26T01:06:23.819+0000] {logging_mixin.py:190} INFO - [2026-09-26T01:06:23.819+0000] {dag.py:3229} INFO - Sync 1 DAGs
[2026-09-26T01:06:23.829+0000] {logging_mixin.py:190} INFO - [2026-09-26T01:06:23.829+0000] {dag.py:4156} INFO - Setting next_dagrun for weather_etl to 2026-09-25 02:30:00+00:00, run_after=2026-09-26 02:30:00+00:00
[2026-09-26T01:06:23.836+0000] {processor.py:208} INFO - Processing /opt/airflow/dags/weather_etl.py took 0.050 seconds
[2026-09-26T01:06:54.263+0000] {processor.py:186} INFO - Started process (PID=6460) to work on /opt/airflow/dags/weather_etl.py
[2026-09-26T01:06:54.265+0000] {processor.py:914} INFO - Processing file /opt/airflow/dags/weather_etl.py for tasks to queue
[2026-09-26T01:06:54.266+0000] {logging_mixin.py:190} INFO - [2026-09-26T01:06:54.266+0000] {dagbag.py:587} INFO - Filling up the DagBag from /opt/airflow/dags/weather_etl.py
[2026-09-26T01:06:54.283+0000] {processor.py:925} INFO - DAG(s) 'weather_etl' retrieved from /opt/airflow/dags/weather_etl.py
[2026-09-26T01:06:54.289+0000] {logging_mixin.py:190} INFO - [2026-09-26T01:06:54.289+0000] {dag.py:3229} INFO - Sync 1 DAGs
[2026-09-26T01:06:54.300+0000] {logging_mixin.py:190} INFO - [2026-09-26T01:06:54.300+0000] {dag.py:4156} INFO - Setting next_dagrun for weather_etl to 2026-09-25 02:30:00+00:00, run_after=2026-09-26 02:30:00+00:00
[2026-09-26T01:06:54.306+0000] {processor.py:208} INFO - Processing /opt/airflow/dags/weather_etl.py took 0.053 seconds
[2026-09-26T01:07:24.730+0000] {processor.py:186} INFO - Started process (PID=6476) to work on /opt/airflow/dags/weather_etl.py
[2026-09-26T01:07:24.731+0000] {processor.py:914} INFO - Processing file /opt/airflow/dags/weather_etl.py for tasks to queue
[2026-09-26T01:07:24.732+0000] {logging_mixin.py:190} INFO - [2026-09-26T01:07:24.732+0000] {dagbag.py:587} INFO - Filling up the DagBag from /opt/airflow/dags/weather_etl.py
[2026-09-26T01:07:24.751+0000] {processor.py:925} INFO - DAG(s) 'weather_etl' retrieved from /opt/airflow/dags/weather_etl.py
[2026-09-26T01:07:24.757+0000] {logging_mixin.py:190} INFO - [2026-09-26T01:07:24.757+0000] {dag.py:3229} INFO - Sync 1 DAGs
[2026-09-26T01:07:24.767+0000] {logging_mixin.py:190} INFO - [2026-09-26T01:07:24.767+0000] {dag.py:4156} INFO - Setting next_dagrun for weather_etl to 2026-09-25 02:30:00+00:00, run_after=2026-09-26 02:30:00+00:00
[2026-09-26T01:07:24.773+0000] {processor.py:208} INFO - Processing /opt/airflow/dags/weather_etl.py took 0.051 seconds
[2026-09-26T01:07:55.222+0000] {processor.py:186} INFO - Started process (PID=6492) to work on /opt/airflow/dags/weather_etl.py
[2026-09-26T01:07:55.226+0000] {processor.py:914} INFO - Processing file /opt/airflow/dags/weather_etl.py for tasks to queue
[2026-09-26T01:07:55.227+0000] {logging_mixin.py:190} INFO - [2026-09-26T01:07:55.227+0000] {dagbag.py:587} INFO - Filling up the DagBag from /opt/airflow/dags/weather_etl.py
[2026-09-26T01:07:55.246+0000] {processor.py:925} INFO - DAG(s) 'weather_etl' retrieved from /opt/airflow/dags/weather_etl.py
[2026-09-26T01:07:55.252+0000] {logging_mixin.py:190} INFO - [2026-09-26T01:07:55.252+0000] {dag.py:3229} INFO - Sync 1 DAGs
[2026-09-26T01:07:55.262+0000] {logging_mixin.py:190} INFO - [2026-09-26T01:07:55.262+0000] {dag.py:4156} INFO - Setting next_dagrun for weather_etl to 2026-09-25 02:30:00+00:00, run_after=2026-09-26 02:30:00+00:00
[2026-09-26T01:07:55.269+0000] {processor.py:208} INFO - Processing /opt/airflow/dags/weather_etl.py took 0.053 seconds
[2026-09-26T01:08:25.657+0000] {processor.py:186} INFO - Started process (PID=6508) to work on /opt/airflow/dags/weather_etl.py
[2026-09-26T01:08:25.658+0000] {processor.py:914} INFO - Processing file /opt/airflow/dags/weather_etl.py for tasks to queue
[2026-09-26T01:08:25.659+0000] {logging_mixin.py:190} INFO - [2026-09-26T01:08:25.659+0000] {dagbag.py:587} INFO - Filling up the DagBag from /opt/airflow/dags/weather_etl.py
[2026-09-26T01:08:25.679+0000] {processor.py:925} INFO - DAG(s) 'weather_etl' retrieved from /opt/airflow/dags/weather_etl.py
[2026-09-26T01:08:25.686+0000] {logging_mixin.py:190} INFO - [2026-09-26T01:08:25.686+0000] {dag.py:3229} INFO - Sync 1 DAGs
[2026-09-26T01:08:25.696+0000] {logging_mixin.py:190} INFO - [2026-09-26T01:08:25.696+0000] {dag.py:4156} INFO - Setting next_dagrun for weather_etl to 2026-09-25 02:30:00+00:00, run_after=2026-09-26 02:30:00+00:00
[2026-09-26T01:08:25.702+0000] {processor.py:208} INFO - Processing /opt/airflow/dags/weather_etl.py took 0.051 seconds
[2026-09-26T01:08:56.180+0000] {processor.py:186} INFO - Started process (PID=6524) to work on /opt/airflow/dags/weather_etl.py
[2026-09-26T01:08:56.181+0000] {processor.py:914} INFO - Processing file /opt/airflow/dags/weather_etl.py for tasks to queue
[2026-09-26T01:08:56.182+0000] {logging_mixin.py:190} INFO - [2026-09-26T01:08:56.181+0000] {dagbag.py:587} INFO - Filling up the DagBag from /opt/airflow/dags/weather_etl.py
[2026-09-26T01:08:56.203+0000] {processor.py:925} INFO - DAG(s) 'weather_etl' retrieved from /opt/airflow/dags/weather_etl.py
[2026-09-26T01:08:56.209+0000] {logging_mixin.py:190} INFO - [2026-09-26T01:08:56.209+0000] {dag.py:3229} INFO - Sync 1 DAGs
[2026-09-26T01:08:56.219+0000] {logging_mixin.py:190} INFO - [2026-09-26T01:08:56.219+0000] {dag.py:4156} INFO - Setting next_dagrun for weather_etl to 2026-09-25 02:30:00+00:00, run_after=2026-09-26 02:30:00+00:00
[2026-09-26T01:08:56.226+0000] {processor.py:208} INFO - Processing /opt/airflow/dags/weather_etl.py took 0.052 seconds
[2026-09-26T01:09:26.539+0000] {processor.py:186} INFO - Started process (PID=6540) to work on /opt/airflow/dags/weather_etl.py
[2026-09-26T01:09:26.540+0000] {processor.py:914} INFO - Processing file /opt/airflow/dags/weather_etl.py for tasks to queue
[2026-09-26T01:09:26.541+0000] {logging_mixin.py:190} INFO - [2026-09-26T01:09:26.541+0000] {dagbag.py:587} INFO - Filling up the DagBag from /opt/airflow/dags/weather_etl.py
[2026-09-26T01:09:26.562+0000] {processor.py:925} INFO - DAG(s) 'weather_etl' retrieved from /opt/airflow/dags/weather_etl.py
[2026-09-26T01:09:26.568+0000] {logging_mixin.py:190} INFO - [2026-09-26T01:09:26.568+0000] {dag.py:3229} INFO - Sync 1 DAGs
[2026-09-26T01:09:26.578+0000] {logging_mixin.py:190} INFO - [2026-09-26T01:09:26.578+0000] {dag.py:4156} INFO - Setting next_dagrun for weather_etl to 2026-09-25 02:30:00+00:00, run_after=2026-09-26 02:30:00+00:00
[2026-09-26T01:09:26.585+0000] {processor.py:208} INFO - Processing /opt/airflow/dags/weather_etl.py took 0.053 seconds
[2026-09-26T01:09:56.965+0000] {processor.py:186} INFO - Started process (PID=6556) to work on /opt/airflow/dags/weather_etl.py
[2026-09-26T01:09:56.967+0000] {processor.py:914} INFO - Processing file /opt/airflow/dags/weather_etl.py for tasks to queue
[2026-09-26T01:09:56.968+0000] {logging_mixin.py:190} INFO - [2026-09-26T01:09:56.968+0000] {dagbag.py:587} INFO - Filling up the DagBag from /opt/airflow/dags/weather_etl.py
[2026-09-26T01:09:56.989+0000] {processor.py:925} INFO - DAG(s) 'weather_etl' retrieved from /opt/airflow/dags/weather_etl.py
[2026-09-26T01:09:56.995+0000] {logging_mixin.py:190} INFO - [2026-09-26T01:09:56.995+0000] {dag.py:3229} INFO - Sync 1 DAGs
[2026-09-26T01:09:57.005+0000] {logging_mixin.py:190} INFO - [2026-09-26T01:09:57.005+0000] {dag.py:4156} INFO - Setting next_dagrun for weather_etl to 2026-09-25 02:30:00+00:00, run_after=2026-09-26 02:30:00+00:00
[2026-09-26T01:09:57.011+0000] {processor.py:208} INFO - Processing /opt/airflow/dags/weather_etl.py took 0.053 seconds
[2026-09-26T01:10:27.380+0000] {processor.py:186} INFO - Started process (PID=6579) to work on /opt/airflow/dags/weather_etl.py
[2026-09-26T01:10:27.381+0000] {processor.py:914} INFO - Processing file /opt/airflow/dags/weather_etl.py for tasks to queue
[2026-09-26T01:10:27.381+0000] {logging_mixin.py:190} INFO - [2026-09-26T01:10:27.381+0000] {dagbag.py:587} INFO - Filling up the DagBag from /opt/airflow/dags/weather_etl.py
[2026-09-26T01:10:27.394+0000] {processor.py:925} INFO - DAG(s) 'weather_etl' retrieved from /opt/airflow/dags/weather_etl.py
[2026-09-26T01:10:27.399+0000] {logging_mixin.py:190} INFO - [2026-09-26T01:10:27.399+0000] {dag.py:3229} INFO - Sync 1 DAGs
[2026-09-26T01:10:27.408+0000] {logging_mixin.py:190} INFO - [2026-09-26T01:10:27.407+0000] {dag.py:4156} INFO - Setting next_dagrun for weather_etl to 2026-09-25 02:30:00+00:00, run_after=2026-09-26 02:30:00+00:00
[2026-09-26T01:10:27.413+0000] {processor.py:208} INFO - Processing /opt/airflow/dags/weather_etl.py took 0.036 seconds
[2026-09-26T01:10:57.893+0000] {processor.py:186} INFO - Started process (PID=6595) to work on /opt/airflow/dags/weather_etl.py
[2026-09-26T01:10:57.895+0000] {processor.py:914} INFO - Processing file /opt/airflow/dags/weather_etl.py for tasks to queue
[2026-09-26T01:10:57.895+0000] {logging_mixin.py:190} INFO - [2026-09-26T01:10:57.895+0000] {dagbag.py:587} INFO - Filling up the DagBag from /opt/airflow/dags/weather_etl.py
[2026-09-26T01:10:57.912+0000] {processor.py:925} INFO - DAG(s) 'weather_etl' retrieved from /opt/airflow/dags/weather_etl.py
[2026-09-26T01:10:57.918+0000] {logging_mixin.py:190} INFO - [2026-09-26T01:10:57.918+0000] {dag.py:3229} INFO - Sync 1 DAGs
[2026-09-26T01:10:57.928+0000] {logging_mixin.py:190} INFO - [2026-09-26T01:10:57.927+0000] {dag.py:4156} INFO - Setting next_dagrun for weather_etl to 2026-09-25 02:30:00+00:00, run_after=2026-09-26 02:30:00+00:00
[2026-09-26T01:10:57.934+0000] {processor.py:208} INFO - Processing /opt/airflow/dags/weather_etl.py took 0.049 seconds
[2026-09-26T01:11:28.337+0000] {processor.py:186} INFO - Started process (PID=6611) to work on /opt/airflow/dags/weather_etl.py
[2026-09-26T01:11:28.338+0000] {processor.py:914} INFO - Processing file /opt/airflow/dags/weather_etl.py for tasks to queue
[2026-09-26T01:11:28.339+0000] {logging_mixin.py:190} INFO - [2026-09-26T01:11:28.339+0000] {dagbag.py:587} INFO - Filling up the DagBag from /opt/airflow/dags/weather_etl.py
[2026-09-26T01:11:28.359+0000] {processor.py:925} INFO - DAG(s) 'weather_etl' retrieved from /opt/airflow/dags/weather_etl.py
[2026-09-26T01:11:28.365+0000] {logging_mixin.py:190} INFO - [2026-09-26T01:11:28.365+0000] {dag.py:3229} INFO - Sync 1 DAGs
[2026-09-26T01:11:28.375+0000] {logging_mixin.py:190} INFO - [2026-09-26T01:11:28.375+0000] {dag.py:4156} INFO - Setting next_dagrun for weather_etl to 2026-09-25 02:30:00+00:00, run_after=2026-09-26 02:30:00+00:00
[2026-09-26T01:11:28.381+0000] {processor.py:208} INFO - Processing /opt/airflow/dags/weather_etl.py took 0.052 seconds
[2026-09-26T01:11:58.810+0000] {processor.py:186} INFO - Started process (PID=6627) to work on /opt/airflow/dags/weather_etl.py
[2026-09-26T01:11:58.812+0000] {processor.py:914} INFO - Processing file /opt/airflow/dags/weather_etl.py for tasks to queue
[2026-09-26T01:11:58.813+0000] {logging_mixin.py:190} INFO - [2026-09-26T01:11:58.813+0000] {dagbag.py:587} INFO - Filling up the DagBag from /opt/airflow/dags/weather_etl.py
[2026-09-26T01:11:58.833+0000] {processor.py:925} INFO - DAG(s) 'weather_etl' retrieved from /opt/airflow/dags/weather_etl.py
[2026-09-26T01:11:58.839+0000] {logging_mixin.py:190} INFO - [2026-09-26T01:11:58.839+0000] {dag.py:3229} INFO - Sync 1 DAGs
[2026-09-26T01:11:58.849+0000] {logging_mixin.py:190} INFO - [2026-09-26T01:11:58.849+0000] {dag.py:4156} INFO - Setting next_dagrun for weather_etl to 2026-09-25 02:30:00+00:00, run_after=2026-09-26 02:30:00+00:00
[2026-09-26T01:11:58.855+0000] {processor.py:208} INFO - Processing /opt/airflow/dags/weather_etl.py took 0.050 seconds
[2026-09-26T01:12:29.270+0000] {processor.py:186} INFO - Started process (PID=6643) to work on /opt/airflow/dags/weather_etl.py
[2026-09-26T01:12:29.271+0000] {processor.py:914} INFO - Processing file /opt/airflow/dags/weather_etl.py for tasks to queue
[2026-09-26T01:12:29.272+0000] {logging_mixin.py:190} INFO - [2026-09-26T01:12:29.272+0000] {dagbag.py:587} INFO - Filling up the DagBag from /opt/airflow/dags/weather_etl.py
[2026-09-26T01:12:29.288+0000] {processor.py:925} INFO - DAG(s) 'weather_etl' retrieved from /opt/airflow/dags/weather_etl.py
[2026-09-26T01:12:29.294+0000] {logging_mixin.py:190} INFO - [2026-09-26T01:12:29.294+0000] {dag.py:3229} INFO - Sync 1 DAGs
[2026-09-26T01:12:29.305+0000] {logging_mixin.py:190} INFO - [2026-09-26T01:12:29.305+0000] {dag.py:4156} INFO - Setting next_dagrun for weather_etl to 2026-09-25 02:30:00+00:00, run_after=2026-09-26 02:30:00+00:00
[2026-09-26T01:12:29.311+0000] {processor.py:208} INFO - Processing /opt/airflow/dags/weather_etl.py took 0.047 seconds
[2026-09-26T01:12:59.725+0000] {processor.py:186} INFO - Started process (PID=6659) to work on /opt/airflow/dags/weather_etl.py
[2026-09-26T01:12:59.728+0000] {processor.py:914} INFO - Processing file /opt/airflow/dags/weather_etl.py for tasks to queue
[2026-09-26T01:12:59.729+0000] {logging_mixin.py:190} INFO - [2026-09-26T01:12:59.728+0000] {dagbag.py:587} INFO - Filling up the DagBag from /opt/airflow/dags/weather_etl.py
[2026-09-26T01:12:59.749+0000] {processor.py:925} INFO - DAG(s) 'weather_etl' retrieved from /opt/airflow/dags/weather_etl.py
[2026-09-26T01:12:59.756+0000] {logging_mixin.py:190} INFO - [2026-09-26T01:12:59.756+0000] {dag.py:3229} INFO - Sync 1 DAGs
[2026-09-26T01:12:59.766+0000] {logging_mixin.py:190} INFO - [2026-09-26T01:12:59.766+0000] {dag.py:4156} INFO - Setting next_dagrun for weather_etl to 2026-09-25 02:30:00+00:00, run_after=2026-09-26 02:30:00+00:00
[2026-09-26T01:12:59.773+0000] {processor.py:208} INFO - Processing /opt/airflow/dags/weather_etl.py took 0.054 seconds
[2026-09-26T01:13:30.238+0000] {processor.py:186} INFO - Started process (PID=6675) to work on /opt/airflow/dags/weather_etl.py
[2026-09-26T01:13:30.239+0000] {processor.py:914} INFO - Processing file /opt/airflow/dags/weather_etl.py for tasks to queue
[2026-09-26T01:13:30.240+0000] {logging_mixin.py:190} INFO - [2026-09-26T01:13:30.239+0000] {dagbag.py:587} INFO - Filling up the DagBag from /opt/airflow/dags/weather_etl.py
[2026-09-26T01:13:30.257+0000] {processor.py:925} INFO - DAG(s) 'weather_etl' retrieved from /opt/airflow/dags/weather_etl.py
[2026-09-26T01:13:30.263+0000] {logging_mixin.py:190} INFO - [2026-09-26T01:13:30.263+0000] {dag.py:3229} INFO - Sync 1 DAGs
[2026-09-26T01:13:30.273+0000] {logging_mixin.py:190} INFO - [2026-09-26T01:13:30.273+0000] {dag.py:4156} INFO - Setting next_dagrun for weather_etl to 2026-09-25 02:30:00+00:00, run_after=2026-09-26 02:30:00+00:00
[2026-09-26T01:13:30.280+0000] {processor.py:208} INFO - Processing /opt/airflow/dags/weather_etl.py took 0.047 seconds
[2026-09-26T01:14:00.664+0000] {processor.py:186} INFO - Started process (PID=6691) to work on /opt/airflow/dags/weather_etl.py
[2026-09-26T01:14:00.666+0000] {processor.py:914} INFO - Processing file /opt/airflow/dags/weather_etl.py for tasks to queue
[2026-09-26T01:14:00.667+0000] {logging_mixin.py:190} INFO - [2026-09-26T01:14:00.666+0000] {dagbag.py:587} INFO - Filling up the DagBag from /opt/airflow/dags/weather_etl.py
[2026-09-26T01:14:00.686+0000] {processor.py:925} INFO - DAG(s) 'weather_etl' retrieved from /opt/airflow/dags/weather_etl.py
[2026-09-26T01:14:00.693+0000] {logging_mixin.py:190} INFO - [2026-09-26T01:14:00.692+0000] {dag.py:3229} INFO - Sync 1 DAGs
[2026-09-26T01:14:00.703+0000] {logging_mixin.py:190} INFO - [2026-09-26T01:14:00.702+0000] {dag.py:4156} INFO - Setting next_dagrun for weather_etl to 2026-09-25 02:30:00+00:00, run_after=2026-09-26 02:30:00+00:00
[2026-09-26T01:14:00.709+0000] {processor.py:208} INFO - Processing /opt/airflow/dags/weather_etl.py took 0.050 seconds
[2026-09-26T01:14:31.115+0000] {processor.py:186} INFO - Started process (PID=6707) to work on /opt/airflow/dags/weather_etl.py
[2026-09-26T01:14:31.117+0000] {processor.py:914} INFO - Processing file /opt/airflow/dags/weather_etl.py for tasks to queue
[2026-09-26T01:14:31.118+0000] {logging_mixin.py:190} INFO - [2026-09-26T01:14:31.118+0000] {dagbag.py:587} INFO - Filling up the DagBag from /opt/airflow/dags/weather_etl.py
[2026-09-26T01:14:31.138+0000] {processor.py:925} INFO - DAG(s) 'weather_etl' retrieved from /opt/airflow/dags/weather_etl.py
[2026-09-26T01:14:31.145+0000] {logging_mixin.py:190} INFO - [2026-09-26T01:14:31.145+0000] {dag.py:3229} INFO - Sync 1 DAGs
[2026-09-26T01:14:31.155+0000] {logging_mixin.py:190} INFO - [2026-09-26T01:14:31.155+0000] {dag.py:4156} INFO - Setting next_dagrun for weather_etl to 2026-09-25 02:30:00+00:00, run_after=2026-09-26 02:30:00+00:00
[2026-09-26T01:14:31.161+0000] {processor.py:208} INFO - Processing /opt/airflow/dags/weather_etl.py took 0.053 seconds
[2026-09-26T01:15:01.552+0000] {processor.py:186} INFO - Started process (PID=6723) to work on /opt/airflow/dags/weather_etl.py
[2026-09-26T01:15:01.554+0000] {processor.py:914} INFO - Processing file /opt/airflow/dags/weather_etl.py for tasks to queue
[2026-09-26T01:15:01.555+0000] {logging_mixin.py:190} INFO - [2026-09-26T01:15:01.554+0000] {dagbag.py:587} INFO - Filling up the DagBag from /opt/airflow/dags/weather_etl.py
[2026-09-26T01:15:01.576+0000] {processor.py:925} INFO - DAG(s) 'weather_etl' retrieved from /opt/airflow/dags/weather_etl.py
[2026-09-26T01:15:01.583+0000] {logging_mixin.py:190} INFO - [2026-09-26T01:15:01.582+0000] {dag.py:3229} INFO - Sync 1 DAGs
[2026-09-26T01:15:01.593+0000] {logging_mixin.py:190} INFO - [2026-09-26T01:15:01.593+0000] {dag.py:4156} INFO - Setting next_dagrun for weather_etl to 2026-09-25 02:30:00+00:00, run_after=2026-09-26 02:30:00+00:00
[2026-09-26T01:15:01.599+0000] {processor.py:208} INFO - Processing /opt/airflow/dags/weather_etl.py took 0.054 seconds
[2026-09-26T01:15:32.006+0000] {processor.py:186} INFO - Started process (PID=6739) to work on /opt/airflow/dags/weather_etl.py
[2026-09-26T01:15:32.007+0000] {processor.py:914} INFO - Processing file /opt/airflow/dags/weather_etl.py for tasks to queue
[2026-09-26T01:15:32.008+0000] {logging_mixin.py:190} INFO - [2026-09-26T01:15:32.008+0000] {dagbag.py:587} INFO - Filling up the DagBag from /opt/airflow/dags/weather_etl.py
[2026-09-26T01:15:32.030+0000] {processor.py:925} INFO - DAG(s) 'weather_etl' retrieved from /opt/airflow/dags/weather_etl.py
[2026-09-26T01:15:32.036+0000] {logging_mixin.py:190} INFO - [2026-09-26T01:15:32.036+0000] {dag.py:3229} INFO - Sync 1 DAGs
[2026-09-26T01:15:32.046+0000] {logging_mixin.py:190} INFO - [2026-09-26T01:15:32.046+0000] {dag.py:4156} INFO - Setting next_dagrun for weather_etl to 2026-09-25 02:30:00+00:00, run_after=2026-09-26 02:30:00+00:00
[2026-09-26T01:15:32.052+0000] {processor.py:208} INFO - Processing /opt/airflow/dags/weather_etl.py took 0.053 seconds
[2026-09-26T01:16:02.511+0000] {processor.py:186} INFO - Started process (PID=6755) to work on /opt/airflow/dags/weather_etl.py
[2026-09-26T01:16:02.512+0000] {processor.py:914} INFO - Processing file /opt/airflow/dags/weather_etl.py for tasks to queue
[2026-09-26T01:16:02.513+0000] {logging_mixin.py:190} INFO - [2026-09-26T01:16:02.513+0000] {dagbag.py:587} INFO - Filling up the DagBag from /opt/airflow/dags/weather_etl.py
[2026-09-26T01:16:02.535+0000] {processor.py:925} INFO - DAG(s) 'weather_etl' retrieved from /opt/airflow/dags/weather_etl.py
[2026-09-26T01:16:02.541+0000] {logging_mixin.py:190} INFO - [2026-09-26T01:16:02.541+0000] {dag.py:3229} INFO - Sync 1 DAGs
[2026-09-26T01:16:02.551+0000] {logging_mixin.py:190} INFO - [2026-09-26T01:16:02.551+0000] {dag.py:4156} INFO - Setting next_dagrun for weather_etl to 2026-09-25 02:30:00+00:00, run_after=2026-09-26 02:30:00+00:00
[2026-09-26T01:16:02.557+0000] {processor.py:208} INFO - Processing /opt/airflow/dags/weather_etl.py took 0.052 seconds
[2026-09-26T01:16:32.985+0000] {processor.py:186} INFO - Started process (PID=6771) to work on /opt/airflow/dags/weather_etl.py
[2026-09-26T01:16:32.986+0000] {processor.py:914} INFO - Processing file /opt/airflow/dags/weather_etl.py for tasks to queue
[2026-09-26T01:16:32.987+0000] {logging_mixin.py:190} INFO - [2026-09-26T01:16:32.987+0000] {dagbag.py:587} INFO - Filling up the DagBag from /opt/airflow/dags/weather_etl.py
[2026-09-26T01:16:33.006+0000] {processor.py:925} INFO - DAG(s) 'weather_etl' retrieved from /opt/airflow/dags/weather_etl.py
[2026-09-26T01:16:33.013+0000] {logging_mixin.py:190} INFO - [2026-09-26T01:16:33.013+0000] {dag.py:3229} INFO - Sync 1 DAGs
[2026-09-26T01:16:33.023+0000] {logging_mixin.py:190} INFO - [2026-09-26T01:16:33.023+0000] {dag.py:4156} INFO - Setting next_dagrun for weather_etl to 2026-09-25 02:30:00+00:00, run_after=2026-09-26 02:30:00+00:00
[2026-09-26T01:16:33.029+0000] {processor.py:208} INFO - Processing /opt/airflow/dags/weather_etl.py took 0.051 seconds
[2026-09-26T01:17:03.401+0000] {processor.py:186} INFO - Started process (PID=6787) to work on /opt/airflow/dags/weather_etl.py
[2026-09-26T01:17:03.402+0000] {processor.py:914} INFO - Processing file /opt/airflow/dags/weather_etl.py for tasks to queue
[2026-09-26T01:17:03.403+0000] {logging_mixin.py:190} INFO - [2026-09-26T01:17:03.403+0000] {dagbag.py:587} INFO - Filling up the DagBag from /opt/airflow/dags/weather_etl.py
[2026-09-26T01:17:03.425+0000] {processor.py:925} INFO - DAG(s) 'weather_etl' retrieved from /opt/airflow/dags/weather_etl.py
[2026-09-26T01:17:03.431+0000] {logging_mixin.py:190} INFO - [2026-09-26T01:17:03.431+0000] {dag.py:3229} INFO - Sync 1 DAGs
[2026-09-26T01:17:03.441+0000] {logging_mixin.py:190} INFO - [2026-09-26T01:17:03.441+0000] {dag.py:4156} INFO - Setting next_dagrun for weather_etl to 2026-09-25 02:30:00+00:00, run_after=2026-09-26 02:30:00+00:00
[2026-09-26T01:17:03.447+0000] {processor.py:208} INFO - Processing /opt/airflow/dags/weather_etl.py took 0.052 seconds
[2026-09-26T01:17:33.877+0000] {processor.py:186} INFO - Started process (PID=6803) to work on /opt/airflow/dags/weather_etl.py
[2026-09-26T01:17:33.880+0000] {processor.py:914} INFO - Processing file /opt/airflow/dags/weather_etl.py for tasks to queue
[2026-09-26T01:17:33.881+0000] {logging_mixin.py:190} INFO - [2026-09-26T01:17:33.880+0000] {dagbag.py:587} INFO - Filling up the DagBag from /opt/airflow/dags/weather_etl.py
[2026-09-26T01:17:33.900+0000] {processor.py:925} INFO - DAG(s) 'weather_etl' retrieved from /opt/airflow/dags/weather_etl.py
[2026-09-26T01:17:33.907+0000] {logging_mixin.py:190} INFO - [2026-09-26T01:17:33.907+0000] {dag.py:3229} INFO - Sync 1 DAGs
[2026-09-26T01:17:33.917+0000] {logging_mixin.py:190} INFO - [2026-09-26T01:17:33.916+0000] {dag.py:4156} INFO - Setting next_dagrun for weather_etl to 2026-09-25 02:30:00+00:00, run_after=2026-09-26 02:30:00+00:00
[2026-09-26T01:17:33.923+0000] {processor.py:208} INFO - Processing /opt/airflow/dags/weather_etl.py took 0.052 seconds
[2026-09-26T01:18:04.393+0000] {processor.py:186} INFO - Started process (PID=6819) to work on /opt/airflow/dags/weather_etl.py
[2026-09-26T01:18:04.395+0000] {processor.py:914} INFO - Processing file /opt/airflow/dags/weather_etl.py for tasks to queue
[2026-09-26T01:18:04.395+0000] {logging_mixin.py:190} INFO - [2026-09-26T01:18:04.395+0000] {dagbag.py:587} INFO - Filling up the DagBag from /opt/airflow/dags/weather_etl.py
[2026-09-26T01:18:04.418+0000] {processor.py:925} INFO - DAG(s) 'weather_etl' retrieved from /opt/airflow/dags/weather_etl.py
[2026-09-26T01:18:04.424+0000] {logging_mixin.py:190} INFO - [2026-09-26T01:18:04.424+0000] {dag.py:3229} INFO - Sync 1 DAGs
[2026-09-26T01:18:04.434+0000] {logging_mixin.py:190} INFO - [2026-09-26T01:18:04.434+0000] {dag.py:4156} INFO - Setting next_dagrun for weather_etl to 2026-09-25 02:30:00+00:00, run_after=2026-09-26 02:30:00+00:00
[2026-09-26T01:18:04.441+0000] {processor.py:208} INFO - Processing /opt/airflow/dags/weather_etl.py took 0.054 seconds
[2026-09-26T01:18:34.867+0000] {processor.py:186} INFO - Started process (PID=6835) to work on /opt/airflow/dags/weather_etl.py
[2026-09-26T01:18:34.869+0000] {processor.py:914} INFO - Processing file /opt/airflow/dags/weather_etl.py for tasks to queue
[2026-09-26T01:18:34.870+0000] {logging_mixin.py:190} INFO - [2026-09-26T01:18:34.869+0000] {dagbag.py:587} INFO - Filling up the DagBag from /opt/airflow/dags/weather_etl.py
[2026-09-26T01:18:34.889+0000] {processor.py:925} INFO - DAG(s) 'weather_etl' retrieved from /opt/airflow/dags/weather_etl.py
[2026-09-26T01:18:34.895+0000] {logging_mixin.py:190} INFO - [2026-09-26T01:18:34.895+0000] {dag.py:3229} INFO - Sync 1 DAGs
[2026-09-26T01:18:34.905+0000] {logging_mixin.py:190} INFO - [2026-09-26T01:18:34.905+0000] {dag.py:4156} INFO - Setting next_dagrun for weather_etl to 2026-09-25 02:30:00+00:00, run_after=2026-09-26 02:30:00+00:00
[2026-09-26T01:18:34.911+0000] {processor.py:208} INFO - Processing /opt/airflow/dags/weather_etl.py took 0.049 seconds
[2026-09-26T01:19:05.338+0000] {processor.py:186} INFO - Started process (PID=6851) to work on /opt/airflow/dags/weather_etl.py
[2026-09-26T01:19:05.339+0000] {processor.py:914} INFO - Processing file /opt/airflow/dags/weather_etl.py for tasks to queue
[2026-09-26T01:19:05.340+0000] {logging_mixin.py:190} INFO - [2026-09-26T01:19:05.340+0000] {dagbag.py:587} INFO - Filling up the DagBag from /opt/airflow/dags/weather_etl.py
[2026-09-26T01:19:05.361+0000] {processor.py:925} INFO - DAG(s) 'weather_etl' retrieved from /opt/airflow/dags/weather_etl.py
[2026-09-26T01:19:05.367+0000] {logging_mixin.py:190} INFO - [2026-09-26T01:19:05.367+0000] {dag.py:3229} INFO - Sync 1 DAGs
[2026-09-26T01:19:05.377+0000] {logging_mixin.py:190} INFO - [2026-09-26T01:19:05.377+0000] {dag.py:4156} INFO - Setting next_dagrun for weather_etl to 2026-09-25 02:30:00+00:00, run_after=2026-09-26 02:30:00+00:00
[2026-09-26T01:19:05.383+0000] {processor.py:208} INFO - Processing /opt/airflow/dags/weather_etl.py took 0.051 seconds
[2026-09-26T01:19:35.879+0000] {processor.py:186} INFO - Started process (PID=6867) to work on /opt/airflow/dags/weather_etl.py
[2026-09-26T01:19:35.880+0000] {processor.py:914} INFO - Processing file /opt/airflow/dags/weather_etl.py for tasks to queue
[2026-09-26T01:19:35.881+0000] {logging_mixin.py:190} INFO - [2026-09-26T01:19:35.881+0000] {dagbag.py:587} INFO - Filling up the DagBag from /opt/airflow/dags/weather_etl.py
[2026-09-26T01:19:35.900+0000] {processor.py:925} INFO - DAG(s) 'weather_etl' retrieved from /opt/airflow/dags/weather_etl.py
[2026-09-26T01:19:35.906+0000] {logging_mixin.py:190} INFO - [2026-09-26T01:19:35.906+0000] {dag.py:3229} INFO - Sync 1 DAGs
[2026-09-26T01:19:35.916+0000] {logging_mixin.py:190} INFO - [2026-09-26T01:19:35.916+0000] {dag.py:4156} INFO - Setting next_dagrun for weather_etl to 2026-09-25 02:30:00+00:00, run_after=2026-09-26 02:30:00+00:00
[2026-09-26T01:19:35.922+0000] {processor.py:208} INFO - Processing /opt/airflow/dags/weather_etl.py took 0.050 seconds
[2026-09-26T01:20:06.303+0000] {processor.py:186} INFO - Started process (PID=6883) to work on /opt/airflow/dags/weather_etl.py
[2026-09-26T01:20:06.305+0000] {processor.py:914} INFO - Processing file /opt/airflow/dags/weather_etl.py for tasks to queue
[2026-09-26T01:20:06.306+0000] {logging_mixin.py:190} INFO - [2026-09-26T01:20:06.305+0000] {dagbag.py:587} INFO - Filling up the DagBag from /opt/airflow/dags/weather_etl.py
[2026-09-26T01:20:06.328+0000] {processor.py:925} INFO - DAG(s) 'weather_etl' retrieved from /opt/airflow/dags/weather_etl.py
[2026-09-26T01:20:06.334+0000] {logging_mixin.py:190} INFO - [2026-09-26T01:20:06.334+0000] {dag.py:3229} INFO - Sync 1 DAGs
[2026-09-26T01:20:06.344+0000] {logging_mixin.py:190} INFO - [2026-09-26T01:20:06.343+0000] {dag.py:4156} INFO - Setting next_dagrun for weather_etl to 2026-09-25 02:30:00+00:00, run_after=2026-09-26 02:30:00+00:00
[2026-09-26T01:20:06.350+0000] {processor.py:208} INFO - Processing /opt/airflow/dags/weather_etl.py took 0.054 seconds
[2026-09-26T01:20:36.725+0000] {processor.py:186} INFO - Started process (PID=6899) to work on /opt/airflow/dags/weather_etl.py
[2026-09-26T01:20:36.726+0000] {processor.py:914} INFO - Processing file /opt/airflow/dags/weather_etl.py for tasks to queue
[2026-09-26T01:20:36.728+0000] {logging_mixin.py:190} INFO - [2026-09-26T01:20:36.728+0000] {dagbag.py:587} INFO - Filling up the DagBag from /opt/airflow/dags/weather_etl.py
[2026-09-26T01:20:36.748+0000] {processor.py:925} INFO - DAG(s) 'weather_etl' retrieved from /opt/airflow/dags/weather_etl.py
[2026-09-26T01:20:36.754+0000] {logging_mixin.py:190} INFO - [2026-09-26T01:20:36.754+0000] {dag.py:3229} INFO - Sync 1 DAGs
[2026-09-26T01:20:36.764+0000] {logging_mixin.py:190} INFO - [2026-09-26T01:20:36.764+0000] {dag.py:4156} INFO - Setting next_dagrun for weather_etl to 2026-09-25 02:30:00+00:00, run_after=2026-09-26 02:30:00+00:00
[2026-09-26T01:20:36.770+0000] {processor.py:208} INFO - Processing /opt/airflow/dags/weather_etl.py took 0.053 seconds
[2026-09-26T01:21:07.191+0000] {processor.py:186} INFO - Started process (PID=6915) to work on /opt/airflow/dags/weather_etl.py
[2026-09-26T01:21:07.193+0000] {processor.py:914} INFO - Processing file /opt/airflow/dags/weather_etl.py for tasks to queue
[2026-09-26T01:21:07.194+0000] {logging_mixin.py:190} INFO - [2026-09-26T01:21:07.194+0000] {dagbag.py:587} INFO - Filling up the DagBag from /opt/airflow/dags/weather_etl.py
[2026-09-26T01:21:07.215+0000] {processor.py:925} INFO - DAG(s) 'weather_etl' retrieved from /opt/airflow/dags/weather_etl.py
[2026-09-26T01:21:07.221+0000] {logging_mixin.py:190} INFO - [2026-09-26T01:21:07.221+0000] {dag.py:3229} INFO - Sync 1 DAGs
[2026-09-26T01:21:07.232+0000] {logging_mixin.py:190} INFO - [2026-09-26T01:21:07.232+0000] {dag.py:4156} INFO - Setting next_dagrun for weather_etl to 2026-09-25 02:30:00+00:00, run_after=2026-09-26 02:30:00+00:00
[2026-09-26T01:21:07.238+0000] {processor.py:208} INFO - Processing /opt/airflow/dags/weather_etl.py took 0.054 seconds
[2026-09-26T01:21:37.701+0000] {processor.py:186} INFO - Started process (PID=6931) to work on /opt/airflow/dags/weather_etl.py
[2026-09-26T01:21:37.705+0000] {processor.py:914} INFO - Processing file /opt/airflow/dags/weather_etl.py for tasks to queue
[2026-09-26T01:21:37.706+0000] {logging_mixin.py:190} INFO - [2026-09-26T01:21:37.706+0000] {dagbag.py:587} INFO - Filling up the DagBag from /opt/airflow/dags/weather_etl.py
[2026-09-26T01:21:37.725+0000] {processor.py:925} INFO - DAG(s) 'weather_etl' retrieved from /opt/airflow/dags/weather_etl.py
[2026-09-26T01:21:37.732+0000] {logging_mixin.py:190} INFO - [2026-09-26T01:21:37.732+0000] {dag.py:3229} INFO - Sync 1 DAGs
[2026-09-26T01:21:37.742+0000] {logging_mixin.py:190} INFO - [2026-09-26T01:21:37.742+0000] {dag.py:4156} INFO - Setting next_dagrun for weather_etl to 2026-09-25 02:30:00+00:00, run_after=2026-09-26 02:30:00+00:00
[2026-09-26T01:21:37.748+0000] {processor.py:208} INFO - Processing /opt/airflow/dags/weather_etl.py took 0.056 seconds
[2026-09-26T01:22:08.216+0000] {processor.py:186} INFO - Started process (PID=6947) to work on /opt/airflow/dags/weather_etl.py
[2026-09-26T01:22:08.218+0000] {processor.py:914} INFO - Processing file /opt/airflow/dags/weather_etl.py for tasks to queue
[2026-09-26T01:22:08.219+0000] {logging_mixin.py:190} INFO - [2026-09-26T01:22:08.218+0000] {dagbag.py:587} INFO - Filling up the DagBag from /opt/airflow/dags/weather_etl.py
[2026-09-26T01:22:08.239+0000] {processor.py:925} INFO - DAG(s) 'weather_etl' retrieved from /opt/airflow/dags/weather_etl.py
[2026-09-26T01:22:08.246+0000] {logging_mixin.py:190} INFO - [2026-09-26T01:22:08.245+0000] {dag.py:3229} INFO - Sync 1 DAGs
[2026-09-26T01:22:08.255+0000] {logging_mixin.py:190} INFO - [2026-09-26T01:22:08.255+0000] {dag.py:4156} INFO - Setting next_dagrun for weather_etl to 2026-09-25 02:30:00+00:00, run_after=2026-09-26 02:30:00+00:00
[2026-09-26T01:22:08.262+0000] {processor.py:208} INFO - Processing /opt/airflow/dags/weather_etl.py took 0.051 seconds
[2026-09-26T01:22:38.702+0000] {processor.py:186} INFO - Started process (PID=6963) to work on /opt/airflow/dags/weather_etl.py
[2026-09-26T01:22:38.704+0000] {processor.py:914} INFO - Processing file /opt/airflow/dags/weather_etl.py for tasks to queue
[2026-09-26T01:22:38.705+0000] {logging_mixin.py:190} INFO - [2026-09-26T01:22:38.704+0000] {dagbag.py:587} INFO - Filling up the DagBag from /opt/airflow/dags/weather_etl.py
[2026-09-26T01:22:38.724+0000] {processor.py:925} INFO - DAG(s) 'weather_etl' retrieved from /opt/airflow/dags/weather_etl.py
[2026-09-26T01:22:38.731+0000] {logging_mixin.py:190} INFO - [2026-09-26T01:22:38.730+0000] {dag.py:3229} INFO - Sync 1 DAGs
[2026-09-26T01:22:38.741+0000] {logging_mixin.py:190} INFO - [2026-09-26T01:22:38.741+0000] {dag.py:4156} INFO - Setting next_dagrun for weather_etl to 2026-09-25 02:30:00+00:00, run_after=2026-09-26 02:30:00+00:00
[2026-09-26T01:22:38.747+0000] {processor.py:208} INFO - Processing /opt/airflow/dags/weather_etl.py took 0.052 seconds
[2026-09-26T01:23:09.172+0000] {processor.py:186} INFO - Started process (PID=6979) to work on /opt/airflow/dags/weather_etl.py
[2026-09-26T01:23:09.175+0000] {processor.py:914} INFO - Processing file /opt/airflow/dags/weather_etl.py for tasks to queue
[2026-09-26T01:23:09.176+0000] {logging_mixin.py:190} INFO - [2026-09-26T01:23:09.175+0000] {dagbag.py:587} INFO - Filling up the DagBag from /opt/airflow/dags/weather_etl.py
[2026-09-26T01:23:09.196+0000] {processor.py:925} INFO - DAG(s) 'weather_etl' retrieved from /opt/airflow/dags/weather_etl.py
[2026-09-26T01:23:09.203+0000] {logging_mixin.py:190} INFO - [2026-09-26T01:23:09.202+0000] {dag.py:3229} INFO - Sync 1 DAGs
[2026-09-26T01:23:09.213+0000] {logging_mixin.py:190} INFO - [2026-09-26T01:23:09.213+0000] {dag.py:4156} INFO - Setting next_dagrun for weather_etl to 2026-09-25 02:30:00+00:00, run_after=2026-09-26 02:30:00+00:00
[2026-09-26T01:23:09.219+0000] {processor.py:208} INFO - Processing /opt/airflow/dags/weather_etl.py took 0.055 seconds
[2026-09-26T01:23:39.741+0000] {processor.py:186} INFO - Started process (PID=6996) to work on /opt/airflow/dags/weather_etl.py
[2026-09-26T01:23:39.745+0000] {processor.py:914} INFO - Processing file /opt/airflow/dags/weather_etl.py for tasks to queue
[2026-09-26T01:23:39.746+0000] {logging_mixin.py:190} INFO - [2026-09-26T01:23:39.745+0000] {dagbag.py:587} INFO - Filling up the DagBag from /opt/airflow/dags/weather_etl.py
[2026-09-26T01:23:39.771+0000] {processor.py:925} INFO - DAG(s) 'weather_etl' retrieved from /opt/airflow/dags/weather_etl.py
[2026-09-26T01:23:39.779+0000] {logging_mixin.py:190} INFO - [2026-09-26T01:23:39.778+0000] {dag.py:3229} INFO - Sync 1 DAGs
[2026-09-26T01:23:39.789+0000] {logging_mixin.py:190} INFO - [2026-09-26T01:23:39.789+0000] {dag.py:4156} INFO - Setting next_dagrun for weather_etl to 2026-09-25 02:30:00+00:00, run_after=2026-09-26 02:30:00+00:00
[2026-09-26T01:23:39.796+0000] {processor.py:208} INFO - Processing /opt/airflow/dags/weather_etl.py took 0.065 seconds
[2026-09-26T01:24:10.133+0000] {processor.py:186} INFO - Started process (PID=7012) to work on /opt/airflow/dags/weather_etl.py
[2026-09-26T01:24:10.135+0000] {processor.py:914} INFO - Processing file /opt/airflow/dags/weather_etl.py for tasks to queue
[2026-09-26T01:24:10.136+0000] {logging_mixin.py:190} INFO - [2026-09-26T01:24:10.136+0000] {dagbag.py:587} INFO - Filling up the DagBag from /opt/airflow/dags/weather_etl.py
[2026-09-26T01:24:10.161+0000] {processor.py:925} INFO - DAG(s) 'weather_etl' retrieved from /opt/airflow/dags/weather_etl.py
[2026-09-26T01:24:10.168+0000] {logging_mixin.py:190} INFO - [2026-09-26T01:24:10.168+0000] {dag.py:3229} INFO - Sync 1 DAGs
[2026-09-26T01:24:10.179+0000] {logging_mixin.py:190} INFO - [2026-09-26T01:24:10.179+0000] {dag.py:4156} INFO - Setting next_dagrun for weather_etl to 2026-09-25 02:30:00+00:00, run_after=2026-09-26 02:30:00+00:00
[2026-09-26T01:24:10.186+0000] {processor.py:208} INFO - Processing /opt/airflow/dags/weather_etl.py took 0.063 seconds
[2026-09-26T01:24:40.533+0000] {processor.py:186} INFO - Started process (PID=7028) to work on /opt/airflow/dags/weather_etl.py
[2026-09-26T01:24:40.534+0000] {processor.py:914} INFO - Processing file /opt/airflow/dags/weather_etl.py for tasks to queue
[2026-09-26T01:24:40.535+0000] {logging_mixin.py:190} INFO - [2026-09-26T01:24:40.535+0000] {dagbag.py:587} INFO - Filling up the DagBag from /opt/airflow/dags/weather_etl.py
[2026-09-26T01:24:40.560+0000] {processor.py:925} INFO - DAG(s) 'weather_etl' retrieved from /opt/airflow/dags/weather_etl.py
[2026-09-26T01:24:40.567+0000] {logging_mixin.py:190} INFO - [2026-09-26T01:24:40.567+0000] {dag.py:3229} INFO - Sync 1 DAGs
[2026-09-26T01:24:40.579+0000] {logging_mixin.py:190} INFO - [2026-09-26T01:24:40.579+0000] {dag.py:4156} INFO - Setting next_dagrun for weather_etl to 2026-09-25 02:30:00+00:00, run_after=2026-09-26 02:30:00+00:00
[2026-09-26T01:24:40.588+0000] {processor.py:208} INFO - Processing /opt/airflow/dags/weather_etl.py took 0.062 seconds
[2026-09-26T01:25:10.982+0000] {processor.py:186} INFO - Started process (PID=7044) to work on /opt/airflow/dags/weather_etl.py
[2026-09-26T01:25:10.984+0000] {processor.py:914} INFO - Processing file /opt/airflow/dags/weather_etl.py for tasks to queue
[2026-09-26T01:25:10.985+0000] {logging_mixin.py:190} INFO - [2026-09-26T01:25:10.984+0000] {dagbag.py:587} INFO - Filling up the DagBag from /opt/airflow/dags/weather_etl.py
[2026-09-26T01:25:11.015+0000] {processor.py:925} INFO - DAG(s) 'weather_etl' retrieved from /opt/airflow/dags/weather_etl.py
[2026-09-26T01:25:11.027+0000] {logging_mixin.py:190} INFO - [2026-09-26T01:25:11.027+0000] {dag.py:3229} INFO - Sync 1 DAGs
[2026-09-26T01:25:11.051+0000] {logging_mixin.py:190} INFO - [2026-09-26T01:25:11.050+0000] {dag.py:4156} INFO - Setting next_dagrun for weather_etl to 2026-09-25 02:30:00+00:00, run_after=2026-09-26 02:30:00+00:00
[2026-09-26T01:25:11.067+0000] {processor.py:208} INFO - Processing /opt/airflow/dags/weather_etl.py took 0.095 seconds
[2026-09-26T01:25:41.614+0000] {processor.py:186} INFO - Started process (PID=7060) to work on /opt/airflow/dags/weather_etl.py
[2026-09-26T01:25:41.618+0000] {processor.py:914} INFO - Processing file /opt/airflow/dags/weather_etl.py for tasks to queue
[2026-09-26T01:25:41.620+0000] {logging_mixin.py:190} INFO - [2026-09-26T01:25:41.620+0000] {dagbag.py:587} INFO - Filling up the DagBag from /opt/airflow/dags/weather_etl.py
[2026-09-26T01:25:41.674+0000] {processor.py:925} INFO - DAG(s) 'weather_etl' retrieved from /opt/airflow/dags/weather_etl.py
[2026-09-26T01:25:41.687+0000] {logging_mixin.py:190} INFO - [2026-09-26T01:25:41.686+0000] {dag.py:3229} INFO - Sync 1 DAGs
[2026-09-26T01:25:41.724+0000] {logging_mixin.py:190} INFO - [2026-09-26T01:25:41.724+0000] {dag.py:4156} INFO - Setting next_dagrun for weather_etl to 2026-09-25 02:30:00+00:00, run_after=2026-09-26 02:30:00+00:00
[2026-09-26T01:25:41.747+0000] {processor.py:208} INFO - Processing /opt/airflow/dags/weather_etl.py took 0.161 seconds
[2026-09-26T01:26:12.110+0000] {processor.py:186} INFO - Started process (PID=7076) to work on /opt/airflow/dags/weather_etl.py
[2026-09-26T01:26:12.115+0000] {processor.py:914} INFO - Processing file /opt/airflow/dags/weather_etl.py for tasks to queue
[2026-09-26T01:26:12.117+0000] {logging_mixin.py:190} INFO - [2026-09-26T01:26:12.117+0000] {dagbag.py:587} INFO - Filling up the DagBag from /opt/airflow/dags/weather_etl.py
[2026-09-26T01:26:12.153+0000] {processor.py:925} INFO - DAG(s) 'weather_etl' retrieved from /opt/airflow/dags/weather_etl.py
[2026-09-26T01:26:12.162+0000] {logging_mixin.py:190} INFO - [2026-09-26T01:26:12.162+0000] {dag.py:3229} INFO - Sync 1 DAGs
[2026-09-26T01:26:12.180+0000] {logging_mixin.py:190} INFO - [2026-09-26T01:26:12.180+0000] {dag.py:4156} INFO - Setting next_dagrun for weather_etl to 2026-09-25 02:30:00+00:00, run_after=2026-09-26 02:30:00+00:00
[2026-09-26T01:26:12.187+0000] {processor.py:208} INFO - Processing /opt/airflow/dags/weather_etl.py took 0.087 seconds
[2026-09-26T01:27:12.080+0000] {processor.py:186} INFO - Started process (PID=7081) to work on /opt/airflow/dags/weather_etl.py
[2026-09-26T01:27:12.084+0000] {processor.py:914} INFO - Processing file /opt/airflow/dags/weather_etl.py for tasks to queue
[2026-09-26T01:27:12.086+0000] {logging_mixin.py:190} INFO - [2026-09-26T01:27:12.086+0000] {dagbag.py:587} INFO - Filling up the DagBag from /opt/airflow/dags/weather_etl.py
[2026-09-26T01:27:12.134+0000] {processor.py:925} INFO - DAG(s) 'weather_etl' retrieved from /opt/airflow/dags/weather_etl.py
[2026-09-26T01:27:12.153+0000] {logging_mixin.py:190} INFO - [2026-09-26T01:27:12.153+0000] {dag.py:3229} INFO - Sync 1 DAGs
[2026-09-26T01:27:12.252+0000] {logging_mixin.py:190} INFO - [2026-09-26T01:27:12.252+0000] {dag.py:4156} INFO - Setting next_dagrun for weather_etl to 2026-09-25 02:30:00+00:00, run_after=2026-09-26 02:30:00+00:00
[2026-09-26T01:27:12.294+0000] {processor.py:208} INFO - Processing /opt/airflow/dags/weather_etl.py took 0.231 seconds
[2026-09-26T01:27:42.742+0000] {processor.py:186} INFO - Started process (PID=7097) to work on /opt/airflow/dags/weather_etl.py
[2026-09-26T01:27:42.746+0000] {processor.py:914} INFO - Processing file /opt/airflow/dags/weather_etl.py for tasks to queue
[2026-09-26T01:27:42.748+0000] {logging_mixin.py:190} INFO - [2026-09-26T01:27:42.747+0000] {dagbag.py:587} INFO - Filling up the DagBag from /opt/airflow/dags/weather_etl.py
[2026-09-26T01:27:42.845+0000] {processor.py:925} INFO - DAG(s) 'weather_etl' retrieved from /opt/airflow/dags/weather_etl.py
[2026-09-26T01:27:42.879+0000] {logging_mixin.py:190} INFO - [2026-09-26T01:27:42.879+0000] {dag.py:3229} INFO - Sync 1 DAGs
[2026-09-26T01:27:42.973+0000] {logging_mixin.py:190} INFO - [2026-09-26T01:27:42.971+0000] {dag.py:4156} INFO - Setting next_dagrun for weather_etl to 2026-09-25 02:30:00+00:00, run_after=2026-09-26 02:30:00+00:00
[2026-09-26T01:27:42.987+0000] {processor.py:208} INFO - Processing /opt/airflow/dags/weather_etl.py took 0.271 seconds
[2026-09-26T01:28:13.415+0000] {processor.py:186} INFO - Started process (PID=7113) to work on /opt/airflow/dags/weather_etl.py
[2026-09-26T01:28:13.417+0000] {processor.py:914} INFO - Processing file /opt/airflow/dags/weather_etl.py for tasks to queue
[2026-09-26T01:28:13.419+0000] {logging_mixin.py:190} INFO - [2026-09-26T01:28:13.419+0000] {dagbag.py:587} INFO - Filling up the DagBag from /opt/airflow/dags/weather_etl.py
[2026-09-26T01:28:13.451+0000] {processor.py:925} INFO - DAG(s) 'weather_etl' retrieved from /opt/airflow/dags/weather_etl.py
[2026-09-26T01:28:13.467+0000] {logging_mixin.py:190} INFO - [2026-09-26T01:28:13.467+0000] {dag.py:3229} INFO - Sync 1 DAGs
[2026-09-26T01:28:13.498+0000] {logging_mixin.py:190} INFO - [2026-09-26T01:28:13.498+0000] {dag.py:4156} INFO - Setting next_dagrun for weather_etl to 2026-09-25 02:30:00+00:00, run_after=2026-09-26 02:30:00+00:00
[2026-09-26T01:28:13.504+0000] {processor.py:208} INFO - Processing /opt/airflow/dags/weather_etl.py took 0.099 seconds
[2026-09-26T01:28:43.926+0000] {processor.py:186} INFO - Started process (PID=7129) to work on /opt/airflow/dags/weather_etl.py
[2026-09-26T01:28:43.929+0000] {processor.py:914} INFO - Processing file /opt/airflow/dags/weather_etl.py for tasks to queue
[2026-09-26T01:28:43.932+0000] {logging_mixin.py:190} INFO - [2026-09-26T01:28:43.932+0000] {dagbag.py:587} INFO - Filling up the DagBag from /opt/airflow/dags/weather_etl.py
[2026-09-26T01:28:43.990+0000] {processor.py:925} INFO - DAG(s) 'weather_etl' retrieved from /opt/airflow/dags/weather_etl.py
[2026-09-26T01:28:44.010+0000] {logging_mixin.py:190} INFO - [2026-09-26T01:28:44.010+0000] {dag.py:3229} INFO - Sync 1 DAGs
[2026-09-26T01:28:44.037+0000] {logging_mixin.py:190} INFO - [2026-09-26T01:28:44.037+0000] {dag.py:4156} INFO - Setting next_dagrun for weather_etl to 2026-09-25 02:30:00+00:00, run_after=2026-09-26 02:30:00+00:00
[2026-09-26T01:28:44.063+0000] {processor.py:208} INFO - Processing /opt/airflow/dags/weather_etl.py took 0.170 seconds
[2026-09-26T01:29:14.448+0000] {processor.py:186} INFO - Started process (PID=7145) to work on /opt/airflow/dags/weather_etl.py
[2026-09-26T01:29:14.450+0000] {processor.py:914} INFO - Processing file /opt/airflow/dags/weather_etl.py for tasks to queue
[2026-09-26T01:29:14.452+0000] {logging_mixin.py:190} INFO - [2026-09-26T01:29:14.451+0000] {dagbag.py:587} INFO - Filling up the DagBag from /opt/airflow/dags/weather_etl.py
[2026-09-26T01:29:14.490+0000] {processor.py:925} INFO - DAG(s) 'weather_etl' retrieved from /opt/airflow/dags/weather_etl.py
[2026-09-26T01:29:14.504+0000] {logging_mixin.py:190} INFO - [2026-09-26T01:29:14.503+0000] {dag.py:3229} INFO - Sync 1 DAGs
[2026-09-26T01:29:14.526+0000] {logging_mixin.py:190} INFO - [2026-09-26T01:29:14.526+0000] {dag.py:4156} INFO - Setting next_dagrun for weather_etl to 2026-09-25 02:30:00+00:00, run_after=2026-09-26 02:30:00+00:00
[2026-09-26T01:29:14.538+0000] {processor.py:208} INFO - Processing /opt/airflow/dags/weather_etl.py took 0.100 seconds
[2026-09-26T01:29:44.911+0000] {processor.py:186} INFO - Started process (PID=7161) to work on /opt/airflow/dags/weather_etl.py
[2026-09-26T01:29:44.914+0000] {processor.py:914} INFO - Processing file /opt/airflow/dags/weather_etl.py for tasks to queue
[2026-09-26T01:29:44.916+0000] {logging_mixin.py:190} INFO - [2026-09-26T01:29:44.915+0000] {dagbag.py:587} INFO - Filling up the DagBag from /opt/airflow/dags/weather_etl.py
[2026-09-26T01:29:44.951+0000] {processor.py:925} INFO - DAG(s) 'weather_etl' retrieved from /opt/airflow/dags/weather_etl.py
[2026-09-26T01:29:44.964+0000] {logging_mixin.py:190} INFO - [2026-09-26T01:29:44.963+0000] {dag.py:3229} INFO - Sync 1 DAGs
[2026-09-26T01:29:44.983+0000] {logging_mixin.py:190} INFO - [2026-09-26T01:29:44.983+0000] {dag.py:4156} INFO - Setting next_dagrun for weather_etl to 2026-09-25 02:30:00+00:00, run_after=2026-09-26 02:30:00+00:00
[2026-09-26T01:29:44.994+0000] {processor.py:208} INFO - Processing /opt/airflow/dags/weather_etl.py took 0.095 seconds
[2026-09-26T01:30:15.421+0000] {processor.py:186} INFO - Started process (PID=7177) to work on /opt/airflow/dags/weather_etl.py
[2026-09-26T01:30:15.426+0000] {processor.py:914} INFO - Processing file /opt/airflow/dags/weather_etl.py for tasks to queue
[2026-09-26T01:30:15.427+0000] {logging_mixin.py:190} INFO - [2026-09-26T01:30:15.427+0000] {dagbag.py:587} INFO - Filling up the DagBag from /opt/airflow/dags/weather_etl.py
[2026-09-26T01:30:15.472+0000] {processor.py:925} INFO - DAG(s) 'weather_etl' retrieved from /opt/airflow/dags/weather_etl.py
[2026-09-26T01:30:15.489+0000] {logging_mixin.py:190} INFO - [2026-09-26T01:30:15.489+0000] {dag.py:3229} INFO - Sync 1 DAGs
[2026-09-26T01:30:15.509+0000] {logging_mixin.py:190} INFO - [2026-09-26T01:30:15.509+0000] {dag.py:4156} INFO - Setting next_dagrun for weather_etl to 2026-09-25 02:30:00+00:00, run_after=2026-09-26 02:30:00+00:00
[2026-09-26T01:30:15.527+0000] {processor.py:208} INFO - Processing /opt/airflow/dags/weather_etl.py took 0.117 seconds
[2026-09-26T01:30:45.909+0000] {processor.py:186} INFO - Started process (PID=7193) to work on /opt/airflow/dags/weather_etl.py
[2026-09-26T01:30:45.915+0000] {processor.py:914} INFO - Processing file /opt/airflow/dags/weather_etl.py for tasks to queue
[2026-09-26T01:30:45.918+0000] {logging_mixin.py:190} INFO - [2026-09-26T01:30:45.917+0000] {dagbag.py:587} INFO - Filling up the DagBag from /opt/airflow/dags/weather_etl.py
[2026-09-26T01:30:45.963+0000] {processor.py:925} INFO - DAG(s) 'weather_etl' retrieved from /opt/airflow/dags/weather_etl.py
[2026-09-26T01:30:45.977+0000] {logging_mixin.py:190} INFO - [2026-09-26T01:30:45.977+0000] {dag.py:3229} INFO - Sync 1 DAGs
[2026-09-26T01:30:46.000+0000] {logging_mixin.py:190} INFO - [2026-09-26T01:30:46.000+0000] {dag.py:4156} INFO - Setting next_dagrun for weather_etl to 2026-09-25 02:30:00+00:00, run_after=2026-09-26 02:30:00+00:00
[2026-09-26T01:30:46.017+0000] {processor.py:208} INFO - Processing /opt/airflow/dags/weather_etl.py took 0.129 seconds
[2026-09-26T01:31:16.448+0000] {processor.py:186} INFO - Started process (PID=7209) to work on /opt/airflow/dags/weather_etl.py
[2026-09-26T01:31:16.450+0000] {processor.py:914} INFO - Processing file /opt/airflow/dags/weather_etl.py for tasks to queue
[2026-09-26T01:31:16.452+0000] {logging_mixin.py:190} INFO - [2026-09-26T01:31:16.451+0000] {dagbag.py:587} INFO - Filling up the DagBag from /opt/airflow/dags/weather_etl.py
[2026-09-26T01:31:16.492+0000] {processor.py:925} INFO - DAG(s) 'weather_etl' retrieved from /opt/airflow/dags/weather_etl.py
[2026-09-26T01:31:16.506+0000] {logging_mixin.py:190} INFO - [2026-09-26T01:31:16.506+0000] {dag.py:3229} INFO - Sync 1 DAGs
[2026-09-26T01:31:16.523+0000] {logging_mixin.py:190} INFO - [2026-09-26T01:31:16.523+0000] {dag.py:4156} INFO - Setting next_dagrun for weather_etl to 2026-09-25 02:30:00+00:00, run_after=2026-09-26 02:30:00+00:00
[2026-09-26T01:31:16.538+0000] {processor.py:208} INFO - Processing /opt/airflow/dags/weather_etl.py took 0.098 seconds
[2026-09-26T01:31:46.950+0000] {processor.py:186} INFO - Started process (PID=7225) to work on /opt/airflow/dags/weather_etl.py
[2026-09-26T01:31:46.959+0000] {processor.py:914} INFO - Processing file /opt/airflow/dags/weather_etl.py for tasks to queue
[2026-09-26T01:31:46.961+0000] {logging_mixin.py:190} INFO - [2026-09-26T01:31:46.960+0000] {dagbag.py:587} INFO - Filling up the DagBag from /opt/airflow/dags/weather_etl.py
[2026-09-26T01:31:47.023+0000] {processor.py:925} INFO - DAG(s) 'weather_etl' retrieved from /opt/airflow/dags/weather_etl.py
[2026-09-26T01:31:47.053+0000] {logging_mixin.py:190} INFO - [2026-09-26T01:31:47.053+0000] {dag.py:3229} INFO - Sync 1 DAGs
[2026-09-26T01:31:47.082+0000] {logging_mixin.py:190} INFO - [2026-09-26T01:31:47.081+0000] {dag.py:4156} INFO - Setting next_dagrun for weather_etl to 2026-09-25 02:30:00+00:00, run_after=2026-09-26 02:30:00+00:00
[2026-09-26T01:31:47.111+0000] {processor.py:208} INFO - Processing /opt/airflow/dags/weather_etl.py took 0.180 seconds
[2026-09-26T01:32:17.545+0000] {processor.py:186} INFO - Started process (PID=7241) to work on /opt/airflow/dags/weather_etl.py
[2026-09-26T01:32:17.551+0000] {processor.py:914} INFO - Processing file /opt/airflow/dags/weather_etl.py for tasks to queue
[2026-09-26T01:32:17.555+0000] {logging_mixin.py:190} INFO - [2026-09-26T01:32:17.554+0000] {dagbag.py:587} INFO - Filling up the DagBag from /opt/airflow/dags/weather_etl.py
[2026-09-26T01:32:17.619+0000] {processor.py:925} INFO - DAG(s) 'weather_etl' retrieved from /opt/airflow/dags/weather_etl.py
[2026-09-26T01:32:17.635+0000] {logging_mixin.py:190} INFO - [2026-09-26T01:32:17.634+0000] {dag.py:3229} INFO - Sync 1 DAGs
[2026-09-26T01:32:17.662+0000] {logging_mixin.py:190} INFO - [2026-09-26T01:32:17.662+0000] {dag.py:4156} INFO - Setting next_dagrun for weather_etl to 2026-09-25 02:30:00+00:00, run_after=2026-09-26 02:30:00+00:00
[2026-09-26T01:32:17.678+0000] {processor.py:208} INFO - Processing /opt/airflow/dags/weather_etl.py took 0.154 seconds
[2026-09-26T01:32:48.058+0000] {processor.py:186} INFO - Started process (PID=7257) to work on /opt/airflow/dags/weather_etl.py
[2026-09-26T01:32:48.062+0000] {processor.py:914} INFO - Processing file /opt/airflow/dags/weather_etl.py for tasks to queue
[2026-09-26T01:32:48.069+0000] {logging_mixin.py:190} INFO - [2026-09-26T01:32:48.066+0000] {dagbag.py:587} INFO - Filling up the DagBag from /opt/airflow/dags/weather_etl.py
[2026-09-26T01:32:48.127+0000] {processor.py:925} INFO - DAG(s) 'weather_etl' retrieved from /opt/airflow/dags/weather_etl.py
[2026-09-26T01:32:48.144+0000] {logging_mixin.py:190} INFO - [2026-09-26T01:32:48.144+0000] {dag.py:3229} INFO - Sync 1 DAGs
[2026-09-26T01:32:48.175+0000] {logging_mixin.py:190} INFO - [2026-09-26T01:32:48.175+0000] {dag.py:4156} INFO - Setting next_dagrun for weather_etl to 2026-09-25 02:30:00+00:00, run_after=2026-09-26 02:30:00+00:00
[2026-09-26T01:32:48.195+0000] {processor.py:208} INFO - Processing /opt/airflow/dags/weather_etl.py took 0.155 seconds
[2026-09-26T01:33:18.610+0000] {processor.py:186} INFO - Started process (PID=7273) to work on /opt/airflow/dags/weather_etl.py
[2026-09-26T01:33:18.613+0000] {processor.py:914} INFO - Processing file /opt/airflow/dags/weather_etl.py for tasks to queue
[2026-09-26T01:33:18.615+0000] {logging_mixin.py:190} INFO - [2026-09-26T01:33:18.615+0000] {dagbag.py:587} INFO - Filling up the DagBag from /opt/airflow/dags/weather_etl.py
[2026-09-26T01:33:18.653+0000] {processor.py:925} INFO - DAG(s) 'weather_etl' retrieved from /opt/airflow/dags/weather_etl.py
[2026-09-26T01:33:18.665+0000] {logging_mixin.py:190} INFO - [2026-09-26T01:33:18.665+0000] {dag.py:3229} INFO - Sync 1 DAGs
[2026-09-26T01:33:18.682+0000] {logging_mixin.py:190} INFO - [2026-09-26T01:33:18.682+0000] {dag.py:4156} INFO - Setting next_dagrun for weather_etl to 2026-09-25 02:30:00+00:00, run_after=2026-09-26 02:30:00+00:00
[2026-09-26T01:33:18.695+0000] {processor.py:208} INFO - Processing /opt/airflow/dags/weather_etl.py took 0.096 seconds
[2026-09-26T01:33:49.095+0000] {processor.py:186} INFO - Started process (PID=7289) to work on /opt/airflow/dags/weather_etl.py
[2026-09-26T01:33:49.098+0000] {processor.py:914} INFO - Processing file /opt/airflow/dags/weather_etl.py for tasks to queue
[2026-09-26T01:33:49.100+0000] {logging_mixin.py:190} INFO - [2026-09-26T01:33:49.099+0000] {dagbag.py:587} INFO - Filling up the DagBag from /opt/airflow/dags/weather_etl.py
[2026-09-26T01:33:49.140+0000] {processor.py:925} INFO - DAG(s) 'weather_etl' retrieved from /opt/airflow/dags/weather_etl.py
[2026-09-26T01:33:49.157+0000] {logging_mixin.py:190} INFO - [2026-09-26T01:33:49.157+0000] {dag.py:3229} INFO - Sync 1 DAGs
[2026-09-26T01:33:49.178+0000] {logging_mixin.py:190} INFO - [2026-09-26T01:33:49.178+0000] {dag.py:4156} INFO - Setting next_dagrun for weather_etl to 2026-09-25 02:30:00+00:00, run_after=2026-09-26 02:30:00+00:00
[2026-09-26T01:33:49.210+0000] {processor.py:208} INFO - Processing /opt/airflow/dags/weather_etl.py took 0.125 seconds
[2026-09-26T01:34:19.580+0000] {processor.py:186} INFO - Started process (PID=7305) to work on /opt/airflow/dags/weather_etl.py
[2026-09-26T01:34:19.596+0000] {processor.py:914} INFO - Processing file /opt/airflow/dags/weather_etl.py for tasks to queue
[2026-09-26T01:34:19.598+0000] {logging_mixin.py:190} INFO - [2026-09-26T01:34:19.598+0000] {dagbag.py:587} INFO - Filling up the DagBag from /opt/airflow/dags/weather_etl.py
[2026-09-26T01:34:19.661+0000] {processor.py:925} INFO - DAG(s) 'weather_etl' retrieved from /opt/airflow/dags/weather_etl.py
[2026-09-26T01:34:19.681+0000] {logging_mixin.py:190} INFO - [2026-09-26T01:34:19.681+0000] {dag.py:3229} INFO - Sync 1 DAGs
[2026-09-26T01:34:19.709+0000] {logging_mixin.py:190} INFO - [2026-09-26T01:34:19.709+0000] {dag.py:4156} INFO - Setting next_dagrun for weather_etl to 2026-09-25 02:30:00+00:00, run_after=2026-09-26 02:30:00+00:00
[2026-09-26T01:34:19.727+0000] {processor.py:208} INFO - Processing /opt/airflow/dags/weather_etl.py took 0.166 seconds
[2026-09-26T01:34:50.152+0000] {processor.py:186} INFO - Started process (PID=7321) to work on /opt/airflow/dags/weather_etl.py
[2026-09-26T01:34:50.155+0000] {processor.py:914} INFO - Processing file /opt/airflow/dags/weather_etl.py for tasks to queue
[2026-09-26T01:34:50.156+0000] {logging_mixin.py:190} INFO - [2026-09-26T01:34:50.156+0000] {dagbag.py:587} INFO - Filling up the DagBag from /opt/airflow/dags/weather_etl.py
[2026-09-26T01:34:50.196+0000] {processor.py:925} INFO - DAG(s) 'weather_etl' retrieved from /opt/airflow/dags/weather_etl.py
[2026-09-26T01:34:50.209+0000] {logging_mixin.py:190} INFO - [2026-09-26T01:34:50.209+0000] {dag.py:3229} INFO - Sync 1 DAGs
[2026-09-26T01:34:50.225+0000] {logging_mixin.py:190} INFO - [2026-09-26T01:34:50.225+0000] {dag.py:4156} INFO - Setting next_dagrun for weather_etl to 2026-09-25 02:30:00+00:00, run_after=2026-09-26 02:30:00+00:00
[2026-09-26T01:34:50.234+0000] {processor.py:208} INFO - Processing /opt/airflow/dags/weather_etl.py took 0.093 seconds
[2026-09-26T01:35:20.654+0000] {processor.py:186} INFO - Started process (PID=7337) to work on /opt/airflow/dags/weather_etl.py
[2026-09-26T01:35:20.657+0000] {processor.py:914} INFO - Processing file /opt/airflow/dags/weather_etl.py for tasks to queue
[2026-09-26T01:35:20.659+0000] {logging_mixin.py:190} INFO - [2026-09-26T01:35:20.658+0000] {dagbag.py:587} INFO - Filling up the DagBag from /opt/airflow/dags/weather_etl.py
[2026-09-26T01:35:20.710+0000] {processor.py:925} INFO - DAG(s) 'weather_etl' retrieved from /opt/airflow/dags/weather_etl.py
[2026-09-26T01:35:20.728+0000] {logging_mixin.py:190} INFO - [2026-09-26T01:35:20.728+0000] {dag.py:3229} INFO - Sync 1 DAGs
[2026-09-26T01:35:20.754+0000] {logging_mixin.py:190} INFO - [2026-09-26T01:35:20.754+0000] {dag.py:4156} INFO - Setting next_dagrun for weather_etl to 2026-09-25 02:30:00+00:00, run_after=2026-09-26 02:30:00+00:00
[2026-09-26T01:35:20.773+0000] {processor.py:208} INFO - Processing /opt/airflow/dags/weather_etl.py took 0.133 seconds
[2026-09-26T01:35:51.143+0000] {processor.py:186} INFO - Started process (PID=7353) to work on /opt/airflow/dags/weather_etl.py
[2026-09-26T01:35:51.147+0000] {processor.py:914} INFO - Processing file /opt/airflow/dags/weather_etl.py for tasks to queue
[2026-09-26T01:35:51.149+0000] {logging_mixin.py:190} INFO - [2026-09-26T01:35:51.148+0000] {dagbag.py:587} INFO - Filling up the DagBag from /opt/airflow/dags/weather_etl.py
[2026-09-26T01:35:51.195+0000] {processor.py:925} INFO - DAG(s) 'weather_etl' retrieved from /opt/airflow/dags/weather_etl.py
[2026-09-26T01:35:51.210+0000] {logging_mixin.py:190} INFO - [2026-09-26T01:35:51.210+0000] {dag.py:3229} INFO - Sync 1 DAGs
[2026-09-26T01:35:52.684+0000] {logging_mixin.py:190} INFO - [2026-09-26T01:35:52.684+0000] {dag.py:4156} INFO - Setting next_dagrun for weather_etl to 2026-09-25 02:30:00+00:00, run_after=2026-09-26 02:30:00+00:00
[2026-09-26T01:35:52.695+0000] {processor.py:208} INFO - Processing /opt/airflow/dags/weather_etl.py took 1.561 seconds
[2026-09-26T01:36:23.119+0000] {processor.py:186} INFO - Started process (PID=7369) to work on /opt/airflow/dags/weather_etl.py
[2026-09-26T01:36:23.123+0000] {processor.py:914} INFO - Processing file /opt/airflow/dags/weather_etl.py for tasks to queue
[2026-09-26T01:36:23.126+0000] {logging_mixin.py:190} INFO - [2026-09-26T01:36:23.126+0000] {dagbag.py:587} INFO - Filling up the DagBag from /opt/airflow/dags/weather_etl.py
[2026-09-26T01:36:23.167+0000] {processor.py:925} INFO - DAG(s) 'weather_etl' retrieved from /opt/airflow/dags/weather_etl.py
[2026-09-26T01:36:23.180+0000] {logging_mixin.py:190} INFO - [2026-09-26T01:36:23.180+0000] {dag.py:3229} INFO - Sync 1 DAGs
[2026-09-26T01:36:23.213+0000] {logging_mixin.py:190} INFO - [2026-09-26T01:36:23.213+0000] {dag.py:4156} INFO - Setting next_dagrun for weather_etl to 2026-09-25 02:30:00+00:00, run_after=2026-09-26 02:30:00+00:00
[2026-09-26T01:36:23.227+0000] {processor.py:208} INFO - Processing /opt/airflow/dags/weather_etl.py took 0.119 seconds
[2026-09-26T01:36:53.496+0000] {processor.py:186} INFO - Started process (PID=7385) to work on /opt/airflow/dags/weather_etl.py
[2026-09-26T01:36:53.499+0000] {processor.py:914} INFO - Processing file /opt/airflow/dags/weather_etl.py for tasks to queue
[2026-09-26T01:36:53.501+0000] {logging_mixin.py:190} INFO - [2026-09-26T01:36:53.501+0000] {dagbag.py:587} INFO - Filling up the DagBag from /opt/airflow/dags/weather_etl.py
[2026-09-26T01:36:53.528+0000] {processor.py:925} INFO - DAG(s) 'weather_etl' retrieved from /opt/airflow/dags/weather_etl.py
[2026-09-26T01:36:53.541+0000] {logging_mixin.py:190} INFO - [2026-09-26T01:36:53.541+0000] {dag.py:3229} INFO - Sync 1 DAGs
[2026-09-26T01:36:53.559+0000] {logging_mixin.py:190} INFO - [2026-09-26T01:36:53.559+0000] {dag.py:4156} INFO - Setting next_dagrun for weather_etl to 2026-09-25 02:30:00+00:00, run_after=2026-09-26 02:30:00+00:00
[2026-09-26T01:36:53.572+0000] {processor.py:208} INFO - Processing /opt/airflow/dags/weather_etl.py took 0.085 seconds
[2026-09-26T01:37:24.050+0000] {processor.py:186} INFO - Started process (PID=7401) to work on /opt/airflow/dags/weather_etl.py
[2026-09-26T01:37:24.056+0000] {processor.py:914} INFO - Processing file /opt/airflow/dags/weather_etl.py for tasks to queue
[2026-09-26T01:37:24.060+0000] {logging_mixin.py:190} INFO - [2026-09-26T01:37:24.060+0000] {dagbag.py:587} INFO - Filling up the DagBag from /opt/airflow/dags/weather_etl.py
[2026-09-26T01:37:24.111+0000] {processor.py:925} INFO - DAG(s) 'weather_etl' retrieved from /opt/airflow/dags/weather_etl.py
[2026-09-26T01:37:24.132+0000] {logging_mixin.py:190} INFO - [2026-09-26T01:37:24.131+0000] {dag.py:3229} INFO - Sync 1 DAGs
[2026-09-26T01:37:24.152+0000] {logging_mixin.py:190} INFO - [2026-09-26T01:37:24.151+0000] {dag.py:4156} INFO - Setting next_dagrun for weather_etl to 2026-09-25 02:30:00+00:00, run_after=2026-09-26 02:30:00+00:00
[2026-09-26T01:37:24.165+0000] {processor.py:208} INFO - Processing /opt/airflow/dags/weather_etl.py took 0.139 seconds
[2026-09-26T01:37:54.636+0000] {processor.py:186} INFO - Started process (PID=7417) to work on /opt/airflow/dags/weather_etl.py
[2026-09-26T01:37:54.640+0000] {processor.py:914} INFO - Processing file /opt/airflow/dags/weather_etl.py for tasks to queue
[2026-09-26T01:37:54.641+0000] {logging_mixin.py:190} INFO - [2026-09-26T01:37:54.641+0000] {dagbag.py:587} INFO - Filling up the DagBag from /opt/airflow/dags/weather_etl.py
[2026-09-26T01:37:54.715+0000] {processor.py:925} INFO - DAG(s) 'weather_etl' retrieved from /opt/airflow/dags/weather_etl.py
[2026-09-26T01:37:54.735+0000] {logging_mixin.py:190} INFO - [2026-09-26T01:37:54.735+0000] {dag.py:3229} INFO - Sync 1 DAGs
[2026-09-26T01:37:55.071+0000] {logging_mixin.py:190} INFO - [2026-09-26T01:37:55.071+0000] {dag.py:4156} INFO - Setting next_dagrun for weather_etl to 2026-09-25 02:30:00+00:00, run_after=2026-09-26 02:30:00+00:00
[2026-09-26T01:37:55.079+0000] {processor.py:208} INFO - Processing /opt/airflow/dags/weather_etl.py took 0.463 seconds
[2026-09-26T01:38:25.455+0000] {processor.py:186} INFO - Started process (PID=7433) to work on /opt/airflow/dags/weather_etl.py
[2026-09-26T01:38:25.459+0000] {processor.py:914} INFO - Processing file /opt/airflow/dags/weather_etl.py for tasks to queue
[2026-09-26T01:38:25.461+0000] {logging_mixin.py:190} INFO - [2026-09-26T01:38:25.460+0000] {dagbag.py:587} INFO - Filling up the DagBag from /opt/airflow/dags/weather_etl.py
[2026-09-26T01:38:25.503+0000] {processor.py:925} INFO - DAG(s) 'weather_etl' retrieved from /opt/airflow/dags/weather_etl.py
[2026-09-26T01:38:25.514+0000] {logging_mixin.py:190} INFO - [2026-09-26T01:38:25.514+0000] {dag.py:3229} INFO - Sync 1 DAGs
[2026-09-26T01:38:25.535+0000] {logging_mixin.py:190} INFO - [2026-09-26T01:38:25.535+0000] {dag.py:4156} INFO - Setting next_dagrun for weather_etl to 2026-09-25 02:30:00+00:00, run_after=2026-09-26 02:30:00+00:00
[2026-09-26T01:38:25.549+0000] {processor.py:208} INFO - Processing /opt/airflow/dags/weather_etl.py took 0.103 seconds
[2026-09-26T01:38:55.921+0000] {processor.py:186} INFO - Started process (PID=7455) to work on /opt/airflow/dags/weather_etl.py
[2026-09-26T01:38:55.924+0000] {processor.py:914} INFO - Processing file /opt/airflow/dags/weather_etl.py for tasks to queue
[2026-09-26T01:38:55.927+0000] {logging_mixin.py:190} INFO - [2026-09-26T01:38:55.927+0000] {dagbag.py:587} INFO - Filling up the DagBag from /opt/airflow/dags/weather_etl.py
[2026-09-26T01:38:55.975+0000] {processor.py:925} INFO - DAG(s) 'weather_etl' retrieved from /opt/airflow/dags/weather_etl.py
[2026-09-26T01:38:55.991+0000] {logging_mixin.py:190} INFO - [2026-09-26T01:38:55.990+0000] {dag.py:3229} INFO - Sync 1 DAGs
[2026-09-26T01:38:56.021+0000] {logging_mixin.py:190} INFO - [2026-09-26T01:38:56.021+0000] {dag.py:4156} INFO - Setting next_dagrun for weather_etl to 2026-09-25 02:30:00+00:00, run_after=2026-09-26 02:30:00+00:00
[2026-09-26T01:38:56.038+0000] {processor.py:208} INFO - Processing /opt/airflow/dags/weather_etl.py took 0.127 seconds
[2026-09-26T01:39:26.418+0000] {processor.py:186} INFO - Started process (PID=7471) to work on /opt/airflow/dags/weather_etl.py
[2026-09-26T01:39:26.427+0000] {processor.py:914} INFO - Processing file /opt/airflow/dags/weather_etl.py for tasks to queue
[2026-09-26T01:39:26.428+0000] {logging_mixin.py:190} INFO - [2026-09-26T01:39:26.428+0000] {dagbag.py:587} INFO - Filling up the DagBag from /opt/airflow/dags/weather_etl.py
[2026-09-26T01:39:26.485+0000] {processor.py:925} INFO - DAG(s) 'weather_etl' retrieved from /opt/airflow/dags/weather_etl.py
[2026-09-26T01:39:26.497+0000] {logging_mixin.py:190} INFO - [2026-09-26T01:39:26.497+0000] {dag.py:3229} INFO - Sync 1 DAGs
[2026-09-26T01:39:26.524+0000] {logging_mixin.py:190} INFO - [2026-09-26T01:39:26.524+0000] {dag.py:4156} INFO - Setting next_dagrun for weather_etl to 2026-09-25 02:30:00+00:00, run_after=2026-09-26 02:30:00+00:00
[2026-09-26T01:39:26.538+0000] {processor.py:208} INFO - Processing /opt/airflow/dags/weather_etl.py took 0.137 seconds
[2026-09-26T01:39:56.910+0000] {processor.py:186} INFO - Started process (PID=7487) to work on /opt/airflow/dags/weather_etl.py
[2026-09-26T01:39:56.914+0000] {processor.py:914} INFO - Processing file /opt/airflow/dags/weather_etl.py for tasks to queue
[2026-09-26T01:39:56.917+0000] {logging_mixin.py:190} INFO - [2026-09-26T01:39:56.916+0000] {dagbag.py:587} INFO - Filling up the DagBag from /opt/airflow/dags/weather_etl.py
[2026-09-26T01:39:56.966+0000] {processor.py:925} INFO - DAG(s) 'weather_etl' retrieved from /opt/airflow/dags/weather_etl.py
[2026-09-26T01:39:56.989+0000] {logging_mixin.py:190} INFO - [2026-09-26T01:39:56.989+0000] {dag.py:3229} INFO - Sync 1 DAGs
[2026-09-26T01:39:57.293+0000] {logging_mixin.py:190} INFO - [2026-09-26T01:39:57.293+0000] {dag.py:4156} INFO - Setting next_dagrun for weather_etl to 2026-09-25 02:30:00+00:00, run_after=2026-09-26 02:30:00+00:00
[2026-09-26T01:39:57.305+0000] {processor.py:208} INFO - Processing /opt/airflow/dags/weather_etl.py took 0.412 seconds
[2026-09-26T01:40:27.683+0000] {processor.py:186} INFO - Started process (PID=7503) to work on /opt/airflow/dags/weather_etl.py
[2026-09-26T01:40:27.686+0000] {processor.py:914} INFO - Processing file /opt/airflow/dags/weather_etl.py for tasks to queue
[2026-09-26T01:40:27.688+0000] {logging_mixin.py:190} INFO - [2026-09-26T01:40:27.687+0000] {dagbag.py:587} INFO - Filling up the DagBag from /opt/airflow/dags/weather_etl.py
[2026-09-26T01:40:27.770+0000] {processor.py:925} INFO - DAG(s) 'weather_etl' retrieved from /opt/airflow/dags/weather_etl.py
[2026-09-26T01:40:27.789+0000] {logging_mixin.py:190} INFO - [2026-09-26T01:40:27.789+0000] {dag.py:3229} INFO - Sync 1 DAGs
[2026-09-26T01:40:28.099+0000] {logging_mixin.py:190} INFO - [2026-09-26T01:40:28.099+0000] {dag.py:4156} INFO - Setting next_dagrun for weather_etl to 2026-09-25 02:30:00+00:00, run_after=2026-09-26 02:30:00+00:00
[2026-09-26T01:40:28.107+0000] {processor.py:208} INFO - Processing /opt/airflow/dags/weather_etl.py took 0.436 seconds
[2026-09-26T01:40:58.515+0000] {processor.py:186} INFO - Started process (PID=7519) to work on /opt/airflow/dags/weather_etl.py
[2026-09-26T01:40:58.520+0000] {processor.py:914} INFO - Processing file /opt/airflow/dags/weather_etl.py for tasks to queue
[2026-09-26T01:40:58.521+0000] {logging_mixin.py:190} INFO - [2026-09-26T01:40:58.521+0000] {dagbag.py:587} INFO - Filling up the DagBag from /opt/airflow/dags/weather_etl.py
[2026-09-26T01:40:58.585+0000] {processor.py:925} INFO - DAG(s) 'weather_etl' retrieved from /opt/airflow/dags/weather_etl.py
[2026-09-26T01:40:58.602+0000] {logging_mixin.py:190} INFO - [2026-09-26T01:40:58.602+0000] {dag.py:3229} INFO - Sync 1 DAGs
[2026-09-26T01:40:58.633+0000] {logging_mixin.py:190} INFO - [2026-09-26T01:40:58.633+0000] {dag.py:4156} INFO - Setting next_dagrun for weather_etl to 2026-09-25 02:30:00+00:00, run_after=2026-09-26 02:30:00+00:00
[2026-09-26T01:40:58.647+0000] {processor.py:208} INFO - Processing /opt/airflow/dags/weather_etl.py took 0.147 seconds
[2026-09-26T01:41:29.020+0000] {processor.py:186} INFO - Started process (PID=7535) to work on /opt/airflow/dags/weather_etl.py
[2026-09-26T01:41:29.024+0000] {processor.py:914} INFO - Processing file /opt/airflow/dags/weather_etl.py for tasks to queue
[2026-09-26T01:41:29.027+0000] {logging_mixin.py:190} INFO - [2026-09-26T01:41:29.027+0000] {dagbag.py:587} INFO - Filling up the DagBag from /opt/airflow/dags/weather_etl.py
[2026-09-26T01:41:29.079+0000] {processor.py:925} INFO - DAG(s) 'weather_etl' retrieved from /opt/airflow/dags/weather_etl.py
[2026-09-26T01:41:29.097+0000] {logging_mixin.py:190} INFO - [2026-09-26T01:41:29.096+0000] {dag.py:3229} INFO - Sync 1 DAGs
[2026-09-26T01:41:29.130+0000] {logging_mixin.py:190} INFO - [2026-09-26T01:41:29.129+0000] {dag.py:4156} INFO - Setting next_dagrun for weather_etl to 2026-09-25 02:30:00+00:00, run_after=2026-09-26 02:30:00+00:00
[2026-09-26T01:41:29.142+0000] {processor.py:208} INFO - Processing /opt/airflow/dags/weather_etl.py took 0.136 seconds
[2026-09-26T01:41:59.521+0000] {processor.py:186} INFO - Started process (PID=7551) to work on /opt/airflow/dags/weather_etl.py
[2026-09-26T01:41:59.523+0000] {processor.py:914} INFO - Processing file /opt/airflow/dags/weather_etl.py for tasks to queue
[2026-09-26T01:41:59.524+0000] {logging_mixin.py:190} INFO - [2026-09-26T01:41:59.524+0000] {dagbag.py:587} INFO - Filling up the DagBag from /opt/airflow/dags/weather_etl.py
[2026-09-26T01:41:59.557+0000] {processor.py:925} INFO - DAG(s) 'weather_etl' retrieved from /opt/airflow/dags/weather_etl.py
[2026-09-26T01:41:59.573+0000] {logging_mixin.py:190} INFO - [2026-09-26T01:41:59.573+0000] {dag.py:3229} INFO - Sync 1 DAGs
[2026-09-26T01:41:59.817+0000] {logging_mixin.py:190} INFO - [2026-09-26T01:41:59.816+0000] {dag.py:4156} INFO - Setting next_dagrun for weather_etl to 2026-09-25 02:30:00+00:00, run_after=2026-09-26 02:30:00+00:00
[2026-09-26T01:41:59.829+0000] {processor.py:208} INFO - Processing /opt/airflow/dags/weather_etl.py took 0.319 seconds
[2026-09-26T01:42:30.212+0000] {processor.py:186} INFO - Started process (PID=7567) to work on /opt/airflow/dags/weather_etl.py
[2026-09-26T01:42:30.215+0000] {processor.py:914} INFO - Processing file /opt/airflow/dags/weather_etl.py for tasks to queue
[2026-09-26T01:42:30.217+0000] {logging_mixin.py:190} INFO - [2026-09-26T01:42:30.217+0000] {dagbag.py:587} INFO - Filling up the DagBag from /opt/airflow/dags/weather_etl.py
[2026-09-26T01:42:30.258+0000] {processor.py:925} INFO - DAG(s) 'weather_etl' retrieved from /opt/airflow/dags/weather_etl.py
[2026-09-26T01:42:30.269+0000] {logging_mixin.py:190} INFO - [2026-09-26T01:42:30.269+0000] {dag.py:3229} INFO - Sync 1 DAGs
[2026-09-26T01:42:30.484+0000] {logging_mixin.py:190} INFO - [2026-09-26T01:42:30.484+0000] {dag.py:4156} INFO - Setting next_dagrun for weather_etl to 2026-09-25 02:30:00+00:00, run_after=2026-09-26 02:30:00+00:00
[2026-09-26T01:42:30.496+0000] {processor.py:208} INFO - Processing /opt/airflow/dags/weather_etl.py took 0.295 seconds
[2026-09-26T01:43:00.861+0000] {processor.py:186} INFO - Started process (PID=7583) to work on /opt/airflow/dags/weather_etl.py
[2026-09-26T01:43:00.865+0000] {processor.py:914} INFO - Processing file /opt/airflow/dags/weather_etl.py for tasks to queue
[2026-09-26T01:43:00.867+0000] {logging_mixin.py:190} INFO - [2026-09-26T01:43:00.867+0000] {dagbag.py:587} INFO - Filling up the DagBag from /opt/airflow/dags/weather_etl.py
[2026-09-26T01:43:00.949+0000] {processor.py:925} INFO - DAG(s) 'weather_etl' retrieved from /opt/airflow/dags/weather_etl.py
[2026-09-26T01:43:00.970+0000] {logging_mixin.py:190} INFO - [2026-09-26T01:43:00.970+0000] {dag.py:3229} INFO - Sync 1 DAGs
[2026-09-26T01:43:00.996+0000] {logging_mixin.py:190} INFO - [2026-09-26T01:43:00.995+0000] {dag.py:4156} INFO - Setting next_dagrun for weather_etl to 2026-09-25 02:30:00+00:00, run_after=2026-09-26 02:30:00+00:00
[2026-09-26T01:43:01.012+0000] {processor.py:208} INFO - Processing /opt/airflow/dags/weather_etl.py took 0.162 seconds
[2026-09-26T01:43:31.413+0000] {processor.py:186} INFO - Started process (PID=7599) to work on /opt/airflow/dags/weather_etl.py
[2026-09-26T01:43:31.418+0000] {processor.py:914} INFO - Processing file /opt/airflow/dags/weather_etl.py for tasks to queue
[2026-09-26T01:43:31.419+0000] {logging_mixin.py:190} INFO - [2026-09-26T01:43:31.419+0000] {dagbag.py:587} INFO - Filling up the DagBag from /opt/airflow/dags/weather_etl.py
[2026-09-26T01:43:31.459+0000] {processor.py:925} INFO - DAG(s) 'weather_etl' retrieved from /opt/airflow/dags/weather_etl.py
[2026-09-26T01:43:31.474+0000] {logging_mixin.py:190} INFO - [2026-09-26T01:43:31.474+0000] {dag.py:3229} INFO - Sync 1 DAGs
[2026-09-26T01:43:31.492+0000] {logging_mixin.py:190} INFO - [2026-09-26T01:43:31.491+0000] {dag.py:4156} INFO - Setting next_dagrun for weather_etl to 2026-09-25 02:30:00+00:00, run_after=2026-09-26 02:30:00+00:00
[2026-09-26T01:43:31.508+0000] {processor.py:208} INFO - Processing /opt/airflow/dags/weather_etl.py took 0.111 seconds
[2026-09-26T01:44:01.954+0000] {processor.py:186} INFO - Started process (PID=7615) to work on /opt/airflow/dags/weather_etl.py
[2026-09-26T01:44:01.956+0000] {processor.py:914} INFO - Processing file /opt/airflow/dags/weather_etl.py for tasks to queue
[2026-09-26T01:44:01.958+0000] {logging_mixin.py:190} INFO - [2026-09-26T01:44:01.958+0000] {dagbag.py:587} INFO - Filling up the DagBag from /opt/airflow/dags/weather_etl.py
[2026-09-26T01:44:01.993+0000] {processor.py:925} INFO - DAG(s) 'weather_etl' retrieved from /opt/airflow/dags/weather_etl.py
[2026-09-26T01:44:02.003+0000] {logging_mixin.py:190} INFO - [2026-09-26T01:44:02.002+0000] {dag.py:3229} INFO - Sync 1 DAGs
[2026-09-26T01:44:02.263+0000] {logging_mixin.py:190} INFO - [2026-09-26T01:44:02.262+0000] {dag.py:4156} INFO - Setting next_dagrun for weather_etl to 2026-09-25 02:30:00+00:00, run_after=2026-09-26 02:30:00+00:00
[2026-09-26T01:44:02.274+0000] {processor.py:208} INFO - Processing /opt/airflow/dags/weather_etl.py took 0.338 seconds
[2026-09-26T01:44:32.689+0000] {processor.py:186} INFO - Started process (PID=7631) to work on /opt/airflow/dags/weather_etl.py
[2026-09-26T01:44:32.690+0000] {processor.py:914} INFO - Processing file /opt/airflow/dags/weather_etl.py for tasks to queue
[2026-09-26T01:44:32.691+0000] {logging_mixin.py:190} INFO - [2026-09-26T01:44:32.691+0000] {dagbag.py:587} INFO - Filling up the DagBag from /opt/airflow/dags/weather_etl.py
[2026-09-26T01:44:32.720+0000] {processor.py:925} INFO - DAG(s) 'weather_etl' retrieved from /opt/airflow/dags/weather_etl.py
[2026-09-26T01:44:32.727+0000] {logging_mixin.py:190} INFO - [2026-09-26T01:44:32.727+0000] {dag.py:3229} INFO - Sync 1 DAGs
[2026-09-26T01:44:32.838+0000] {logging_mixin.py:190} INFO - [2026-09-26T01:44:32.838+0000] {dag.py:4156} INFO - Setting next_dagrun for weather_etl to 2026-09-25 02:30:00+00:00, run_after=2026-09-26 02:30:00+00:00
[2026-09-26T01:44:32.851+0000] {processor.py:208} INFO - Processing /opt/airflow/dags/weather_etl.py took 0.168 seconds
[2026-09-26T01:45:03.250+0000] {processor.py:186} INFO - Started process (PID=7647) to work on /opt/airflow/dags/weather_etl.py
[2026-09-26T01:45:03.252+0000] {processor.py:914} INFO - Processing file /opt/airflow/dags/weather_etl.py for tasks to queue
[2026-09-26T01:45:03.253+0000] {logging_mixin.py:190} INFO - [2026-09-26T01:45:03.253+0000] {dagbag.py:587} INFO - Filling up the DagBag from /opt/airflow/dags/weather_etl.py
[2026-09-26T01:45:03.415+0000] {processor.py:925} INFO - DAG(s) 'weather_etl' retrieved from /opt/airflow/dags/weather_etl.py
[2026-09-26T01:45:03.420+0000] {logging_mixin.py:190} INFO - [2026-09-26T01:45:03.420+0000] {dag.py:3229} INFO - Sync 1 DAGs
[2026-09-26T01:45:03.427+0000] {logging_mixin.py:190} INFO - [2026-09-26T01:45:03.427+0000] {dag.py:4156} INFO - Setting next_dagrun for weather_etl to 2026-09-25 02:30:00+00:00, run_after=2026-09-26 02:30:00+00:00
[2026-09-26T01:45:03.435+0000] {processor.py:208} INFO - Processing /opt/airflow/dags/weather_etl.py took 0.194 seconds
[2026-09-26T01:45:33.834+0000] {processor.py:186} INFO - Started process (PID=7663) to work on /opt/airflow/dags/weather_etl.py
[2026-09-26T01:45:33.837+0000] {processor.py:914} INFO - Processing file /opt/airflow/dags/weather_etl.py for tasks to queue
[2026-09-26T01:45:33.839+0000] {logging_mixin.py:190} INFO - [2026-09-26T01:45:33.839+0000] {dagbag.py:587} INFO - Filling up the DagBag from /opt/airflow/dags/weather_etl.py
[2026-09-26T01:45:33.869+0000] {processor.py:925} INFO - DAG(s) 'weather_etl' retrieved from /opt/airflow/dags/weather_etl.py
[2026-09-26T01:45:33.881+0000] {logging_mixin.py:190} INFO - [2026-09-26T01:45:33.881+0000] {dag.py:3229} INFO - Sync 1 DAGs
[2026-09-26T01:45:33.894+0000] {logging_mixin.py:190} INFO - [2026-09-26T01:45:33.894+0000] {dag.py:4156} INFO - Setting next_dagrun for weather_etl to 2026-09-25 02:30:00+00:00, run_after=2026-09-26 02:30:00+00:00
[2026-09-26T01:45:33.903+0000] {processor.py:208} INFO - Processing /opt/airflow/dags/weather_etl.py took 0.076 seconds
[2026-09-26T01:46:04.283+0000] {processor.py:186} INFO - Started process (PID=7679) to work on /opt/airflow/dags/weather_etl.py
[2026-09-26T01:46:04.287+0000] {processor.py:914} INFO - Processing file /opt/airflow/dags/weather_etl.py for tasks to queue
[2026-09-26T01:46:04.288+0000] {logging_mixin.py:190} INFO - [2026-09-26T01:46:04.288+0000] {dagbag.py:587} INFO - Filling up the DagBag from /opt/airflow/dags/weather_etl.py
[2026-09-26T01:46:04.321+0000] {processor.py:925} INFO - DAG(s) 'weather_etl' retrieved from /opt/airflow/dags/weather_etl.py
[2026-09-26T01:46:04.337+0000] {logging_mixin.py:190} INFO - [2026-09-26T01:46:04.337+0000] {dag.py:3229} INFO - Sync 1 DAGs
[2026-09-26T01:46:04.354+0000] {logging_mixin.py:190} INFO - [2026-09-26T01:46:04.354+0000] {dag.py:4156} INFO - Setting next_dagrun for weather_etl to 2026-09-25 02:30:00+00:00, run_after=2026-09-26 02:30:00+00:00
[2026-09-26T01:46:04.363+0000] {processor.py:208} INFO - Processing /opt/airflow/dags/weather_etl.py took 0.089 seconds
[2026-09-26T01:46:34.763+0000] {processor.py:186} INFO - Started process (PID=7695) to work on /opt/airflow/dags/weather_etl.py
[2026-09-26T01:46:34.765+0000] {processor.py:914} INFO - Processing file /opt/airflow/dags/weather_etl.py for tasks to queue
[2026-09-26T01:46:34.766+0000] {logging_mixin.py:190} INFO - [2026-09-26T01:46:34.766+0000] {dagbag.py:587} INFO - Filling up the DagBag from /opt/airflow/dags/weather_etl.py
[2026-09-26T01:46:34.796+0000] {processor.py:925} INFO - DAG(s) 'weather_etl' retrieved from /opt/airflow/dags/weather_etl.py
[2026-09-26T01:46:34.806+0000] {logging_mixin.py:190} INFO - [2026-09-26T01:46:34.805+0000] {dag.py:3229} INFO - Sync 1 DAGs
[2026-09-26T01:46:34.819+0000] {logging_mixin.py:190} INFO - [2026-09-26T01:46:34.818+0000] {dag.py:4156} INFO - Setting next_dagrun for weather_etl to 2026-09-25 02:30:00+00:00, run_after=2026-09-26 02:30:00+00:00
[2026-09-26T01:46:34.827+0000] {processor.py:208} INFO - Processing /opt/airflow/dags/weather_etl.py took 0.072 seconds
[2026-09-26T01:47:05.188+0000] {processor.py:186} INFO - Started process (PID=7711) to work on /opt/airflow/dags/weather_etl.py
[2026-09-26T01:47:05.191+0000] {processor.py:914} INFO - Processing file /opt/airflow/dags/weather_etl.py for tasks to queue
[2026-09-26T01:47:05.192+0000] {logging_mixin.py:190} INFO - [2026-09-26T01:47:05.191+0000] {dagbag.py:587} INFO - Filling up the DagBag from /opt/airflow/dags/weather_etl.py
[2026-09-26T01:47:05.224+0000] {processor.py:925} INFO - DAG(s) 'weather_etl' retrieved from /opt/airflow/dags/weather_etl.py
[2026-09-26T01:47:05.237+0000] {logging_mixin.py:190} INFO - [2026-09-26T01:47:05.236+0000] {dag.py:3229} INFO - Sync 1 DAGs
[2026-09-26T01:47:05.250+0000] {logging_mixin.py:190} INFO - [2026-09-26T01:47:05.249+0000] {dag.py:4156} INFO - Setting next_dagrun for weather_etl to 2026-09-25 02:30:00+00:00, run_after=2026-09-26 02:30:00+00:00
[2026-09-26T01:47:05.256+0000] {processor.py:208} INFO - Processing /opt/airflow/dags/weather_etl.py took 0.073 seconds
[2026-09-26T01:47:35.644+0000] {processor.py:186} INFO - Started process (PID=7727) to work on /opt/airflow/dags/weather_etl.py
[2026-09-26T01:47:35.648+0000] {processor.py:914} INFO - Processing file /opt/airflow/dags/weather_etl.py for tasks to queue
[2026-09-26T01:47:35.650+0000] {logging_mixin.py:190} INFO - [2026-09-26T01:47:35.649+0000] {dagbag.py:587} INFO - Filling up the DagBag from /opt/airflow/dags/weather_etl.py
[2026-09-26T01:47:35.685+0000] {processor.py:925} INFO - DAG(s) 'weather_etl' retrieved from /opt/airflow/dags/weather_etl.py
[2026-09-26T01:47:35.695+0000] {logging_mixin.py:190} INFO - [2026-09-26T01:47:35.695+0000] {dag.py:3229} INFO - Sync 1 DAGs
[2026-09-26T01:47:35.709+0000] {logging_mixin.py:190} INFO - [2026-09-26T01:47:35.709+0000] {dag.py:4156} INFO - Setting next_dagrun for weather_etl to 2026-09-25 02:30:00+00:00, run_after=2026-09-26 02:30:00+00:00
[2026-09-26T01:47:35.721+0000] {processor.py:208} INFO - Processing /opt/airflow/dags/weather_etl.py took 0.087 seconds
[2026-09-26T01:48:06.142+0000] {processor.py:186} INFO - Started process (PID=7743) to work on /opt/airflow/dags/weather_etl.py
[2026-09-26T01:48:06.144+0000] {processor.py:914} INFO - Processing file /opt/airflow/dags/weather_etl.py for tasks to queue
[2026-09-26T01:48:06.145+0000] {logging_mixin.py:190} INFO - [2026-09-26T01:48:06.145+0000] {dagbag.py:587} INFO - Filling up the DagBag from /opt/airflow/dags/weather_etl.py
[2026-09-26T01:48:06.176+0000] {processor.py:925} INFO - DAG(s) 'weather_etl' retrieved from /opt/airflow/dags/weather_etl.py
[2026-09-26T01:48:06.189+0000] {logging_mixin.py:190} INFO - [2026-09-26T01:48:06.189+0000] {dag.py:3229} INFO - Sync 1 DAGs
[2026-09-26T01:48:06.204+0000] {logging_mixin.py:190} INFO - [2026-09-26T01:48:06.204+0000] {dag.py:4156} INFO - Setting next_dagrun for weather_etl to 2026-09-25 02:30:00+00:00, run_after=2026-09-26 02:30:00+00:00
[2026-09-26T01:48:06.213+0000] {processor.py:208} INFO - Processing /opt/airflow/dags/weather_etl.py took 0.079 seconds
[2026-09-26T01:48:36.641+0000] {processor.py:186} INFO - Started process (PID=7759) to work on /opt/airflow/dags/weather_etl.py
[2026-09-26T01:48:36.643+0000] {processor.py:914} INFO - Processing file /opt/airflow/dags/weather_etl.py for tasks to queue
[2026-09-26T01:48:36.644+0000] {logging_mixin.py:190} INFO - [2026-09-26T01:48:36.644+0000] {dagbag.py:587} INFO - Filling up the DagBag from /opt/airflow/dags/weather_etl.py
[2026-09-26T01:48:36.683+0000] {processor.py:925} INFO - DAG(s) 'weather_etl' retrieved from /opt/airflow/dags/weather_etl.py
[2026-09-26T01:48:36.696+0000] {logging_mixin.py:190} INFO - [2026-09-26T01:48:36.696+0000] {dag.py:3229} INFO - Sync 1 DAGs
[2026-09-26T01:48:36.712+0000] {logging_mixin.py:190} INFO - [2026-09-26T01:48:36.711+0000] {dag.py:4156} INFO - Setting next_dagrun for weather_etl to 2026-09-25 02:30:00+00:00, run_after=2026-09-26 02:30:00+00:00
[2026-09-26T01:48:36.721+0000] {processor.py:208} INFO - Processing /opt/airflow/dags/weather_etl.py took 0.089 seconds
[2026-09-26T01:49:07.114+0000] {processor.py:186} INFO - Started process (PID=7775) to work on /opt/airflow/dags/weather_etl.py
[2026-09-26T01:49:07.117+0000] {processor.py:914} INFO - Processing file /opt/airflow/dags/weather_etl.py for tasks to queue
[2026-09-26T01:49:07.118+0000] {logging_mixin.py:190} INFO - [2026-09-26T01:49:07.118+0000] {dagbag.py:587} INFO - Filling up the DagBag from /opt/airflow/dags/weather_etl.py
[2026-09-26T01:49:07.151+0000] {processor.py:925} INFO - DAG(s) 'weather_etl' retrieved from /opt/airflow/dags/weather_etl.py
[2026-09-26T01:49:07.163+0000] {logging_mixin.py:190} INFO - [2026-09-26T01:49:07.163+0000] {dag.py:3229} INFO - Sync 1 DAGs
[2026-09-26T01:49:07.178+0000] {logging_mixin.py:190} INFO - [2026-09-26T01:49:07.178+0000] {dag.py:4156} INFO - Setting next_dagrun for weather_etl to 2026-09-25 02:30:00+00:00, run_after=2026-09-26 02:30:00+00:00
[2026-09-26T01:49:07.188+0000] {processor.py:208} INFO - Processing /opt/airflow/dags/weather_etl.py took 0.082 seconds
[2026-09-26T01:49:37.643+0000] {processor.py:186} INFO - Started process (PID=7791) to work on /opt/airflow/dags/weather_etl.py
[2026-09-26T01:49:37.658+0000] {processor.py:914} INFO - Processing file /opt/airflow/dags/weather_etl.py for tasks to queue
[2026-09-26T01:49:37.660+0000] {logging_mixin.py:190} INFO - [2026-09-26T01:49:37.660+0000] {dagbag.py:587} INFO - Filling up the DagBag from /opt/airflow/dags/weather_etl.py
[2026-09-26T01:49:37.715+0000] {processor.py:925} INFO - DAG(s) 'weather_etl' retrieved from /opt/airflow/dags/weather_etl.py
[2026-09-26T01:49:37.730+0000] {logging_mixin.py:190} INFO - [2026-09-26T01:49:37.730+0000] {dag.py:3229} INFO - Sync 1 DAGs
[2026-09-26T01:49:37.756+0000] {logging_mixin.py:190} INFO - [2026-09-26T01:49:37.756+0000] {dag.py:4156} INFO - Setting next_dagrun for weather_etl to 2026-09-25 02:30:00+00:00, run_after=2026-09-26 02:30:00+00:00
[2026-09-26T01:49:37.767+0000] {processor.py:208} INFO - Processing /opt/airflow/dags/weather_etl.py took 0.136 seconds
[2026-09-26T01:50:08.307+0000] {processor.py:186} INFO - Started process (PID=7807) to work on /opt/airflow/dags/weather_etl.py
[2026-09-26T01:50:08.310+0000] {processor.py:914} INFO - Processing file /opt/airflow/dags/weather_etl.py for tasks to queue
[2026-09-26T01:50:08.312+0000] {logging_mixin.py:190} INFO - [2026-09-26T01:50:08.312+0000] {dagbag.py:587} INFO - Filling up the DagBag from /opt/airflow/dags/weather_etl.py
[2026-09-26T01:50:08.371+0000] {processor.py:925} INFO - DAG(s) 'weather_etl' retrieved from /opt/airflow/dags/weather_etl.py
[2026-09-26T01:50:08.398+0000] {logging_mixin.py:190} INFO - [2026-09-26T01:50:08.398+0000] {dag.py:3229} INFO - Sync 1 DAGs
[2026-09-26T01:50:08.425+0000] {logging_mixin.py:190} INFO - [2026-09-26T01:50:08.425+0000] {dag.py:4156} INFO - Setting next_dagrun for weather_etl to 2026-09-25 02:30:00+00:00, run_after=2026-09-26 02:30:00+00:00
[2026-09-26T01:50:08.442+0000] {processor.py:208} INFO - Processing /opt/airflow/dags/weather_etl.py took 0.146 seconds
[2026-09-26T01:50:38.851+0000] {processor.py:186} INFO - Started process (PID=7823) to work on /opt/airflow/dags/weather_etl.py
[2026-09-26T01:50:38.854+0000] {processor.py:914} INFO - Processing file /opt/airflow/dags/weather_etl.py for tasks to queue
[2026-09-26T01:50:38.855+0000] {logging_mixin.py:190} INFO - [2026-09-26T01:50:38.855+0000] {dagbag.py:587} INFO - Filling up the DagBag from /opt/airflow/dags/weather_etl.py
[2026-09-26T01:50:38.889+0000] {processor.py:925} INFO - DAG(s) 'weather_etl' retrieved from /opt/airflow/dags/weather_etl.py
[2026-09-26T01:50:38.900+0000] {logging_mixin.py:190} INFO - [2026-09-26T01:50:38.900+0000] {dag.py:3229} INFO - Sync 1 DAGs
[2026-09-26T01:50:38.915+0000] {logging_mixin.py:190} INFO - [2026-09-26T01:50:38.915+0000] {dag.py:4156} INFO - Setting next_dagrun for weather_etl to 2026-09-25 02:30:00+00:00, run_after=2026-09-26 02:30:00+00:00
[2026-09-26T01:50:38.924+0000] {processor.py:208} INFO - Processing /opt/airflow/dags/weather_etl.py took 0.083 seconds
[2026-09-26T01:51:09.252+0000] {processor.py:186} INFO - Started process (PID=7839) to work on /opt/airflow/dags/weather_etl.py
[2026-09-26T01:51:09.254+0000] {processor.py:914} INFO - Processing file /opt/airflow/dags/weather_etl.py for tasks to queue
[2026-09-26T01:51:09.255+0000] {logging_mixin.py:190} INFO - [2026-09-26T01:51:09.255+0000] {dagbag.py:587} INFO - Filling up the DagBag from /opt/airflow/dags/weather_etl.py
[2026-09-26T01:51:09.288+0000] {processor.py:925} INFO - DAG(s) 'weather_etl' retrieved from /opt/airflow/dags/weather_etl.py
[2026-09-26T01:51:09.299+0000] {logging_mixin.py:190} INFO - [2026-09-26T01:51:09.299+0000] {dag.py:3229} INFO - Sync 1 DAGs
[2026-09-26T01:51:09.316+0000] {logging_mixin.py:190} INFO - [2026-09-26T01:51:09.316+0000] {dag.py:4156} INFO - Setting next_dagrun for weather_etl to 2026-09-25 02:30:00+00:00, run_after=2026-09-26 02:30:00+00:00
[2026-09-26T01:51:09.327+0000] {processor.py:208} INFO - Processing /opt/airflow/dags/weather_etl.py took 0.080 seconds
[2026-09-26T01:51:39.615+0000] {processor.py:186} INFO - Started process (PID=7855) to work on /opt/airflow/dags/weather_etl.py
[2026-09-26T01:51:39.618+0000] {processor.py:914} INFO - Processing file /opt/airflow/dags/weather_etl.py for tasks to queue
[2026-09-26T01:51:39.621+0000] {logging_mixin.py:190} INFO - [2026-09-26T01:51:39.621+0000] {dagbag.py:587} INFO - Filling up the DagBag from /opt/airflow/dags/weather_etl.py
[2026-09-26T01:51:39.659+0000] {processor.py:925} INFO - DAG(s) 'weather_etl' retrieved from /opt/airflow/dags/weather_etl.py
[2026-09-26T01:51:39.673+0000] {logging_mixin.py:190} INFO - [2026-09-26T01:51:39.673+0000] {dag.py:3229} INFO - Sync 1 DAGs
[2026-09-26T01:51:39.690+0000] {logging_mixin.py:190} INFO - [2026-09-26T01:51:39.689+0000] {dag.py:4156} INFO - Setting next_dagrun for weather_etl to 2026-09-25 02:30:00+00:00, run_after=2026-09-26 02:30:00+00:00
[2026-09-26T01:51:39.706+0000] {processor.py:208} INFO - Processing /opt/airflow/dags/weather_etl.py took 0.104 seconds
[2026-09-26T01:52:10.120+0000] {processor.py:186} INFO - Started process (PID=7871) to work on /opt/airflow/dags/weather_etl.py
[2026-09-26T01:52:10.124+0000] {processor.py:914} INFO - Processing file /opt/airflow/dags/weather_etl.py for tasks to queue
[2026-09-26T01:52:10.125+0000] {logging_mixin.py:190} INFO - [2026-09-26T01:52:10.125+0000] {dagbag.py:587} INFO - Filling up the DagBag from /opt/airflow/dags/weather_etl.py
[2026-09-26T01:52:10.171+0000] {processor.py:925} INFO - DAG(s) 'weather_etl' retrieved from /opt/airflow/dags/weather_etl.py
[2026-09-26T01:52:10.197+0000] {logging_mixin.py:190} INFO - [2026-09-26T01:52:10.196+0000] {dag.py:3229} INFO - Sync 1 DAGs
[2026-09-26T01:52:10.235+0000] {logging_mixin.py:190} INFO - [2026-09-26T01:52:10.235+0000] {dag.py:4156} INFO - Setting next_dagrun for weather_etl to 2026-09-25 02:30:00+00:00, run_after=2026-09-26 02:30:00+00:00
[2026-09-26T01:52:10.248+0000] {processor.py:208} INFO - Processing /opt/airflow/dags/weather_etl.py took 0.144 seconds
[2026-09-26T01:52:40.811+0000] {processor.py:186} INFO - Started process (PID=7887) to work on /opt/airflow/dags/weather_etl.py
[2026-09-26T01:52:40.818+0000] {processor.py:914} INFO - Processing file /opt/airflow/dags/weather_etl.py for tasks to queue
[2026-09-26T01:52:40.819+0000] {logging_mixin.py:190} INFO - [2026-09-26T01:52:40.819+0000] {dagbag.py:587} INFO - Filling up the DagBag from /opt/airflow/dags/weather_etl.py
[2026-09-26T01:52:40.873+0000] {processor.py:925} INFO - DAG(s) 'weather_etl' retrieved from /opt/airflow/dags/weather_etl.py
[2026-09-26T01:52:40.888+0000] {logging_mixin.py:190} INFO - [2026-09-26T01:52:40.888+0000] {dag.py:3229} INFO - Sync 1 DAGs
[2026-09-26T01:52:40.916+0000] {logging_mixin.py:190} INFO - [2026-09-26T01:52:40.916+0000] {dag.py:4156} INFO - Setting next_dagrun for weather_etl to 2026-09-25 02:30:00+00:00, run_after=2026-09-26 02:30:00+00:00
[2026-09-26T01:52:40.929+0000] {processor.py:208} INFO - Processing /opt/airflow/dags/weather_etl.py took 0.139 seconds
[2026-09-26T01:53:11.476+0000] {processor.py:186} INFO - Started process (PID=7903) to work on /opt/airflow/dags/weather_etl.py
[2026-09-26T01:53:11.480+0000] {processor.py:914} INFO - Processing file /opt/airflow/dags/weather_etl.py for tasks to queue
[2026-09-26T01:53:11.483+0000] {logging_mixin.py:190} INFO - [2026-09-26T01:53:11.482+0000] {dagbag.py:587} INFO - Filling up the DagBag from /opt/airflow/dags/weather_etl.py
[2026-09-26T01:53:11.567+0000] {processor.py:925} INFO - DAG(s) 'weather_etl' retrieved from /opt/airflow/dags/weather_etl.py
[2026-09-26T01:53:11.579+0000] {logging_mixin.py:190} INFO - [2026-09-26T01:53:11.579+0000] {dag.py:3229} INFO - Sync 1 DAGs
[2026-09-26T01:53:11.601+0000] {logging_mixin.py:190} INFO - [2026-09-26T01:53:11.601+0000] {dag.py:4156} INFO - Setting next_dagrun for weather_etl to 2026-09-25 02:30:00+00:00, run_after=2026-09-26 02:30:00+00:00
[2026-09-26T01:53:11.617+0000] {processor.py:208} INFO - Processing /opt/airflow/dags/weather_etl.py took 0.161 seconds
[2026-09-26T01:53:42.065+0000] {processor.py:186} INFO - Started process (PID=7919) to work on /opt/airflow/dags/weather_etl.py
[2026-09-26T01:53:42.069+0000] {processor.py:914} INFO - Processing file /opt/airflow/dags/weather_etl.py for tasks to queue
[2026-09-26T01:53:42.071+0000] {logging_mixin.py:190} INFO - [2026-09-26T01:53:42.070+0000] {dagbag.py:587} INFO - Filling up the DagBag from /opt/airflow/dags/weather_etl.py
[2026-09-26T01:53:42.130+0000] {processor.py:925} INFO - DAG(s) 'weather_etl' retrieved from /opt/airflow/dags/weather_etl.py
[2026-09-26T01:53:42.148+0000] {logging_mixin.py:190} INFO - [2026-09-26T01:53:42.148+0000] {dag.py:3229} INFO - Sync 1 DAGs
[2026-09-26T01:53:42.172+0000] {logging_mixin.py:190} INFO - [2026-09-26T01:53:42.172+0000] {dag.py:4156} INFO - Setting next_dagrun for weather_etl to 2026-09-25 02:30:00+00:00, run_after=2026-09-26 02:30:00+00:00
[2026-09-26T01:53:42.186+0000] {processor.py:208} INFO - Processing /opt/airflow/dags/weather_etl.py took 0.140 seconds
[2026-09-26T01:54:12.409+0000] {processor.py:186} INFO - Started process (PID=7935) to work on /opt/airflow/dags/weather_etl.py
[2026-09-26T01:54:12.415+0000] {processor.py:914} INFO - Processing file /opt/airflow/dags/weather_etl.py for tasks to queue
[2026-09-26T01:54:12.418+0000] {logging_mixin.py:190} INFO - [2026-09-26T01:54:12.418+0000] {dagbag.py:587} INFO - Filling up the DagBag from /opt/airflow/dags/weather_etl.py
[2026-09-26T01:54:12.460+0000] {processor.py:925} INFO - DAG(s) 'weather_etl' retrieved from /opt/airflow/dags/weather_etl.py
[2026-09-26T01:54:12.475+0000] {logging_mixin.py:190} INFO - [2026-09-26T01:54:12.474+0000] {dag.py:3229} INFO - Sync 1 DAGs
[2026-09-26T01:54:12.492+0000] {logging_mixin.py:190} INFO - [2026-09-26T01:54:12.492+0000] {dag.py:4156} INFO - Setting next_dagrun for weather_etl to 2026-09-25 02:30:00+00:00, run_after=2026-09-26 02:30:00+00:00
[2026-09-26T01:54:12.507+0000] {processor.py:208} INFO - Processing /opt/airflow/dags/weather_etl.py took 0.113 seconds
[2026-09-26T01:54:42.865+0000] {processor.py:186} INFO - Started process (PID=7951) to work on /opt/airflow/dags/weather_etl.py
[2026-09-26T01:54:42.867+0000] {processor.py:914} INFO - Processing file /opt/airflow/dags/weather_etl.py for tasks to queue
[2026-09-26T01:54:42.869+0000] {logging_mixin.py:190} INFO - [2026-09-26T01:54:42.869+0000] {dagbag.py:587} INFO - Filling up the DagBag from /opt/airflow/dags/weather_etl.py
[2026-09-26T01:54:42.956+0000] {processor.py:925} INFO - DAG(s) 'weather_etl' retrieved from /opt/airflow/dags/weather_etl.py
[2026-09-26T01:54:42.968+0000] {logging_mixin.py:190} INFO - [2026-09-26T01:54:42.968+0000] {dag.py:3229} INFO - Sync 1 DAGs
[2026-09-26T01:54:42.986+0000] {logging_mixin.py:190} INFO - [2026-09-26T01:54:42.986+0000] {dag.py:4156} INFO - Setting next_dagrun for weather_etl to 2026-09-25 02:30:00+00:00, run_after=2026-09-26 02:30:00+00:00
[2026-09-26T01:54:42.999+0000] {processor.py:208} INFO - Processing /opt/airflow/dags/weather_etl.py took 0.144 seconds
[2026-09-26T01:55:13.393+0000] {processor.py:186} INFO - Started process (PID=7967) to work on /opt/airflow/dags/weather_etl.py
[2026-09-26T01:55:13.396+0000] {processor.py:914} INFO - Processing file /opt/airflow/dags/weather_etl.py for tasks to queue
[2026-09-26T01:55:13.397+0000] {logging_mixin.py:190} INFO - [2026-09-26T01:55:13.397+0000] {dagbag.py:587} INFO - Filling up the DagBag from /opt/airflow/dags/weather_etl.py
[2026-09-26T01:55:13.434+0000] {processor.py:925} INFO - DAG(s) 'weather_etl' retrieved from /opt/airflow/dags/weather_etl.py
[2026-09-26T01:55:13.442+0000] {logging_mixin.py:190} INFO - [2026-09-26T01:55:13.442+0000] {dag.py:3229} INFO - Sync 1 DAGs
[2026-09-26T01:55:13.457+0000] {logging_mixin.py:190} INFO - [2026-09-26T01:55:13.457+0000] {dag.py:4156} INFO - Setting next_dagrun for weather_etl to 2026-09-25 02:30:00+00:00, run_after=2026-09-26 02:30:00+00:00
[2026-09-26T01:55:13.470+0000] {processor.py:208} INFO - Processing /opt/airflow/dags/weather_etl.py took 0.085 seconds
[2026-09-26T01:55:43.898+0000] {processor.py:186} INFO - Started process (PID=7983) to work on /opt/airflow/dags/weather_etl.py
[2026-09-26T01:55:43.902+0000] {processor.py:914} INFO - Processing file /opt/airflow/dags/weather_etl.py for tasks to queue
[2026-09-26T01:55:43.905+0000] {logging_mixin.py:190} INFO - [2026-09-26T01:55:43.905+0000] {dagbag.py:587} INFO - Filling up the DagBag from /opt/airflow/dags/weather_etl.py
[2026-09-26T01:55:43.971+0000] {processor.py:925} INFO - DAG(s) 'weather_etl' retrieved from /opt/airflow/dags/weather_etl.py
[2026-09-26T01:55:43.987+0000] {logging_mixin.py:190} INFO - [2026-09-26T01:55:43.987+0000] {dag.py:3229} INFO - Sync 1 DAGs
[2026-09-26T01:55:44.015+0000] {logging_mixin.py:190} INFO - [2026-09-26T01:55:44.015+0000] {dag.py:4156} INFO - Setting next_dagrun for weather_etl to 2026-09-25 02:30:00+00:00, run_after=2026-09-26 02:30:00+00:00
[2026-09-26T01:55:44.034+0000] {processor.py:208} INFO - Processing /opt/airflow/dags/weather_etl.py took 0.145 seconds
[2026-09-26T01:56:14.434+0000] {processor.py:186} INFO - Started process (PID=7999) to work on /opt/airflow/dags/weather_etl.py
[2026-09-26T01:56:14.438+0000] {processor.py:914} INFO - Processing file /opt/airflow/dags/weather_etl.py for tasks to queue
[2026-09-26T01:56:14.440+0000] {logging_mixin.py:190} INFO - [2026-09-26T01:56:14.439+0000] {dagbag.py:587} INFO - Filling up the DagBag from /opt/airflow/dags/weather_etl.py
[2026-09-26T01:56:14.507+0000] {processor.py:925} INFO - DAG(s) 'weather_etl' retrieved from /opt/airflow/dags/weather_etl.py
[2026-09-26T01:56:14.524+0000] {logging_mixin.py:190} INFO - [2026-09-26T01:56:14.524+0000] {dag.py:3229} INFO - Sync 1 DAGs
[2026-09-26T01:56:14.554+0000] {logging_mixin.py:190} INFO - [2026-09-26T01:56:14.554+0000] {dag.py:4156} INFO - Setting next_dagrun for weather_etl to 2026-09-25 02:30:00+00:00, run_after=2026-09-26 02:30:00+00:00
[2026-09-26T01:56:14.570+0000] {processor.py:208} INFO - Processing /opt/airflow/dags/weather_etl.py took 0.157 seconds
[2026-09-26T01:56:45.083+0000] {processor.py:186} INFO - Started process (PID=8015) to work on /opt/airflow/dags/weather_etl.py
[2026-09-26T01:56:45.091+0000] {processor.py:914} INFO - Processing file /opt/airflow/dags/weather_etl.py for tasks to queue
[2026-09-26T01:56:45.109+0000] {logging_mixin.py:190} INFO - [2026-09-26T01:56:45.100+0000] {dagbag.py:587} INFO - Filling up the DagBag from /opt/airflow/dags/weather_etl.py
[2026-09-26T01:56:45.227+0000] {processor.py:925} INFO - DAG(s) 'weather_etl' retrieved from /opt/airflow/dags/weather_etl.py
[2026-09-26T01:56:45.247+0000] {logging_mixin.py:190} INFO - [2026-09-26T01:56:45.247+0000] {dag.py:3229} INFO - Sync 1 DAGs
[2026-09-26T01:56:45.276+0000] {logging_mixin.py:190} INFO - [2026-09-26T01:56:45.276+0000] {dag.py:4156} INFO - Setting next_dagrun for weather_etl to 2026-09-25 02:30:00+00:00, run_after=2026-09-26 02:30:00+00:00
[2026-09-26T01:56:45.301+0000] {processor.py:208} INFO - Processing /opt/airflow/dags/weather_etl.py took 0.278 seconds
[2026-09-26T01:57:15.658+0000] {processor.py:186} INFO - Started process (PID=8030) to work on /opt/airflow/dags/weather_etl.py
[2026-09-26T01:57:15.660+0000] {processor.py:914} INFO - Processing file /opt/airflow/dags/weather_etl.py for tasks to queue
[2026-09-26T01:57:15.662+0000] {logging_mixin.py:190} INFO - [2026-09-26T01:57:15.661+0000] {dagbag.py:587} INFO - Filling up the DagBag from /opt/airflow/dags/weather_etl.py
[2026-09-26T01:57:15.695+0000] {processor.py:925} INFO - DAG(s) 'weather_etl' retrieved from /opt/airflow/dags/weather_etl.py
[2026-09-26T01:57:15.708+0000] {logging_mixin.py:190} INFO - [2026-09-26T01:57:15.707+0000] {dag.py:3229} INFO - Sync 1 DAGs
[2026-09-26T01:57:15.723+0000] {logging_mixin.py:190} INFO - [2026-09-26T01:57:15.723+0000] {dag.py:4156} INFO - Setting next_dagrun for weather_etl to 2026-09-25 02:30:00+00:00, run_after=2026-09-26 02:30:00+00:00
[2026-09-26T01:57:15.751+0000] {processor.py:208} INFO - Processing /opt/airflow/dags/weather_etl.py took 0.100 seconds
[2026-09-26T01:57:46.063+0000] {processor.py:186} INFO - Started process (PID=8046) to work on /opt/airflow/dags/weather_etl.py
[2026-09-26T01:57:46.066+0000] {processor.py:914} INFO - Processing file /opt/airflow/dags/weather_etl.py for tasks to queue
[2026-09-26T01:57:46.069+0000] {logging_mixin.py:190} INFO - [2026-09-26T01:57:46.068+0000] {dagbag.py:587} INFO - Filling up the DagBag from /opt/airflow/dags/weather_etl.py
[2026-09-26T01:57:46.130+0000] {processor.py:925} INFO - DAG(s) 'weather_etl' retrieved from /opt/airflow/dags/weather_etl.py
[2026-09-26T01:57:46.152+0000] {logging_mixin.py:190} INFO - [2026-09-26T01:57:46.151+0000] {dag.py:3229} INFO - Sync 1 DAGs
[2026-09-26T01:57:46.180+0000] {logging_mixin.py:190} INFO - [2026-09-26T01:57:46.180+0000] {dag.py:4156} INFO - Setting next_dagrun for weather_etl to 2026-09-25 02:30:00+00:00, run_after=2026-09-26 02:30:00+00:00
[2026-09-26T01:57:46.200+0000] {processor.py:208} INFO - Processing /opt/airflow/dags/weather_etl.py took 0.159 seconds
[2026-09-26T01:58:16.592+0000] {processor.py:186} INFO - Started process (PID=8062) to work on /opt/airflow/dags/weather_etl.py
[2026-09-26T01:58:16.596+0000] {processor.py:914} INFO - Processing file /opt/airflow/dags/weather_etl.py for tasks to queue
[2026-09-26T01:58:16.600+0000] {logging_mixin.py:190} INFO - [2026-09-26T01:58:16.600+0000] {dagbag.py:587} INFO - Filling up the DagBag from /opt/airflow/dags/weather_etl.py
[2026-09-26T01:58:16.652+0000] {processor.py:925} INFO - DAG(s) 'weather_etl' retrieved from /opt/airflow/dags/weather_etl.py
[2026-09-26T01:58:16.670+0000] {logging_mixin.py:190} INFO - [2026-09-26T01:58:16.669+0000] {dag.py:3229} INFO - Sync 1 DAGs
[2026-09-26T01:58:16.699+0000] {logging_mixin.py:190} INFO - [2026-09-26T01:58:16.699+0000] {dag.py:4156} INFO - Setting next_dagrun for weather_etl to 2026-09-25 02:30:00+00:00, run_after=2026-09-26 02:30:00+00:00
[2026-09-26T01:58:16.714+0000] {processor.py:208} INFO - Processing /opt/airflow/dags/weather_etl.py took 0.142 seconds
[2026-09-26T01:58:47.211+0000] {processor.py:186} INFO - Started process (PID=8078) to work on /opt/airflow/dags/weather_etl.py
[2026-09-26T01:58:47.215+0000] {processor.py:914} INFO - Processing file /opt/airflow/dags/weather_etl.py for tasks to queue
[2026-09-26T01:58:47.218+0000] {logging_mixin.py:190} INFO - [2026-09-26T01:58:47.218+0000] {dagbag.py:587} INFO - Filling up the DagBag from /opt/airflow/dags/weather_etl.py
[2026-09-26T01:58:47.279+0000] {processor.py:925} INFO - DAG(s) 'weather_etl' retrieved from /opt/airflow/dags/weather_etl.py
[2026-09-26T01:58:47.297+0000] {logging_mixin.py:190} INFO - [2026-09-26T01:58:47.297+0000] {dag.py:3229} INFO - Sync 1 DAGs
[2026-09-26T01:58:47.327+0000] {logging_mixin.py:190} INFO - [2026-09-26T01:58:47.327+0000] {dag.py:4156} INFO - Setting next_dagrun for weather_etl to 2026-09-25 02:30:00+00:00, run_after=2026-09-26 02:30:00+00:00
[2026-09-26T01:58:47.352+0000] {processor.py:208} INFO - Processing /opt/airflow/dags/weather_etl.py took 0.198 seconds
[2026-09-26T01:59:17.725+0000] {processor.py:186} INFO - Started process (PID=8094) to work on /opt/airflow/dags/weather_etl.py
[2026-09-26T01:59:17.728+0000] {processor.py:914} INFO - Processing file /opt/airflow/dags/weather_etl.py for tasks to queue
[2026-09-26T01:59:17.729+0000] {logging_mixin.py:190} INFO - [2026-09-26T01:59:17.729+0000] {dagbag.py:587} INFO - Filling up the DagBag from /opt/airflow/dags/weather_etl.py
[2026-09-26T01:59:17.758+0000] {processor.py:925} INFO - DAG(s) 'weather_etl' retrieved from /opt/airflow/dags/weather_etl.py
[2026-09-26T01:59:17.766+0000] {logging_mixin.py:190} INFO - [2026-09-26T01:59:17.766+0000] {dag.py:3229} INFO - Sync 1 DAGs
[2026-09-26T01:59:17.779+0000] {logging_mixin.py:190} INFO - [2026-09-26T01:59:17.779+0000] {dag.py:4156} INFO - Setting next_dagrun for weather_etl to 2026-09-25 02:30:00+00:00, run_after=2026-09-26 02:30:00+00:00
[2026-09-26T01:59:17.795+0000] {processor.py:208} INFO - Processing /opt/airflow/dags/weather_etl.py took 0.078 seconds
[2026-09-26T01:59:48.205+0000] {processor.py:186} INFO - Started process (PID=8110) to work on /opt/airflow/dags/weather_etl.py
[2026-09-26T01:59:48.209+0000] {processor.py:914} INFO - Processing file /opt/airflow/dags/weather_etl.py for tasks to queue
[2026-09-26T01:59:48.211+0000] {logging_mixin.py:190} INFO - [2026-09-26T01:59:48.211+0000] {dagbag.py:587} INFO - Filling up the DagBag from /opt/airflow/dags/weather_etl.py
[2026-09-26T01:59:48.266+0000] {processor.py:925} INFO - DAG(s) 'weather_etl' retrieved from /opt/airflow/dags/weather_etl.py
[2026-09-26T01:59:48.282+0000] {logging_mixin.py:190} INFO - [2026-09-26T01:59:48.281+0000] {dag.py:3229} INFO - Sync 1 DAGs
[2026-09-26T01:59:48.306+0000] {logging_mixin.py:190} INFO - [2026-09-26T01:59:48.306+0000] {dag.py:4156} INFO - Setting next_dagrun for weather_etl to 2026-09-25 02:30:00+00:00, run_after=2026-09-26 02:30:00+00:00
[2026-09-26T01:59:48.321+0000] {processor.py:208} INFO - Processing /opt/airflow/dags/weather_etl.py took 0.134 seconds
[2026-09-26T02:00:18.704+0000] {processor.py:186} INFO - Started process (PID=8126) to work on /opt/airflow/dags/weather_etl.py
[2026-09-26T02:00:18.707+0000] {processor.py:914} INFO - Processing file /opt/airflow/dags/weather_etl.py for tasks to queue
[2026-09-26T02:00:18.708+0000] {logging_mixin.py:190} INFO - [2026-09-26T02:00:18.707+0000] {dagbag.py:587} INFO - Filling up the DagBag from /opt/airflow/dags/weather_etl.py
[2026-09-26T02:00:18.743+0000] {processor.py:925} INFO - DAG(s) 'weather_etl' retrieved from /opt/airflow/dags/weather_etl.py
[2026-09-26T02:00:18.754+0000] {logging_mixin.py:190} INFO - [2026-09-26T02:00:18.754+0000] {dag.py:3229} INFO - Sync 1 DAGs
[2026-09-26T02:00:18.772+0000] {logging_mixin.py:190} INFO - [2026-09-26T02:00:18.772+0000] {dag.py:4156} INFO - Setting next_dagrun for weather_etl to 2026-09-25 02:30:00+00:00, run_after=2026-09-26 02:30:00+00:00
[2026-09-26T02:00:18.786+0000] {processor.py:208} INFO - Processing /opt/airflow/dags/weather_etl.py took 0.088 seconds
[2026-09-26T02:00:49.270+0000] {processor.py:186} INFO - Started process (PID=8142) to work on /opt/airflow/dags/weather_etl.py
[2026-09-26T02:00:49.273+0000] {processor.py:914} INFO - Processing file /opt/airflow/dags/weather_etl.py for tasks to queue
[2026-09-26T02:00:49.276+0000] {logging_mixin.py:190} INFO - [2026-09-26T02:00:49.275+0000] {dagbag.py:587} INFO - Filling up the DagBag from /opt/airflow/dags/weather_etl.py
[2026-09-26T02:00:49.313+0000] {processor.py:925} INFO - DAG(s) 'weather_etl' retrieved from /opt/airflow/dags/weather_etl.py
[2026-09-26T02:00:49.331+0000] {logging_mixin.py:190} INFO - [2026-09-26T02:00:49.331+0000] {dag.py:3229} INFO - Sync 1 DAGs
[2026-09-26T02:00:49.356+0000] {logging_mixin.py:190} INFO - [2026-09-26T02:00:49.356+0000] {dag.py:4156} INFO - Setting next_dagrun for weather_etl to 2026-09-25 02:30:00+00:00, run_after=2026-09-26 02:30:00+00:00
[2026-09-26T02:00:49.373+0000] {processor.py:208} INFO - Processing /opt/airflow/dags/weather_etl.py took 0.119 seconds
[2026-09-26T02:01:19.811+0000] {processor.py:186} INFO - Started process (PID=8158) to work on /opt/airflow/dags/weather_etl.py
[2026-09-26T02:01:19.815+0000] {processor.py:914} INFO - Processing file /opt/airflow/dags/weather_etl.py for tasks to queue
[2026-09-26T02:01:19.817+0000] {logging_mixin.py:190} INFO - [2026-09-26T02:01:19.817+0000] {dagbag.py:587} INFO - Filling up the DagBag from /opt/airflow/dags/weather_etl.py
[2026-09-26T02:01:19.857+0000] {processor.py:925} INFO - DAG(s) 'weather_etl' retrieved from /opt/airflow/dags/weather_etl.py
[2026-09-26T02:01:19.871+0000] {logging_mixin.py:190} INFO - [2026-09-26T02:01:19.871+0000] {dag.py:3229} INFO - Sync 1 DAGs
[2026-09-26T02:01:19.894+0000] {logging_mixin.py:190} INFO - [2026-09-26T02:01:19.894+0000] {dag.py:4156} INFO - Setting next_dagrun for weather_etl to 2026-09-25 02:30:00+00:00, run_after=2026-09-26 02:30:00+00:00
[2026-09-26T02:01:19.911+0000] {processor.py:208} INFO - Processing /opt/airflow/dags/weather_etl.py took 0.109 seconds
[2026-09-26T02:01:50.374+0000] {processor.py:186} INFO - Started process (PID=8174) to work on /opt/airflow/dags/weather_etl.py
[2026-09-26T02:01:50.381+0000] {processor.py:914} INFO - Processing file /opt/airflow/dags/weather_etl.py for tasks to queue
[2026-09-26T02:01:50.384+0000] {logging_mixin.py:190} INFO - [2026-09-26T02:01:50.384+0000] {dagbag.py:587} INFO - Filling up the DagBag from /opt/airflow/dags/weather_etl.py
[2026-09-26T02:01:50.443+0000] {processor.py:925} INFO - DAG(s) 'weather_etl' retrieved from /opt/airflow/dags/weather_etl.py
[2026-09-26T02:01:50.468+0000] {logging_mixin.py:190} INFO - [2026-09-26T02:01:50.467+0000] {dag.py:3229} INFO - Sync 1 DAGs
[2026-09-26T02:01:50.503+0000] {logging_mixin.py:190} INFO - [2026-09-26T02:01:50.503+0000] {dag.py:4156} INFO - Setting next_dagrun for weather_etl to 2026-09-25 02:30:00+00:00, run_after=2026-09-26 02:30:00+00:00
[2026-09-26T02:01:50.519+0000] {processor.py:208} INFO - Processing /opt/airflow/dags/weather_etl.py took 0.160 seconds
[2026-09-26T02:02:20.938+0000] {processor.py:186} INFO - Started process (PID=8190) to work on /opt/airflow/dags/weather_etl.py
[2026-09-26T02:02:20.943+0000] {processor.py:914} INFO - Processing file /opt/airflow/dags/weather_etl.py for tasks to queue
[2026-09-26T02:02:20.945+0000] {logging_mixin.py:190} INFO - [2026-09-26T02:02:20.945+0000] {dagbag.py:587} INFO - Filling up the DagBag from /opt/airflow/dags/weather_etl.py
[2026-09-26T02:02:21.010+0000] {processor.py:925} INFO - DAG(s) 'weather_etl' retrieved from /opt/airflow/dags/weather_etl.py
[2026-09-26T02:02:21.032+0000] {logging_mixin.py:190} INFO - [2026-09-26T02:02:21.032+0000] {dag.py:3229} INFO - Sync 1 DAGs
[2026-09-26T02:02:21.061+0000] {logging_mixin.py:190} INFO - [2026-09-26T02:02:21.061+0000] {dag.py:4156} INFO - Setting next_dagrun for weather_etl to 2026-09-25 02:30:00+00:00, run_after=2026-09-26 02:30:00+00:00
[2026-09-26T02:02:21.078+0000] {processor.py:208} INFO - Processing /opt/airflow/dags/weather_etl.py took 0.157 seconds
[2026-09-26T02:02:51.396+0000] {processor.py:186} INFO - Started process (PID=8206) to work on /opt/airflow/dags/weather_etl.py
[2026-09-26T02:02:51.398+0000] {processor.py:914} INFO - Processing file /opt/airflow/dags/weather_etl.py for tasks to queue
[2026-09-26T02:02:51.399+0000] {logging_mixin.py:190} INFO - [2026-09-26T02:02:51.399+0000] {dagbag.py:587} INFO - Filling up the DagBag from /opt/airflow/dags/weather_etl.py
[2026-09-26T02:02:51.426+0000] {processor.py:925} INFO - DAG(s) 'weather_etl' retrieved from /opt/airflow/dags/weather_etl.py
[2026-09-26T02:02:51.434+0000] {logging_mixin.py:190} INFO - [2026-09-26T02:02:51.434+0000] {dag.py:3229} INFO - Sync 1 DAGs
[2026-09-26T02:02:51.448+0000] {logging_mixin.py:190} INFO - [2026-09-26T02:02:51.448+0000] {dag.py:4156} INFO - Setting next_dagrun for weather_etl to 2026-09-25 02:30:00+00:00, run_after=2026-09-26 02:30:00+00:00
[2026-09-26T02:02:51.461+0000] {processor.py:208} INFO - Processing /opt/airflow/dags/weather_etl.py took 0.072 seconds
[2026-09-26T02:03:22.392+0000] {processor.py:186} INFO - Started process (PID=8222) to work on /opt/airflow/dags/weather_etl.py
[2026-09-26T02:03:22.405+0000] {processor.py:914} INFO - Processing file /opt/airflow/dags/weather_etl.py for tasks to queue
[2026-09-26T02:03:22.410+0000] {logging_mixin.py:190} INFO - [2026-09-26T02:03:22.409+0000] {dagbag.py:587} INFO - Filling up the DagBag from /opt/airflow/dags/weather_etl.py
[2026-09-26T02:03:22.533+0000] {processor.py:925} INFO - DAG(s) 'weather_etl' retrieved from /opt/airflow/dags/weather_etl.py
[2026-09-26T02:03:22.561+0000] {logging_mixin.py:190} INFO - [2026-09-26T02:03:22.560+0000] {dag.py:3229} INFO - Sync 1 DAGs
[2026-09-26T02:03:22.615+0000] {logging_mixin.py:190} INFO - [2026-09-26T02:03:22.614+0000] {dag.py:4156} INFO - Setting next_dagrun for weather_etl to 2026-09-25 02:30:00+00:00, run_after=2026-09-26 02:30:00+00:00
[2026-09-26T02:03:22.644+0000] {processor.py:208} INFO - Processing /opt/airflow/dags/weather_etl.py took 0.295 seconds
[2026-09-26T02:04:33.978+0000] {processor.py:186} INFO - Started process (PID=8238) to work on /opt/airflow/dags/weather_etl.py
[2026-09-26T02:04:33.982+0000] {processor.py:914} INFO - Processing file /opt/airflow/dags/weather_etl.py for tasks to queue
[2026-09-26T02:04:33.983+0000] {logging_mixin.py:190} INFO - [2026-09-26T02:04:33.983+0000] {dagbag.py:587} INFO - Filling up the DagBag from /opt/airflow/dags/weather_etl.py
[2026-09-26T02:04:34.063+0000] {processor.py:925} INFO - DAG(s) 'weather_etl' retrieved from /opt/airflow/dags/weather_etl.py
[2026-09-26T02:04:34.080+0000] {logging_mixin.py:190} INFO - [2026-09-26T02:04:34.079+0000] {dag.py:3229} INFO - Sync 1 DAGs
[2026-09-26T02:04:34.113+0000] {logging_mixin.py:190} INFO - [2026-09-26T02:04:34.112+0000] {dag.py:4156} INFO - Setting next_dagrun for weather_etl to 2026-09-25 02:30:00+00:00, run_after=2026-09-26 02:30:00+00:00
[2026-09-26T02:04:34.129+0000] {processor.py:208} INFO - Processing /opt/airflow/dags/weather_etl.py took 0.180 seconds
[2026-09-26T02:05:04.620+0000] {processor.py:186} INFO - Started process (PID=8254) to work on /opt/airflow/dags/weather_etl.py
[2026-09-26T02:05:04.622+0000] {processor.py:914} INFO - Processing file /opt/airflow/dags/weather_etl.py for tasks to queue
[2026-09-26T02:05:04.624+0000] {logging_mixin.py:190} INFO - [2026-09-26T02:05:04.624+0000] {dagbag.py:587} INFO - Filling up the DagBag from /opt/airflow/dags/weather_etl.py
[2026-09-26T02:05:04.664+0000] {processor.py:925} INFO - DAG(s) 'weather_etl' retrieved from /opt/airflow/dags/weather_etl.py
[2026-09-26T02:05:04.679+0000] {logging_mixin.py:190} INFO - [2026-09-26T02:05:04.679+0000] {dag.py:3229} INFO - Sync 1 DAGs
[2026-09-26T02:05:04.695+0000] {logging_mixin.py:190} INFO - [2026-09-26T02:05:04.694+0000] {dag.py:4156} INFO - Setting next_dagrun for weather_etl to 2026-09-25 02:30:00+00:00, run_after=2026-09-26 02:30:00+00:00
[2026-09-26T02:05:04.709+0000] {processor.py:208} INFO - Processing /opt/airflow/dags/weather_etl.py took 0.102 seconds
[2026-09-26T02:05:35.120+0000] {processor.py:186} INFO - Started process (PID=8270) to work on /opt/airflow/dags/weather_etl.py
[2026-09-26T02:05:35.123+0000] {processor.py:914} INFO - Processing file /opt/airflow/dags/weather_etl.py for tasks to queue
[2026-09-26T02:05:35.125+0000] {logging_mixin.py:190} INFO - [2026-09-26T02:05:35.125+0000] {dagbag.py:587} INFO - Filling up the DagBag from /opt/airflow/dags/weather_etl.py
[2026-09-26T02:05:35.172+0000] {processor.py:925} INFO - DAG(s) 'weather_etl' retrieved from /opt/airflow/dags/weather_etl.py
[2026-09-26T02:05:35.188+0000] {logging_mixin.py:190} INFO - [2026-09-26T02:05:35.187+0000] {dag.py:3229} INFO - Sync 1 DAGs
[2026-09-26T02:05:35.208+0000] {logging_mixin.py:190} INFO - [2026-09-26T02:05:35.208+0000] {dag.py:4156} INFO - Setting next_dagrun for weather_etl to 2026-09-25 02:30:00+00:00, run_after=2026-09-26 02:30:00+00:00
[2026-09-26T02:05:35.222+0000] {processor.py:208} INFO - Processing /opt/airflow/dags/weather_etl.py took 0.118 seconds
[2026-09-26T02:06:05.556+0000] {processor.py:186} INFO - Started process (PID=8286) to work on /opt/airflow/dags/weather_etl.py
[2026-09-26T02:06:05.558+0000] {processor.py:914} INFO - Processing file /opt/airflow/dags/weather_etl.py for tasks to queue
[2026-09-26T02:06:05.559+0000] {logging_mixin.py:190} INFO - [2026-09-26T02:06:05.559+0000] {dagbag.py:587} INFO - Filling up the DagBag from /opt/airflow/dags/weather_etl.py
[2026-09-26T02:06:05.592+0000] {processor.py:925} INFO - DAG(s) 'weather_etl' retrieved from /opt/airflow/dags/weather_etl.py
[2026-09-26T02:06:05.601+0000] {logging_mixin.py:190} INFO - [2026-09-26T02:06:05.601+0000] {dag.py:3229} INFO - Sync 1 DAGs
[2026-09-26T02:06:05.615+0000] {logging_mixin.py:190} INFO - [2026-09-26T02:06:05.615+0000] {dag.py:4156} INFO - Setting next_dagrun for weather_etl to 2026-09-25 02:30:00+00:00, run_after=2026-09-26 02:30:00+00:00
[2026-09-26T02:06:05.628+0000] {processor.py:208} INFO - Processing /opt/airflow/dags/weather_etl.py took 0.080 seconds
[2026-09-26T02:06:36.007+0000] {processor.py:186} INFO - Started process (PID=8302) to work on /opt/airflow/dags/weather_etl.py
[2026-09-26T02:06:36.009+0000] {processor.py:914} INFO - Processing file /opt/airflow/dags/weather_etl.py for tasks to queue
[2026-09-26T02:06:36.010+0000] {logging_mixin.py:190} INFO - [2026-09-26T02:06:36.010+0000] {dagbag.py:587} INFO - Filling up the DagBag from /opt/airflow/dags/weather_etl.py
[2026-09-26T02:06:36.037+0000] {processor.py:925} INFO - DAG(s) 'weather_etl' retrieved from /opt/airflow/dags/weather_etl.py
[2026-09-26T02:06:36.044+0000] {logging_mixin.py:190} INFO - [2026-09-26T02:06:36.044+0000] {dag.py:3229} INFO - Sync 1 DAGs
[2026-09-26T02:06:36.061+0000] {logging_mixin.py:190} INFO - [2026-09-26T02:06:36.061+0000] {dag.py:4156} INFO - Setting next_dagrun for weather_etl to 2026-09-25 02:30:00+00:00, run_after=2026-09-26 02:30:00+00:00
[2026-09-26T02:06:36.072+0000] {processor.py:208} INFO - Processing /opt/airflow/dags/weather_etl.py took 0.071 seconds
[2026-09-26T02:07:06.399+0000] {processor.py:186} INFO - Started process (PID=8318) to work on /opt/airflow/dags/weather_etl.py
[2026-09-26T02:07:06.402+0000] {processor.py:914} INFO - Processing file /opt/airflow/dags/weather_etl.py for tasks to queue
[2026-09-26T02:07:06.405+0000] {logging_mixin.py:190} INFO - [2026-09-26T02:07:06.405+0000] {dagbag.py:587} INFO - Filling up the DagBag from /opt/airflow/dags/weather_etl.py
[2026-09-26T02:07:06.452+0000] {processor.py:925} INFO - DAG(s) 'weather_etl' retrieved from /opt/airflow/dags/weather_etl.py
[2026-09-26T02:07:06.467+0000] {logging_mixin.py:190} INFO - [2026-09-26T02:07:06.467+0000] {dag.py:3229} INFO - Sync 1 DAGs
[2026-09-26T02:07:06.488+0000] {logging_mixin.py:190} INFO - [2026-09-26T02:07:06.488+0000] {dag.py:4156} INFO - Setting next_dagrun for weather_etl to 2026-09-25 02:30:00+00:00, run_after=2026-09-26 02:30:00+00:00
[2026-09-26T02:07:06.504+0000] {processor.py:208} INFO - Processing /opt/airflow/dags/weather_etl.py took 0.114 seconds
[2026-09-26T02:07:36.904+0000] {processor.py:186} INFO - Started process (PID=8334) to work on /opt/airflow/dags/weather_etl.py
[2026-09-26T02:07:36.906+0000] {processor.py:914} INFO - Processing file /opt/airflow/dags/weather_etl.py for tasks to queue
[2026-09-26T02:07:36.907+0000] {logging_mixin.py:190} INFO - [2026-09-26T02:07:36.907+0000] {dagbag.py:587} INFO - Filling up the DagBag from /opt/airflow/dags/weather_etl.py
[2026-09-26T02:07:36.937+0000] {processor.py:925} INFO - DAG(s) 'weather_etl' retrieved from /opt/airflow/dags/weather_etl.py
[2026-09-26T02:07:36.949+0000] {logging_mixin.py:190} INFO - [2026-09-26T02:07:36.949+0000] {dag.py:3229} INFO - Sync 1 DAGs
[2026-09-26T02:07:36.964+0000] {logging_mixin.py:190} INFO - [2026-09-26T02:07:36.963+0000] {dag.py:4156} INFO - Setting next_dagrun for weather_etl to 2026-09-25 02:30:00+00:00, run_after=2026-09-26 02:30:00+00:00
[2026-09-26T02:07:36.978+0000] {processor.py:208} INFO - Processing /opt/airflow/dags/weather_etl.py took 0.082 seconds
[2026-09-26T02:08:07.338+0000] {processor.py:186} INFO - Started process (PID=8350) to work on /opt/airflow/dags/weather_etl.py
[2026-09-26T02:08:07.340+0000] {processor.py:914} INFO - Processing file /opt/airflow/dags/weather_etl.py for tasks to queue
[2026-09-26T02:08:07.342+0000] {logging_mixin.py:190} INFO - [2026-09-26T02:08:07.341+0000] {dagbag.py:587} INFO - Filling up the DagBag from /opt/airflow/dags/weather_etl.py
[2026-09-26T02:08:07.391+0000] {processor.py:925} INFO - DAG(s) 'weather_etl' retrieved from /opt/airflow/dags/weather_etl.py
[2026-09-26T02:08:07.407+0000] {logging_mixin.py:190} INFO - [2026-09-26T02:08:07.407+0000] {dag.py:3229} INFO - Sync 1 DAGs
[2026-09-26T02:08:07.429+0000] {logging_mixin.py:190} INFO - [2026-09-26T02:08:07.429+0000] {dag.py:4156} INFO - Setting next_dagrun for weather_etl to 2026-09-25 02:30:00+00:00, run_after=2026-09-26 02:30:00+00:00
[2026-09-26T02:08:07.446+0000] {processor.py:208} INFO - Processing /opt/airflow/dags/weather_etl.py took 0.116 seconds
[2026-09-26T02:08:37.850+0000] {processor.py:186} INFO - Started process (PID=8366) to work on /opt/airflow/dags/weather_etl.py
[2026-09-26T02:08:37.852+0000] {processor.py:914} INFO - Processing file /opt/airflow/dags/weather_etl.py for tasks to queue
[2026-09-26T02:08:37.853+0000] {logging_mixin.py:190} INFO - [2026-09-26T02:08:37.853+0000] {dagbag.py:587} INFO - Filling up the DagBag from /opt/airflow/dags/weather_etl.py
[2026-09-26T02:08:37.878+0000] {processor.py:925} INFO - DAG(s) 'weather_etl' retrieved from /opt/airflow/dags/weather_etl.py
[2026-09-26T02:08:37.889+0000] {logging_mixin.py:190} INFO - [2026-09-26T02:08:37.889+0000] {dag.py:3229} INFO - Sync 1 DAGs
[2026-09-26T02:08:37.900+0000] {logging_mixin.py:190} INFO - [2026-09-26T02:08:37.900+0000] {dag.py:4156} INFO - Setting next_dagrun for weather_etl to 2026-09-25 02:30:00+00:00, run_after=2026-09-26 02:30:00+00:00
[2026-09-26T02:08:37.914+0000] {processor.py:208} INFO - Processing /opt/airflow/dags/weather_etl.py took 0.069 seconds
[2026-09-26T02:09:08.302+0000] {processor.py:186} INFO - Started process (PID=8382) to work on /opt/airflow/dags/weather_etl.py
[2026-09-26T02:09:08.305+0000] {processor.py:914} INFO - Processing file /opt/airflow/dags/weather_etl.py for tasks to queue
[2026-09-26T02:09:08.306+0000] {logging_mixin.py:190} INFO - [2026-09-26T02:09:08.306+0000] {dagbag.py:587} INFO - Filling up the DagBag from /opt/airflow/dags/weather_etl.py
[2026-09-26T02:09:08.339+0000] {processor.py:925} INFO - DAG(s) 'weather_etl' retrieved from /opt/airflow/dags/weather_etl.py
[2026-09-26T02:09:08.349+0000] {logging_mixin.py:190} INFO - [2026-09-26T02:09:08.348+0000] {dag.py:3229} INFO - Sync 1 DAGs
[2026-09-26T02:09:08.366+0000] {logging_mixin.py:190} INFO - [2026-09-26T02:09:08.366+0000] {dag.py:4156} INFO - Setting next_dagrun for weather_etl to 2026-09-25 02:30:00+00:00, run_after=2026-09-26 02:30:00+00:00
[2026-09-26T02:09:08.377+0000] {processor.py:208} INFO - Processing /opt/airflow/dags/weather_etl.py took 0.081 seconds
[2026-09-26T02:09:38.739+0000] {processor.py:186} INFO - Started process (PID=8398) to work on /opt/airflow/dags/weather_etl.py
[2026-09-26T02:09:38.740+0000] {processor.py:914} INFO - Processing file /opt/airflow/dags/weather_etl.py for tasks to queue
[2026-09-26T02:09:38.742+0000] {logging_mixin.py:190} INFO - [2026-09-26T02:09:38.742+0000] {dagbag.py:587} INFO - Filling up the DagBag from /opt/airflow/dags/weather_etl.py
[2026-09-26T02:09:38.768+0000] {processor.py:925} INFO - DAG(s) 'weather_etl' retrieved from /opt/airflow/dags/weather_etl.py
[2026-09-26T02:09:38.779+0000] {logging_mixin.py:190} INFO - [2026-09-26T02:09:38.779+0000] {dag.py:3229} INFO - Sync 1 DAGs
[2026-09-26T02:09:38.793+0000] {logging_mixin.py:190} INFO - [2026-09-26T02:09:38.793+0000] {dag.py:4156} INFO - Setting next_dagrun for weather_etl to 2026-09-25 02:30:00+00:00, run_after=2026-09-26 02:30:00+00:00
[2026-09-26T02:09:38.804+0000] {processor.py:208} INFO - Processing /opt/airflow/dags/weather_etl.py took 0.073 seconds
[2026-09-26T02:10:09.176+0000] {processor.py:186} INFO - Started process (PID=8414) to work on /opt/airflow/dags/weather_etl.py
[2026-09-26T02:10:09.179+0000] {processor.py:914} INFO - Processing file /opt/airflow/dags/weather_etl.py for tasks to queue
[2026-09-26T02:10:09.180+0000] {logging_mixin.py:190} INFO - [2026-09-26T02:10:09.179+0000] {dagbag.py:587} INFO - Filling up the DagBag from /opt/airflow/dags/weather_etl.py
[2026-09-26T02:10:09.204+0000] {processor.py:925} INFO - DAG(s) 'weather_etl' retrieved from /opt/airflow/dags/weather_etl.py
[2026-09-26T02:10:09.212+0000] {logging_mixin.py:190} INFO - [2026-09-26T02:10:09.212+0000] {dag.py:3229} INFO - Sync 1 DAGs
[2026-09-26T02:10:09.224+0000] {logging_mixin.py:190} INFO - [2026-09-26T02:10:09.224+0000] {dag.py:4156} INFO - Setting next_dagrun for weather_etl to 2026-09-25 02:30:00+00:00, run_after=2026-09-26 02:30:00+00:00
[2026-09-26T02:10:09.236+0000] {processor.py:208} INFO - Processing /opt/airflow/dags/weather_etl.py took 0.067 seconds
[2026-09-26T02:10:39.566+0000] {processor.py:186} INFO - Started process (PID=8430) to work on /opt/airflow/dags/weather_etl.py
[2026-09-26T02:10:39.569+0000] {processor.py:914} INFO - Processing file /opt/airflow/dags/weather_etl.py for tasks to queue
[2026-09-26T02:10:39.571+0000] {logging_mixin.py:190} INFO - [2026-09-26T02:10:39.570+0000] {dagbag.py:587} INFO - Filling up the DagBag from /opt/airflow/dags/weather_etl.py
[2026-09-26T02:10:39.595+0000] {processor.py:925} INFO - DAG(s) 'weather_etl' retrieved from /opt/airflow/dags/weather_etl.py
[2026-09-26T02:10:39.608+0000] {logging_mixin.py:190} INFO - [2026-09-26T02:10:39.608+0000] {dag.py:3229} INFO - Sync 1 DAGs
[2026-09-26T02:10:39.622+0000] {logging_mixin.py:190} INFO - [2026-09-26T02:10:39.622+0000] {dag.py:4156} INFO - Setting next_dagrun for weather_etl to 2026-09-25 02:30:00+00:00, run_after=2026-09-26 02:30:00+00:00
[2026-09-26T02:10:39.633+0000] {processor.py:208} INFO - Processing /opt/airflow/dags/weather_etl.py took 0.076 seconds
[2026-09-26T02:11:09.981+0000] {processor.py:186} INFO - Started process (PID=8446) to work on /opt/airflow/dags/weather_etl.py
[2026-09-26T02:11:09.984+0000] {processor.py:914} INFO - Processing file /opt/airflow/dags/weather_etl.py for tasks to queue
[2026-09-26T02:11:09.988+0000] {logging_mixin.py:190} INFO - [2026-09-26T02:11:09.988+0000] {dagbag.py:587} INFO - Filling up the DagBag from /opt/airflow/dags/weather_etl.py
[2026-09-26T02:11:10.027+0000] {processor.py:925} INFO - DAG(s) 'weather_etl' retrieved from /opt/airflow/dags/weather_etl.py
[2026-09-26T02:11:10.050+0000] {logging_mixin.py:190} INFO - [2026-09-26T02:11:10.049+0000] {dag.py:3229} INFO - Sync 1 DAGs
[2026-09-26T02:11:10.070+0000] {logging_mixin.py:190} INFO - [2026-09-26T02:11:10.070+0000] {dag.py:4156} INFO - Setting next_dagrun for weather_etl to 2026-09-25 02:30:00+00:00, run_after=2026-09-26 02:30:00+00:00
[2026-09-26T02:11:10.091+0000] {processor.py:208} INFO - Processing /opt/airflow/dags/weather_etl.py took 0.122 seconds
[2026-09-26T02:11:40.480+0000] {processor.py:186} INFO - Started process (PID=8462) to work on /opt/airflow/dags/weather_etl.py
[2026-09-26T02:11:40.488+0000] {processor.py:914} INFO - Processing file /opt/airflow/dags/weather_etl.py for tasks to queue
[2026-09-26T02:11:40.490+0000] {logging_mixin.py:190} INFO - [2026-09-26T02:11:40.490+0000] {dagbag.py:587} INFO - Filling up the DagBag from /opt/airflow/dags/weather_etl.py
[2026-09-26T02:11:40.549+0000] {processor.py:925} INFO - DAG(s) 'weather_etl' retrieved from /opt/airflow/dags/weather_etl.py
[2026-09-26T02:11:40.570+0000] {logging_mixin.py:190} INFO - [2026-09-26T02:11:40.570+0000] {dag.py:3229} INFO - Sync 1 DAGs
[2026-09-26T02:11:40.604+0000] {logging_mixin.py:190} INFO - [2026-09-26T02:11:40.604+0000] {dag.py:4156} INFO - Setting next_dagrun for weather_etl to 2026-09-25 02:30:00+00:00, run_after=2026-09-26 02:30:00+00:00
[2026-09-26T02:11:40.626+0000] {processor.py:208} INFO - Processing /opt/airflow/dags/weather_etl.py took 0.172 seconds
[2026-09-26T02:12:11.054+0000] {processor.py:186} INFO - Started process (PID=8478) to work on /opt/airflow/dags/weather_etl.py
[2026-09-26T02:12:11.057+0000] {processor.py:914} INFO - Processing file /opt/airflow/dags/weather_etl.py for tasks to queue
[2026-09-26T02:12:11.061+0000] {logging_mixin.py:190} INFO - [2026-09-26T02:12:11.059+0000] {dagbag.py:587} INFO - Filling up the DagBag from /opt/airflow/dags/weather_etl.py
[2026-09-26T02:12:11.121+0000] {processor.py:925} INFO - DAG(s) 'weather_etl' retrieved from /opt/airflow/dags/weather_etl.py
[2026-09-26T02:12:11.144+0000] {logging_mixin.py:190} INFO - [2026-09-26T02:12:11.144+0000] {dag.py:3229} INFO - Sync 1 DAGs
[2026-09-26T02:12:11.165+0000] {logging_mixin.py:190} INFO - [2026-09-26T02:12:11.165+0000] {dag.py:4156} INFO - Setting next_dagrun for weather_etl to 2026-09-25 02:30:00+00:00, run_after=2026-09-26 02:30:00+00:00
[2026-09-26T02:12:11.178+0000] {processor.py:208} INFO - Processing /opt/airflow/dags/weather_etl.py took 0.147 seconds
[2026-09-26T02:12:41.478+0000] {processor.py:186} INFO - Started process (PID=8494) to work on /opt/airflow/dags/weather_etl.py
[2026-09-26T02:12:41.481+0000] {processor.py:914} INFO - Processing file /opt/airflow/dags/weather_etl.py for tasks to queue
[2026-09-26T02:12:41.483+0000] {logging_mixin.py:190} INFO - [2026-09-26T02:12:41.483+0000] {dagbag.py:587} INFO - Filling up the DagBag from /opt/airflow/dags/weather_etl.py
[2026-09-26T02:12:41.535+0000] {processor.py:925} INFO - DAG(s) 'weather_etl' retrieved from /opt/airflow/dags/weather_etl.py
[2026-09-26T02:12:41.552+0000] {logging_mixin.py:190} INFO - [2026-09-26T02:12:41.552+0000] {dag.py:3229} INFO - Sync 1 DAGs
[2026-09-26T02:12:41.583+0000] {logging_mixin.py:190} INFO - [2026-09-26T02:12:41.583+0000] {dag.py:4156} INFO - Setting next_dagrun for weather_etl to 2026-09-25 02:30:00+00:00, run_after=2026-09-26 02:30:00+00:00
[2026-09-26T02:12:41.601+0000] {processor.py:208} INFO - Processing /opt/airflow/dags/weather_etl.py took 0.133 seconds
[2026-09-26T02:13:12.020+0000] {processor.py:186} INFO - Started process (PID=8510) to work on /opt/airflow/dags/weather_etl.py
[2026-09-26T02:13:12.023+0000] {processor.py:914} INFO - Processing file /opt/airflow/dags/weather_etl.py for tasks to queue
[2026-09-26T02:13:12.025+0000] {logging_mixin.py:190} INFO - [2026-09-26T02:13:12.025+0000] {dagbag.py:587} INFO - Filling up the DagBag from /opt/airflow/dags/weather_etl.py
[2026-09-26T02:13:12.060+0000] {processor.py:925} INFO - DAG(s) 'weather_etl' retrieved from /opt/airflow/dags/weather_etl.py
[2026-09-26T02:13:12.073+0000] {logging_mixin.py:190} INFO - [2026-09-26T02:13:12.073+0000] {dag.py:3229} INFO - Sync 1 DAGs
[2026-09-26T02:13:12.091+0000] {logging_mixin.py:190} INFO - [2026-09-26T02:13:12.091+0000] {dag.py:4156} INFO - Setting next_dagrun for weather_etl to 2026-09-25 02:30:00+00:00, run_after=2026-09-26 02:30:00+00:00
[2026-09-26T02:13:12.105+0000] {processor.py:208} INFO - Processing /opt/airflow/dags/weather_etl.py took 0.095 seconds
[2026-09-26T02:13:42.680+0000] {processor.py:186} INFO - Started process (PID=8526) to work on /opt/airflow/dags/weather_etl.py
[2026-09-26T02:13:42.690+0000] {processor.py:914} INFO - Processing file /opt/airflow/dags/weather_etl.py for tasks to queue
[2026-09-26T02:13:42.702+0000] {logging_mixin.py:190} INFO - [2026-09-26T02:13:42.701+0000] {dagbag.py:587} INFO - Filling up the DagBag from /opt/airflow/dags/weather_etl.py
[2026-09-26T02:13:42.835+0000] {processor.py:925} INFO - DAG(s) 'weather_etl' retrieved from /opt/airflow/dags/weather_etl.py
[2026-09-26T02:13:42.856+0000] {logging_mixin.py:190} INFO - [2026-09-26T02:13:42.856+0000] {dag.py:3229} INFO - Sync 1 DAGs
[2026-09-26T02:13:42.888+0000] {logging_mixin.py:190} INFO - [2026-09-26T02:13:42.888+0000] {dag.py:4156} INFO - Setting next_dagrun for weather_etl to 2026-09-25 02:30:00+00:00, run_after=2026-09-26 02:30:00+00:00
[2026-09-26T02:13:42.906+0000] {processor.py:208} INFO - Processing /opt/airflow/dags/weather_etl.py took 0.266 seconds
[2026-09-26T02:14:13.316+0000] {processor.py:186} INFO - Started process (PID=8542) to work on /opt/airflow/dags/weather_etl.py
[2026-09-26T02:14:13.320+0000] {processor.py:914} INFO - Processing file /opt/airflow/dags/weather_etl.py for tasks to queue
[2026-09-26T02:14:13.322+0000] {logging_mixin.py:190} INFO - [2026-09-26T02:14:13.321+0000] {dagbag.py:587} INFO - Filling up the DagBag from /opt/airflow/dags/weather_etl.py
[2026-09-26T02:14:13.380+0000] {processor.py:925} INFO - DAG(s) 'weather_etl' retrieved from /opt/airflow/dags/weather_etl.py
[2026-09-26T02:14:13.397+0000] {logging_mixin.py:190} INFO - [2026-09-26T02:14:13.397+0000] {dag.py:3229} INFO - Sync 1 DAGs
[2026-09-26T02:14:13.425+0000] {logging_mixin.py:190} INFO - [2026-09-26T02:14:13.425+0000] {dag.py:4156} INFO - Setting next_dagrun for weather_etl to 2026-09-25 02:30:00+00:00, run_after=2026-09-26 02:30:00+00:00
[2026-09-26T02:14:13.440+0000] {processor.py:208} INFO - Processing /opt/airflow/dags/weather_etl.py took 0.141 seconds
[2026-09-26T02:14:43.827+0000] {processor.py:186} INFO - Started process (PID=8558) to work on /opt/airflow/dags/weather_etl.py
[2026-09-26T02:14:43.831+0000] {processor.py:914} INFO - Processing file /opt/airflow/dags/weather_etl.py for tasks to queue
[2026-09-26T02:14:43.833+0000] {logging_mixin.py:190} INFO - [2026-09-26T02:14:43.832+0000] {dagbag.py:587} INFO - Filling up the DagBag from /opt/airflow/dags/weather_etl.py
[2026-09-26T02:14:43.870+0000] {processor.py:925} INFO - DAG(s) 'weather_etl' retrieved from /opt/airflow/dags/weather_etl.py
[2026-09-26T02:14:43.880+0000] {logging_mixin.py:190} INFO - [2026-09-26T02:14:43.880+0000] {dag.py:3229} INFO - Sync 1 DAGs
[2026-09-26T02:14:43.899+0000] {logging_mixin.py:190} INFO - [2026-09-26T02:14:43.899+0000] {dag.py:4156} INFO - Setting next_dagrun for weather_etl to 2026-09-25 02:30:00+00:00, run_after=2026-09-26 02:30:00+00:00
[2026-09-26T02:14:43.910+0000] {processor.py:208} INFO - Processing /opt/airflow/dags/weather_etl.py took 0.091 seconds
[2026-09-26T02:15:14.308+0000] {processor.py:186} INFO - Started process (PID=8574) to work on /opt/airflow/dags/weather_etl.py
[2026-09-26T02:15:14.313+0000] {processor.py:914} INFO - Processing file /opt/airflow/dags/weather_etl.py for tasks to queue
[2026-09-26T02:15:14.314+0000] {logging_mixin.py:190} INFO - [2026-09-26T02:15:14.314+0000] {dagbag.py:587} INFO - Filling up the DagBag from /opt/airflow/dags/weather_etl.py
[2026-09-26T02:15:14.350+0000] {processor.py:925} INFO - DAG(s) 'weather_etl' retrieved from /opt/airflow/dags/weather_etl.py
[2026-09-26T02:15:14.365+0000] {logging_mixin.py:190} INFO - [2026-09-26T02:15:14.365+0000] {dag.py:3229} INFO - Sync 1 DAGs
[2026-09-26T02:15:14.385+0000] {logging_mixin.py:190} INFO - [2026-09-26T02:15:14.385+0000] {dag.py:4156} INFO - Setting next_dagrun for weather_etl to 2026-09-25 02:30:00+00:00, run_after=2026-09-26 02:30:00+00:00
[2026-09-26T02:15:14.395+0000] {processor.py:208} INFO - Processing /opt/airflow/dags/weather_etl.py took 0.097 seconds
[2026-09-26T02:15:44.796+0000] {processor.py:186} INFO - Started process (PID=8590) to work on /opt/airflow/dags/weather_etl.py
[2026-09-26T02:15:44.798+0000] {processor.py:914} INFO - Processing file /opt/airflow/dags/weather_etl.py for tasks to queue
[2026-09-26T02:15:44.799+0000] {logging_mixin.py:190} INFO - [2026-09-26T02:15:44.799+0000] {dagbag.py:587} INFO - Filling up the DagBag from /opt/airflow/dags/weather_etl.py
[2026-09-26T02:15:44.828+0000] {processor.py:925} INFO - DAG(s) 'weather_etl' retrieved from /opt/airflow/dags/weather_etl.py
[2026-09-26T02:15:44.839+0000] {logging_mixin.py:190} INFO - [2026-09-26T02:15:44.835+0000] {dag.py:3229} INFO - Sync 1 DAGs
[2026-09-26T02:15:44.852+0000] {logging_mixin.py:190} INFO - [2026-09-26T02:15:44.852+0000] {dag.py:4156} INFO - Setting next_dagrun for weather_etl to 2026-09-25 02:30:00+00:00, run_after=2026-09-26 02:30:00+00:00
[2026-09-26T02:15:44.866+0000] {processor.py:208} INFO - Processing /opt/airflow/dags/weather_etl.py took 0.078 seconds
[2026-09-26T02:16:15.215+0000] {processor.py:186} INFO - Started process (PID=8606) to work on /opt/airflow/dags/weather_etl.py
[2026-09-26T02:16:15.217+0000] {processor.py:914} INFO - Processing file /opt/airflow/dags/weather_etl.py for tasks to queue
[2026-09-26T02:16:15.218+0000] {logging_mixin.py:190} INFO - [2026-09-26T02:16:15.218+0000] {dagbag.py:587} INFO - Filling up the DagBag from /opt/airflow/dags/weather_etl.py
[2026-09-26T02:16:15.259+0000] {processor.py:925} INFO - DAG(s) 'weather_etl' retrieved from /opt/airflow/dags/weather_etl.py
[2026-09-26T02:16:15.273+0000] {logging_mixin.py:190} INFO - [2026-09-26T02:16:15.273+0000] {dag.py:3229} INFO - Sync 1 DAGs
[2026-09-26T02:16:15.294+0000] {logging_mixin.py:190} INFO - [2026-09-26T02:16:15.294+0000] {dag.py:4156} INFO - Setting next_dagrun for weather_etl to 2026-09-25 02:30:00+00:00, run_after=2026-09-26 02:30:00+00:00
[2026-09-26T02:16:15.318+0000] {processor.py:208} INFO - Processing /opt/airflow/dags/weather_etl.py took 0.112 seconds
[2026-09-26T02:16:45.654+0000] {processor.py:186} INFO - Started process (PID=8622) to work on /opt/airflow/dags/weather_etl.py
[2026-09-26T02:16:45.657+0000] {processor.py:914} INFO - Processing file /opt/airflow/dags/weather_etl.py for tasks to queue
[2026-09-26T02:16:45.659+0000] {logging_mixin.py:190} INFO - [2026-09-26T02:16:45.659+0000] {dagbag.py:587} INFO - Filling up the DagBag from /opt/airflow/dags/weather_etl.py
[2026-09-26T02:16:45.696+0000] {processor.py:925} INFO - DAG(s) 'weather_etl' retrieved from /opt/airflow/dags/weather_etl.py
[2026-09-26T02:16:45.704+0000] {logging_mixin.py:190} INFO - [2026-09-26T02:16:45.704+0000] {dag.py:3229} INFO - Sync 1 DAGs
[2026-09-26T02:16:45.718+0000] {logging_mixin.py:190} INFO - [2026-09-26T02:16:45.718+0000] {dag.py:4156} INFO - Setting next_dagrun for weather_etl to 2026-09-25 02:30:00+00:00, run_after=2026-09-26 02:30:00+00:00
[2026-09-26T02:16:45.729+0000] {processor.py:208} INFO - Processing /opt/airflow/dags/weather_etl.py took 0.085 seconds
[2026-09-26T02:17:16.156+0000] {processor.py:186} INFO - Started process (PID=8638) to work on /opt/airflow/dags/weather_etl.py
[2026-09-26T02:17:16.160+0000] {processor.py:914} INFO - Processing file /opt/airflow/dags/weather_etl.py for tasks to queue
[2026-09-26T02:17:16.162+0000] {logging_mixin.py:190} INFO - [2026-09-26T02:17:16.161+0000] {dagbag.py:587} INFO - Filling up the DagBag from /opt/airflow/dags/weather_etl.py
[2026-09-26T02:17:16.233+0000] {processor.py:925} INFO - DAG(s) 'weather_etl' retrieved from /opt/airflow/dags/weather_etl.py
[2026-09-26T02:17:16.253+0000] {logging_mixin.py:190} INFO - [2026-09-26T02:17:16.253+0000] {dag.py:3229} INFO - Sync 1 DAGs
[2026-09-26T02:17:16.276+0000] {logging_mixin.py:190} INFO - [2026-09-26T02:17:16.276+0000] {dag.py:4156} INFO - Setting next_dagrun for weather_etl to 2026-09-25 02:30:00+00:00, run_after=2026-09-26 02:30:00+00:00
[2026-09-26T02:17:16.290+0000] {processor.py:208} INFO - Processing /opt/airflow/dags/weather_etl.py took 0.149 seconds
[2026-09-26T02:17:46.697+0000] {processor.py:186} INFO - Started process (PID=8654) to work on /opt/airflow/dags/weather_etl.py
[2026-09-26T02:17:46.699+0000] {processor.py:914} INFO - Processing file /opt/airflow/dags/weather_etl.py for tasks to queue
[2026-09-26T02:17:46.700+0000] {logging_mixin.py:190} INFO - [2026-09-26T02:17:46.700+0000] {dagbag.py:587} INFO - Filling up the DagBag from /opt/airflow/dags/weather_etl.py
[2026-09-26T02:17:46.732+0000] {processor.py:925} INFO - DAG(s) 'weather_etl' retrieved from /opt/airflow/dags/weather_etl.py
[2026-09-26T02:17:46.746+0000] {logging_mixin.py:190} INFO - [2026-09-26T02:17:46.746+0000] {dag.py:3229} INFO - Sync 1 DAGs
[2026-09-26T02:17:46.760+0000] {logging_mixin.py:190} INFO - [2026-09-26T02:17:46.760+0000] {dag.py:4156} INFO - Setting next_dagrun for weather_etl to 2026-09-25 02:30:00+00:00, run_after=2026-09-26 02:30:00+00:00
[2026-09-26T02:17:46.771+0000] {processor.py:208} INFO - Processing /opt/airflow/dags/weather_etl.py took 0.081 seconds
[2026-09-26T02:18:17.171+0000] {processor.py:186} INFO - Started process (PID=8670) to work on /opt/airflow/dags/weather_etl.py
[2026-09-26T02:18:17.173+0000] {processor.py:914} INFO - Processing file /opt/airflow/dags/weather_etl.py for tasks to queue
[2026-09-26T02:18:17.174+0000] {logging_mixin.py:190} INFO - [2026-09-26T02:18:17.174+0000] {dagbag.py:587} INFO - Filling up the DagBag from /opt/airflow/dags/weather_etl.py
[2026-09-26T02:18:17.200+0000] {processor.py:925} INFO - DAG(s) 'weather_etl' retrieved from /opt/airflow/dags/weather_etl.py
[2026-09-26T02:18:17.210+0000] {logging_mixin.py:190} INFO - [2026-09-26T02:18:17.210+0000] {dag.py:3229} INFO - Sync 1 DAGs
[2026-09-26T02:18:17.230+0000] {logging_mixin.py:190} INFO - [2026-09-26T02:18:17.230+0000] {dag.py:4156} INFO - Setting next_dagrun for weather_etl to 2026-09-25 02:30:00+00:00, run_after=2026-09-26 02:30:00+00:00
[2026-09-26T02:18:17.236+0000] {processor.py:208} INFO - Processing /opt/airflow/dags/weather_etl.py took 0.071 seconds
[2026-09-26T02:18:47.623+0000] {processor.py:186} INFO - Started process (PID=8686) to work on /opt/airflow/dags/weather_etl.py
[2026-09-26T02:18:47.626+0000] {processor.py:914} INFO - Processing file /opt/airflow/dags/weather_etl.py for tasks to queue
[2026-09-26T02:18:47.627+0000] {logging_mixin.py:190} INFO - [2026-09-26T02:18:47.626+0000] {dagbag.py:587} INFO - Filling up the DagBag from /opt/airflow/dags/weather_etl.py
[2026-09-26T02:18:47.652+0000] {processor.py:925} INFO - DAG(s) 'weather_etl' retrieved from /opt/airflow/dags/weather_etl.py
[2026-09-26T02:18:47.661+0000] {logging_mixin.py:190} INFO - [2026-09-26T02:18:47.661+0000] {dag.py:3229} INFO - Sync 1 DAGs
[2026-09-26T02:18:47.673+0000] {logging_mixin.py:190} INFO - [2026-09-26T02:18:47.673+0000] {dag.py:4156} INFO - Setting next_dagrun for weather_etl to 2026-09-25 02:30:00+00:00, run_after=2026-09-26 02:30:00+00:00
[2026-09-26T02:18:47.685+0000] {processor.py:208} INFO - Processing /opt/airflow/dags/weather_etl.py took 0.068 seconds
[2026-09-26T02:19:18.084+0000] {processor.py:186} INFO - Started process (PID=8702) to work on /opt/airflow/dags/weather_etl.py
[2026-09-26T02:19:18.088+0000] {processor.py:914} INFO - Processing file /opt/airflow/dags/weather_etl.py for tasks to queue
[2026-09-26T02:19:18.090+0000] {logging_mixin.py:190} INFO - [2026-09-26T02:19:18.090+0000] {dagbag.py:587} INFO - Filling up the DagBag from /opt/airflow/dags/weather_etl.py
[2026-09-26T02:19:18.119+0000] {processor.py:925} INFO - DAG(s) 'weather_etl' retrieved from /opt/airflow/dags/weather_etl.py
[2026-09-26T02:19:18.129+0000] {logging_mixin.py:190} INFO - [2026-09-26T02:19:18.128+0000] {dag.py:3229} INFO - Sync 1 DAGs
[2026-09-26T02:19:18.147+0000] {logging_mixin.py:190} INFO - [2026-09-26T02:19:18.147+0000] {dag.py:4156} INFO - Setting next_dagrun for weather_etl to 2026-09-25 02:30:00+00:00, run_after=2026-09-26 02:30:00+00:00
[2026-09-26T02:19:18.160+0000] {processor.py:208} INFO - Processing /opt/airflow/dags/weather_etl.py took 0.085 seconds
[2026-09-26T02:19:48.581+0000] {processor.py:186} INFO - Started process (PID=8718) to work on /opt/airflow/dags/weather_etl.py
[2026-09-26T02:19:48.583+0000] {processor.py:914} INFO - Processing file /opt/airflow/dags/weather_etl.py for tasks to queue
[2026-09-26T02:19:48.584+0000] {logging_mixin.py:190} INFO - [2026-09-26T02:19:48.584+0000] {dagbag.py:587} INFO - Filling up the DagBag from /opt/airflow/dags/weather_etl.py
[2026-09-26T02:19:48.611+0000] {processor.py:925} INFO - DAG(s) 'weather_etl' retrieved from /opt/airflow/dags/weather_etl.py
[2026-09-26T02:19:48.627+0000] {logging_mixin.py:190} INFO - [2026-09-26T02:19:48.627+0000] {dag.py:3229} INFO - Sync 1 DAGs
[2026-09-26T02:19:48.644+0000] {logging_mixin.py:190} INFO - [2026-09-26T02:19:48.644+0000] {dag.py:4156} INFO - Setting next_dagrun for weather_etl to 2026-09-25 02:30:00+00:00, run_after=2026-09-26 02:30:00+00:00
[2026-09-26T02:19:48.656+0000] {processor.py:208} INFO - Processing /opt/airflow/dags/weather_etl.py took 0.083 seconds
[2026-09-26T02:20:19.020+0000] {processor.py:186} INFO - Started process (PID=8734) to work on /opt/airflow/dags/weather_etl.py
[2026-09-26T02:20:19.023+0000] {processor.py:914} INFO - Processing file /opt/airflow/dags/weather_etl.py for tasks to queue
[2026-09-26T02:20:19.024+0000] {logging_mixin.py:190} INFO - [2026-09-26T02:20:19.024+0000] {dagbag.py:587} INFO - Filling up the DagBag from /opt/airflow/dags/weather_etl.py
[2026-09-26T02:20:19.044+0000] {processor.py:925} INFO - DAG(s) 'weather_etl' retrieved from /opt/airflow/dags/weather_etl.py
[2026-09-26T02:20:19.052+0000] {logging_mixin.py:190} INFO - [2026-09-26T02:20:19.052+0000] {dag.py:3229} INFO - Sync 1 DAGs
[2026-09-26T02:20:19.064+0000] {logging_mixin.py:190} INFO - [2026-09-26T02:20:19.064+0000] {dag.py:4156} INFO - Setting next_dagrun for weather_etl to 2026-09-25 02:30:00+00:00, run_after=2026-09-26 02:30:00+00:00
[2026-09-26T02:20:19.075+0000] {processor.py:208} INFO - Processing /opt/airflow/dags/weather_etl.py took 0.060 seconds
[2026-09-26T02:20:49.388+0000] {processor.py:186} INFO - Started process (PID=8750) to work on /opt/airflow/dags/weather_etl.py
[2026-09-26T02:20:49.391+0000] {processor.py:914} INFO - Processing file /opt/airflow/dags/weather_etl.py for tasks to queue
[2026-09-26T02:20:49.393+0000] {logging_mixin.py:190} INFO - [2026-09-26T02:20:49.393+0000] {dagbag.py:587} INFO - Filling up the DagBag from /opt/airflow/dags/weather_etl.py
[2026-09-26T02:20:49.420+0000] {processor.py:925} INFO - DAG(s) 'weather_etl' retrieved from /opt/airflow/dags/weather_etl.py
[2026-09-26T02:20:49.432+0000] {logging_mixin.py:190} INFO - [2026-09-26T02:20:49.432+0000] {dag.py:3229} INFO - Sync 1 DAGs
[2026-09-26T02:20:49.443+0000] {logging_mixin.py:190} INFO - [2026-09-26T02:20:49.443+0000] {dag.py:4156} INFO - Setting next_dagrun for weather_etl to 2026-09-25 02:30:00+00:00, run_after=2026-09-26 02:30:00+00:00
[2026-09-26T02:20:49.455+0000] {processor.py:208} INFO - Processing /opt/airflow/dags/weather_etl.py took 0.073 seconds
[2026-09-26T02:21:19.847+0000] {processor.py:186} INFO - Started process (PID=8766) to work on /opt/airflow/dags/weather_etl.py
[2026-09-26T02:21:19.850+0000] {processor.py:914} INFO - Processing file /opt/airflow/dags/weather_etl.py for tasks to queue
[2026-09-26T02:21:19.851+0000] {logging_mixin.py:190} INFO - [2026-09-26T02:21:19.851+0000] {dagbag.py:587} INFO - Filling up the DagBag from /opt/airflow/dags/weather_etl.py
[2026-09-26T02:21:19.881+0000] {processor.py:925} INFO - DAG(s) 'weather_etl' retrieved from /opt/airflow/dags/weather_etl.py
[2026-09-26T02:21:19.895+0000] {logging_mixin.py:190} INFO - [2026-09-26T02:21:19.895+0000] {dag.py:3229} INFO - Sync 1 DAGs
[2026-09-26T02:21:19.907+0000] {logging_mixin.py:190} INFO - [2026-09-26T02:21:19.907+0000] {dag.py:4156} INFO - Setting next_dagrun for weather_etl to 2026-09-25 02:30:00+00:00, run_after=2026-09-26 02:30:00+00:00
[2026-09-26T02:21:19.921+0000] {processor.py:208} INFO - Processing /opt/airflow/dags/weather_etl.py took 0.082 seconds
[2026-09-26T02:21:50.393+0000] {processor.py:186} INFO - Started process (PID=8782) to work on /opt/airflow/dags/weather_etl.py
[2026-09-26T02:21:50.398+0000] {processor.py:914} INFO - Processing file /opt/airflow/dags/weather_etl.py for tasks to queue
[2026-09-26T02:21:50.401+0000] {logging_mixin.py:190} INFO - [2026-09-26T02:21:50.401+0000] {dagbag.py:587} INFO - Filling up the DagBag from /opt/airflow/dags/weather_etl.py
[2026-09-26T02:21:50.448+0000] {processor.py:925} INFO - DAG(s) 'weather_etl' retrieved from /opt/airflow/dags/weather_etl.py
[2026-09-26T02:21:50.461+0000] {logging_mixin.py:190} INFO - [2026-09-26T02:21:50.461+0000] {dag.py:3229} INFO - Sync 1 DAGs
[2026-09-26T02:21:50.497+0000] {logging_mixin.py:190} INFO - [2026-09-26T02:21:50.496+0000] {dag.py:4156} INFO - Setting next_dagrun for weather_etl to 2026-09-25 02:30:00+00:00, run_after=2026-09-26 02:30:00+00:00
[2026-09-26T02:21:50.515+0000] {processor.py:208} INFO - Processing /opt/airflow/dags/weather_etl.py took 0.134 seconds
[2026-09-26T02:22:20.985+0000] {processor.py:186} INFO - Started process (PID=8798) to work on /opt/airflow/dags/weather_etl.py
[2026-09-26T02:22:20.986+0000] {processor.py:914} INFO - Processing file /opt/airflow/dags/weather_etl.py for tasks to queue
[2026-09-26T02:22:20.987+0000] {logging_mixin.py:190} INFO - [2026-09-26T02:22:20.987+0000] {dagbag.py:587} INFO - Filling up the DagBag from /opt/airflow/dags/weather_etl.py
[2026-09-26T02:22:21.012+0000] {processor.py:925} INFO - DAG(s) 'weather_etl' retrieved from /opt/airflow/dags/weather_etl.py
[2026-09-26T02:22:21.026+0000] {logging_mixin.py:190} INFO - [2026-09-26T02:22:21.025+0000] {dag.py:3229} INFO - Sync 1 DAGs
[2026-09-26T02:22:21.041+0000] {logging_mixin.py:190} INFO - [2026-09-26T02:22:21.041+0000] {dag.py:4156} INFO - Setting next_dagrun for weather_etl to 2026-09-25 02:30:00+00:00, run_after=2026-09-26 02:30:00+00:00
[2026-09-26T02:22:21.053+0000] {processor.py:208} INFO - Processing /opt/airflow/dags/weather_etl.py took 0.076 seconds
[2026-09-26T02:22:51.470+0000] {processor.py:186} INFO - Started process (PID=8814) to work on /opt/airflow/dags/weather_etl.py
[2026-09-26T02:22:51.473+0000] {processor.py:914} INFO - Processing file /opt/airflow/dags/weather_etl.py for tasks to queue
[2026-09-26T02:22:51.474+0000] {logging_mixin.py:190} INFO - [2026-09-26T02:22:51.474+0000] {dagbag.py:587} INFO - Filling up the DagBag from /opt/airflow/dags/weather_etl.py
[2026-09-26T02:22:51.504+0000] {processor.py:925} INFO - DAG(s) 'weather_etl' retrieved from /opt/airflow/dags/weather_etl.py
[2026-09-26T02:22:51.515+0000] {logging_mixin.py:190} INFO - [2026-09-26T02:22:51.515+0000] {dag.py:3229} INFO - Sync 1 DAGs
[2026-09-26T02:22:51.527+0000] {logging_mixin.py:190} INFO - [2026-09-26T02:22:51.527+0000] {dag.py:4156} INFO - Setting next_dagrun for weather_etl to 2026-09-25 02:30:00+00:00, run_after=2026-09-26 02:30:00+00:00
[2026-09-26T02:22:51.542+0000] {processor.py:208} INFO - Processing /opt/airflow/dags/weather_etl.py took 0.081 seconds
[2026-09-26T02:23:21.977+0000] {processor.py:186} INFO - Started process (PID=8830) to work on /opt/airflow/dags/weather_etl.py
[2026-09-26T02:23:21.979+0000] {processor.py:914} INFO - Processing file /opt/airflow/dags/weather_etl.py for tasks to queue
[2026-09-26T02:23:21.980+0000] {logging_mixin.py:190} INFO - [2026-09-26T02:23:21.980+0000] {dagbag.py:587} INFO - Filling up the DagBag from /opt/airflow/dags/weather_etl.py
[2026-09-26T02:23:22.008+0000] {processor.py:925} INFO - DAG(s) 'weather_etl' retrieved from /opt/airflow/dags/weather_etl.py
[2026-09-26T02:23:22.017+0000] {logging_mixin.py:190} INFO - [2026-09-26T02:23:22.017+0000] {dag.py:3229} INFO - Sync 1 DAGs
[2026-09-26T02:23:22.029+0000] {logging_mixin.py:190} INFO - [2026-09-26T02:23:22.029+0000] {dag.py:4156} INFO - Setting next_dagrun for weather_etl to 2026-09-25 02:30:00+00:00, run_after=2026-09-26 02:30:00+00:00
[2026-09-26T02:23:22.040+0000] {processor.py:208} INFO - Processing /opt/airflow/dags/weather_etl.py took 0.071 seconds
[2026-09-26T02:23:52.545+0000] {processor.py:186} INFO - Started process (PID=8846) to work on /opt/airflow/dags/weather_etl.py
[2026-09-26T02:23:52.547+0000] {processor.py:914} INFO - Processing file /opt/airflow/dags/weather_etl.py for tasks to queue
[2026-09-26T02:23:52.548+0000] {logging_mixin.py:190} INFO - [2026-09-26T02:23:52.547+0000] {dagbag.py:587} INFO - Filling up the DagBag from /opt/airflow/dags/weather_etl.py
[2026-09-26T02:23:52.575+0000] {processor.py:925} INFO - DAG(s) 'weather_etl' retrieved from /opt/airflow/dags/weather_etl.py
[2026-09-26T02:23:52.587+0000] {logging_mixin.py:190} INFO - [2026-09-26T02:23:52.587+0000] {dag.py:3229} INFO - Sync 1 DAGs
[2026-09-26T02:23:52.600+0000] {logging_mixin.py:190} INFO - [2026-09-26T02:23:52.600+0000] {dag.py:4156} INFO - Setting next_dagrun for weather_etl to 2026-09-25 02:30:00+00:00, run_after=2026-09-26 02:30:00+00:00
[2026-09-26T02:23:52.610+0000] {processor.py:208} INFO - Processing /opt/airflow/dags/weather_etl.py took 0.073 seconds
[2026-09-26T02:24:23.020+0000] {processor.py:186} INFO - Started process (PID=8862) to work on /opt/airflow/dags/weather_etl.py
[2026-09-26T02:24:23.022+0000] {processor.py:914} INFO - Processing file /opt/airflow/dags/weather_etl.py for tasks to queue
[2026-09-26T02:24:23.023+0000] {logging_mixin.py:190} INFO - [2026-09-26T02:24:23.023+0000] {dagbag.py:587} INFO - Filling up the DagBag from /opt/airflow/dags/weather_etl.py
[2026-09-26T02:24:23.053+0000] {processor.py:925} INFO - DAG(s) 'weather_etl' retrieved from /opt/airflow/dags/weather_etl.py
[2026-09-26T02:24:23.068+0000] {logging_mixin.py:190} INFO - [2026-09-26T02:24:23.068+0000] {dag.py:3229} INFO - Sync 1 DAGs
[2026-09-26T02:24:23.087+0000] {logging_mixin.py:190} INFO - [2026-09-26T02:24:23.087+0000] {dag.py:4156} INFO - Setting next_dagrun for weather_etl to 2026-09-25 02:30:00+00:00, run_after=2026-09-26 02:30:00+00:00
[2026-09-26T02:24:23.099+0000] {processor.py:208} INFO - Processing /opt/airflow/dags/weather_etl.py took 0.091 seconds
[2026-09-26T02:24:53.514+0000] {processor.py:186} INFO - Started process (PID=8884) to work on /opt/airflow/dags/weather_etl.py
[2026-09-26T02:24:53.517+0000] {processor.py:914} INFO - Processing file /opt/airflow/dags/weather_etl.py for tasks to queue
[2026-09-26T02:24:53.518+0000] {logging_mixin.py:190} INFO - [2026-09-26T02:24:53.518+0000] {dagbag.py:587} INFO - Filling up the DagBag from /opt/airflow/dags/weather_etl.py
[2026-09-26T02:24:53.548+0000] {processor.py:925} INFO - DAG(s) 'weather_etl' retrieved from /opt/airflow/dags/weather_etl.py
[2026-09-26T02:24:53.557+0000] {logging_mixin.py:190} INFO - [2026-09-26T02:24:53.557+0000] {dag.py:3229} INFO - Sync 1 DAGs
[2026-09-26T02:24:53.572+0000] {logging_mixin.py:190} INFO - [2026-09-26T02:24:53.572+0000] {dag.py:4156} INFO - Setting next_dagrun for weather_etl to 2026-09-25 02:30:00+00:00, run_after=2026-09-26 02:30:00+00:00
[2026-09-26T02:24:53.584+0000] {processor.py:208} INFO - Processing /opt/airflow/dags/weather_etl.py took 0.077 seconds
[2026-09-26T02:25:24.064+0000] {processor.py:186} INFO - Started process (PID=8900) to work on /opt/airflow/dags/weather_etl.py
[2026-09-26T02:25:24.067+0000] {processor.py:914} INFO - Processing file /opt/airflow/dags/weather_etl.py for tasks to queue
[2026-09-26T02:25:24.068+0000] {logging_mixin.py:190} INFO - [2026-09-26T02:25:24.068+0000] {dagbag.py:587} INFO - Filling up the DagBag from /opt/airflow/dags/weather_etl.py
[2026-09-26T02:25:24.096+0000] {processor.py:925} INFO - DAG(s) 'weather_etl' retrieved from /opt/airflow/dags/weather_etl.py
[2026-09-26T02:25:24.107+0000] {logging_mixin.py:190} INFO - [2026-09-26T02:25:24.107+0000] {dag.py:3229} INFO - Sync 1 DAGs
[2026-09-26T02:25:24.123+0000] {logging_mixin.py:190} INFO - [2026-09-26T02:25:24.123+0000] {dag.py:4156} INFO - Setting next_dagrun for weather_etl to 2026-09-25 02:30:00+00:00, run_after=2026-09-26 02:30:00+00:00
[2026-09-26T02:25:24.136+0000] {processor.py:208} INFO - Processing /opt/airflow/dags/weather_etl.py took 0.080 seconds
[2026-09-26T02:25:54.498+0000] {processor.py:186} INFO - Started process (PID=8916) to work on /opt/airflow/dags/weather_etl.py
[2026-09-26T02:25:54.503+0000] {processor.py:914} INFO - Processing file /opt/airflow/dags/weather_etl.py for tasks to queue
[2026-09-26T02:25:54.504+0000] {logging_mixin.py:190} INFO - [2026-09-26T02:25:54.504+0000] {dagbag.py:587} INFO - Filling up the DagBag from /opt/airflow/dags/weather_etl.py
[2026-09-26T02:25:54.551+0000] {processor.py:925} INFO - DAG(s) 'weather_etl' retrieved from /opt/airflow/dags/weather_etl.py
[2026-09-26T02:25:54.576+0000] {logging_mixin.py:190} INFO - [2026-09-26T02:25:54.576+0000] {dag.py:3229} INFO - Sync 1 DAGs
[2026-09-26T02:25:54.615+0000] {logging_mixin.py:190} INFO - [2026-09-26T02:25:54.615+0000] {dag.py:4156} INFO - Setting next_dagrun for weather_etl to 2026-09-25 02:30:00+00:00, run_after=2026-09-26 02:30:00+00:00
[2026-09-26T02:25:54.629+0000] {processor.py:208} INFO - Processing /opt/airflow/dags/weather_etl.py took 0.140 seconds
[2026-09-26T02:26:24.975+0000] {processor.py:186} INFO - Started process (PID=8932) to work on /opt/airflow/dags/weather_etl.py
[2026-09-26T02:26:24.978+0000] {processor.py:914} INFO - Processing file /opt/airflow/dags/weather_etl.py for tasks to queue
[2026-09-26T02:26:24.978+0000] {logging_mixin.py:190} INFO - [2026-09-26T02:26:24.978+0000] {dagbag.py:587} INFO - Filling up the DagBag from /opt/airflow/dags/weather_etl.py
[2026-09-26T02:26:25.007+0000] {processor.py:925} INFO - DAG(s) 'weather_etl' retrieved from /opt/airflow/dags/weather_etl.py
[2026-09-26T02:26:25.019+0000] {logging_mixin.py:190} INFO - [2026-09-26T02:26:25.019+0000] {dag.py:3229} INFO - Sync 1 DAGs
[2026-09-26T02:26:25.035+0000] {logging_mixin.py:190} INFO - [2026-09-26T02:26:25.035+0000] {dag.py:4156} INFO - Setting next_dagrun for weather_etl to 2026-09-25 02:30:00+00:00, run_after=2026-09-26 02:30:00+00:00
[2026-09-26T02:26:25.044+0000] {processor.py:208} INFO - Processing /opt/airflow/dags/weather_etl.py took 0.074 seconds
[2026-09-26T02:26:55.458+0000] {processor.py:186} INFO - Started process (PID=8948) to work on /opt/airflow/dags/weather_etl.py
[2026-09-26T02:26:55.462+0000] {processor.py:914} INFO - Processing file /opt/airflow/dags/weather_etl.py for tasks to queue
[2026-09-26T02:26:55.464+0000] {logging_mixin.py:190} INFO - [2026-09-26T02:26:55.464+0000] {dagbag.py:587} INFO - Filling up the DagBag from /opt/airflow/dags/weather_etl.py
[2026-09-26T02:26:55.496+0000] {processor.py:925} INFO - DAG(s) 'weather_etl' retrieved from /opt/airflow/dags/weather_etl.py
[2026-09-26T02:26:55.511+0000] {logging_mixin.py:190} INFO - [2026-09-26T02:26:55.511+0000] {dag.py:3229} INFO - Sync 1 DAGs
[2026-09-26T02:26:55.528+0000] {logging_mixin.py:190} INFO - [2026-09-26T02:26:55.528+0000] {dag.py:4156} INFO - Setting next_dagrun for weather_etl to 2026-09-25 02:30:00+00:00, run_after=2026-09-26 02:30:00+00:00
[2026-09-26T02:26:55.540+0000] {processor.py:208} INFO - Processing /opt/airflow/dags/weather_etl.py took 0.093 seconds
[2026-09-26T02:27:25.947+0000] {processor.py:186} INFO - Started process (PID=8964) to work on /opt/airflow/dags/weather_etl.py
[2026-09-26T02:27:25.950+0000] {processor.py:914} INFO - Processing file /opt/airflow/dags/weather_etl.py for tasks to queue
[2026-09-26T02:27:25.951+0000] {logging_mixin.py:190} INFO - [2026-09-26T02:27:25.951+0000] {dagbag.py:587} INFO - Filling up the DagBag from /opt/airflow/dags/weather_etl.py
[2026-09-26T02:27:25.977+0000] {processor.py:925} INFO - DAG(s) 'weather_etl' retrieved from /opt/airflow/dags/weather_etl.py
[2026-09-26T02:27:25.986+0000] {logging_mixin.py:190} INFO - [2026-09-26T02:27:25.986+0000] {dag.py:3229} INFO - Sync 1 DAGs
[2026-09-26T02:27:25.997+0000] {logging_mixin.py:190} INFO - [2026-09-26T02:27:25.997+0000] {dag.py:4156} INFO - Setting next_dagrun for weather_etl to 2026-09-25 02:30:00+00:00, run_after=2026-09-26 02:30:00+00:00
[2026-09-26T02:27:26.010+0000] {processor.py:208} INFO - Processing /opt/airflow/dags/weather_etl.py took 0.069 seconds
[2026-09-26T02:27:56.441+0000] {processor.py:186} INFO - Started process (PID=8980) to work on /opt/airflow/dags/weather_etl.py
[2026-09-26T02:27:56.443+0000] {processor.py:914} INFO - Processing file /opt/airflow/dags/weather_etl.py for tasks to queue
[2026-09-26T02:27:56.446+0000] {logging_mixin.py:190} INFO - [2026-09-26T02:27:56.446+0000] {dagbag.py:587} INFO - Filling up the DagBag from /opt/airflow/dags/weather_etl.py
[2026-09-26T02:27:56.492+0000] {processor.py:925} INFO - DAG(s) 'weather_etl' retrieved from /opt/airflow/dags/weather_etl.py
[2026-09-26T02:27:56.504+0000] {logging_mixin.py:190} INFO - [2026-09-26T02:27:56.504+0000] {dag.py:3229} INFO - Sync 1 DAGs
[2026-09-26T02:27:56.531+0000] {logging_mixin.py:190} INFO - [2026-09-26T02:27:56.530+0000] {dag.py:4156} INFO - Setting next_dagrun for weather_etl to 2026-09-25 02:30:00+00:00, run_after=2026-09-26 02:30:00+00:00
[2026-09-26T02:27:56.543+0000] {processor.py:208} INFO - Processing /opt/airflow/dags/weather_etl.py took 0.118 seconds
[2026-09-26T02:28:26.943+0000] {processor.py:186} INFO - Started process (PID=8996) to work on /opt/airflow/dags/weather_etl.py
[2026-09-26T02:28:26.946+0000] {processor.py:914} INFO - Processing file /opt/airflow/dags/weather_etl.py for tasks to queue
[2026-09-26T02:28:26.947+0000] {logging_mixin.py:190} INFO - [2026-09-26T02:28:26.947+0000] {dagbag.py:587} INFO - Filling up the DagBag from /opt/airflow/dags/weather_etl.py
[2026-09-26T02:28:26.980+0000] {processor.py:925} INFO - DAG(s) 'weather_etl' retrieved from /opt/airflow/dags/weather_etl.py
[2026-09-26T02:28:26.991+0000] {logging_mixin.py:190} INFO - [2026-09-26T02:28:26.991+0000] {dag.py:3229} INFO - Sync 1 DAGs
[2026-09-26T02:28:27.004+0000] {logging_mixin.py:190} INFO - [2026-09-26T02:28:27.003+0000] {dag.py:4156} INFO - Setting next_dagrun for weather_etl to 2026-09-25 02:30:00+00:00, run_after=2026-09-26 02:30:00+00:00
[2026-09-26T02:28:27.015+0000] {processor.py:208} INFO - Processing /opt/airflow/dags/weather_etl.py took 0.077 seconds
[2026-09-26T02:28:57.376+0000] {processor.py:186} INFO - Started process (PID=9012) to work on /opt/airflow/dags/weather_etl.py
[2026-09-26T02:28:57.379+0000] {processor.py:914} INFO - Processing file /opt/airflow/dags/weather_etl.py for tasks to queue
[2026-09-26T02:28:57.382+0000] {logging_mixin.py:190} INFO - [2026-09-26T02:28:57.381+0000] {dagbag.py:587} INFO - Filling up the DagBag from /opt/airflow/dags/weather_etl.py
[2026-09-26T02:28:57.426+0000] {processor.py:925} INFO - DAG(s) 'weather_etl' retrieved from /opt/airflow/dags/weather_etl.py
[2026-09-26T02:28:57.442+0000] {logging_mixin.py:190} INFO - [2026-09-26T02:28:57.442+0000] {dag.py:3229} INFO - Sync 1 DAGs
[2026-09-26T02:28:57.470+0000] {logging_mixin.py:190} INFO - [2026-09-26T02:28:57.470+0000] {dag.py:4156} INFO - Setting next_dagrun for weather_etl to 2026-09-25 02:30:00+00:00, run_after=2026-09-26 02:30:00+00:00
[2026-09-26T02:28:57.505+0000] {processor.py:208} INFO - Processing /opt/airflow/dags/weather_etl.py took 0.137 seconds
[2026-09-26T02:29:27.903+0000] {processor.py:186} INFO - Started process (PID=9028) to work on /opt/airflow/dags/weather_etl.py
[2026-09-26T02:29:27.906+0000] {processor.py:914} INFO - Processing file /opt/airflow/dags/weather_etl.py for tasks to queue
[2026-09-26T02:29:27.906+0000] {logging_mixin.py:190} INFO - [2026-09-26T02:29:27.906+0000] {dagbag.py:587} INFO - Filling up the DagBag from /opt/airflow/dags/weather_etl.py
[2026-09-26T02:29:27.929+0000] {processor.py:925} INFO - DAG(s) 'weather_etl' retrieved from /opt/airflow/dags/weather_etl.py
[2026-09-26T02:29:27.938+0000] {logging_mixin.py:190} INFO - [2026-09-26T02:29:27.938+0000] {dag.py:3229} INFO - Sync 1 DAGs
[2026-09-26T02:29:27.948+0000] {logging_mixin.py:190} INFO - [2026-09-26T02:29:27.947+0000] {dag.py:4156} INFO - Setting next_dagrun for weather_etl to 2026-09-25 02:30:00+00:00, run_after=2026-09-26 02:30:00+00:00
[2026-09-26T02:29:27.959+0000] {processor.py:208} INFO - Processing /opt/airflow/dags/weather_etl.py took 0.063 seconds
[2026-09-26T02:29:58.325+0000] {processor.py:186} INFO - Started process (PID=9044) to work on /opt/airflow/dags/weather_etl.py
[2026-09-26T02:29:58.328+0000] {processor.py:914} INFO - Processing file /opt/airflow/dags/weather_etl.py for tasks to queue
[2026-09-26T02:29:58.331+0000] {logging_mixin.py:190} INFO - [2026-09-26T02:29:58.330+0000] {dagbag.py:587} INFO - Filling up the DagBag from /opt/airflow/dags/weather_etl.py
[2026-09-26T02:29:58.370+0000] {processor.py:925} INFO - DAG(s) 'weather_etl' retrieved from /opt/airflow/dags/weather_etl.py
[2026-09-26T02:29:58.382+0000] {logging_mixin.py:190} INFO - [2026-09-26T02:29:58.382+0000] {dag.py:3229} INFO - Sync 1 DAGs
[2026-09-26T02:29:58.399+0000] {logging_mixin.py:190} INFO - [2026-09-26T02:29:58.399+0000] {dag.py:4156} INFO - Setting next_dagrun for weather_etl to 2026-09-25 02:30:00+00:00, run_after=2026-09-26 02:30:00+00:00
[2026-09-26T02:29:58.410+0000] {processor.py:208} INFO - Processing /opt/airflow/dags/weather_etl.py took 0.092 seconds
[2026-09-26T02:30:28.822+0000] {processor.py:186} INFO - Started process (PID=9090) to work on /opt/airflow/dags/weather_etl.py
[2026-09-26T02:30:28.825+0000] {processor.py:914} INFO - Processing file /opt/airflow/dags/weather_etl.py for tasks to queue
[2026-09-26T02:30:28.827+0000] {logging_mixin.py:190} INFO - [2026-09-26T02:30:28.826+0000] {dagbag.py:587} INFO - Filling up the DagBag from /opt/airflow/dags/weather_etl.py
[2026-09-26T02:30:28.922+0000] {processor.py:925} INFO - DAG(s) 'weather_etl' retrieved from /opt/airflow/dags/weather_etl.py
[2026-09-26T02:30:28.952+0000] {logging_mixin.py:190} INFO - [2026-09-26T02:30:28.952+0000] {dag.py:3229} INFO - Sync 1 DAGs
[2026-09-26T02:30:28.994+0000] {logging_mixin.py:190} INFO - [2026-09-26T02:30:28.994+0000] {dag.py:4156} INFO - Setting next_dagrun for weather_etl to 2026-09-26 02:30:00+00:00, run_after=2026-09-27 02:30:00+00:00
[2026-09-26T02:30:29.009+0000] {processor.py:208} INFO - Processing /opt/airflow/dags/weather_etl.py took 0.196 seconds
[2026-09-26T02:30:59.442+0000] {processor.py:186} INFO - Started process (PID=9106) to work on /opt/airflow/dags/weather_etl.py
[2026-09-26T02:30:59.446+0000] {processor.py:914} INFO - Processing file /opt/airflow/dags/weather_etl.py for tasks to queue
[2026-09-26T02:30:59.447+0000] {logging_mixin.py:190} INFO - [2026-09-26T02:30:59.447+0000] {dagbag.py:587} INFO - Filling up the DagBag from /opt/airflow/dags/weather_etl.py
[2026-09-26T02:30:59.472+0000] {processor.py:925} INFO - DAG(s) 'weather_etl' retrieved from /opt/airflow/dags/weather_etl.py
[2026-09-26T02:30:59.482+0000] {logging_mixin.py:190} INFO - [2026-09-26T02:30:59.482+0000] {dag.py:3229} INFO - Sync 1 DAGs
[2026-09-26T02:30:59.517+0000] {logging_mixin.py:190} INFO - [2026-09-26T02:30:59.517+0000] {dag.py:4156} INFO - Setting next_dagrun for weather_etl to 2026-09-26 02:30:00+00:00, run_after=2026-09-27 02:30:00+00:00
[2026-09-26T02:30:59.527+0000] {processor.py:208} INFO - Processing /opt/airflow/dags/weather_etl.py took 0.095 seconds
[2026-09-26T02:31:29.864+0000] {processor.py:186} INFO - Started process (PID=9125) to work on /opt/airflow/dags/weather_etl.py
[2026-09-26T02:31:29.867+0000] {processor.py:914} INFO - Processing file /opt/airflow/dags/weather_etl.py for tasks to queue
[2026-09-26T02:31:29.867+0000] {logging_mixin.py:190} INFO - [2026-09-26T02:31:29.867+0000] {dagbag.py:587} INFO - Filling up the DagBag from /opt/airflow/dags/weather_etl.py
[2026-09-26T02:31:29.895+0000] {processor.py:925} INFO - DAG(s) 'weather_etl' retrieved from /opt/airflow/dags/weather_etl.py
[2026-09-26T02:31:29.908+0000] {logging_mixin.py:190} INFO - [2026-09-26T02:31:29.908+0000] {dag.py:3229} INFO - Sync 1 DAGs
[2026-09-26T02:31:29.923+0000] {logging_mixin.py:190} INFO - [2026-09-26T02:31:29.923+0000] {dag.py:4156} INFO - Setting next_dagrun for weather_etl to 2026-09-26 02:30:00+00:00, run_after=2026-09-27 02:30:00+00:00
[2026-09-26T02:31:29.934+0000] {processor.py:208} INFO - Processing /opt/airflow/dags/weather_etl.py took 0.074 seconds
[2026-09-26T02:32:00.266+0000] {processor.py:186} INFO - Started process (PID=9202) to work on /opt/airflow/dags/weather_etl.py
[2026-09-26T02:32:00.271+0000] {processor.py:914} INFO - Processing file /opt/airflow/dags/weather_etl.py for tasks to queue
[2026-09-26T02:32:00.273+0000] {logging_mixin.py:190} INFO - [2026-09-26T02:32:00.273+0000] {dagbag.py:587} INFO - Filling up the DagBag from /opt/airflow/dags/weather_etl.py
[2026-09-26T02:32:00.307+0000] {processor.py:925} INFO - DAG(s) 'weather_etl' retrieved from /opt/airflow/dags/weather_etl.py
[2026-09-26T02:32:00.319+0000] {logging_mixin.py:190} INFO - [2026-09-26T02:32:00.319+0000] {dag.py:3229} INFO - Sync 1 DAGs
[2026-09-26T02:32:00.338+0000] {logging_mixin.py:190} INFO - [2026-09-26T02:32:00.338+0000] {dag.py:4156} INFO - Setting next_dagrun for weather_etl to 2026-09-26 02:30:00+00:00, run_after=2026-09-27 02:30:00+00:00
[2026-09-26T02:32:00.351+0000] {processor.py:208} INFO - Processing /opt/airflow/dags/weather_etl.py took 0.098 seconds
[2026-09-26T02:32:30.884+0000] {processor.py:186} INFO - Started process (PID=9218) to work on /opt/airflow/dags/weather_etl.py
[2026-09-26T02:32:30.888+0000] {processor.py:914} INFO - Processing file /opt/airflow/dags/weather_etl.py for tasks to queue
[2026-09-26T02:32:30.892+0000] {logging_mixin.py:190} INFO - [2026-09-26T02:32:30.892+0000] {dagbag.py:587} INFO - Filling up the DagBag from /opt/airflow/dags/weather_etl.py
[2026-09-26T02:32:30.949+0000] {processor.py:925} INFO - DAG(s) 'weather_etl' retrieved from /opt/airflow/dags/weather_etl.py
[2026-09-26T02:32:30.965+0000] {logging_mixin.py:190} INFO - [2026-09-26T02:32:30.964+0000] {dag.py:3229} INFO - Sync 1 DAGs
[2026-09-26T02:32:30.999+0000] {logging_mixin.py:190} INFO - [2026-09-26T02:32:30.999+0000] {dag.py:4156} INFO - Setting next_dagrun for weather_etl to 2026-09-26 02:30:00+00:00, run_after=2026-09-27 02:30:00+00:00
[2026-09-26T02:32:31.013+0000] {processor.py:208} INFO - Processing /opt/airflow/dags/weather_etl.py took 0.154 seconds
[2026-09-26T02:33:01.428+0000] {processor.py:186} INFO - Started process (PID=9234) to work on /opt/airflow/dags/weather_etl.py
[2026-09-26T02:33:01.433+0000] {processor.py:914} INFO - Processing file /opt/airflow/dags/weather_etl.py for tasks to queue
[2026-09-26T02:33:01.436+0000] {logging_mixin.py:190} INFO - [2026-09-26T02:33:01.435+0000] {dagbag.py:587} INFO - Filling up the DagBag from /opt/airflow/dags/weather_etl.py
[2026-09-26T02:33:01.486+0000] {processor.py:925} INFO - DAG(s) 'weather_etl' retrieved from /opt/airflow/dags/weather_etl.py
[2026-09-26T02:33:01.506+0000] {logging_mixin.py:190} INFO - [2026-09-26T02:33:01.505+0000] {dag.py:3229} INFO - Sync 1 DAGs
[2026-09-26T02:33:01.531+0000] {logging_mixin.py:190} INFO - [2026-09-26T02:33:01.531+0000] {dag.py:4156} INFO - Setting next_dagrun for weather_etl to 2026-09-26 02:30:00+00:00, run_after=2026-09-27 02:30:00+00:00
[2026-09-26T02:33:01.548+0000] {processor.py:208} INFO - Processing /opt/airflow/dags/weather_etl.py took 0.135 seconds
[2026-09-26T02:33:32.004+0000] {processor.py:186} INFO - Started process (PID=9250) to work on /opt/airflow/dags/weather_etl.py
[2026-09-26T02:33:32.006+0000] {processor.py:914} INFO - Processing file /opt/airflow/dags/weather_etl.py for tasks to queue
[2026-09-26T02:33:32.009+0000] {logging_mixin.py:190} INFO - [2026-09-26T02:33:32.008+0000] {dagbag.py:587} INFO - Filling up the DagBag from /opt/airflow/dags/weather_etl.py
[2026-09-26T02:33:32.060+0000] {processor.py:925} INFO - DAG(s) 'weather_etl' retrieved from /opt/airflow/dags/weather_etl.py
[2026-09-26T02:33:32.078+0000] {logging_mixin.py:190} INFO - [2026-09-26T02:33:32.078+0000] {dag.py:3229} INFO - Sync 1 DAGs
[2026-09-26T02:33:32.096+0000] {logging_mixin.py:190} INFO - [2026-09-26T02:33:32.096+0000] {dag.py:4156} INFO - Setting next_dagrun for weather_etl to 2026-09-26 02:30:00+00:00, run_after=2026-09-27 02:30:00+00:00
[2026-09-26T02:33:32.111+0000] {processor.py:208} INFO - Processing /opt/airflow/dags/weather_etl.py took 0.123 seconds
[2026-09-26T02:34:02.573+0000] {processor.py:186} INFO - Started process (PID=9266) to work on /opt/airflow/dags/weather_etl.py
[2026-09-26T02:34:02.575+0000] {processor.py:914} INFO - Processing file /opt/airflow/dags/weather_etl.py for tasks to queue
[2026-09-26T02:34:02.576+0000] {logging_mixin.py:190} INFO - [2026-09-26T02:34:02.576+0000] {dagbag.py:587} INFO - Filling up the DagBag from /opt/airflow/dags/weather_etl.py
[2026-09-26T02:34:02.599+0000] {processor.py:925} INFO - DAG(s) 'weather_etl' retrieved from /opt/airflow/dags/weather_etl.py
[2026-09-26T02:34:02.607+0000] {logging_mixin.py:190} INFO - [2026-09-26T02:34:02.607+0000] {dag.py:3229} INFO - Sync 1 DAGs
[2026-09-26T02:34:02.622+0000] {logging_mixin.py:190} INFO - [2026-09-26T02:34:02.622+0000] {dag.py:4156} INFO - Setting next_dagrun for weather_etl to 2026-09-26 02:30:00+00:00, run_after=2026-09-27 02:30:00+00:00
[2026-09-26T02:34:02.630+0000] {processor.py:208} INFO - Processing /opt/airflow/dags/weather_etl.py took 0.067 seconds
[2026-09-26T02:34:33.042+0000] {processor.py:186} INFO - Started process (PID=9282) to work on /opt/airflow/dags/weather_etl.py
[2026-09-26T02:34:33.044+0000] {processor.py:914} INFO - Processing file /opt/airflow/dags/weather_etl.py for tasks to queue
[2026-09-26T02:34:33.045+0000] {logging_mixin.py:190} INFO - [2026-09-26T02:34:33.045+0000] {dagbag.py:587} INFO - Filling up the DagBag from /opt/airflow/dags/weather_etl.py
[2026-09-26T02:34:33.075+0000] {processor.py:925} INFO - DAG(s) 'weather_etl' retrieved from /opt/airflow/dags/weather_etl.py
[2026-09-26T02:34:33.087+0000] {logging_mixin.py:190} INFO - [2026-09-26T02:34:33.087+0000] {dag.py:3229} INFO - Sync 1 DAGs
[2026-09-26T02:34:33.103+0000] {logging_mixin.py:190} INFO - [2026-09-26T02:34:33.103+0000] {dag.py:4156} INFO - Setting next_dagrun for weather_etl to 2026-09-26 02:30:00+00:00, run_after=2026-09-27 02:30:00+00:00
[2026-09-26T02:34:33.114+0000] {processor.py:208} INFO - Processing /opt/airflow/dags/weather_etl.py took 0.079 seconds
[2026-09-26T02:35:03.482+0000] {processor.py:186} INFO - Started process (PID=9298) to work on /opt/airflow/dags/weather_etl.py
[2026-09-26T02:35:03.484+0000] {processor.py:914} INFO - Processing file /opt/airflow/dags/weather_etl.py for tasks to queue
[2026-09-26T02:35:03.485+0000] {logging_mixin.py:190} INFO - [2026-09-26T02:35:03.485+0000] {dagbag.py:587} INFO - Filling up the DagBag from /opt/airflow/dags/weather_etl.py
[2026-09-26T02:35:03.520+0000] {processor.py:925} INFO - DAG(s) 'weather_etl' retrieved from /opt/airflow/dags/weather_etl.py
[2026-09-26T02:35:03.532+0000] {logging_mixin.py:190} INFO - [2026-09-26T02:35:03.532+0000] {dag.py:3229} INFO - Sync 1 DAGs
[2026-09-26T02:35:03.550+0000] {logging_mixin.py:190} INFO - [2026-09-26T02:35:03.550+0000] {dag.py:4156} INFO - Setting next_dagrun for weather_etl to 2026-09-26 02:30:00+00:00, run_after=2026-09-27 02:30:00+00:00
[2026-09-26T02:35:03.560+0000] {processor.py:208} INFO - Processing /opt/airflow/dags/weather_etl.py took 0.090 seconds
[2026-09-26T02:35:34.000+0000] {processor.py:186} INFO - Started process (PID=9314) to work on /opt/airflow/dags/weather_etl.py
[2026-09-26T02:35:34.004+0000] {processor.py:914} INFO - Processing file /opt/airflow/dags/weather_etl.py for tasks to queue
[2026-09-26T02:35:34.008+0000] {logging_mixin.py:190} INFO - [2026-09-26T02:35:34.006+0000] {dagbag.py:587} INFO - Filling up the DagBag from /opt/airflow/dags/weather_etl.py
[2026-09-26T02:35:34.070+0000] {processor.py:925} INFO - DAG(s) 'weather_etl' retrieved from /opt/airflow/dags/weather_etl.py
[2026-09-26T02:35:34.081+0000] {logging_mixin.py:190} INFO - [2026-09-26T02:35:34.081+0000] {dag.py:3229} INFO - Sync 1 DAGs
[2026-09-26T02:35:34.098+0000] {logging_mixin.py:190} INFO - [2026-09-26T02:35:34.098+0000] {dag.py:4156} INFO - Setting next_dagrun for weather_etl to 2026-09-26 02:30:00+00:00, run_after=2026-09-27 02:30:00+00:00
[2026-09-26T02:35:34.116+0000] {processor.py:208} INFO - Processing /opt/airflow/dags/weather_etl.py took 0.131 seconds
[2026-09-26T02:36:04.552+0000] {processor.py:186} INFO - Started process (PID=9330) to work on /opt/airflow/dags/weather_etl.py
[2026-09-26T02:36:04.554+0000] {processor.py:914} INFO - Processing file /opt/airflow/dags/weather_etl.py for tasks to queue
[2026-09-26T02:36:04.555+0000] {logging_mixin.py:190} INFO - [2026-09-26T02:36:04.555+0000] {dagbag.py:587} INFO - Filling up the DagBag from /opt/airflow/dags/weather_etl.py
[2026-09-26T02:36:04.580+0000] {processor.py:925} INFO - DAG(s) 'weather_etl' retrieved from /opt/airflow/dags/weather_etl.py
[2026-09-26T02:36:04.588+0000] {logging_mixin.py:190} INFO - [2026-09-26T02:36:04.587+0000] {dag.py:3229} INFO - Sync 1 DAGs
[2026-09-26T02:36:04.606+0000] {logging_mixin.py:190} INFO - [2026-09-26T02:36:04.606+0000] {dag.py:4156} INFO - Setting next_dagrun for weather_etl to 2026-09-26 02:30:00+00:00, run_after=2026-09-27 02:30:00+00:00
[2026-09-26T02:36:04.618+0000] {processor.py:208} INFO - Processing /opt/airflow/dags/weather_etl.py took 0.072 seconds
[2026-09-26T02:36:35.064+0000] {processor.py:186} INFO - Started process (PID=9346) to work on /opt/airflow/dags/weather_etl.py
[2026-09-26T02:36:35.070+0000] {processor.py:914} INFO - Processing file /opt/airflow/dags/weather_etl.py for tasks to queue
[2026-09-26T02:36:35.072+0000] {logging_mixin.py:190} INFO - [2026-09-26T02:36:35.072+0000] {dagbag.py:587} INFO - Filling up the DagBag from /opt/airflow/dags/weather_etl.py
[2026-09-26T02:36:35.129+0000] {processor.py:925} INFO - DAG(s) 'weather_etl' retrieved from /opt/airflow/dags/weather_etl.py
[2026-09-26T02:36:35.151+0000] {logging_mixin.py:190} INFO - [2026-09-26T02:36:35.150+0000] {dag.py:3229} INFO - Sync 1 DAGs
[2026-09-26T02:36:35.181+0000] {logging_mixin.py:190} INFO - [2026-09-26T02:36:35.181+0000] {dag.py:4156} INFO - Setting next_dagrun for weather_etl to 2026-09-26 02:30:00+00:00, run_after=2026-09-27 02:30:00+00:00
[2026-09-26T02:36:35.201+0000] {processor.py:208} INFO - Processing /opt/airflow/dags/weather_etl.py took 0.156 seconds
[2026-09-26T02:37:05.603+0000] {processor.py:186} INFO - Started process (PID=9362) to work on /opt/airflow/dags/weather_etl.py
[2026-09-26T02:37:05.606+0000] {processor.py:914} INFO - Processing file /opt/airflow/dags/weather_etl.py for tasks to queue
[2026-09-26T02:37:05.608+0000] {logging_mixin.py:190} INFO - [2026-09-26T02:37:05.607+0000] {dagbag.py:587} INFO - Filling up the DagBag from /opt/airflow/dags/weather_etl.py
[2026-09-26T02:37:05.647+0000] {processor.py:925} INFO - DAG(s) 'weather_etl' retrieved from /opt/airflow/dags/weather_etl.py
[2026-09-26T02:37:05.660+0000] {logging_mixin.py:190} INFO - [2026-09-26T02:37:05.660+0000] {dag.py:3229} INFO - Sync 1 DAGs
[2026-09-26T02:37:05.682+0000] {logging_mixin.py:190} INFO - [2026-09-26T02:37:05.682+0000] {dag.py:4156} INFO - Setting next_dagrun for weather_etl to 2026-09-26 02:30:00+00:00, run_after=2026-09-27 02:30:00+00:00
[2026-09-26T02:37:05.697+0000] {processor.py:208} INFO - Processing /opt/airflow/dags/weather_etl.py took 0.102 seconds
[2026-09-26T02:37:36.172+0000] {processor.py:186} INFO - Started process (PID=9378) to work on /opt/airflow/dags/weather_etl.py
[2026-09-26T02:37:36.177+0000] {processor.py:914} INFO - Processing file /opt/airflow/dags/weather_etl.py for tasks to queue
[2026-09-26T02:37:36.181+0000] {logging_mixin.py:190} INFO - [2026-09-26T02:37:36.180+0000] {dagbag.py:587} INFO - Filling up the DagBag from /opt/airflow/dags/weather_etl.py
[2026-09-26T02:37:36.233+0000] {processor.py:925} INFO - DAG(s) 'weather_etl' retrieved from /opt/airflow/dags/weather_etl.py
[2026-09-26T02:37:36.247+0000] {logging_mixin.py:190} INFO - [2026-09-26T02:37:36.247+0000] {dag.py:3229} INFO - Sync 1 DAGs
[2026-09-26T02:37:36.271+0000] {logging_mixin.py:190} INFO - [2026-09-26T02:37:36.271+0000] {dag.py:4156} INFO - Setting next_dagrun for weather_etl to 2026-09-26 02:30:00+00:00, run_after=2026-09-27 02:30:00+00:00
[2026-09-26T02:37:36.284+0000] {processor.py:208} INFO - Processing /opt/airflow/dags/weather_etl.py took 0.138 seconds
[2026-09-26T02:38:06.682+0000] {processor.py:186} INFO - Started process (PID=9394) to work on /opt/airflow/dags/weather_etl.py
[2026-09-26T02:38:06.686+0000] {processor.py:914} INFO - Processing file /opt/airflow/dags/weather_etl.py for tasks to queue
[2026-09-26T02:38:06.688+0000] {logging_mixin.py:190} INFO - [2026-09-26T02:38:06.688+0000] {dagbag.py:587} INFO - Filling up the DagBag from /opt/airflow/dags/weather_etl.py
[2026-09-26T02:38:06.748+0000] {processor.py:925} INFO - DAG(s) 'weather_etl' retrieved from /opt/airflow/dags/weather_etl.py
[2026-09-26T02:38:06.770+0000] {logging_mixin.py:190} INFO - [2026-09-26T02:38:06.770+0000] {dag.py:3229} INFO - Sync 1 DAGs
[2026-09-26T02:38:06.808+0000] {logging_mixin.py:190} INFO - [2026-09-26T02:38:06.806+0000] {dag.py:4156} INFO - Setting next_dagrun for weather_etl to 2026-09-26 02:30:00+00:00, run_after=2026-09-27 02:30:00+00:00
[2026-09-26T02:38:06.824+0000] {processor.py:208} INFO - Processing /opt/airflow/dags/weather_etl.py took 0.154 seconds
[2026-09-26T02:38:37.245+0000] {processor.py:186} INFO - Started process (PID=9410) to work on /opt/airflow/dags/weather_etl.py
[2026-09-26T02:38:37.249+0000] {processor.py:914} INFO - Processing file /opt/airflow/dags/weather_etl.py for tasks to queue
[2026-09-26T02:38:37.251+0000] {logging_mixin.py:190} INFO - [2026-09-26T02:38:37.251+0000] {dagbag.py:587} INFO - Filling up the DagBag from /opt/airflow/dags/weather_etl.py
[2026-09-26T02:38:37.282+0000] {processor.py:925} INFO - DAG(s) 'weather_etl' retrieved from /opt/airflow/dags/weather_etl.py
[2026-09-26T02:38:37.294+0000] {logging_mixin.py:190} INFO - [2026-09-26T02:38:37.294+0000] {dag.py:3229} INFO - Sync 1 DAGs
[2026-09-26T02:38:37.312+0000] {logging_mixin.py:190} INFO - [2026-09-26T02:38:37.312+0000] {dag.py:4156} INFO - Setting next_dagrun for weather_etl to 2026-09-26 02:30:00+00:00, run_after=2026-09-27 02:30:00+00:00
[2026-09-26T02:38:37.325+0000] {processor.py:208} INFO - Processing /opt/airflow/dags/weather_etl.py took 0.088 seconds
[2026-09-26T02:39:07.714+0000] {processor.py:186} INFO - Started process (PID=9426) to work on /opt/airflow/dags/weather_etl.py
[2026-09-26T02:39:07.716+0000] {processor.py:914} INFO - Processing file /opt/airflow/dags/weather_etl.py for tasks to queue
[2026-09-26T02:39:07.717+0000] {logging_mixin.py:190} INFO - [2026-09-26T02:39:07.717+0000] {dagbag.py:587} INFO - Filling up the DagBag from /opt/airflow/dags/weather_etl.py
[2026-09-26T02:39:07.743+0000] {processor.py:925} INFO - DAG(s) 'weather_etl' retrieved from /opt/airflow/dags/weather_etl.py
[2026-09-26T02:39:07.754+0000] {logging_mixin.py:190} INFO - [2026-09-26T02:39:07.754+0000] {dag.py:3229} INFO - Sync 1 DAGs
[2026-09-26T02:39:07.772+0000] {logging_mixin.py:190} INFO - [2026-09-26T02:39:07.772+0000] {dag.py:4156} INFO - Setting next_dagrun for weather_etl to 2026-09-26 02:30:00+00:00, run_after=2026-09-27 02:30:00+00:00
[2026-09-26T02:39:07.785+0000] {processor.py:208} INFO - Processing /opt/airflow/dags/weather_etl.py took 0.077 seconds
[2026-09-26T02:39:38.244+0000] {processor.py:186} INFO - Started process (PID=9442) to work on /opt/airflow/dags/weather_etl.py
[2026-09-26T02:39:38.251+0000] {processor.py:914} INFO - Processing file /opt/airflow/dags/weather_etl.py for tasks to queue
[2026-09-26T02:39:38.254+0000] {logging_mixin.py:190} INFO - [2026-09-26T02:39:38.254+0000] {dagbag.py:587} INFO - Filling up the DagBag from /opt/airflow/dags/weather_etl.py
[2026-09-26T02:39:38.328+0000] {processor.py:925} INFO - DAG(s) 'weather_etl' retrieved from /opt/airflow/dags/weather_etl.py
[2026-09-26T02:39:38.350+0000] {logging_mixin.py:190} INFO - [2026-09-26T02:39:38.350+0000] {dag.py:3229} INFO - Sync 1 DAGs
[2026-09-26T02:39:38.394+0000] {logging_mixin.py:190} INFO - [2026-09-26T02:39:38.393+0000] {dag.py:4156} INFO - Setting next_dagrun for weather_etl to 2026-09-26 02:30:00+00:00, run_after=2026-09-27 02:30:00+00:00
[2026-09-26T02:39:38.421+0000] {processor.py:208} INFO - Processing /opt/airflow/dags/weather_etl.py took 0.198 seconds
[2026-09-26T02:40:08.798+0000] {processor.py:186} INFO - Started process (PID=9458) to work on /opt/airflow/dags/weather_etl.py
[2026-09-26T02:40:08.800+0000] {processor.py:914} INFO - Processing file /opt/airflow/dags/weather_etl.py for tasks to queue
[2026-09-26T02:40:08.802+0000] {logging_mixin.py:190} INFO - [2026-09-26T02:40:08.801+0000] {dagbag.py:587} INFO - Filling up the DagBag from /opt/airflow/dags/weather_etl.py
[2026-09-26T02:40:08.843+0000] {processor.py:925} INFO - DAG(s) 'weather_etl' retrieved from /opt/airflow/dags/weather_etl.py
[2026-09-26T02:40:08.855+0000] {logging_mixin.py:190} INFO - [2026-09-26T02:40:08.854+0000] {dag.py:3229} INFO - Sync 1 DAGs
[2026-09-26T02:40:08.875+0000] {logging_mixin.py:190} INFO - [2026-09-26T02:40:08.875+0000] {dag.py:4156} INFO - Setting next_dagrun for weather_etl to 2026-09-26 02:30:00+00:00, run_after=2026-09-27 02:30:00+00:00
[2026-09-26T02:40:08.890+0000] {processor.py:208} INFO - Processing /opt/airflow/dags/weather_etl.py took 0.103 seconds
[2026-09-26T02:40:39.263+0000] {processor.py:186} INFO - Started process (PID=9488) to work on /opt/airflow/dags/weather_etl.py
[2026-09-26T02:40:39.265+0000] {processor.py:914} INFO - Processing file /opt/airflow/dags/weather_etl.py for tasks to queue
[2026-09-26T02:40:39.266+0000] {logging_mixin.py:190} INFO - [2026-09-26T02:40:39.266+0000] {dagbag.py:587} INFO - Filling up the DagBag from /opt/airflow/dags/weather_etl.py
[2026-09-26T02:40:39.295+0000] {processor.py:925} INFO - DAG(s) 'weather_etl' retrieved from /opt/airflow/dags/weather_etl.py
[2026-09-26T02:40:39.303+0000] {logging_mixin.py:190} INFO - [2026-09-26T02:40:39.303+0000] {dag.py:3229} INFO - Sync 1 DAGs
[2026-09-26T02:40:39.317+0000] {logging_mixin.py:190} INFO - [2026-09-26T02:40:39.317+0000] {dag.py:4156} INFO - Setting next_dagrun for weather_etl to 2026-09-26 02:30:00+00:00, run_after=2026-09-27 02:30:00+00:00
[2026-09-26T02:40:39.328+0000] {processor.py:208} INFO - Processing /opt/airflow/dags/weather_etl.py took 0.072 seconds
[2026-09-26T02:41:09.691+0000] {processor.py:186} INFO - Started process (PID=9525) to work on /opt/airflow/dags/weather_etl.py
[2026-09-26T02:41:09.693+0000] {processor.py:914} INFO - Processing file /opt/airflow/dags/weather_etl.py for tasks to queue
[2026-09-26T02:41:09.695+0000] {logging_mixin.py:190} INFO - [2026-09-26T02:41:09.694+0000] {dagbag.py:587} INFO - Filling up the DagBag from /opt/airflow/dags/weather_etl.py
[2026-09-26T02:41:09.727+0000] {processor.py:925} INFO - DAG(s) 'weather_etl' retrieved from /opt/airflow/dags/weather_etl.py
[2026-09-26T02:41:09.740+0000] {logging_mixin.py:190} INFO - [2026-09-26T02:41:09.740+0000] {dag.py:3229} INFO - Sync 1 DAGs
[2026-09-26T02:41:09.753+0000] {logging_mixin.py:190} INFO - [2026-09-26T02:41:09.753+0000] {dag.py:4156} INFO - Setting next_dagrun for weather_etl to 2026-09-26 02:30:00+00:00, run_after=2026-09-27 02:30:00+00:00
[2026-09-26T02:41:09.760+0000] {processor.py:208} INFO - Processing /opt/airflow/dags/weather_etl.py took 0.077 seconds
[2026-09-26T02:41:40.117+0000] {processor.py:186} INFO - Started process (PID=9541) to work on /opt/airflow/dags/weather_etl.py
[2026-09-26T02:41:40.119+0000] {processor.py:914} INFO - Processing file /opt/airflow/dags/weather_etl.py for tasks to queue
[2026-09-26T02:41:40.120+0000] {logging_mixin.py:190} INFO - [2026-09-26T02:41:40.120+0000] {dagbag.py:587} INFO - Filling up the DagBag from /opt/airflow/dags/weather_etl.py
[2026-09-26T02:41:40.146+0000] {processor.py:925} INFO - DAG(s) 'weather_etl' retrieved from /opt/airflow/dags/weather_etl.py
[2026-09-26T02:41:40.160+0000] {logging_mixin.py:190} INFO - [2026-09-26T02:41:40.160+0000] {dag.py:3229} INFO - Sync 1 DAGs
[2026-09-26T02:41:40.186+0000] {logging_mixin.py:190} INFO - [2026-09-26T02:41:40.185+0000] {dag.py:4156} INFO - Setting next_dagrun for weather_etl to 2026-09-26 02:30:00+00:00, run_after=2026-09-27 02:30:00+00:00
[2026-09-26T02:41:40.196+0000] {processor.py:208} INFO - Processing /opt/airflow/dags/weather_etl.py took 0.089 seconds
[2026-09-26T02:42:10.605+0000] {processor.py:186} INFO - Started process (PID=9557) to work on /opt/airflow/dags/weather_etl.py
[2026-09-26T02:42:10.608+0000] {processor.py:914} INFO - Processing file /opt/airflow/dags/weather_etl.py for tasks to queue
[2026-09-26T02:42:10.609+0000] {logging_mixin.py:190} INFO - [2026-09-26T02:42:10.609+0000] {dagbag.py:587} INFO - Filling up the DagBag from /opt/airflow/dags/weather_etl.py
[2026-09-26T02:42:10.639+0000] {processor.py:925} INFO - DAG(s) 'weather_etl' retrieved from /opt/airflow/dags/weather_etl.py
[2026-09-26T02:42:10.649+0000] {logging_mixin.py:190} INFO - [2026-09-26T02:42:10.648+0000] {dag.py:3229} INFO - Sync 1 DAGs
[2026-09-26T02:42:10.662+0000] {logging_mixin.py:190} INFO - [2026-09-26T02:42:10.661+0000] {dag.py:4156} INFO - Setting next_dagrun for weather_etl to 2026-09-26 02:30:00+00:00, run_after=2026-09-27 02:30:00+00:00
[2026-09-26T02:42:10.671+0000] {processor.py:208} INFO - Processing /opt/airflow/dags/weather_etl.py took 0.073 seconds
[2026-09-26T02:42:40.966+0000] {processor.py:186} INFO - Started process (PID=9573) to work on /opt/airflow/dags/weather_etl.py
[2026-09-26T02:42:40.970+0000] {processor.py:914} INFO - Processing file /opt/airflow/dags/weather_etl.py for tasks to queue
[2026-09-26T02:42:40.971+0000] {logging_mixin.py:190} INFO - [2026-09-26T02:42:40.971+0000] {dagbag.py:587} INFO - Filling up the DagBag from /opt/airflow/dags/weather_etl.py
[2026-09-26T02:42:40.998+0000] {processor.py:925} INFO - DAG(s) 'weather_etl' retrieved from /opt/airflow/dags/weather_etl.py
[2026-09-26T02:42:41.009+0000] {logging_mixin.py:190} INFO - [2026-09-26T02:42:41.008+0000] {dag.py:3229} INFO - Sync 1 DAGs
[2026-09-26T02:42:41.030+0000] {logging_mixin.py:190} INFO - [2026-09-26T02:42:41.030+0000] {dag.py:4156} INFO - Setting next_dagrun for weather_etl to 2026-09-26 02:30:00+00:00, run_after=2026-09-27 02:30:00+00:00
[2026-09-26T02:42:41.044+0000] {processor.py:208} INFO - Processing /opt/airflow/dags/weather_etl.py took 0.086 seconds
[2026-09-26T02:43:11.513+0000] {processor.py:186} INFO - Started process (PID=9589) to work on /opt/airflow/dags/weather_etl.py
[2026-09-26T02:43:11.520+0000] {processor.py:914} INFO - Processing file /opt/airflow/dags/weather_etl.py for tasks to queue
[2026-09-26T02:43:11.527+0000] {logging_mixin.py:190} INFO - [2026-09-26T02:43:11.526+0000] {dagbag.py:587} INFO - Filling up the DagBag from /opt/airflow/dags/weather_etl.py
[2026-09-26T02:43:11.600+0000] {processor.py:925} INFO - DAG(s) 'weather_etl' retrieved from /opt/airflow/dags/weather_etl.py
[2026-09-26T02:43:11.612+0000] {logging_mixin.py:190} INFO - [2026-09-26T02:43:11.612+0000] {dag.py:3229} INFO - Sync 1 DAGs
[2026-09-26T02:43:11.640+0000] {logging_mixin.py:190} INFO - [2026-09-26T02:43:11.640+0000] {dag.py:4156} INFO - Setting next_dagrun for weather_etl to 2026-09-26 02:30:00+00:00, run_after=2026-09-27 02:30:00+00:00
[2026-09-26T02:43:11.660+0000] {processor.py:208} INFO - Processing /opt/airflow/dags/weather_etl.py took 0.175 seconds
[2026-09-26T02:43:42.110+0000] {processor.py:186} INFO - Started process (PID=9607) to work on /opt/airflow/dags/weather_etl.py
[2026-09-26T02:43:42.113+0000] {processor.py:914} INFO - Processing file /opt/airflow/dags/weather_etl.py for tasks to queue
[2026-09-26T02:43:42.114+0000] {logging_mixin.py:190} INFO - [2026-09-26T02:43:42.114+0000] {dagbag.py:587} INFO - Filling up the DagBag from /opt/airflow/dags/weather_etl.py
[2026-09-26T02:43:42.146+0000] {processor.py:925} INFO - DAG(s) 'weather_etl' retrieved from /opt/airflow/dags/weather_etl.py
[2026-09-26T02:43:42.163+0000] {logging_mixin.py:190} INFO - [2026-09-26T02:43:42.163+0000] {dag.py:3229} INFO - Sync 1 DAGs
[2026-09-26T02:43:42.187+0000] {logging_mixin.py:190} INFO - [2026-09-26T02:43:42.187+0000] {dag.py:4156} INFO - Setting next_dagrun for weather_etl to 2026-09-26 02:30:00+00:00, run_after=2026-09-27 02:30:00+00:00
[2026-09-26T02:43:42.197+0000] {processor.py:208} INFO - Processing /opt/airflow/dags/weather_etl.py took 0.098 seconds
[2026-09-26T02:44:12.440+0000] {processor.py:186} INFO - Started process (PID=9656) to work on /opt/airflow/dags/weather_etl.py
[2026-09-26T02:44:12.443+0000] {processor.py:914} INFO - Processing file /opt/airflow/dags/weather_etl.py for tasks to queue
[2026-09-26T02:44:12.445+0000] {logging_mixin.py:190} INFO - [2026-09-26T02:44:12.445+0000] {dagbag.py:587} INFO - Filling up the DagBag from /opt/airflow/dags/weather_etl.py
[2026-09-26T02:44:12.469+0000] {processor.py:925} INFO - DAG(s) 'weather_etl' retrieved from /opt/airflow/dags/weather_etl.py
[2026-09-26T02:44:12.482+0000] {logging_mixin.py:190} INFO - [2026-09-26T02:44:12.482+0000] {dag.py:3229} INFO - Sync 1 DAGs
[2026-09-26T02:44:12.498+0000] {logging_mixin.py:190} INFO - [2026-09-26T02:44:12.498+0000] {dag.py:4156} INFO - Setting next_dagrun for weather_etl to 2026-09-26 02:30:00+00:00, run_after=2026-09-27 02:30:00+00:00
[2026-09-26T02:44:12.507+0000] {processor.py:208} INFO - Processing /opt/airflow/dags/weather_etl.py took 0.073 seconds
[2026-09-26T02:44:42.939+0000] {processor.py:186} INFO - Started process (PID=9672) to work on /opt/airflow/dags/weather_etl.py
[2026-09-26T02:44:42.943+0000] {processor.py:914} INFO - Processing file /opt/airflow/dags/weather_etl.py for tasks to queue
[2026-09-26T02:44:42.944+0000] {logging_mixin.py:190} INFO - [2026-09-26T02:44:42.944+0000] {dagbag.py:587} INFO - Filling up the DagBag from /opt/airflow/dags/weather_etl.py
[2026-09-26T02:44:42.986+0000] {processor.py:925} INFO - DAG(s) 'weather_etl' retrieved from /opt/airflow/dags/weather_etl.py
[2026-09-26T02:44:42.996+0000] {logging_mixin.py:190} INFO - [2026-09-26T02:44:42.996+0000] {dag.py:3229} INFO - Sync 1 DAGs
[2026-09-26T02:44:43.017+0000] {logging_mixin.py:190} INFO - [2026-09-26T02:44:43.016+0000] {dag.py:4156} INFO - Setting next_dagrun for weather_etl to 2026-09-26 02:30:00+00:00, run_after=2026-09-27 02:30:00+00:00
[2026-09-26T02:44:43.029+0000] {processor.py:208} INFO - Processing /opt/airflow/dags/weather_etl.py took 0.101 seconds
[2026-09-26T02:45:13.388+0000] {processor.py:186} INFO - Started process (PID=9705) to work on /opt/airflow/dags/weather_etl.py
[2026-09-26T02:45:13.391+0000] {processor.py:914} INFO - Processing file /opt/airflow/dags/weather_etl.py for tasks to queue
[2026-09-26T02:45:13.393+0000] {logging_mixin.py:190} INFO - [2026-09-26T02:45:13.393+0000] {dagbag.py:587} INFO - Filling up the DagBag from /opt/airflow/dags/weather_etl.py
[2026-09-26T02:45:13.429+0000] {processor.py:925} INFO - DAG(s) 'weather_etl' retrieved from /opt/airflow/dags/weather_etl.py
[2026-09-26T02:45:13.440+0000] {logging_mixin.py:190} INFO - [2026-09-26T02:45:13.440+0000] {dag.py:3229} INFO - Sync 1 DAGs
[2026-09-26T02:45:13.460+0000] {logging_mixin.py:190} INFO - [2026-09-26T02:45:13.459+0000] {dag.py:4156} INFO - Setting next_dagrun for weather_etl to 2026-09-26 02:30:00+00:00, run_after=2026-09-27 02:30:00+00:00
[2026-09-26T02:45:13.468+0000] {processor.py:208} INFO - Processing /opt/airflow/dags/weather_etl.py took 0.091 seconds
[2026-09-26T02:45:43.875+0000] {processor.py:186} INFO - Started process (PID=9721) to work on /opt/airflow/dags/weather_etl.py
[2026-09-26T02:45:43.877+0000] {processor.py:914} INFO - Processing file /opt/airflow/dags/weather_etl.py for tasks to queue
[2026-09-26T02:45:43.878+0000] {logging_mixin.py:190} INFO - [2026-09-26T02:45:43.878+0000] {dagbag.py:587} INFO - Filling up the DagBag from /opt/airflow/dags/weather_etl.py
[2026-09-26T02:45:43.909+0000] {processor.py:925} INFO - DAG(s) 'weather_etl' retrieved from /opt/airflow/dags/weather_etl.py
[2026-09-26T02:45:43.919+0000] {logging_mixin.py:190} INFO - [2026-09-26T02:45:43.919+0000] {dag.py:3229} INFO - Sync 1 DAGs
[2026-09-26T02:45:43.934+0000] {logging_mixin.py:190} INFO - [2026-09-26T02:45:43.934+0000] {dag.py:4156} INFO - Setting next_dagrun for weather_etl to 2026-09-26 02:30:00+00:00, run_after=2026-09-27 02:30:00+00:00
[2026-09-26T02:45:43.943+0000] {processor.py:208} INFO - Processing /opt/airflow/dags/weather_etl.py took 0.077 seconds
[2026-09-26T02:46:14.351+0000] {processor.py:186} INFO - Started process (PID=9737) to work on /opt/airflow/dags/weather_etl.py
[2026-09-26T02:46:14.354+0000] {processor.py:914} INFO - Processing file /opt/airflow/dags/weather_etl.py for tasks to queue
[2026-09-26T02:46:14.355+0000] {logging_mixin.py:190} INFO - [2026-09-26T02:46:14.355+0000] {dagbag.py:587} INFO - Filling up the DagBag from /opt/airflow/dags/weather_etl.py
[2026-09-26T02:46:14.375+0000] {processor.py:925} INFO - DAG(s) 'weather_etl' retrieved from /opt/airflow/dags/weather_etl.py
[2026-09-26T02:46:14.382+0000] {logging_mixin.py:190} INFO - [2026-09-26T02:46:14.382+0000] {dag.py:3229} INFO - Sync 1 DAGs
[2026-09-26T02:46:14.395+0000] {logging_mixin.py:190} INFO - [2026-09-26T02:46:14.395+0000] {dag.py:4156} INFO - Setting next_dagrun for weather_etl to 2026-09-26 02:30:00+00:00, run_after=2026-09-27 02:30:00+00:00
[2026-09-26T02:46:14.403+0000] {processor.py:208} INFO - Processing /opt/airflow/dags/weather_etl.py took 0.061 seconds
[2026-09-26T02:46:44.730+0000] {processor.py:186} INFO - Started process (PID=9787) to work on /opt/airflow/dags/weather_etl.py
[2026-09-26T02:46:44.734+0000] {processor.py:914} INFO - Processing file /opt/airflow/dags/weather_etl.py for tasks to queue
[2026-09-26T02:46:44.736+0000] {logging_mixin.py:190} INFO - [2026-09-26T02:46:44.736+0000] {dagbag.py:587} INFO - Filling up the DagBag from /opt/airflow/dags/weather_etl.py
[2026-09-26T02:46:44.758+0000] {processor.py:925} INFO - DAG(s) 'weather_etl' retrieved from /opt/airflow/dags/weather_etl.py
[2026-09-26T02:46:44.768+0000] {logging_mixin.py:190} INFO - [2026-09-26T02:46:44.768+0000] {dag.py:3229} INFO - Sync 1 DAGs
[2026-09-26T02:46:44.781+0000] {logging_mixin.py:190} INFO - [2026-09-26T02:46:44.781+0000] {dag.py:4156} INFO - Setting next_dagrun for weather_etl to 2026-09-26 02:30:00+00:00, run_after=2026-09-27 02:30:00+00:00
[2026-09-26T02:46:44.789+0000] {processor.py:208} INFO - Processing /opt/airflow/dags/weather_etl.py took 0.066 seconds
[2026-09-26T02:47:15.176+0000] {processor.py:186} INFO - Started process (PID=9803) to work on /opt/airflow/dags/weather_etl.py
[2026-09-26T02:47:15.182+0000] {processor.py:914} INFO - Processing file /opt/airflow/dags/weather_etl.py for tasks to queue
[2026-09-26T02:47:15.183+0000] {logging_mixin.py:190} INFO - [2026-09-26T02:47:15.182+0000] {dagbag.py:587} INFO - Filling up the DagBag from /opt/airflow/dags/weather_etl.py
[2026-09-26T02:47:15.226+0000] {processor.py:925} INFO - DAG(s) 'weather_etl' retrieved from /opt/airflow/dags/weather_etl.py
[2026-09-26T02:47:15.236+0000] {logging_mixin.py:190} INFO - [2026-09-26T02:47:15.236+0000] {dag.py:3229} INFO - Sync 1 DAGs
[2026-09-26T02:47:15.250+0000] {logging_mixin.py:190} INFO - [2026-09-26T02:47:15.250+0000] {dag.py:4156} INFO - Setting next_dagrun for weather_etl to 2026-09-26 02:30:00+00:00, run_after=2026-09-27 02:30:00+00:00
[2026-09-26T02:47:15.260+0000] {processor.py:208} INFO - Processing /opt/airflow/dags/weather_etl.py took 0.096 seconds
[2026-09-26T02:47:45.614+0000] {processor.py:186} INFO - Started process (PID=9849) to work on /opt/airflow/dags/weather_etl.py
[2026-09-26T02:47:45.618+0000] {processor.py:914} INFO - Processing file /opt/airflow/dags/weather_etl.py for tasks to queue
[2026-09-26T02:47:45.622+0000] {logging_mixin.py:190} INFO - [2026-09-26T02:47:45.621+0000] {dagbag.py:587} INFO - Filling up the DagBag from /opt/airflow/dags/weather_etl.py
[2026-09-26T02:47:45.683+0000] {processor.py:925} INFO - DAG(s) 'weather_etl' retrieved from /opt/airflow/dags/weather_etl.py
[2026-09-26T02:47:45.701+0000] {logging_mixin.py:190} INFO - [2026-09-26T02:47:45.701+0000] {dag.py:3229} INFO - Sync 1 DAGs
[2026-09-26T02:47:45.737+0000] {logging_mixin.py:190} INFO - [2026-09-26T02:47:45.737+0000] {dag.py:4156} INFO - Setting next_dagrun for weather_etl to 2026-09-26 02:30:00+00:00, run_after=2026-09-27 02:30:00+00:00
[2026-09-26T02:47:45.743+0000] {processor.py:208} INFO - Processing /opt/airflow/dags/weather_etl.py took 0.150 seconds
[2026-09-26T02:48:16.053+0000] {processor.py:186} INFO - Started process (PID=9909) to work on /opt/airflow/dags/weather_etl.py
[2026-09-26T02:48:16.058+0000] {processor.py:914} INFO - Processing file /opt/airflow/dags/weather_etl.py for tasks to queue
[2026-09-26T02:48:16.063+0000] {logging_mixin.py:190} INFO - [2026-09-26T02:48:16.062+0000] {dagbag.py:587} INFO - Filling up the DagBag from /opt/airflow/dags/weather_etl.py
[2026-09-26T02:48:16.153+0000] {processor.py:925} INFO - DAG(s) 'weather_etl' retrieved from /opt/airflow/dags/weather_etl.py
[2026-09-26T02:48:16.192+0000] {logging_mixin.py:190} INFO - [2026-09-26T02:48:16.192+0000] {dag.py:3229} INFO - Sync 1 DAGs
[2026-09-26T02:48:16.255+0000] {logging_mixin.py:190} INFO - [2026-09-26T02:48:16.254+0000] {dag.py:4156} INFO - Setting next_dagrun for weather_etl to 2026-09-26 02:30:00+00:00, run_after=2026-09-27 02:30:00+00:00
[2026-09-26T02:48:16.282+0000] {processor.py:208} INFO - Processing /opt/airflow/dags/weather_etl.py took 0.243 seconds
[2026-09-26T02:48:46.611+0000] {processor.py:186} INFO - Started process (PID=9945) to work on /opt/airflow/dags/weather_etl.py
[2026-09-26T02:48:46.628+0000] {processor.py:914} INFO - Processing file /opt/airflow/dags/weather_etl.py for tasks to queue
[2026-09-26T02:48:46.630+0000] {logging_mixin.py:190} INFO - [2026-09-26T02:48:46.629+0000] {dagbag.py:587} INFO - Filling up the DagBag from /opt/airflow/dags/weather_etl.py
[2026-09-26T02:48:46.662+0000] {processor.py:925} INFO - DAG(s) 'weather_etl' retrieved from /opt/airflow/dags/weather_etl.py
[2026-09-26T02:48:46.676+0000] {logging_mixin.py:190} INFO - [2026-09-26T02:48:46.676+0000] {dag.py:3229} INFO - Sync 1 DAGs
[2026-09-26T02:48:46.695+0000] {logging_mixin.py:190} INFO - [2026-09-26T02:48:46.695+0000] {dag.py:4156} INFO - Setting next_dagrun for weather_etl to 2026-09-26 02:30:00+00:00, run_after=2026-09-27 02:30:00+00:00
[2026-09-26T02:48:46.708+0000] {processor.py:208} INFO - Processing /opt/airflow/dags/weather_etl.py took 0.108 seconds
[2026-09-26T02:49:17.112+0000] {processor.py:186} INFO - Started process (PID=9961) to work on /opt/airflow/dags/weather_etl.py
[2026-09-26T02:49:17.116+0000] {processor.py:914} INFO - Processing file /opt/airflow/dags/weather_etl.py for tasks to queue
[2026-09-26T02:49:17.119+0000] {logging_mixin.py:190} INFO - [2026-09-26T02:49:17.119+0000] {dagbag.py:587} INFO - Filling up the DagBag from /opt/airflow/dags/weather_etl.py
[2026-09-26T02:49:17.161+0000] {processor.py:925} INFO - DAG(s) 'weather_etl' retrieved from /opt/airflow/dags/weather_etl.py
[2026-09-26T02:49:17.176+0000] {logging_mixin.py:190} INFO - [2026-09-26T02:49:17.176+0000] {dag.py:3229} INFO - Sync 1 DAGs
[2026-09-26T02:49:17.197+0000] {logging_mixin.py:190} INFO - [2026-09-26T02:49:17.197+0000] {dag.py:4156} INFO - Setting next_dagrun for weather_etl to 2026-09-26 02:30:00+00:00, run_after=2026-09-27 02:30:00+00:00
[2026-09-26T02:49:17.210+0000] {processor.py:208} INFO - Processing /opt/airflow/dags/weather_etl.py took 0.114 seconds
[2026-09-26T02:49:47.527+0000] {processor.py:186} INFO - Started process (PID=9977) to work on /opt/airflow/dags/weather_etl.py
[2026-09-26T02:49:47.531+0000] {processor.py:914} INFO - Processing file /opt/airflow/dags/weather_etl.py for tasks to queue
[2026-09-26T02:49:47.533+0000] {logging_mixin.py:190} INFO - [2026-09-26T02:49:47.533+0000] {dagbag.py:587} INFO - Filling up the DagBag from /opt/airflow/dags/weather_etl.py
[2026-09-26T02:49:47.566+0000] {processor.py:925} INFO - DAG(s) 'weather_etl' retrieved from /opt/airflow/dags/weather_etl.py
[2026-09-26T02:49:47.577+0000] {logging_mixin.py:190} INFO - [2026-09-26T02:49:47.577+0000] {dag.py:3229} INFO - Sync 1 DAGs
[2026-09-26T02:49:47.595+0000] {logging_mixin.py:190} INFO - [2026-09-26T02:49:47.595+0000] {dag.py:4156} INFO - Setting next_dagrun for weather_etl to 2026-09-26 02:30:00+00:00, run_after=2026-09-27 02:30:00+00:00
[2026-09-26T02:49:47.609+0000] {processor.py:208} INFO - Processing /opt/airflow/dags/weather_etl.py took 0.092 seconds
[2026-09-26T02:50:18.042+0000] {processor.py:186} INFO - Started process (PID=9993) to work on /opt/airflow/dags/weather_etl.py
[2026-09-26T02:50:18.046+0000] {processor.py:914} INFO - Processing file /opt/airflow/dags/weather_etl.py for tasks to queue
[2026-09-26T02:50:18.050+0000] {logging_mixin.py:190} INFO - [2026-09-26T02:50:18.050+0000] {dagbag.py:587} INFO - Filling up the DagBag from /opt/airflow/dags/weather_etl.py
[2026-09-26T02:50:18.113+0000] {processor.py:925} INFO - DAG(s) 'weather_etl' retrieved from /opt/airflow/dags/weather_etl.py
[2026-09-26T02:50:18.141+0000] {logging_mixin.py:190} INFO - [2026-09-26T02:50:18.141+0000] {dag.py:3229} INFO - Sync 1 DAGs
[2026-09-26T02:50:18.174+0000] {logging_mixin.py:190} INFO - [2026-09-26T02:50:18.174+0000] {dag.py:4156} INFO - Setting next_dagrun for weather_etl to 2026-09-26 02:30:00+00:00, run_after=2026-09-27 02:30:00+00:00
[2026-09-26T02:50:18.198+0000] {processor.py:208} INFO - Processing /opt/airflow/dags/weather_etl.py took 0.169 seconds
[2026-09-26T02:50:48.716+0000] {processor.py:186} INFO - Started process (PID=10009) to work on /opt/airflow/dags/weather_etl.py
[2026-09-26T02:50:48.720+0000] {processor.py:914} INFO - Processing file /opt/airflow/dags/weather_etl.py for tasks to queue
[2026-09-26T02:50:48.722+0000] {logging_mixin.py:190} INFO - [2026-09-26T02:50:48.721+0000] {dagbag.py:587} INFO - Filling up the DagBag from /opt/airflow/dags/weather_etl.py
[2026-09-26T02:50:48.769+0000] {processor.py:925} INFO - DAG(s) 'weather_etl' retrieved from /opt/airflow/dags/weather_etl.py
[2026-09-26T02:50:48.785+0000] {logging_mixin.py:190} INFO - [2026-09-26T02:50:48.785+0000] {dag.py:3229} INFO - Sync 1 DAGs
[2026-09-26T02:50:48.824+0000] {logging_mixin.py:190} INFO - [2026-09-26T02:50:48.824+0000] {dag.py:4156} INFO - Setting next_dagrun for weather_etl to 2026-09-26 02:30:00+00:00, run_after=2026-09-27 02:30:00+00:00
[2026-09-26T02:50:48.841+0000] {processor.py:208} INFO - Processing /opt/airflow/dags/weather_etl.py took 0.141 seconds
[2026-09-26T02:50:50.903+0000] {processor.py:186} INFO - Started process (PID=10019) to work on /opt/airflow/dags/weather_etl.py
[2026-09-26T02:50:50.906+0000] {processor.py:914} INFO - Processing file /opt/airflow/dags/weather_etl.py for tasks to queue
[2026-09-26T02:50:50.907+0000] {logging_mixin.py:190} INFO - [2026-09-26T02:50:50.907+0000] {dagbag.py:587} INFO - Filling up the DagBag from /opt/airflow/dags/weather_etl.py
[2026-09-26T02:50:50.934+0000] {processor.py:925} INFO - DAG(s) 'weather_etl' retrieved from /opt/airflow/dags/weather_etl.py
[2026-09-26T02:50:51.052+0000] {logging_mixin.py:190} INFO - [2026-09-26T02:50:51.052+0000] {dag.py:3229} INFO - Sync 1 DAGs
[2026-09-26T02:50:51.060+0000] {logging_mixin.py:190} INFO - [2026-09-26T02:50:51.060+0000] {dag.py:4156} INFO - Setting next_dagrun for weather_etl to 2026-09-26 02:30:00+00:00, run_after=2026-09-27 02:30:00+00:00
[2026-09-26T02:50:51.067+0000] {processor.py:208} INFO - Processing /opt/airflow/dags/weather_etl.py took 0.178 seconds
[2026-09-26T02:50:54.950+0000] {processor.py:186} INFO - Started process (PID=10024) to work on /opt/airflow/dags/weather_etl.py
[2026-09-26T02:50:54.952+0000] {processor.py:914} INFO - Processing file /opt/airflow/dags/weather_etl.py for tasks to queue
[2026-09-26T02:50:54.953+0000] {logging_mixin.py:190} INFO - [2026-09-26T02:50:54.953+0000] {dagbag.py:587} INFO - Filling up the DagBag from /opt/airflow/dags/weather_etl.py
[2026-09-26T02:50:54.970+0000] {processor.py:925} INFO - DAG(s) 'weather_etl' retrieved from /opt/airflow/dags/weather_etl.py
[2026-09-26T02:50:54.972+0000] {logging_mixin.py:190} INFO - [2026-09-26T02:50:54.972+0000] {dag.py:3229} INFO - Sync 1 DAGs
[2026-09-26T02:50:54.983+0000] {logging_mixin.py:190} INFO - [2026-09-26T02:50:54.983+0000] {dag.py:4156} INFO - Setting next_dagrun for weather_etl to 2026-09-26 02:30:00+00:00, run_after=2026-09-27 02:30:00+00:00
[2026-09-26T02:50:54.991+0000] {processor.py:208} INFO - Processing /opt/airflow/dags/weather_etl.py took 0.047 seconds
[2026-09-26T02:51:25.376+0000] {processor.py:186} INFO - Started process (PID=10040) to work on /opt/airflow/dags/weather_etl.py
[2026-09-26T02:51:25.379+0000] {processor.py:914} INFO - Processing file /opt/airflow/dags/weather_etl.py for tasks to queue
[2026-09-26T02:51:25.380+0000] {logging_mixin.py:190} INFO - [2026-09-26T02:51:25.380+0000] {dagbag.py:587} INFO - Filling up the DagBag from /opt/airflow/dags/weather_etl.py
[2026-09-26T02:51:25.406+0000] {processor.py:925} INFO - DAG(s) 'weather_etl' retrieved from /opt/airflow/dags/weather_etl.py
[2026-09-26T02:51:25.415+0000] {logging_mixin.py:190} INFO - [2026-09-26T02:51:25.414+0000] {dag.py:3229} INFO - Sync 1 DAGs
[2026-09-26T02:51:25.430+0000] {logging_mixin.py:190} INFO - [2026-09-26T02:51:25.430+0000] {dag.py:4156} INFO - Setting next_dagrun for weather_etl to 2026-09-26 02:30:00+00:00, run_after=2026-09-27 02:30:00+00:00
[2026-09-26T02:51:25.440+0000] {processor.py:208} INFO - Processing /opt/airflow/dags/weather_etl.py took 0.073 seconds
[2026-09-26T02:51:55.784+0000] {processor.py:186} INFO - Started process (PID=10086) to work on /opt/airflow/dags/weather_etl.py
[2026-09-26T02:51:55.789+0000] {processor.py:914} INFO - Processing file /opt/airflow/dags/weather_etl.py for tasks to queue
[2026-09-26T02:51:55.790+0000] {logging_mixin.py:190} INFO - [2026-09-26T02:51:55.790+0000] {dagbag.py:587} INFO - Filling up the DagBag from /opt/airflow/dags/weather_etl.py
[2026-09-26T02:51:55.813+0000] {processor.py:925} INFO - DAG(s) 'weather_etl' retrieved from /opt/airflow/dags/weather_etl.py
[2026-09-26T02:51:55.821+0000] {logging_mixin.py:190} INFO - [2026-09-26T02:51:55.821+0000] {dag.py:3229} INFO - Sync 1 DAGs
[2026-09-26T02:51:55.834+0000] {logging_mixin.py:190} INFO - [2026-09-26T02:51:55.834+0000] {dag.py:4156} INFO - Setting next_dagrun for weather_etl to 2026-09-26 02:30:00+00:00, run_after=2026-09-27 02:30:00+00:00
[2026-09-26T02:51:55.841+0000] {processor.py:208} INFO - Processing /opt/airflow/dags/weather_etl.py took 0.063 seconds
[2026-09-26T02:52:26.215+0000] {processor.py:186} INFO - Started process (PID=10107) to work on /opt/airflow/dags/weather_etl.py
[2026-09-26T02:52:26.218+0000] {processor.py:914} INFO - Processing file /opt/airflow/dags/weather_etl.py for tasks to queue
[2026-09-26T02:52:26.219+0000] {logging_mixin.py:190} INFO - [2026-09-26T02:52:26.219+0000] {dagbag.py:587} INFO - Filling up the DagBag from /opt/airflow/dags/weather_etl.py
[2026-09-26T02:52:26.241+0000] {processor.py:925} INFO - DAG(s) 'weather_etl' retrieved from /opt/airflow/dags/weather_etl.py
[2026-09-26T02:52:26.248+0000] {logging_mixin.py:190} INFO - [2026-09-26T02:52:26.247+0000] {dag.py:3229} INFO - Sync 1 DAGs
[2026-09-26T02:52:26.258+0000] {logging_mixin.py:190} INFO - [2026-09-26T02:52:26.258+0000] {dag.py:4156} INFO - Setting next_dagrun for weather_etl to 2026-09-26 02:30:00+00:00, run_after=2026-09-27 02:30:00+00:00
[2026-09-26T02:52:26.264+0000] {processor.py:208} INFO - Processing /opt/airflow/dags/weather_etl.py took 0.055 seconds
[2026-09-26T02:52:56.577+0000] {processor.py:186} INFO - Started process (PID=10182) to work on /opt/airflow/dags/weather_etl.py
[2026-09-26T02:52:56.580+0000] {processor.py:914} INFO - Processing file /opt/airflow/dags/weather_etl.py for tasks to queue
[2026-09-26T02:52:56.581+0000] {logging_mixin.py:190} INFO - [2026-09-26T02:52:56.581+0000] {dagbag.py:587} INFO - Filling up the DagBag from /opt/airflow/dags/weather_etl.py
[2026-09-26T02:52:56.604+0000] {processor.py:925} INFO - DAG(s) 'weather_etl' retrieved from /opt/airflow/dags/weather_etl.py
[2026-09-26T02:52:56.612+0000] {logging_mixin.py:190} INFO - [2026-09-26T02:52:56.612+0000] {dag.py:3229} INFO - Sync 1 DAGs
[2026-09-26T02:52:56.624+0000] {logging_mixin.py:190} INFO - [2026-09-26T02:52:56.624+0000] {dag.py:4156} INFO - Setting next_dagrun for weather_etl to 2026-09-26 02:30:00+00:00, run_after=2026-09-27 02:30:00+00:00
[2026-09-26T02:52:56.630+0000] {processor.py:208} INFO - Processing /opt/airflow/dags/weather_etl.py took 0.059 seconds
[2026-09-26T02:53:26.976+0000] {processor.py:186} INFO - Started process (PID=10198) to work on /opt/airflow/dags/weather_etl.py
[2026-09-26T02:53:26.979+0000] {processor.py:914} INFO - Processing file /opt/airflow/dags/weather_etl.py for tasks to queue
[2026-09-26T02:53:26.981+0000] {logging_mixin.py:190} INFO - [2026-09-26T02:53:26.980+0000] {dagbag.py:587} INFO - Filling up the DagBag from /opt/airflow/dags/weather_etl.py
[2026-09-26T02:53:27.007+0000] {processor.py:925} INFO - DAG(s) 'weather_etl' retrieved from /opt/airflow/dags/weather_etl.py
[2026-09-26T02:53:27.015+0000] {logging_mixin.py:190} INFO - [2026-09-26T02:53:27.015+0000] {dag.py:3229} INFO - Sync 1 DAGs
[2026-09-26T02:53:27.027+0000] {logging_mixin.py:190} INFO - [2026-09-26T02:53:27.027+0000] {dag.py:4156} INFO - Setting next_dagrun for weather_etl to 2026-09-26 02:30:00+00:00, run_after=2026-09-27 02:30:00+00:00
[2026-09-26T02:53:27.034+0000] {processor.py:208} INFO - Processing /opt/airflow/dags/weather_etl.py took 0.066 seconds
[2026-09-26T02:53:57.507+0000] {processor.py:186} INFO - Started process (PID=10250) to work on /opt/airflow/dags/weather_etl.py
[2026-09-26T02:53:57.510+0000] {processor.py:914} INFO - Processing file /opt/airflow/dags/weather_etl.py for tasks to queue
[2026-09-26T02:53:57.511+0000] {logging_mixin.py:190} INFO - [2026-09-26T02:53:57.511+0000] {dagbag.py:587} INFO - Filling up the DagBag from /opt/airflow/dags/weather_etl.py
[2026-09-26T02:53:57.535+0000] {processor.py:925} INFO - DAG(s) 'weather_etl' retrieved from /opt/airflow/dags/weather_etl.py
[2026-09-26T02:53:57.542+0000] {logging_mixin.py:190} INFO - [2026-09-26T02:53:57.542+0000] {dag.py:3229} INFO - Sync 1 DAGs
[2026-09-26T02:53:57.562+0000] {logging_mixin.py:190} INFO - [2026-09-26T02:53:57.562+0000] {dag.py:4156} INFO - Setting next_dagrun for weather_etl to 2026-09-26 02:30:00+00:00, run_after=2026-09-27 02:30:00+00:00
[2026-09-26T02:53:57.568+0000] {processor.py:208} INFO - Processing /opt/airflow/dags/weather_etl.py took 0.068 seconds
[2026-09-26T02:54:27.917+0000] {processor.py:186} INFO - Started process (PID=10266) to work on /opt/airflow/dags/weather_etl.py
[2026-09-26T02:54:27.919+0000] {processor.py:914} INFO - Processing file /opt/airflow/dags/weather_etl.py for tasks to queue
[2026-09-26T02:54:27.920+0000] {logging_mixin.py:190} INFO - [2026-09-26T02:54:27.920+0000] {dagbag.py:587} INFO - Filling up the DagBag from /opt/airflow/dags/weather_etl.py
[2026-09-26T02:54:27.938+0000] {processor.py:925} INFO - DAG(s) 'weather_etl' retrieved from /opt/airflow/dags/weather_etl.py
[2026-09-26T02:54:27.946+0000] {logging_mixin.py:190} INFO - [2026-09-26T02:54:27.946+0000] {dag.py:3229} INFO - Sync 1 DAGs
[2026-09-26T02:54:27.958+0000] {logging_mixin.py:190} INFO - [2026-09-26T02:54:27.958+0000] {dag.py:4156} INFO - Setting next_dagrun for weather_etl to 2026-09-26 02:30:00+00:00, run_after=2026-09-27 02:30:00+00:00
[2026-09-26T02:54:27.964+0000] {processor.py:208} INFO - Processing /opt/airflow/dags/weather_etl.py took 0.053 seconds
[2026-09-26T02:54:58.239+0000] {processor.py:186} INFO - Started process (PID=10346) to work on /opt/airflow/dags/weather_etl.py
[2026-09-26T02:54:58.241+0000] {processor.py:914} INFO - Processing file /opt/airflow/dags/weather_etl.py for tasks to queue
[2026-09-26T02:54:58.242+0000] {logging_mixin.py:190} INFO - [2026-09-26T02:54:58.241+0000] {dagbag.py:587} INFO - Filling up the DagBag from /opt/airflow/dags/weather_etl.py
[2026-09-26T02:54:58.270+0000] {processor.py:925} INFO - DAG(s) 'weather_etl' retrieved from /opt/airflow/dags/weather_etl.py
[2026-09-26T02:54:58.286+0000] {logging_mixin.py:190} INFO - [2026-09-26T02:54:58.286+0000] {dag.py:3229} INFO - Sync 1 DAGs
[2026-09-26T02:54:58.308+0000] {logging_mixin.py:190} INFO - [2026-09-26T02:54:58.308+0000] {dag.py:4156} INFO - Setting next_dagrun for weather_etl to 2026-09-26 02:30:00+00:00, run_after=2026-09-27 02:30:00+00:00
[2026-09-26T02:54:58.319+0000] {processor.py:208} INFO - Processing /opt/airflow/dags/weather_etl.py took 0.084 seconds
[2026-09-26T02:55:28.722+0000] {processor.py:186} INFO - Started process (PID=10362) to work on /opt/airflow/dags/weather_etl.py
[2026-09-26T02:55:28.726+0000] {processor.py:914} INFO - Processing file /opt/airflow/dags/weather_etl.py for tasks to queue
[2026-09-26T02:55:28.727+0000] {logging_mixin.py:190} INFO - [2026-09-26T02:55:28.727+0000] {dagbag.py:587} INFO - Filling up the DagBag from /opt/airflow/dags/weather_etl.py
[2026-09-26T02:55:28.747+0000] {processor.py:925} INFO - DAG(s) 'weather_etl' retrieved from /opt/airflow/dags/weather_etl.py
[2026-09-26T02:55:28.754+0000] {logging_mixin.py:190} INFO - [2026-09-26T02:55:28.754+0000] {dag.py:3229} INFO - Sync 1 DAGs
[2026-09-26T02:55:28.766+0000] {logging_mixin.py:190} INFO - [2026-09-26T02:55:28.766+0000] {dag.py:4156} INFO - Setting next_dagrun for weather_etl to 2026-09-26 02:30:00+00:00, run_after=2026-09-27 02:30:00+00:00
[2026-09-26T02:55:28.773+0000] {processor.py:208} INFO - Processing /opt/airflow/dags/weather_etl.py took 0.065 seconds
[2026-09-26T02:55:57.216+0000] {processor.py:186} INFO - Started process (PID=10372) to work on /opt/airflow/dags/weather_etl.py
[2026-09-26T02:55:57.218+0000] {processor.py:914} INFO - Processing file /opt/airflow/dags/weather_etl.py for tasks to queue
[2026-09-26T02:55:57.219+0000] {logging_mixin.py:190} INFO - [2026-09-26T02:55:57.218+0000] {dagbag.py:587} INFO - Filling up the DagBag from /opt/airflow/dags/weather_etl.py
[2026-09-26T02:55:57.253+0000] {processor.py:925} INFO - DAG(s) 'weather_etl' retrieved from /opt/airflow/dags/weather_etl.py
[2026-09-26T02:55:57.326+0000] {logging_mixin.py:190} INFO - [2026-09-26T02:55:57.326+0000] {dag.py:3229} INFO - Sync 1 DAGs
[2026-09-26T02:55:57.336+0000] {logging_mixin.py:190} INFO - [2026-09-26T02:55:57.336+0000] {dag.py:4156} INFO - Setting next_dagrun for weather_etl to 2026-09-26 02:30:00+00:00, run_after=2026-09-27 02:30:00+00:00
[2026-09-26T02:55:57.344+0000] {processor.py:208} INFO - Processing /opt/airflow/dags/weather_etl.py took 0.141 seconds
[2026-09-26T02:55:59.367+0000] {processor.py:186} INFO - Started process (PID=10383) to work on /opt/airflow/dags/weather_etl.py
[2026-09-26T02:55:59.369+0000] {processor.py:914} INFO - Processing file /opt/airflow/dags/weather_etl.py for tasks to queue
[2026-09-26T02:55:59.370+0000] {logging_mixin.py:190} INFO - [2026-09-26T02:55:59.369+0000] {dagbag.py:587} INFO - Filling up the DagBag from /opt/airflow/dags/weather_etl.py
[2026-09-26T02:55:59.392+0000] {processor.py:925} INFO - DAG(s) 'weather_etl' retrieved from /opt/airflow/dags/weather_etl.py
[2026-09-26T02:55:59.393+0000] {logging_mixin.py:190} INFO - [2026-09-26T02:55:59.393+0000] {dag.py:3229} INFO - Sync 1 DAGs
[2026-09-26T02:55:59.403+0000] {logging_mixin.py:190} INFO - [2026-09-26T02:55:59.403+0000] {dag.py:4156} INFO - Setting next_dagrun for weather_etl to 2026-09-26 02:30:00+00:00, run_after=2026-09-27 02:30:00+00:00
[2026-09-26T02:55:59.410+0000] {processor.py:208} INFO - Processing /opt/airflow/dags/weather_etl.py took 0.053 seconds
[2026-09-26T02:56:06.672+0000] {processor.py:186} INFO - Started process (PID=10388) to work on /opt/airflow/dags/weather_etl.py
[2026-09-26T02:56:06.674+0000] {processor.py:914} INFO - Processing file /opt/airflow/dags/weather_etl.py for tasks to queue
[2026-09-26T02:56:06.677+0000] {logging_mixin.py:190} INFO - [2026-09-26T02:56:06.676+0000] {dagbag.py:587} INFO - Filling up the DagBag from /opt/airflow/dags/weather_etl.py
[2026-09-26T02:56:06.774+0000] {processor.py:925} INFO - DAG(s) 'weather_etl' retrieved from /opt/airflow/dags/weather_etl.py
[2026-09-26T02:56:06.778+0000] {logging_mixin.py:190} INFO - [2026-09-26T02:56:06.777+0000] {dag.py:3229} INFO - Sync 1 DAGs
[2026-09-26T02:56:06.822+0000] {logging_mixin.py:190} INFO - [2026-09-26T02:56:06.822+0000] {dag.py:4156} INFO - Setting next_dagrun for weather_etl to 2026-09-26 02:30:00+00:00, run_after=2026-09-27 02:30:00+00:00
[2026-09-26T02:56:06.831+0000] {processor.py:208} INFO - Processing /opt/airflow/dags/weather_etl.py took 0.297 seconds
[2026-09-26T02:56:37.028+0000] {processor.py:186} INFO - Started process (PID=10434) to work on /opt/airflow/dags/weather_etl.py
[2026-09-26T02:56:37.030+0000] {processor.py:914} INFO - Processing file /opt/airflow/dags/weather_etl.py for tasks to queue
[2026-09-26T02:56:37.032+0000] {logging_mixin.py:190} INFO - [2026-09-26T02:56:37.032+0000] {dagbag.py:587} INFO - Filling up the DagBag from /opt/airflow/dags/weather_etl.py
[2026-09-26T02:56:37.070+0000] {processor.py:925} INFO - DAG(s) 'weather_etl' retrieved from /opt/airflow/dags/weather_etl.py
[2026-09-26T02:56:37.080+0000] {logging_mixin.py:190} INFO - [2026-09-26T02:56:37.080+0000] {dag.py:3229} INFO - Sync 1 DAGs
[2026-09-26T02:56:37.100+0000] {logging_mixin.py:190} INFO - [2026-09-26T02:56:37.100+0000] {dag.py:4156} INFO - Setting next_dagrun for weather_etl to 2026-09-26 02:30:00+00:00, run_after=2026-09-27 02:30:00+00:00
[2026-09-26T02:56:37.110+0000] {processor.py:208} INFO - Processing /opt/airflow/dags/weather_etl.py took 0.092 seconds
[2026-09-26T02:57:07.446+0000] {processor.py:186} INFO - Started process (PID=10450) to work on /opt/airflow/dags/weather_etl.py
[2026-09-26T02:57:07.448+0000] {processor.py:914} INFO - Processing file /opt/airflow/dags/weather_etl.py for tasks to queue
[2026-09-26T02:57:07.449+0000] {logging_mixin.py:190} INFO - [2026-09-26T02:57:07.448+0000] {dagbag.py:587} INFO - Filling up the DagBag from /opt/airflow/dags/weather_etl.py
[2026-09-26T02:57:07.467+0000] {processor.py:925} INFO - DAG(s) 'weather_etl' retrieved from /opt/airflow/dags/weather_etl.py
[2026-09-26T02:57:07.473+0000] {logging_mixin.py:190} INFO - [2026-09-26T02:57:07.473+0000] {dag.py:3229} INFO - Sync 1 DAGs
[2026-09-26T02:57:07.484+0000] {logging_mixin.py:190} INFO - [2026-09-26T02:57:07.484+0000] {dag.py:4156} INFO - Setting next_dagrun for weather_etl to 2026-09-26 02:30:00+00:00, run_after=2026-09-27 02:30:00+00:00
[2026-09-26T02:57:07.490+0000] {processor.py:208} INFO - Processing /opt/airflow/dags/weather_etl.py took 0.048 seconds
[2026-09-26T02:57:37.897+0000] {processor.py:186} INFO - Started process (PID=10466) to work on /opt/airflow/dags/weather_etl.py
[2026-09-26T02:57:37.899+0000] {processor.py:914} INFO - Processing file /opt/airflow/dags/weather_etl.py for tasks to queue
[2026-09-26T02:57:37.900+0000] {logging_mixin.py:190} INFO - [2026-09-26T02:57:37.899+0000] {dagbag.py:587} INFO - Filling up the DagBag from /opt/airflow/dags/weather_etl.py
[2026-09-26T02:57:37.933+0000] {processor.py:925} INFO - DAG(s) 'weather_etl' retrieved from /opt/airflow/dags/weather_etl.py
[2026-09-26T02:57:37.948+0000] {logging_mixin.py:190} INFO - [2026-09-26T02:57:37.948+0000] {dag.py:3229} INFO - Sync 1 DAGs
[2026-09-26T02:57:37.966+0000] {logging_mixin.py:190} INFO - [2026-09-26T02:57:37.966+0000] {dag.py:4156} INFO - Setting next_dagrun for weather_etl to 2026-09-26 02:30:00+00:00, run_after=2026-09-27 02:30:00+00:00
[2026-09-26T02:57:37.977+0000] {processor.py:208} INFO - Processing /opt/airflow/dags/weather_etl.py took 0.092 seconds
[2026-09-26T02:58:08.254+0000] {processor.py:186} INFO - Started process (PID=10542) to work on /opt/airflow/dags/weather_etl.py
[2026-09-26T02:58:08.260+0000] {processor.py:914} INFO - Processing file /opt/airflow/dags/weather_etl.py for tasks to queue
[2026-09-26T02:58:08.261+0000] {logging_mixin.py:190} INFO - [2026-09-26T02:58:08.261+0000] {dagbag.py:587} INFO - Filling up the DagBag from /opt/airflow/dags/weather_etl.py
[2026-09-26T02:58:08.287+0000] {processor.py:925} INFO - DAG(s) 'weather_etl' retrieved from /opt/airflow/dags/weather_etl.py
[2026-09-26T02:58:08.295+0000] {logging_mixin.py:190} INFO - [2026-09-26T02:58:08.295+0000] {dag.py:3229} INFO - Sync 1 DAGs
[2026-09-26T02:58:08.308+0000] {logging_mixin.py:190} INFO - [2026-09-26T02:58:08.308+0000] {dag.py:4156} INFO - Setting next_dagrun for weather_etl to 2026-09-26 02:30:00+00:00, run_after=2026-09-27 02:30:00+00:00
[2026-09-26T02:58:08.316+0000] {processor.py:208} INFO - Processing /opt/airflow/dags/weather_etl.py took 0.068 seconds
[2026-09-26T02:58:38.660+0000] {processor.py:186} INFO - Started process (PID=10562) to work on /opt/airflow/dags/weather_etl.py
[2026-09-26T02:58:38.662+0000] {processor.py:914} INFO - Processing file /opt/airflow/dags/weather_etl.py for tasks to queue
[2026-09-26T02:58:38.663+0000] {logging_mixin.py:190} INFO - [2026-09-26T02:58:38.663+0000] {dagbag.py:587} INFO - Filling up the DagBag from /opt/airflow/dags/weather_etl.py
[2026-09-26T02:58:38.700+0000] {processor.py:925} INFO - DAG(s) 'weather_etl' retrieved from /opt/airflow/dags/weather_etl.py
[2026-09-26T02:58:38.709+0000] {logging_mixin.py:190} INFO - [2026-09-26T02:58:38.709+0000] {dag.py:3229} INFO - Sync 1 DAGs
[2026-09-26T02:58:38.729+0000] {logging_mixin.py:190} INFO - [2026-09-26T02:58:38.728+0000] {dag.py:4156} INFO - Setting next_dagrun for weather_etl to 2026-09-26 02:30:00+00:00, run_after=2026-09-27 02:30:00+00:00
[2026-09-26T02:58:38.741+0000] {processor.py:208} INFO - Processing /opt/airflow/dags/weather_etl.py took 0.096 seconds
[2026-09-26T02:59:09.140+0000] {processor.py:186} INFO - Started process (PID=10578) to work on /opt/airflow/dags/weather_etl.py
[2026-09-26T02:59:09.146+0000] {processor.py:914} INFO - Processing file /opt/airflow/dags/weather_etl.py for tasks to queue
[2026-09-26T02:59:09.148+0000] {logging_mixin.py:190} INFO - [2026-09-26T02:59:09.148+0000] {dagbag.py:587} INFO - Filling up the DagBag from /opt/airflow/dags/weather_etl.py
[2026-09-26T02:59:09.195+0000] {processor.py:925} INFO - DAG(s) 'weather_etl' retrieved from /opt/airflow/dags/weather_etl.py
[2026-09-26T02:59:09.210+0000] {logging_mixin.py:190} INFO - [2026-09-26T02:59:09.210+0000] {dag.py:3229} INFO - Sync 1 DAGs
[2026-09-26T02:59:09.228+0000] {logging_mixin.py:190} INFO - [2026-09-26T02:59:09.228+0000] {dag.py:4156} INFO - Setting next_dagrun for weather_etl to 2026-09-26 02:30:00+00:00, run_after=2026-09-27 02:30:00+00:00
[2026-09-26T02:59:09.235+0000] {processor.py:208} INFO - Processing /opt/airflow/dags/weather_etl.py took 0.107 seconds
[2026-09-26T02:59:39.597+0000] {processor.py:186} INFO - Started process (PID=10628) to work on /opt/airflow/dags/weather_etl.py
[2026-09-26T02:59:39.600+0000] {processor.py:914} INFO - Processing file /opt/airflow/dags/weather_etl.py for tasks to queue
[2026-09-26T02:59:39.606+0000] {logging_mixin.py:190} INFO - [2026-09-26T02:59:39.604+0000] {dagbag.py:587} INFO - Filling up the DagBag from /opt/airflow/dags/weather_etl.py
[2026-09-26T02:59:39.678+0000] {processor.py:925} INFO - DAG(s) 'weather_etl' retrieved from /opt/airflow/dags/weather_etl.py
[2026-09-26T02:59:39.696+0000] {logging_mixin.py:190} INFO - [2026-09-26T02:59:39.696+0000] {dag.py:3229} INFO - Sync 1 DAGs
[2026-09-26T02:59:39.726+0000] {logging_mixin.py:190} INFO - [2026-09-26T02:59:39.725+0000] {dag.py:4156} INFO - Setting next_dagrun for weather_etl to 2026-09-26 02:30:00+00:00, run_after=2026-09-27 02:30:00+00:00
[2026-09-26T02:59:39.738+0000] {processor.py:208} INFO - Processing /opt/airflow/dags/weather_etl.py took 0.156 seconds
[2026-09-26T03:00:10.006+0000] {processor.py:186} INFO - Started process (PID=10657) to work on /opt/airflow/dags/weather_etl.py
[2026-09-26T03:00:10.009+0000] {processor.py:914} INFO - Processing file /opt/airflow/dags/weather_etl.py for tasks to queue
[2026-09-26T03:00:10.011+0000] {logging_mixin.py:190} INFO - [2026-09-26T03:00:10.010+0000] {dagbag.py:587} INFO - Filling up the DagBag from /opt/airflow/dags/weather_etl.py
[2026-09-26T03:00:10.046+0000] {processor.py:925} INFO - DAG(s) 'weather_etl' retrieved from /opt/airflow/dags/weather_etl.py
[2026-09-26T03:00:10.056+0000] {logging_mixin.py:190} INFO - [2026-09-26T03:00:10.055+0000] {dag.py:3229} INFO - Sync 1 DAGs
[2026-09-26T03:00:10.069+0000] {logging_mixin.py:190} INFO - [2026-09-26T03:00:10.069+0000] {dag.py:4156} INFO - Setting next_dagrun for weather_etl to 2026-09-26 02:30:00+00:00, run_after=2026-09-27 02:30:00+00:00
[2026-09-26T03:00:10.076+0000] {processor.py:208} INFO - Processing /opt/airflow/dags/weather_etl.py took 0.077 seconds
[2026-09-26T03:00:40.517+0000] {processor.py:186} INFO - Started process (PID=10694) to work on /opt/airflow/dags/weather_etl.py
[2026-09-26T03:00:40.520+0000] {processor.py:914} INFO - Processing file /opt/airflow/dags/weather_etl.py for tasks to queue
[2026-09-26T03:00:40.521+0000] {logging_mixin.py:190} INFO - [2026-09-26T03:00:40.521+0000] {dagbag.py:587} INFO - Filling up the DagBag from /opt/airflow/dags/weather_etl.py
[2026-09-26T03:00:40.614+0000] {processor.py:925} INFO - DAG(s) 'weather_etl' retrieved from /opt/airflow/dags/weather_etl.py
[2026-09-26T03:00:40.677+0000] {logging_mixin.py:190} INFO - [2026-09-26T03:00:40.676+0000] {dag.py:3229} INFO - Sync 1 DAGs
[2026-09-26T03:00:40.715+0000] {logging_mixin.py:190} INFO - [2026-09-26T03:00:40.715+0000] {dag.py:4156} INFO - Setting next_dagrun for weather_etl to 2026-09-26 02:30:00+00:00, run_after=2026-09-27 02:30:00+00:00
[2026-09-26T03:00:40.728+0000] {processor.py:208} INFO - Processing /opt/airflow/dags/weather_etl.py took 0.224 seconds
[2026-09-26T03:01:11.165+0000] {processor.py:186} INFO - Started process (PID=10710) to work on /opt/airflow/dags/weather_etl.py
[2026-09-26T03:01:11.171+0000] {processor.py:914} INFO - Processing file /opt/airflow/dags/weather_etl.py for tasks to queue
[2026-09-26T03:01:11.178+0000] {logging_mixin.py:190} INFO - [2026-09-26T03:01:11.175+0000] {dagbag.py:587} INFO - Filling up the DagBag from /opt/airflow/dags/weather_etl.py
[2026-09-26T03:01:11.248+0000] {processor.py:925} INFO - DAG(s) 'weather_etl' retrieved from /opt/airflow/dags/weather_etl.py
[2026-09-26T03:01:11.276+0000] {logging_mixin.py:190} INFO - [2026-09-26T03:01:11.274+0000] {dag.py:3229} INFO - Sync 1 DAGs
[2026-09-26T03:01:11.336+0000] {logging_mixin.py:190} INFO - [2026-09-26T03:01:11.336+0000] {dag.py:4156} INFO - Setting next_dagrun for weather_etl to 2026-09-26 02:30:00+00:00, run_after=2026-09-27 02:30:00+00:00
[2026-09-26T03:01:11.356+0000] {processor.py:208} INFO - Processing /opt/airflow/dags/weather_etl.py took 0.206 seconds
[2026-09-26T03:01:41.802+0000] {processor.py:186} INFO - Started process (PID=10726) to work on /opt/airflow/dags/weather_etl.py
[2026-09-26T03:01:41.808+0000] {processor.py:914} INFO - Processing file /opt/airflow/dags/weather_etl.py for tasks to queue
[2026-09-26T03:01:41.811+0000] {logging_mixin.py:190} INFO - [2026-09-26T03:01:41.810+0000] {dagbag.py:587} INFO - Filling up the DagBag from /opt/airflow/dags/weather_etl.py
[2026-09-26T03:01:41.862+0000] {processor.py:925} INFO - DAG(s) 'weather_etl' retrieved from /opt/airflow/dags/weather_etl.py
[2026-09-26T03:01:41.873+0000] {logging_mixin.py:190} INFO - [2026-09-26T03:01:41.873+0000] {dag.py:3229} INFO - Sync 1 DAGs
[2026-09-26T03:01:41.891+0000] {logging_mixin.py:190} INFO - [2026-09-26T03:01:41.891+0000] {dag.py:4156} INFO - Setting next_dagrun for weather_etl to 2026-09-26 02:30:00+00:00, run_after=2026-09-27 02:30:00+00:00
[2026-09-26T03:01:41.902+0000] {processor.py:208} INFO - Processing /opt/airflow/dags/weather_etl.py took 0.181 seconds
[2026-09-26T03:02:12.380+0000] {processor.py:186} INFO - Started process (PID=10742) to work on /opt/airflow/dags/weather_etl.py
[2026-09-26T03:02:12.385+0000] {processor.py:914} INFO - Processing file /opt/airflow/dags/weather_etl.py for tasks to queue
[2026-09-26T03:02:12.387+0000] {logging_mixin.py:190} INFO - [2026-09-26T03:02:12.387+0000] {dagbag.py:587} INFO - Filling up the DagBag from /opt/airflow/dags/weather_etl.py
[2026-09-26T03:02:12.430+0000] {processor.py:925} INFO - DAG(s) 'weather_etl' retrieved from /opt/airflow/dags/weather_etl.py
[2026-09-26T03:02:12.443+0000] {logging_mixin.py:190} INFO - [2026-09-26T03:02:12.443+0000] {dag.py:3229} INFO - Sync 1 DAGs
[2026-09-26T03:02:12.469+0000] {logging_mixin.py:190} INFO - [2026-09-26T03:02:12.469+0000] {dag.py:4156} INFO - Setting next_dagrun for weather_etl to 2026-09-26 02:30:00+00:00, run_after=2026-09-27 02:30:00+00:00
[2026-09-26T03:02:12.484+0000] {processor.py:208} INFO - Processing /opt/airflow/dags/weather_etl.py took 0.120 seconds
[2026-09-26T03:02:42.892+0000] {processor.py:186} INFO - Started process (PID=10758) to work on /opt/airflow/dags/weather_etl.py
[2026-09-26T03:02:42.895+0000] {processor.py:914} INFO - Processing file /opt/airflow/dags/weather_etl.py for tasks to queue
[2026-09-26T03:02:42.899+0000] {logging_mixin.py:190} INFO - [2026-09-26T03:02:42.898+0000] {dagbag.py:587} INFO - Filling up the DagBag from /opt/airflow/dags/weather_etl.py
[2026-09-26T03:02:42.953+0000] {processor.py:925} INFO - DAG(s) 'weather_etl' retrieved from /opt/airflow/dags/weather_etl.py
[2026-09-26T03:02:42.973+0000] {logging_mixin.py:190} INFO - [2026-09-26T03:02:42.973+0000] {dag.py:3229} INFO - Sync 1 DAGs
[2026-09-26T03:02:42.995+0000] {logging_mixin.py:190} INFO - [2026-09-26T03:02:42.995+0000] {dag.py:4156} INFO - Setting next_dagrun for weather_etl to 2026-09-26 02:30:00+00:00, run_after=2026-09-27 02:30:00+00:00
[2026-09-26T03:02:43.009+0000] {processor.py:208} INFO - Processing /opt/airflow/dags/weather_etl.py took 0.137 seconds
[2026-09-26T03:03:13.443+0000] {processor.py:186} INFO - Started process (PID=10774) to work on /opt/airflow/dags/weather_etl.py
[2026-09-26T03:03:13.445+0000] {processor.py:914} INFO - Processing file /opt/airflow/dags/weather_etl.py for tasks to queue
[2026-09-26T03:03:13.446+0000] {logging_mixin.py:190} INFO - [2026-09-26T03:03:13.446+0000] {dagbag.py:587} INFO - Filling up the DagBag from /opt/airflow/dags/weather_etl.py
[2026-09-26T03:03:13.480+0000] {processor.py:925} INFO - DAG(s) 'weather_etl' retrieved from /opt/airflow/dags/weather_etl.py
[2026-09-26T03:03:13.490+0000] {logging_mixin.py:190} INFO - [2026-09-26T03:03:13.490+0000] {dag.py:3229} INFO - Sync 1 DAGs
[2026-09-26T03:03:13.509+0000] {logging_mixin.py:190} INFO - [2026-09-26T03:03:13.509+0000] {dag.py:4156} INFO - Setting next_dagrun for weather_etl to 2026-09-26 02:30:00+00:00, run_after=2026-09-27 02:30:00+00:00
[2026-09-26T03:03:13.517+0000] {processor.py:208} INFO - Processing /opt/airflow/dags/weather_etl.py took 0.083 seconds
[2026-09-26T03:03:43.976+0000] {processor.py:186} INFO - Started process (PID=10790) to work on /opt/airflow/dags/weather_etl.py
[2026-09-26T03:03:43.977+0000] {processor.py:914} INFO - Processing file /opt/airflow/dags/weather_etl.py for tasks to queue
[2026-09-26T03:03:43.979+0000] {logging_mixin.py:190} INFO - [2026-09-26T03:03:43.979+0000] {dagbag.py:587} INFO - Filling up the DagBag from /opt/airflow/dags/weather_etl.py
[2026-09-26T03:03:44.003+0000] {processor.py:925} INFO - DAG(s) 'weather_etl' retrieved from /opt/airflow/dags/weather_etl.py
[2026-09-26T03:03:44.011+0000] {logging_mixin.py:190} INFO - [2026-09-26T03:03:44.011+0000] {dag.py:3229} INFO - Sync 1 DAGs
[2026-09-26T03:03:44.026+0000] {logging_mixin.py:190} INFO - [2026-09-26T03:03:44.026+0000] {dag.py:4156} INFO - Setting next_dagrun for weather_etl to 2026-09-26 02:30:00+00:00, run_after=2026-09-27 02:30:00+00:00
[2026-09-26T03:03:44.036+0000] {processor.py:208} INFO - Processing /opt/airflow/dags/weather_etl.py took 0.070 seconds
[2026-09-26T03:04:14.944+0000] {processor.py:186} INFO - Started process (PID=10806) to work on /opt/airflow/dags/weather_etl.py
[2026-09-26T03:04:14.947+0000] {processor.py:914} INFO - Processing file /opt/airflow/dags/weather_etl.py for tasks to queue
[2026-09-26T03:04:14.949+0000] {logging_mixin.py:190} INFO - [2026-09-26T03:04:14.948+0000] {dagbag.py:587} INFO - Filling up the DagBag from /opt/airflow/dags/weather_etl.py
[2026-09-26T03:04:14.994+0000] {processor.py:925} INFO - DAG(s) 'weather_etl' retrieved from /opt/airflow/dags/weather_etl.py
[2026-09-26T03:04:15.009+0000] {logging_mixin.py:190} INFO - [2026-09-26T03:04:15.008+0000] {dag.py:3229} INFO - Sync 1 DAGs
[2026-09-26T03:04:15.030+0000] {logging_mixin.py:190} INFO - [2026-09-26T03:04:15.030+0000] {dag.py:4156} INFO - Setting next_dagrun for weather_etl to 2026-09-26 02:30:00+00:00, run_after=2026-09-27 02:30:00+00:00
[2026-09-26T03:04:15.045+0000] {processor.py:208} INFO - Processing /opt/airflow/dags/weather_etl.py took 0.111 seconds
[2026-09-26T03:04:45.606+0000] {processor.py:186} INFO - Started process (PID=10822) to work on /opt/airflow/dags/weather_etl.py
[2026-09-26T03:04:45.610+0000] {processor.py:914} INFO - Processing file /opt/airflow/dags/weather_etl.py for tasks to queue
[2026-09-26T03:04:45.613+0000] {logging_mixin.py:190} INFO - [2026-09-26T03:04:45.612+0000] {dagbag.py:587} INFO - Filling up the DagBag from /opt/airflow/dags/weather_etl.py
[2026-09-26T03:04:45.673+0000] {processor.py:925} INFO - DAG(s) 'weather_etl' retrieved from /opt/airflow/dags/weather_etl.py
[2026-09-26T03:04:45.689+0000] {logging_mixin.py:190} INFO - [2026-09-26T03:04:45.689+0000] {dag.py:3229} INFO - Sync 1 DAGs
[2026-09-26T03:04:45.720+0000] {logging_mixin.py:190} INFO - [2026-09-26T03:04:45.720+0000] {dag.py:4156} INFO - Setting next_dagrun for weather_etl to 2026-09-26 02:30:00+00:00, run_after=2026-09-27 02:30:00+00:00
[2026-09-26T03:04:45.739+0000] {processor.py:208} INFO - Processing /opt/airflow/dags/weather_etl.py took 0.152 seconds
[2026-09-26T03:05:27.931+0000] {processor.py:186} INFO - Started process (PID=10838) to work on /opt/airflow/dags/weather_etl.py
[2026-09-26T03:05:27.935+0000] {processor.py:914} INFO - Processing file /opt/airflow/dags/weather_etl.py for tasks to queue
[2026-09-26T03:05:27.939+0000] {logging_mixin.py:190} INFO - [2026-09-26T03:05:27.938+0000] {dagbag.py:587} INFO - Filling up the DagBag from /opt/airflow/dags/weather_etl.py
[2026-09-26T03:05:28.032+0000] {processor.py:925} INFO - DAG(s) 'weather_etl' retrieved from /opt/airflow/dags/weather_etl.py
[2026-09-26T03:05:28.062+0000] {logging_mixin.py:190} INFO - [2026-09-26T03:05:28.062+0000] {dag.py:3229} INFO - Sync 1 DAGs
[2026-09-26T03:05:28.096+0000] {logging_mixin.py:190} INFO - [2026-09-26T03:05:28.095+0000] {dag.py:4156} INFO - Setting next_dagrun for weather_etl to 2026-09-26 02:30:00+00:00, run_after=2026-09-27 02:30:00+00:00
[2026-09-26T03:05:28.113+0000] {processor.py:208} INFO - Processing /opt/airflow/dags/weather_etl.py took 0.221 seconds
