[2026-09-22T00:18:03.374+0000] {manager.py:486} INFO - Processing files using up to 2 processes at a time 
[2026-09-22T00:18:03.377+0000] {manager.py:487} INFO - Process each file at most once every 30 seconds
[2026-09-22T00:18:03.377+0000] {manager.py:488} INFO - Checking for new files in /opt/airflow/dags every 300 seconds
[2026-09-22T00:18:03.377+0000] {manager.py:832} INFO - Searching for files in /opt/airflow/dags
[2026-09-22T00:18:03.380+0000] {manager.py:835} INFO - There are 1 files in /opt/airflow/dags
[2026-09-22T00:18:04.787+0000] {manager.py:1008} INFO - 
================================================================================
DAG File Processing Stats

File Path                           PID  Runtime      # DAGs    # Errors  Last Runtime    Last Run      Last # of DB Queries
--------------------------------  -----  ---------  --------  ----------  --------------  ----------  ----------------------
/opt/airflow/dags/weather_etl.py    250  0.04s             0           0                                                   0
================================================================================
[2026-09-22T00:18:35.136+0000] {manager.py:1008} INFO - 
================================================================================
DAG File Processing Stats

File Path                           PID  Runtime      # DAGs    # Errors  Last Runtime    Last Run               Last # of DB Queries
--------------------------------  -----  ---------  --------  ----------  --------------  -------------------  ----------------------
/opt/airflow/dags/weather_etl.py    285  0.01s             0           1  0.07s           2026-09-22T00:18:04                       4
================================================================================
[2026-09-22T00:19:05.486+0000] {manager.py:1008} INFO - 
================================================================================
DAG File Processing Stats

File Path                           PID  Runtime      # DAGs    # Errors  Last Runtime    Last Run               Last # of DB Queries
--------------------------------  -----  ---------  --------  ----------  --------------  -------------------  ----------------------
/opt/airflow/dags/weather_etl.py    313  0.01s             0           1  0.14s           2026-09-22T00:18:35                       6
================================================================================
[2026-09-22T00:19:35.874+0000] {manager.py:1008} INFO - 
================================================================================
DAG File Processing Stats

File Path                           PID  Runtime      # DAGs    # Errors  Last Runtime    Last Run               Last # of DB Queries
--------------------------------  -----  ---------  --------  ----------  --------------  -------------------  ----------------------
/opt/airflow/dags/weather_etl.py    324  0.02s             0           1  0.05s           2026-09-22T00:19:05                       6
================================================================================
[2026-09-22T00:20:06.277+0000] {manager.py:1008} INFO - 
================================================================================
DAG File Processing Stats

File Path                           PID  Runtime      # DAGs    # Errors  Last Runtime    Last Run               Last # of DB Queries
--------------------------------  -----  ---------  --------  ----------  --------------  -------------------  ----------------------
/opt/airflow/dags/weather_etl.py    345  0.01s             0           1  0.09s           2026-09-22T00:19:35                       6
================================================================================
[2026-09-22T00:20:36.689+0000] {manager.py:1008} INFO - 
================================================================================
DAG File Processing Stats

File Path                           PID  Runtime      # DAGs    # Errors  Last Runtime    Last Run               Last # of DB Queries
--------------------------------  -----  ---------  --------  ----------  --------------  -------------------  ----------------------
/opt/airflow/dags/weather_etl.py    357  0.02s             0           1  0.06s           2026-09-22T00:20:06                       6
================================================================================
[2026-09-22T00:21:07.051+0000] {manager.py:1008} INFO - 
================================================================================
DAG File Processing Stats

File Path                           PID  Runtime      # DAGs    # Errors  Last Runtime    Last Run               Last # of DB Queries
--------------------------------  -----  ---------  --------  ----------  --------------  -------------------  ----------------------
/opt/airflow/dags/weather_etl.py    368  0.02s             0           1  0.11s           2026-09-22T00:20:36                       6
================================================================================
[2026-09-22T00:21:37.407+0000] {manager.py:1008} INFO - 
================================================================================
DAG File Processing Stats

File Path                           PID  Runtime      # DAGs    # Errors  Last Runtime    Last Run               Last # of DB Queries
--------------------------------  -----  ---------  --------  ----------  --------------  -------------------  ----------------------
/opt/airflow/dags/weather_etl.py    378  0.02s             0           1  0.08s           2026-09-22T00:21:07                       6
================================================================================
[2026-09-22T00:22:07.798+0000] {manager.py:1008} INFO - 
================================================================================
DAG File Processing Stats

File Path                           PID  Runtime      # DAGs    # Errors  Last Runtime    Last Run               Last # of DB Queries
--------------------------------  -----  ---------  --------  ----------  --------------  -------------------  ----------------------
/opt/airflow/dags/weather_etl.py    389  0.01s             0           1  0.09s           2026-09-22T00:21:37                       6
================================================================================
[2026-09-22T00:22:38.195+0000] {manager.py:1008} INFO - 
================================================================================
DAG File Processing Stats

File Path                           PID  Runtime      # DAGs    # Errors  Last Runtime    Last Run               Last # of DB Queries
--------------------------------  -----  ---------  --------  ----------  --------------  -------------------  ----------------------
/opt/airflow/dags/weather_etl.py    400  0.01s             0           1  0.06s           2026-09-22T00:22:07                       6
================================================================================
[2026-09-22T00:23:03.476+0000] {manager.py:832} INFO - Searching for files in /opt/airflow/dags
[2026-09-22T00:23:03.487+0000] {manager.py:835} INFO - There are 1 files in /opt/airflow/dags
[2026-09-22T00:23:08.582+0000] {manager.py:1008} INFO - 
================================================================================
DAG File Processing Stats

File Path                           PID  Runtime      # DAGs    # Errors  Last Runtime    Last Run               Last # of DB Queries
--------------------------------  -----  ---------  --------  ----------  --------------  -------------------  ----------------------
/opt/airflow/dags/weather_etl.py    411  0.01s             1           0  0.18s           2026-09-22T00:22:38                      47
================================================================================
[2026-09-22T00:23:39.010+0000] {manager.py:1008} INFO - 
================================================================================
DAG File Processing Stats

File Path                           PID  Runtime      # DAGs    # Errors  Last Runtime    Last Run               Last # of DB Queries
--------------------------------  -----  ---------  --------  ----------  --------------  -------------------  ----------------------
/opt/airflow/dags/weather_etl.py    422  0.01s             1           0  0.12s           2026-09-22T00:23:08                      14
================================================================================
[2026-09-22T00:24:09.402+0000] {manager.py:1008} INFO - 
================================================================================
DAG File Processing Stats

File Path                           PID  Runtime      # DAGs    # Errors  Last Runtime    Last Run               Last # of DB Queries
--------------------------------  -----  ---------  --------  ----------  --------------  -------------------  ----------------------
/opt/airflow/dags/weather_etl.py    433  0.01s             1           0  0.11s           2026-09-22T00:23:39                      14
================================================================================
[2026-09-22T00:24:39.767+0000] {manager.py:1008} INFO - 
================================================================================
DAG File Processing Stats

File Path                           PID  Runtime      # DAGs    # Errors  Last Runtime    Last Run               Last # of DB Queries
--------------------------------  -----  ---------  --------  ----------  --------------  -------------------  ----------------------
/opt/airflow/dags/weather_etl.py    444  0.02s             1           0  0.10s           2026-09-22T00:24:09                      14
================================================================================
[2026-09-22T00:25:10.112+0000] {manager.py:1008} INFO - 
================================================================================
DAG File Processing Stats

File Path                           PID  Runtime      # DAGs    # Errors  Last Runtime    Last Run               Last # of DB Queries
--------------------------------  -----  ---------  --------  ----------  --------------  -------------------  ----------------------
/opt/airflow/dags/weather_etl.py    455  0.01s             1           0  0.12s           2026-09-22T00:24:39                      14
================================================================================
[2026-09-22T00:25:40.461+0000] {manager.py:1008} INFO - 
================================================================================
DAG File Processing Stats

File Path                           PID  Runtime      # DAGs    # Errors  Last Runtime    Last Run               Last # of DB Queries
--------------------------------  -----  ---------  --------  ----------  --------------  -------------------  ----------------------
/opt/airflow/dags/weather_etl.py    466  0.01s             1           0  0.14s           2026-09-22T00:25:10                      14
================================================================================
[2026-09-22T00:26:10.887+0000] {manager.py:1008} INFO - 
================================================================================
DAG File Processing Stats

File Path                           PID  Runtime      # DAGs    # Errors  Last Runtime    Last Run               Last # of DB Queries
--------------------------------  -----  ---------  --------  ----------  --------------  -------------------  ----------------------
/opt/airflow/dags/weather_etl.py    477  0.04s             1           0  0.10s           2026-09-22T00:25:40                      14
================================================================================
[2026-09-22T00:26:41.271+0000] {manager.py:1008} INFO - 
================================================================================
DAG File Processing Stats

File Path                           PID  Runtime      # DAGs    # Errors  Last Runtime    Last Run               Last # of DB Queries
--------------------------------  -----  ---------  --------  ----------  --------------  -------------------  ----------------------
/opt/airflow/dags/weather_etl.py    498  0.01s             1           0  0.17s           2026-09-22T00:26:11                      14
================================================================================
[2026-09-22T00:27:11.657+0000] {manager.py:1008} INFO - 
================================================================================
DAG File Processing Stats

File Path                           PID  Runtime      # DAGs    # Errors  Last Runtime    Last Run               Last # of DB Queries
--------------------------------  -----  ---------  --------  ----------  --------------  -------------------  ----------------------
/opt/airflow/dags/weather_etl.py    509  0.02s             1           0  0.10s           2026-09-22T00:26:41                      14
================================================================================
[2026-09-22T00:27:42.114+0000] {manager.py:1008} INFO - 
================================================================================
DAG File Processing Stats

File Path                           PID  Runtime      # DAGs    # Errors  Last Runtime    Last Run               Last # of DB Queries
--------------------------------  -----  ---------  --------  ----------  --------------  -------------------  ----------------------
/opt/airflow/dags/weather_etl.py    520  0.02s             1           0  0.11s           2026-09-22T00:27:11                      14
================================================================================
[2026-09-22T00:28:03.623+0000] {manager.py:832} INFO - Searching for files in /opt/airflow/dags
[2026-09-22T00:28:03.633+0000] {manager.py:835} INFO - There are 1 files in /opt/airflow/dags
[2026-09-22T00:28:12.478+0000] {manager.py:1008} INFO - 
================================================================================
DAG File Processing Stats

File Path                         PID    Runtime      # DAGs    # Errors  Last Runtime    Last Run               Last # of DB Queries
--------------------------------  -----  ---------  --------  ----------  --------------  -------------------  ----------------------
/opt/airflow/dags/weather_etl.py                           1           0  0.28s           2026-09-22T00:27:52                      36
================================================================================
[2026-09-22T00:28:42.822+0000] {manager.py:1008} INFO - 
================================================================================
DAG File Processing Stats

File Path                         PID    Runtime      # DAGs    # Errors  Last Runtime    Last Run               Last # of DB Queries
--------------------------------  -----  ---------  --------  ----------  --------------  -------------------  ----------------------
/opt/airflow/dags/weather_etl.py                           1           0  0.16s           2026-09-22T00:28:22                      14
================================================================================
[2026-09-22T00:29:13.416+0000] {manager.py:1008} INFO - 
================================================================================
DAG File Processing Stats

File Path                         PID    Runtime      # DAGs    # Errors  Last Runtime    Last Run               Last # of DB Queries
--------------------------------  -----  ---------  --------  ----------  --------------  -------------------  ----------------------
/opt/airflow/dags/weather_etl.py                           1           0  0.19s           2026-09-22T00:28:53                      14
================================================================================
[2026-09-22T00:29:43.820+0000] {manager.py:1008} INFO - 
================================================================================
DAG File Processing Stats

File Path                         PID    Runtime      # DAGs    # Errors  Last Runtime    Last Run               Last # of DB Queries
--------------------------------  -----  ---------  --------  ----------  --------------  -------------------  ----------------------
/opt/airflow/dags/weather_etl.py                           1           0  0.13s           2026-09-22T00:29:23                      14
================================================================================
[2026-09-22T00:30:14.269+0000] {manager.py:1008} INFO - 
================================================================================
DAG File Processing Stats

File Path                         PID    Runtime      # DAGs    # Errors  Last Runtime    Last Run               Last # of DB Queries
--------------------------------  -----  ---------  --------  ----------  --------------  -------------------  ----------------------
/opt/airflow/dags/weather_etl.py                           1           0  0.27s           2026-09-22T00:29:54                      14
================================================================================
[2026-09-22T00:30:44.670+0000] {manager.py:1008} INFO - 
================================================================================
DAG File Processing Stats

File Path                         PID    Runtime      # DAGs    # Errors  Last Runtime    Last Run               Last # of DB Queries
--------------------------------  -----  ---------  --------  ----------  --------------  -------------------  ----------------------
/opt/airflow/dags/weather_etl.py                           1           0  0.17s           2026-09-22T00:30:24                      14
================================================================================
[2026-09-22T00:31:15.081+0000] {manager.py:1008} INFO - 
================================================================================
DAG File Processing Stats

File Path                         PID    Runtime      # DAGs    # Errors  Last Runtime    Last Run               Last # of DB Queries
--------------------------------  -----  ---------  --------  ----------  --------------  -------------------  ----------------------
/opt/airflow/dags/weather_etl.py                           1           0  0.13s           2026-09-22T00:30:54                      14
================================================================================
[2026-09-22T00:31:45.540+0000] {manager.py:1008} INFO - 
================================================================================
DAG File Processing Stats

File Path                         PID    Runtime      # DAGs    # Errors  Last Runtime    Last Run               Last # of DB Queries
--------------------------------  -----  ---------  --------  ----------  --------------  -------------------  ----------------------
/opt/airflow/dags/weather_etl.py                           1           0  0.23s           2026-09-22T00:31:25                      14
================================================================================
[2026-09-22T00:32:15.943+0000] {manager.py:1008} INFO - 
================================================================================
DAG File Processing Stats

File Path                         PID    Runtime      # DAGs    # Errors  Last Runtime    Last Run               Last # of DB Queries
--------------------------------  -----  ---------  --------  ----------  --------------  -------------------  ----------------------
/opt/airflow/dags/weather_etl.py                           1           0  0.10s           2026-09-22T00:31:55                      14
================================================================================
[2026-09-22T00:32:46.313+0000] {manager.py:1008} INFO - 
================================================================================
DAG File Processing Stats

File Path                         PID    Runtime      # DAGs    # Errors  Last Runtime    Last Run               Last # of DB Queries
--------------------------------  -----  ---------  --------  ----------  --------------  -------------------  ----------------------
/opt/airflow/dags/weather_etl.py                           1           0  0.09s           2026-09-22T00:32:26                      14
================================================================================
[2026-09-22T00:33:03.646+0000] {manager.py:832} INFO - Searching for files in /opt/airflow/dags
[2026-09-22T00:33:03.652+0000] {manager.py:835} INFO - There are 1 files in /opt/airflow/dags
[2026-09-22T00:33:16.716+0000] {manager.py:1008} INFO - 
================================================================================
DAG File Processing Stats

File Path                         PID    Runtime      # DAGs    # Errors  Last Runtime    Last Run               Last # of DB Queries
--------------------------------  -----  ---------  --------  ----------  --------------  -------------------  ----------------------
/opt/airflow/dags/weather_etl.py                           1           0  0.13s           2026-09-22T00:32:56                      14
================================================================================
[2026-09-22T00:33:47.118+0000] {manager.py:1008} INFO - 
================================================================================
DAG File Processing Stats

File Path                         PID    Runtime      # DAGs    # Errors  Last Runtime    Last Run               Last # of DB Queries
--------------------------------  -----  ---------  --------  ----------  --------------  -------------------  ----------------------
/opt/airflow/dags/weather_etl.py                           1           0  0.11s           2026-09-22T00:33:26                      14
================================================================================
[2026-09-22T00:34:17.452+0000] {manager.py:1008} INFO - 
================================================================================
DAG File Processing Stats

File Path                         PID    Runtime      # DAGs    # Errors  Last Runtime    Last Run               Last # of DB Queries
--------------------------------  -----  ---------  --------  ----------  --------------  -------------------  ----------------------
/opt/airflow/dags/weather_etl.py                           1           0  0.07s           2026-09-22T00:33:57                      14
================================================================================
[2026-09-22T00:34:47.806+0000] {manager.py:1008} INFO - 
================================================================================
DAG File Processing Stats

File Path                         PID    Runtime      # DAGs    # Errors  Last Runtime    Last Run               Last # of DB Queries
--------------------------------  -----  ---------  --------  ----------  --------------  -------------------  ----------------------
/opt/airflow/dags/weather_etl.py                           1           0  0.09s           2026-09-22T00:34:27                      14
================================================================================
[2026-09-22T00:35:18.173+0000] {manager.py:1008} INFO - 
================================================================================
DAG File Processing Stats

File Path                         PID    Runtime      # DAGs    # Errors  Last Runtime    Last Run               Last # of DB Queries
--------------------------------  -----  ---------  --------  ----------  --------------  -------------------  ----------------------
/opt/airflow/dags/weather_etl.py                           1           0  0.08s           2026-09-22T00:34:57                      14
================================================================================
[2026-09-22T00:35:48.527+0000] {manager.py:1008} INFO - 
================================================================================
DAG File Processing Stats

File Path                         PID    Runtime      # DAGs    # Errors  Last Runtime    Last Run               Last # of DB Queries
--------------------------------  -----  ---------  --------  ----------  --------------  -------------------  ----------------------
/opt/airflow/dags/weather_etl.py                           1           0  0.10s           2026-09-22T00:35:28                      14
================================================================================
[2026-09-22T00:36:18.938+0000] {manager.py:1008} INFO - 
================================================================================
DAG File Processing Stats

File Path                         PID    Runtime      # DAGs    # Errors  Last Runtime    Last Run               Last # of DB Queries
--------------------------------  -----  ---------  --------  ----------  --------------  -------------------  ----------------------
/opt/airflow/dags/weather_etl.py                           1           0  0.10s           2026-09-22T00:35:58                      14
================================================================================
[2026-09-22T00:36:49.282+0000] {manager.py:1008} INFO - 
================================================================================
DAG File Processing Stats

File Path                         PID    Runtime      # DAGs    # Errors  Last Runtime    Last Run               Last # of DB Queries
--------------------------------  -----  ---------  --------  ----------  --------------  -------------------  ----------------------
/opt/airflow/dags/weather_etl.py                           1           0  0.08s           2026-09-22T00:36:29                      14
================================================================================
[2026-09-22T00:37:19.721+0000] {manager.py:1008} INFO - 
================================================================================
DAG File Processing Stats

File Path                         PID    Runtime      # DAGs    # Errors  Last Runtime    Last Run               Last # of DB Queries
--------------------------------  -----  ---------  --------  ----------  --------------  -------------------  ----------------------
/opt/airflow/dags/weather_etl.py                           1           0  0.15s           2026-09-22T00:36:59                      14
================================================================================
[2026-09-22T00:37:50.103+0000] {manager.py:1008} INFO - 
================================================================================
DAG File Processing Stats

File Path                         PID    Runtime      # DAGs    # Errors  Last Runtime    Last Run               Last # of DB Queries
--------------------------------  -----  ---------  --------  ----------  --------------  -------------------  ----------------------
/opt/airflow/dags/weather_etl.py                           1           0  0.09s           2026-09-22T00:37:29                      14
================================================================================
[2026-09-22T00:38:04.285+0000] {manager.py:832} INFO - Searching for files in /opt/airflow/dags
[2026-09-22T00:38:04.297+0000] {manager.py:835} INFO - There are 1 files in /opt/airflow/dags
[2026-09-22T00:38:20.491+0000] {manager.py:1008} INFO - 
================================================================================
DAG File Processing Stats

File Path                         PID    Runtime      # DAGs    # Errors  Last Runtime    Last Run               Last # of DB Queries
--------------------------------  -----  ---------  --------  ----------  --------------  -------------------  ----------------------
/opt/airflow/dags/weather_etl.py                           1           0  0.10s           2026-09-22T00:38:00                      14
================================================================================
[2026-09-22T00:38:50.838+0000] {manager.py:1008} INFO - 
================================================================================
DAG File Processing Stats

File Path                         PID    Runtime      # DAGs    # Errors  Last Runtime    Last Run               Last # of DB Queries
--------------------------------  -----  ---------  --------  ----------  --------------  -------------------  ----------------------
/opt/airflow/dags/weather_etl.py                           1           0  0.10s           2026-09-22T00:38:30                      14
================================================================================
[2026-09-22T00:39:21.213+0000] {manager.py:1008} INFO - 
================================================================================
DAG File Processing Stats

File Path                         PID    Runtime      # DAGs    # Errors  Last Runtime    Last Run               Last # of DB Queries
--------------------------------  -----  ---------  --------  ----------  --------------  -------------------  ----------------------
/opt/airflow/dags/weather_etl.py                           1           0  0.08s           2026-09-22T00:39:01                      14
================================================================================
[2026-09-22T00:39:51.556+0000] {manager.py:1008} INFO - 
================================================================================
DAG File Processing Stats

File Path                         PID    Runtime      # DAGs    # Errors  Last Runtime    Last Run               Last # of DB Queries
--------------------------------  -----  ---------  --------  ----------  --------------  -------------------  ----------------------
/opt/airflow/dags/weather_etl.py                           1           0  0.08s           2026-09-22T00:39:31                      14
================================================================================
[2026-09-22T00:40:21.923+0000] {manager.py:1008} INFO - 
================================================================================
DAG File Processing Stats

File Path                         PID    Runtime      # DAGs    # Errors  Last Runtime    Last Run               Last # of DB Queries
--------------------------------  -----  ---------  --------  ----------  --------------  -------------------  ----------------------
/opt/airflow/dags/weather_etl.py                           1           0  0.09s           2026-09-22T00:40:01                      14
================================================================================
[2026-09-22T00:40:52.304+0000] {manager.py:1008} INFO - 
================================================================================
DAG File Processing Stats

File Path                         PID    Runtime      # DAGs    # Errors  Last Runtime    Last Run               Last # of DB Queries
--------------------------------  -----  ---------  --------  ----------  --------------  -------------------  ----------------------
/opt/airflow/dags/weather_etl.py                           1           0  0.15s           2026-09-22T00:40:32                      14
================================================================================
[2026-09-22T00:41:22.701+0000] {manager.py:1008} INFO - 
================================================================================
DAG File Processing Stats

File Path                         PID    Runtime      # DAGs    # Errors  Last Runtime    Last Run               Last # of DB Queries
--------------------------------  -----  ---------  --------  ----------  --------------  -------------------  ----------------------
/opt/airflow/dags/weather_etl.py                           1           0  0.11s           2026-09-22T00:41:02                      14
================================================================================
[2026-09-22T00:41:53.146+0000] {manager.py:1008} INFO - 
================================================================================
DAG File Processing Stats

File Path                         PID    Runtime      # DAGs    # Errors  Last Runtime    Last Run               Last # of DB Queries
--------------------------------  -----  ---------  --------  ----------  --------------  -------------------  ----------------------
/opt/airflow/dags/weather_etl.py                           1           0  0.09s           2026-09-22T00:41:32                      14
================================================================================
[2026-09-22T00:51:59.864+0000] {manager.py:832} INFO - Searching for files in /opt/airflow/dags
[2026-09-22T00:51:59.871+0000] {manager.py:835} INFO - There are 1 files in /opt/airflow/dags
[2026-09-22T00:52:03.000+0000] {manager.py:1008} INFO - 
================================================================================
DAG File Processing Stats

File Path                         PID    Runtime      # DAGs    # Errors  Last Runtime    Last Run               Last # of DB Queries
--------------------------------  -----  ---------  --------  ----------  --------------  -------------------  ----------------------
/opt/airflow/dags/weather_etl.py                           1           0  0.11s           2026-09-22T00:51:59                      14
================================================================================
[2026-09-22T00:53:52.963+0000] {manager.py:1008} INFO - 
================================================================================
DAG File Processing Stats

File Path                         PID    Runtime      # DAGs    # Errors  Last Runtime    Last Run               Last # of DB Queries
--------------------------------  -----  ---------  --------  ----------  --------------  -------------------  ----------------------
/opt/airflow/dags/weather_etl.py                           1           0  1.34s           2026-09-22T00:53:52                      14
================================================================================
[2026-09-22T00:54:23.472+0000] {manager.py:1008} INFO - 
================================================================================
DAG File Processing Stats

File Path                         PID    Runtime      # DAGs    # Errors  Last Runtime    Last Run               Last # of DB Queries
--------------------------------  -----  ---------  --------  ----------  --------------  -------------------  ----------------------
/opt/airflow/dags/weather_etl.py                           1           0  0.15s           2026-09-22T00:54:22                      14
================================================================================
[2026-09-22T00:54:53.938+0000] {manager.py:1008} INFO - 
================================================================================
DAG File Processing Stats

File Path                         PID    Runtime      # DAGs    # Errors  Last Runtime    Last Run               Last # of DB Queries
--------------------------------  -----  ---------  --------  ----------  --------------  -------------------  ----------------------
/opt/airflow/dags/weather_etl.py                           1           0  0.13s           2026-09-22T00:54:52                      14
================================================================================
[2026-09-22T00:55:24.284+0000] {manager.py:1008} INFO - 
================================================================================
DAG File Processing Stats

File Path                         PID    Runtime      # DAGs    # Errors  Last Runtime    Last Run               Last # of DB Queries
--------------------------------  -----  ---------  --------  ----------  --------------  -------------------  ----------------------
/opt/airflow/dags/weather_etl.py                           1           0  0.10s           2026-09-22T00:55:23                      14
================================================================================
[2026-09-22T00:55:54.613+0000] {manager.py:1008} INFO - 
================================================================================
DAG File Processing Stats

File Path                         PID    Runtime      # DAGs    # Errors  Last Runtime    Last Run               Last # of DB Queries
--------------------------------  -----  ---------  --------  ----------  --------------  -------------------  ----------------------
/opt/airflow/dags/weather_etl.py                           1           0  0.11s           2026-09-22T00:55:53                      14
================================================================================
[2026-09-22T00:59:51.602+0000] {manager.py:832} INFO - Searching for files in /opt/airflow/dags
[2026-09-22T00:59:51.617+0000] {manager.py:835} INFO - There are 1 files in /opt/airflow/dags
[2026-09-22T00:59:56.744+0000] {manager.py:1008} INFO - 
================================================================================
DAG File Processing Stats

File Path                         PID    Runtime      # DAGs    # Errors  Last Runtime    Last Run               Last # of DB Queries
--------------------------------  -----  ---------  --------  ----------  --------------  -------------------  ----------------------
/opt/airflow/dags/weather_etl.py                           1           0  0.20s           2026-09-22T00:59:51                      14
================================================================================
[2026-09-22T01:00:27.049+0000] {manager.py:1008} INFO - 
================================================================================
DAG File Processing Stats

File Path                         PID    Runtime      # DAGs    # Errors  Last Runtime    Last Run               Last # of DB Queries
--------------------------------  -----  ---------  --------  ----------  --------------  -------------------  ----------------------
/opt/airflow/dags/weather_etl.py                           1           0  0.14s           2026-09-22T01:00:22                      14
================================================================================
[2026-09-22T01:00:57.460+0000] {manager.py:1008} INFO - 
================================================================================
DAG File Processing Stats

File Path                         PID    Runtime      # DAGs    # Errors  Last Runtime    Last Run               Last # of DB Queries
--------------------------------  -----  ---------  --------  ----------  --------------  -------------------  ----------------------
/opt/airflow/dags/weather_etl.py                           1           0  0.14s           2026-09-22T01:00:52                      14
================================================================================
[2026-09-22T01:01:27.819+0000] {manager.py:1008} INFO - 
================================================================================
DAG File Processing Stats

File Path                         PID    Runtime      # DAGs    # Errors  Last Runtime    Last Run               Last # of DB Queries
--------------------------------  -----  ---------  --------  ----------  --------------  -------------------  ----------------------
/opt/airflow/dags/weather_etl.py                           1           0  0.11s           2026-09-22T01:01:22                      14
================================================================================
[2026-09-22T01:01:58.202+0000] {manager.py:1008} INFO - 
================================================================================
DAG File Processing Stats

File Path                         PID    Runtime      # DAGs    # Errors  Last Runtime    Last Run               Last # of DB Queries
--------------------------------  -----  ---------  --------  ----------  --------------  -------------------  ----------------------
/opt/airflow/dags/weather_etl.py                           1           0  0.07s           2026-09-22T01:01:53                      14
================================================================================
[2026-09-22T01:02:28.610+0000] {manager.py:1008} INFO - 
================================================================================
DAG File Processing Stats

File Path                         PID    Runtime      # DAGs    # Errors  Last Runtime    Last Run               Last # of DB Queries
--------------------------------  -----  ---------  --------  ----------  --------------  -------------------  ----------------------
/opt/airflow/dags/weather_etl.py                           1           0  0.07s           2026-09-22T01:02:23                      14
================================================================================
[2026-09-22T01:02:58.981+0000] {manager.py:1008} INFO - 
================================================================================
DAG File Processing Stats

File Path                         PID    Runtime      # DAGs    # Errors  Last Runtime    Last Run               Last # of DB Queries
--------------------------------  -----  ---------  --------  ----------  --------------  -------------------  ----------------------
/opt/airflow/dags/weather_etl.py                           1           0  0.11s           2026-09-22T01:02:54                      14
================================================================================
[2026-09-22T01:03:29.356+0000] {manager.py:1008} INFO - 
================================================================================
DAG File Processing Stats

File Path                         PID    Runtime      # DAGs    # Errors  Last Runtime    Last Run               Last # of DB Queries
--------------------------------  -----  ---------  --------  ----------  --------------  -------------------  ----------------------
/opt/airflow/dags/weather_etl.py                           1           0  0.10s           2026-09-22T01:03:24                      14
================================================================================
[2026-09-22T01:03:59.713+0000] {manager.py:1008} INFO - 
================================================================================
DAG File Processing Stats

File Path                         PID    Runtime      # DAGs    # Errors  Last Runtime    Last Run               Last # of DB Queries
--------------------------------  -----  ---------  --------  ----------  --------------  -------------------  ----------------------
/opt/airflow/dags/weather_etl.py                           1           0  0.09s           2026-09-22T01:03:54                      14
================================================================================
[2026-09-22T01:04:30.051+0000] {manager.py:1008} INFO - 
================================================================================
DAG File Processing Stats

File Path                         PID    Runtime      # DAGs    # Errors  Last Runtime    Last Run               Last # of DB Queries
--------------------------------  -----  ---------  --------  ----------  --------------  -------------------  ----------------------
/opt/airflow/dags/weather_etl.py                           1           0  0.06s           2026-09-22T01:04:25                      14
================================================================================
[2026-09-22T01:04:52.348+0000] {manager.py:832} INFO - Searching for files in /opt/airflow/dags
[2026-09-22T01:04:52.361+0000] {manager.py:835} INFO - There are 1 files in /opt/airflow/dags
[2026-09-22T01:05:00.560+0000] {manager.py:1008} INFO - 
================================================================================
DAG File Processing Stats

File Path                         PID    Runtime      # DAGs    # Errors  Last Runtime    Last Run               Last # of DB Queries
--------------------------------  -----  ---------  --------  ----------  --------------  -------------------  ----------------------
/opt/airflow/dags/weather_etl.py                           1           0  0.14s           2026-09-22T01:04:55                      14
================================================================================
[2026-09-22T01:05:30.967+0000] {manager.py:1008} INFO - 
================================================================================
DAG File Processing Stats

File Path                         PID    Runtime      # DAGs    # Errors  Last Runtime    Last Run               Last # of DB Queries
--------------------------------  -----  ---------  --------  ----------  --------------  -------------------  ----------------------
/opt/airflow/dags/weather_etl.py                           1           0  0.23s           2026-09-22T01:05:26                      14
================================================================================
[2026-09-22T01:06:01.464+0000] {manager.py:1008} INFO - 
================================================================================
DAG File Processing Stats

File Path                         PID    Runtime      # DAGs    # Errors  Last Runtime    Last Run               Last # of DB Queries
--------------------------------  -----  ---------  --------  ----------  --------------  -------------------  ----------------------
/opt/airflow/dags/weather_etl.py                           1           0  0.17s           2026-09-22T01:05:56                      14
================================================================================
[2026-09-22T01:06:31.886+0000] {manager.py:1008} INFO - 
================================================================================
DAG File Processing Stats

File Path                         PID    Runtime      # DAGs    # Errors  Last Runtime    Last Run               Last # of DB Queries
--------------------------------  -----  ---------  --------  ----------  --------------  -------------------  ----------------------
/opt/airflow/dags/weather_etl.py                           1           0  0.15s           2026-09-22T01:06:26                      14
================================================================================
[2026-09-22T01:07:02.311+0000] {manager.py:1008} INFO - 
================================================================================
DAG File Processing Stats

File Path                         PID    Runtime      # DAGs    # Errors  Last Runtime    Last Run               Last # of DB Queries
--------------------------------  -----  ---------  --------  ----------  --------------  -------------------  ----------------------
/opt/airflow/dags/weather_etl.py                           1           0  0.13s           2026-09-22T01:06:57                      14
================================================================================
[2026-09-22T01:07:32.655+0000] {manager.py:1008} INFO - 
================================================================================
DAG File Processing Stats

File Path                         PID    Runtime      # DAGs    # Errors  Last Runtime    Last Run               Last # of DB Queries
--------------------------------  -----  ---------  --------  ----------  --------------  -------------------  ----------------------
/opt/airflow/dags/weather_etl.py                           1           0  0.13s           2026-09-22T01:07:27                      14
================================================================================
[2026-09-22T01:08:03.058+0000] {manager.py:1008} INFO - 
================================================================================
DAG File Processing Stats

File Path                         PID    Runtime      # DAGs    # Errors  Last Runtime    Last Run               Last # of DB Queries
--------------------------------  -----  ---------  --------  ----------  --------------  -------------------  ----------------------
/opt/airflow/dags/weather_etl.py                           1           0  0.14s           2026-09-22T01:07:58                      14
================================================================================
[2026-09-22T01:08:33.383+0000] {manager.py:1008} INFO - 
================================================================================
DAG File Processing Stats

File Path                         PID    Runtime      # DAGs    # Errors  Last Runtime    Last Run               Last # of DB Queries
--------------------------------  -----  ---------  --------  ----------  --------------  -------------------  ----------------------
/opt/airflow/dags/weather_etl.py                           1           0  0.09s           2026-09-22T01:08:28                      14
================================================================================
[2026-09-22T01:09:03.756+0000] {manager.py:1008} INFO - 
================================================================================
DAG File Processing Stats

File Path                         PID    Runtime      # DAGs    # Errors  Last Runtime    Last Run               Last # of DB Queries
--------------------------------  -----  ---------  --------  ----------  --------------  -------------------  ----------------------
/opt/airflow/dags/weather_etl.py                           1           0  0.12s           2026-09-22T01:08:58                      14
================================================================================
[2026-09-22T01:09:34.195+0000] {manager.py:1008} INFO - 
================================================================================
DAG File Processing Stats

File Path                         PID    Runtime      # DAGs    # Errors  Last Runtime    Last Run               Last # of DB Queries
--------------------------------  -----  ---------  --------  ----------  --------------  -------------------  ----------------------
/opt/airflow/dags/weather_etl.py                           1           0  0.12s           2026-09-22T01:09:29                      14
================================================================================
[2026-09-22T01:09:52.404+0000] {manager.py:832} INFO - Searching for files in /opt/airflow/dags
[2026-09-22T01:09:52.417+0000] {manager.py:835} INFO - There are 1 files in /opt/airflow/dags
[2026-09-22T01:10:04.591+0000] {manager.py:1008} INFO - 
================================================================================
DAG File Processing Stats

File Path                         PID    Runtime      # DAGs    # Errors  Last Runtime    Last Run               Last # of DB Queries
--------------------------------  -----  ---------  --------  ----------  --------------  -------------------  ----------------------
/opt/airflow/dags/weather_etl.py                           1           0  0.10s           2026-09-22T01:09:59                      14
================================================================================
[2026-09-22T01:10:34.946+0000] {manager.py:1008} INFO - 
================================================================================
DAG File Processing Stats

File Path                         PID    Runtime      # DAGs    # Errors  Last Runtime    Last Run               Last # of DB Queries
--------------------------------  -----  ---------  --------  ----------  --------------  -------------------  ----------------------
/opt/airflow/dags/weather_etl.py                           1           0  0.10s           2026-09-22T01:10:29                      14
================================================================================
[2026-09-22T01:11:05.290+0000] {manager.py:1008} INFO - 
================================================================================
DAG File Processing Stats

File Path                         PID    Runtime      # DAGs    # Errors  Last Runtime    Last Run               Last # of DB Queries
--------------------------------  -----  ---------  --------  ----------  --------------  -------------------  ----------------------
/opt/airflow/dags/weather_etl.py                           1           0  0.09s           2026-09-22T01:11:00                      14
================================================================================
[2026-09-22T01:11:35.615+0000] {manager.py:1008} INFO - 
================================================================================
DAG File Processing Stats

File Path                         PID    Runtime      # DAGs    # Errors  Last Runtime    Last Run               Last # of DB Queries
--------------------------------  -----  ---------  --------  ----------  --------------  -------------------  ----------------------
/opt/airflow/dags/weather_etl.py                           1           0  0.07s           2026-09-22T01:11:30                      14
================================================================================
[2026-09-22T01:12:05.960+0000] {manager.py:1008} INFO - 
================================================================================
DAG File Processing Stats

File Path                         PID    Runtime      # DAGs    # Errors  Last Runtime    Last Run               Last # of DB Queries
--------------------------------  -----  ---------  --------  ----------  --------------  -------------------  ----------------------
/opt/airflow/dags/weather_etl.py                           1           0  0.10s           2026-09-22T01:12:00                      14
================================================================================
[2026-09-22T01:12:36.326+0000] {manager.py:1008} INFO - 
================================================================================
DAG File Processing Stats

File Path                         PID    Runtime      # DAGs    # Errors  Last Runtime    Last Run               Last # of DB Queries
--------------------------------  -----  ---------  --------  ----------  --------------  -------------------  ----------------------
/opt/airflow/dags/weather_etl.py                           1           0  0.08s           2026-09-22T01:12:31                      14
================================================================================
[2026-09-22T01:13:06.720+0000] {manager.py:1008} INFO - 
================================================================================
DAG File Processing Stats

File Path                         PID    Runtime      # DAGs    # Errors  Last Runtime    Last Run               Last # of DB Queries
--------------------------------  -----  ---------  --------  ----------  --------------  -------------------  ----------------------
/opt/airflow/dags/weather_etl.py                           1           0  0.08s           2026-09-22T01:13:01                      14
================================================================================
[2026-09-22T01:13:37.088+0000] {manager.py:1008} INFO - 
================================================================================
DAG File Processing Stats

File Path                         PID    Runtime      # DAGs    # Errors  Last Runtime    Last Run               Last # of DB Queries
--------------------------------  -----  ---------  --------  ----------  --------------  -------------------  ----------------------
/opt/airflow/dags/weather_etl.py                           1           0  0.08s           2026-09-22T01:13:32                      14
================================================================================
[2026-09-22T01:14:07.451+0000] {manager.py:1008} INFO - 
================================================================================
DAG File Processing Stats

File Path                         PID    Runtime      # DAGs    # Errors  Last Runtime    Last Run               Last # of DB Queries
--------------------------------  -----  ---------  --------  ----------  --------------  -------------------  ----------------------
/opt/airflow/dags/weather_etl.py                           1           0  0.11s           2026-09-22T01:14:02                      14
================================================================================
[2026-09-22T01:14:37.812+0000] {manager.py:1008} INFO - 
================================================================================
DAG File Processing Stats

File Path                         PID    Runtime      # DAGs    # Errors  Last Runtime    Last Run               Last # of DB Queries
--------------------------------  -----  ---------  --------  ----------  --------------  -------------------  ----------------------
/opt/airflow/dags/weather_etl.py                           1           0  0.08s           2026-09-22T01:14:32                      14
================================================================================
[2026-09-22T01:14:52.978+0000] {manager.py:832} INFO - Searching for files in /opt/airflow/dags
[2026-09-22T01:14:52.987+0000] {manager.py:835} INFO - There are 1 files in /opt/airflow/dags
[2026-09-22T01:15:08.195+0000] {manager.py:1008} INFO - 
================================================================================
DAG File Processing Stats

File Path                         PID    Runtime      # DAGs    # Errors  Last Runtime    Last Run               Last # of DB Queries
--------------------------------  -----  ---------  --------  ----------  --------------  -------------------  ----------------------
/opt/airflow/dags/weather_etl.py                           1           0  0.08s           2026-09-22T01:15:03                      14
================================================================================
[2026-09-22T01:15:38.571+0000] {manager.py:1008} INFO - 
================================================================================
DAG File Processing Stats

File Path                         PID    Runtime      # DAGs    # Errors  Last Runtime    Last Run               Last # of DB Queries
--------------------------------  -----  ---------  --------  ----------  --------------  -------------------  ----------------------
/opt/airflow/dags/weather_etl.py                           1           0  0.09s           2026-09-22T01:15:33                      14
================================================================================
[2026-09-22T01:16:08.913+0000] {manager.py:1008} INFO - 
================================================================================
DAG File Processing Stats

File Path                         PID    Runtime      # DAGs    # Errors  Last Runtime    Last Run               Last # of DB Queries
--------------------------------  -----  ---------  --------  ----------  --------------  -------------------  ----------------------
/opt/airflow/dags/weather_etl.py                           1           0  0.07s           2026-09-22T01:16:03                      14
================================================================================
[2026-09-22T01:16:39.237+0000] {manager.py:1008} INFO - 
================================================================================
DAG File Processing Stats

File Path                         PID    Runtime      # DAGs    # Errors  Last Runtime    Last Run               Last # of DB Queries
--------------------------------  -----  ---------  --------  ----------  --------------  -------------------  ----------------------
/opt/airflow/dags/weather_etl.py                           1           0  0.08s           2026-09-22T01:16:34                      14
================================================================================
[2026-09-22T01:17:09.595+0000] {manager.py:1008} INFO - 
================================================================================
DAG File Processing Stats

File Path                         PID    Runtime      # DAGs    # Errors  Last Runtime    Last Run               Last # of DB Queries
--------------------------------  -----  ---------  --------  ----------  --------------  -------------------  ----------------------
/opt/airflow/dags/weather_etl.py                           1           0  0.09s           2026-09-22T01:17:04                      14
================================================================================
[2026-09-22T01:17:39.946+0000] {manager.py:1008} INFO - 
================================================================================
DAG File Processing Stats

File Path                         PID    Runtime      # DAGs    # Errors  Last Runtime    Last Run               Last # of DB Queries
--------------------------------  -----  ---------  --------  ----------  --------------  -------------------  ----------------------
/opt/airflow/dags/weather_etl.py                           1           0  0.08s           2026-09-22T01:17:34                      14
================================================================================
[2026-09-22T01:18:10.314+0000] {manager.py:1008} INFO - 
================================================================================
DAG File Processing Stats

File Path                         PID    Runtime      # DAGs    # Errors  Last Runtime    Last Run               Last # of DB Queries
--------------------------------  -----  ---------  --------  ----------  --------------  -------------------  ----------------------
/opt/airflow/dags/weather_etl.py                           1           0  0.08s           2026-09-22T01:18:05                      14
================================================================================
[2026-09-22T01:18:40.640+0000] {manager.py:1008} INFO - 
================================================================================
DAG File Processing Stats

File Path                         PID    Runtime      # DAGs    # Errors  Last Runtime    Last Run               Last # of DB Queries
--------------------------------  -----  ---------  --------  ----------  --------------  -------------------  ----------------------
/opt/airflow/dags/weather_etl.py                           1           0  0.09s           2026-09-22T01:18:35                      14
================================================================================
[2026-09-22T01:19:11.011+0000] {manager.py:1008} INFO - 
================================================================================
DAG File Processing Stats

File Path                         PID    Runtime      # DAGs    # Errors  Last Runtime    Last Run               Last # of DB Queries
--------------------------------  -----  ---------  --------  ----------  --------------  -------------------  ----------------------
/opt/airflow/dags/weather_etl.py                           1           0  0.09s           2026-09-22T01:19:06                      14
================================================================================
[2026-09-22T01:19:41.361+0000] {manager.py:1008} INFO - 
================================================================================
DAG File Processing Stats

File Path                         PID    Runtime      # DAGs    # Errors  Last Runtime    Last Run               Last # of DB Queries
--------------------------------  -----  ---------  --------  ----------  --------------  -------------------  ----------------------
/opt/airflow/dags/weather_etl.py                           1           0  0.08s           2026-09-22T01:19:36                      14
================================================================================
[2026-09-22T01:19:53.497+0000] {manager.py:832} INFO - Searching for files in /opt/airflow/dags
[2026-09-22T01:19:53.503+0000] {manager.py:835} INFO - There are 1 files in /opt/airflow/dags
[2026-09-22T01:20:11.759+0000] {manager.py:1008} INFO - 
================================================================================
DAG File Processing Stats

File Path                         PID    Runtime      # DAGs    # Errors  Last Runtime    Last Run               Last # of DB Queries
--------------------------------  -----  ---------  --------  ----------  --------------  -------------------  ----------------------
/opt/airflow/dags/weather_etl.py                           1           0  0.07s           2026-09-22T01:20:06                      14
================================================================================
[2026-09-22T01:20:42.127+0000] {manager.py:1008} INFO - 
================================================================================
DAG File Processing Stats

File Path                         PID    Runtime      # DAGs    # Errors  Last Runtime    Last Run               Last # of DB Queries
--------------------------------  -----  ---------  --------  ----------  --------------  -------------------  ----------------------
/opt/airflow/dags/weather_etl.py                           1           0  0.10s           2026-09-22T01:20:37                      14
================================================================================
[2026-09-22T01:21:12.547+0000] {manager.py:1008} INFO - 
================================================================================
DAG File Processing Stats

File Path                         PID    Runtime      # DAGs    # Errors  Last Runtime    Last Run               Last # of DB Queries
--------------------------------  -----  ---------  --------  ----------  --------------  -------------------  ----------------------
/opt/airflow/dags/weather_etl.py                           1           0  0.12s           2026-09-22T01:21:07                      14
================================================================================
[2026-09-22T01:21:42.906+0000] {manager.py:1008} INFO - 
================================================================================
DAG File Processing Stats

File Path                         PID    Runtime      # DAGs    # Errors  Last Runtime    Last Run               Last # of DB Queries
--------------------------------  -----  ---------  --------  ----------  --------------  -------------------  ----------------------
/opt/airflow/dags/weather_etl.py                           1           0  0.07s           2026-09-22T01:21:37                      14
================================================================================
[2026-09-22T01:22:13.280+0000] {manager.py:1008} INFO - 
================================================================================
DAG File Processing Stats

File Path                         PID    Runtime      # DAGs    # Errors  Last Runtime    Last Run               Last # of DB Queries
--------------------------------  -----  ---------  --------  ----------  --------------  -------------------  ----------------------
/opt/airflow/dags/weather_etl.py                           1           0  0.10s           2026-09-22T01:22:08                      14
================================================================================
[2026-09-22T01:22:43.645+0000] {manager.py:1008} INFO - 
================================================================================
DAG File Processing Stats

File Path                         PID    Runtime      # DAGs    # Errors  Last Runtime    Last Run               Last # of DB Queries
--------------------------------  -----  ---------  --------  ----------  --------------  -------------------  ----------------------
/opt/airflow/dags/weather_etl.py                           1           0  0.08s           2026-09-22T01:22:38                      14
================================================================================
[2026-09-22T01:23:14.030+0000] {manager.py:1008} INFO - 
================================================================================
DAG File Processing Stats

File Path                         PID    Runtime      # DAGs    # Errors  Last Runtime    Last Run               Last # of DB Queries
--------------------------------  -----  ---------  --------  ----------  --------------  -------------------  ----------------------
/opt/airflow/dags/weather_etl.py                           1           0  0.09s           2026-09-22T01:23:09                      14
================================================================================
[2026-09-22T01:23:44.381+0000] {manager.py:1008} INFO - 
================================================================================
DAG File Processing Stats

File Path                         PID    Runtime      # DAGs    # Errors  Last Runtime    Last Run               Last # of DB Queries
--------------------------------  -----  ---------  --------  ----------  --------------  -------------------  ----------------------
/opt/airflow/dags/weather_etl.py                           1           0  0.08s           2026-09-22T01:23:39                      14
================================================================================
[2026-09-22T01:24:14.699+0000] {manager.py:1008} INFO - 
================================================================================
DAG File Processing Stats

File Path                         PID    Runtime      # DAGs    # Errors  Last Runtime    Last Run               Last # of DB Queries
--------------------------------  -----  ---------  --------  ----------  --------------  -------------------  ----------------------
/opt/airflow/dags/weather_etl.py                           1           0  0.10s           2026-09-22T01:24:09                      14
================================================================================
[2026-09-22T01:24:45.040+0000] {manager.py:1008} INFO - 
================================================================================
DAG File Processing Stats

File Path                         PID    Runtime      # DAGs    # Errors  Last Runtime    Last Run               Last # of DB Queries
--------------------------------  -----  ---------  --------  ----------  --------------  -------------------  ----------------------
/opt/airflow/dags/weather_etl.py                           1           0  0.07s           2026-09-22T01:24:40                      14
================================================================================
[2026-09-22T01:24:54.147+0000] {manager.py:832} INFO - Searching for files in /opt/airflow/dags
[2026-09-22T01:24:54.157+0000] {manager.py:835} INFO - There are 1 files in /opt/airflow/dags
[2026-09-22T01:25:15.426+0000] {manager.py:1008} INFO - 
================================================================================
DAG File Processing Stats

File Path                         PID    Runtime      # DAGs    # Errors  Last Runtime    Last Run               Last # of DB Queries
--------------------------------  -----  ---------  --------  ----------  --------------  -------------------  ----------------------
/opt/airflow/dags/weather_etl.py                           1           0  0.09s           2026-09-22T01:25:10                      14
================================================================================
[2026-09-22T01:25:45.792+0000] {manager.py:1008} INFO - 
================================================================================
DAG File Processing Stats

File Path                         PID    Runtime      # DAGs    # Errors  Last Runtime    Last Run               Last # of DB Queries
--------------------------------  -----  ---------  --------  ----------  --------------  -------------------  ----------------------
/opt/airflow/dags/weather_etl.py                           1           0  0.09s           2026-09-22T01:25:40                      14
================================================================================
[2026-09-22T01:26:16.161+0000] {manager.py:1008} INFO - 
================================================================================
DAG File Processing Stats

File Path                         PID    Runtime      # DAGs    # Errors  Last Runtime    Last Run               Last # of DB Queries
--------------------------------  -----  ---------  --------  ----------  --------------  -------------------  ----------------------
/opt/airflow/dags/weather_etl.py                           1           0  0.07s           2026-09-22T01:26:11                      14
================================================================================
[2026-09-22T01:26:46.516+0000] {manager.py:1008} INFO - 
================================================================================
DAG File Processing Stats

File Path                         PID    Runtime      # DAGs    # Errors  Last Runtime    Last Run               Last # of DB Queries
--------------------------------  -----  ---------  --------  ----------  --------------  -------------------  ----------------------
/opt/airflow/dags/weather_etl.py                           1           0  0.09s           2026-09-22T01:26:41                      14
================================================================================
[2026-09-22T01:27:16.870+0000] {manager.py:1008} INFO - 
================================================================================
DAG File Processing Stats

File Path                         PID    Runtime      # DAGs    # Errors  Last Runtime    Last Run               Last # of DB Queries
--------------------------------  -----  ---------  --------  ----------  --------------  -------------------  ----------------------
/opt/airflow/dags/weather_etl.py                           1           0  0.09s           2026-09-22T01:27:11                      14
================================================================================
[2026-09-22T01:27:47.267+0000] {manager.py:1008} INFO - 
================================================================================
DAG File Processing Stats

File Path                         PID    Runtime      # DAGs    # Errors  Last Runtime    Last Run               Last # of DB Queries
--------------------------------  -----  ---------  --------  ----------  --------------  -------------------  ----------------------
/opt/airflow/dags/weather_etl.py                           1           0  0.11s           2026-09-22T01:27:42                      14
================================================================================
[2026-09-22T01:28:17.629+0000] {manager.py:1008} INFO - 
================================================================================
DAG File Processing Stats

File Path                         PID    Runtime      # DAGs    # Errors  Last Runtime    Last Run               Last # of DB Queries
--------------------------------  -----  ---------  --------  ----------  --------------  -------------------  ----------------------
/opt/airflow/dags/weather_etl.py                           1           0  0.07s           2026-09-22T01:28:12                      14
================================================================================
[2026-09-22T01:28:47.980+0000] {manager.py:1008} INFO - 
================================================================================
DAG File Processing Stats

File Path                         PID    Runtime      # DAGs    # Errors  Last Runtime    Last Run               Last # of DB Queries
--------------------------------  -----  ---------  --------  ----------  --------------  -------------------  ----------------------
/opt/airflow/dags/weather_etl.py                           1           0  0.12s           2026-09-22T01:28:43                      14
================================================================================
[2026-09-22T01:29:18.329+0000] {manager.py:1008} INFO - 
================================================================================
DAG File Processing Stats

File Path                         PID    Runtime      # DAGs    # Errors  Last Runtime    Last Run               Last # of DB Queries
--------------------------------  -----  ---------  --------  ----------  --------------  -------------------  ----------------------
/opt/airflow/dags/weather_etl.py                           1           0  0.08s           2026-09-22T01:29:13                      14
================================================================================
[2026-09-22T01:29:48.687+0000] {manager.py:1008} INFO - 
================================================================================
DAG File Processing Stats

File Path                         PID    Runtime      # DAGs    # Errors  Last Runtime    Last Run               Last # of DB Queries
--------------------------------  -----  ---------  --------  ----------  --------------  -------------------  ----------------------
/opt/airflow/dags/weather_etl.py                           1           0  0.11s           2026-09-22T01:29:43                      14
================================================================================
[2026-09-22T01:29:54.757+0000] {manager.py:832} INFO - Searching for files in /opt/airflow/dags
[2026-09-22T01:29:54.768+0000] {manager.py:835} INFO - There are 1 files in /opt/airflow/dags
[2026-09-22T01:30:19.063+0000] {manager.py:1008} INFO - 
================================================================================
DAG File Processing Stats

File Path                         PID    Runtime      # DAGs    # Errors  Last Runtime    Last Run               Last # of DB Queries
--------------------------------  -----  ---------  --------  ----------  --------------  -------------------  ----------------------
/opt/airflow/dags/weather_etl.py                           1           0  0.08s           2026-09-22T01:30:14                      14
================================================================================
[2026-09-22T01:30:49.430+0000] {manager.py:1008} INFO - 
================================================================================
DAG File Processing Stats

File Path                         PID    Runtime      # DAGs    # Errors  Last Runtime    Last Run               Last # of DB Queries
--------------------------------  -----  ---------  --------  ----------  --------------  -------------------  ----------------------
/opt/airflow/dags/weather_etl.py                           1           0  0.08s           2026-09-22T01:30:44                      14
================================================================================
[2026-09-22T01:31:19.797+0000] {manager.py:1008} INFO - 
================================================================================
DAG File Processing Stats

File Path                         PID    Runtime      # DAGs    # Errors  Last Runtime    Last Run               Last # of DB Queries
--------------------------------  -----  ---------  --------  ----------  --------------  -------------------  ----------------------
/opt/airflow/dags/weather_etl.py                           1           0  0.10s           2026-09-22T01:31:14                      14
================================================================================
[2026-09-22T01:31:50.189+0000] {manager.py:1008} INFO - 
================================================================================
DAG File Processing Stats

File Path                         PID    Runtime      # DAGs    # Errors  Last Runtime    Last Run               Last # of DB Queries
--------------------------------  -----  ---------  --------  ----------  --------------  -------------------  ----------------------
/opt/airflow/dags/weather_etl.py                           1           0  0.08s           2026-09-22T01:31:45                      14
================================================================================
[2026-09-22T01:32:20.535+0000] {manager.py:1008} INFO - 
================================================================================
DAG File Processing Stats

File Path                         PID    Runtime      # DAGs    # Errors  Last Runtime    Last Run               Last # of DB Queries
--------------------------------  -----  ---------  --------  ----------  --------------  -------------------  ----------------------
/opt/airflow/dags/weather_etl.py                           1           0  0.08s           2026-09-22T01:32:15                      14
================================================================================
[2026-09-22T01:32:50.957+0000] {manager.py:1008} INFO - 
================================================================================
DAG File Processing Stats

File Path                         PID    Runtime      # DAGs    # Errors  Last Runtime    Last Run               Last # of DB Queries
--------------------------------  -----  ---------  --------  ----------  --------------  -------------------  ----------------------
/opt/airflow/dags/weather_etl.py                           1           0  0.15s           2026-09-22T01:32:46                      14
================================================================================
[2026-09-22T01:33:21.364+0000] {manager.py:1008} INFO - 
================================================================================
DAG File Processing Stats

File Path                         PID    Runtime      # DAGs    # Errors  Last Runtime    Last Run               Last # of DB Queries
--------------------------------  -----  ---------  --------  ----------  --------------  -------------------  ----------------------
/opt/airflow/dags/weather_etl.py                           1           0  0.10s           2026-09-22T01:33:16                      14
================================================================================
[2026-09-22T01:33:51.768+0000] {manager.py:1008} INFO - 
================================================================================
DAG File Processing Stats

File Path                         PID    Runtime      # DAGs    # Errors  Last Runtime    Last Run               Last # of DB Queries
--------------------------------  -----  ---------  --------  ----------  --------------  -------------------  ----------------------
/opt/airflow/dags/weather_etl.py                           1           0  0.07s           2026-09-22T01:33:46                      14
================================================================================
[2026-09-22T01:34:22.164+0000] {manager.py:1008} INFO - 
================================================================================
DAG File Processing Stats

File Path                         PID    Runtime      # DAGs    # Errors  Last Runtime    Last Run               Last # of DB Queries
--------------------------------  -----  ---------  --------  ----------  --------------  -------------------  ----------------------
/opt/airflow/dags/weather_etl.py                           1           0  0.12s           2026-09-22T01:34:17                      14
================================================================================
[2026-09-22T01:34:52.559+0000] {manager.py:1008} INFO - 
================================================================================
DAG File Processing Stats

File Path                         PID    Runtime      # DAGs    # Errors  Last Runtime    Last Run               Last # of DB Queries
--------------------------------  -----  ---------  --------  ----------  --------------  -------------------  ----------------------
/opt/airflow/dags/weather_etl.py                           1           0  0.10s           2026-09-22T01:34:47                      14
================================================================================
[2026-09-22T01:34:55.595+0000] {manager.py:832} INFO - Searching for files in /opt/airflow/dags
[2026-09-22T01:34:55.605+0000] {manager.py:835} INFO - There are 1 files in /opt/airflow/dags
[2026-09-22T01:35:22.936+0000] {manager.py:1008} INFO - 
================================================================================
DAG File Processing Stats

File Path                         PID    Runtime      # DAGs    # Errors  Last Runtime    Last Run               Last # of DB Queries
--------------------------------  -----  ---------  --------  ----------  --------------  -------------------  ----------------------
/opt/airflow/dags/weather_etl.py                           1           0  0.10s           2026-09-22T01:35:17                      14
================================================================================
[2026-09-22T01:35:53.342+0000] {manager.py:1008} INFO - 
================================================================================
DAG File Processing Stats

File Path                         PID    Runtime      # DAGs    # Errors  Last Runtime    Last Run               Last # of DB Queries
--------------------------------  -----  ---------  --------  ----------  --------------  -------------------  ----------------------
/opt/airflow/dags/weather_etl.py                           1           0  0.08s           2026-09-22T01:35:48                      14
================================================================================
[2026-09-22T01:36:23.709+0000] {manager.py:1008} INFO - 
================================================================================
DAG File Processing Stats

File Path                         PID    Runtime      # DAGs    # Errors  Last Runtime    Last Run               Last # of DB Queries
--------------------------------  -----  ---------  --------  ----------  --------------  -------------------  ----------------------
/opt/airflow/dags/weather_etl.py                           1           0  0.09s           2026-09-22T01:36:18                      14
================================================================================
[2026-09-22T01:36:54.063+0000] {manager.py:1008} INFO - 
================================================================================
DAG File Processing Stats

File Path                         PID    Runtime      # DAGs    # Errors  Last Runtime    Last Run               Last # of DB Queries
--------------------------------  -----  ---------  --------  ----------  --------------  -------------------  ----------------------
/opt/airflow/dags/weather_etl.py                           1           0  0.08s           2026-09-22T01:36:49                      14
================================================================================
[2026-09-22T01:37:24.437+0000] {manager.py:1008} INFO - 
================================================================================
DAG File Processing Stats

File Path                         PID    Runtime      # DAGs    # Errors  Last Runtime    Last Run               Last # of DB Queries
--------------------------------  -----  ---------  --------  ----------  --------------  -------------------  ----------------------
/opt/airflow/dags/weather_etl.py                           1           0  0.13s           2026-09-22T01:37:19                      14
================================================================================
[2026-09-22T01:37:54.867+0000] {manager.py:1008} INFO - 
================================================================================
DAG File Processing Stats

File Path                         PID    Runtime      # DAGs    # Errors  Last Runtime    Last Run               Last # of DB Queries
--------------------------------  -----  ---------  --------  ----------  --------------  -------------------  ----------------------
/opt/airflow/dags/weather_etl.py                           1           0  0.11s           2026-09-22T01:37:49                      14
================================================================================
[2026-09-22T01:38:25.273+0000] {manager.py:1008} INFO - 
================================================================================
DAG File Processing Stats

File Path                         PID    Runtime      # DAGs    # Errors  Last Runtime    Last Run               Last # of DB Queries
--------------------------------  -----  ---------  --------  ----------  --------------  -------------------  ----------------------
/opt/airflow/dags/weather_etl.py                           1           0  0.10s           2026-09-22T01:38:20                      14
================================================================================
[2026-09-22T01:38:55.621+0000] {manager.py:1008} INFO - 
================================================================================
DAG File Processing Stats

File Path                         PID    Runtime      # DAGs    # Errors  Last Runtime    Last Run               Last # of DB Queries
--------------------------------  -----  ---------  --------  ----------  --------------  -------------------  ----------------------
/opt/airflow/dags/weather_etl.py                           1           0  0.10s           2026-09-22T01:38:50                      14
================================================================================
[2026-09-22T01:39:26.005+0000] {manager.py:1008} INFO - 
================================================================================
DAG File Processing Stats

File Path                         PID    Runtime      # DAGs    # Errors  Last Runtime    Last Run               Last # of DB Queries
--------------------------------  -----  ---------  --------  ----------  --------------  -------------------  ----------------------
/opt/airflow/dags/weather_etl.py                           1           0  0.07s           2026-09-22T01:39:20                      14
================================================================================
[2026-09-22T01:39:56.380+0000] {manager.py:832} INFO - Searching for files in /opt/airflow/dags
[2026-09-22T01:39:56.392+0000] {manager.py:835} INFO - There are 1 files in /opt/airflow/dags
[2026-09-22T01:39:56.403+0000] {manager.py:1008} INFO - 
================================================================================
DAG File Processing Stats

File Path                         PID    Runtime      # DAGs    # Errors  Last Runtime    Last Run               Last # of DB Queries
--------------------------------  -----  ---------  --------  ----------  --------------  -------------------  ----------------------
/opt/airflow/dags/weather_etl.py                           1           0  0.15s           2026-09-22T01:39:51                      14
================================================================================
[2026-09-22T01:40:26.811+0000] {manager.py:1008} INFO - 
================================================================================
DAG File Processing Stats

File Path                         PID    Runtime      # DAGs    # Errors  Last Runtime    Last Run               Last # of DB Queries
--------------------------------  -----  ---------  --------  ----------  --------------  -------------------  ----------------------
/opt/airflow/dags/weather_etl.py                           1           0  0.15s           2026-09-22T01:40:21                      14
================================================================================
[2026-09-22T01:40:57.200+0000] {manager.py:1008} INFO - 
================================================================================
DAG File Processing Stats

File Path                         PID    Runtime      # DAGs    # Errors  Last Runtime    Last Run               Last # of DB Queries
--------------------------------  -----  ---------  --------  ----------  --------------  -------------------  ----------------------
/opt/airflow/dags/weather_etl.py                           1           0  0.10s           2026-09-22T01:40:52                      14
================================================================================
[2026-09-22T01:41:27.573+0000] {manager.py:1008} INFO - 
================================================================================
DAG File Processing Stats

File Path                         PID    Runtime      # DAGs    # Errors  Last Runtime    Last Run               Last # of DB Queries
--------------------------------  -----  ---------  --------  ----------  --------------  -------------------  ----------------------
/opt/airflow/dags/weather_etl.py                           1           0  0.07s           2026-09-22T01:41:22                      14
================================================================================
[2026-09-22T01:41:57.921+0000] {manager.py:1008} INFO - 
================================================================================
DAG File Processing Stats

File Path                         PID    Runtime      # DAGs    # Errors  Last Runtime    Last Run               Last # of DB Queries
--------------------------------  -----  ---------  --------  ----------  --------------  -------------------  ----------------------
/opt/airflow/dags/weather_etl.py                           1           0  0.07s           2026-09-22T01:41:52                      14
================================================================================
[2026-09-22T01:42:28.324+0000] {manager.py:1008} INFO - 
================================================================================
DAG File Processing Stats

File Path                         PID    Runtime      # DAGs    # Errors  Last Runtime    Last Run               Last # of DB Queries
--------------------------------  -----  ---------  --------  ----------  --------------  -------------------  ----------------------
/opt/airflow/dags/weather_etl.py                           1           0  0.16s           2026-09-22T01:42:23                      14
================================================================================
[2026-09-22T01:42:58.778+0000] {manager.py:1008} INFO - 
================================================================================
DAG File Processing Stats

File Path                         PID    Runtime      # DAGs    # Errors  Last Runtime    Last Run               Last # of DB Queries
--------------------------------  -----  ---------  --------  ----------  --------------  -------------------  ----------------------
/opt/airflow/dags/weather_etl.py                           1           0  0.08s           2026-09-22T01:42:53                      14
================================================================================
[2026-09-22T01:43:29.161+0000] {manager.py:1008} INFO - 
================================================================================
DAG File Processing Stats

File Path                         PID    Runtime      # DAGs    # Errors  Last Runtime    Last Run               Last # of DB Queries
--------------------------------  -----  ---------  --------  ----------  --------------  -------------------  ----------------------
/opt/airflow/dags/weather_etl.py                           1           0  0.07s           2026-09-22T01:43:24                      14
================================================================================
[2026-09-22T01:43:59.537+0000] {manager.py:1008} INFO - 
================================================================================
DAG File Processing Stats

File Path                         PID    Runtime      # DAGs    # Errors  Last Runtime    Last Run               Last # of DB Queries
--------------------------------  -----  ---------  --------  ----------  --------------  -------------------  ----------------------
/opt/airflow/dags/weather_etl.py                           1           0  0.09s           2026-09-22T01:43:54                      14
================================================================================
[2026-09-22T01:44:29.856+0000] {manager.py:1008} INFO - 
================================================================================
DAG File Processing Stats

File Path                         PID    Runtime      # DAGs    # Errors  Last Runtime    Last Run               Last # of DB Queries
--------------------------------  -----  ---------  --------  ----------  --------------  -------------------  ----------------------
/opt/airflow/dags/weather_etl.py                           1           0  0.07s           2026-09-22T01:44:24                      14
================================================================================
[2026-09-22T01:44:57.198+0000] {manager.py:832} INFO - Searching for files in /opt/airflow/dags
[2026-09-22T01:44:57.210+0000] {manager.py:835} INFO - There are 1 files in /opt/airflow/dags
[2026-09-22T01:45:00.259+0000] {manager.py:1008} INFO - 
================================================================================
DAG File Processing Stats

File Path                         PID    Runtime      # DAGs    # Errors  Last Runtime    Last Run               Last # of DB Queries
--------------------------------  -----  ---------  --------  ----------  --------------  -------------------  ----------------------
/opt/airflow/dags/weather_etl.py                           1           0  0.06s           2026-09-22T01:44:55                      14
================================================================================
[2026-09-22T01:45:30.618+0000] {manager.py:1008} INFO - 
================================================================================
DAG File Processing Stats

File Path                         PID    Runtime      # DAGs    # Errors  Last Runtime    Last Run               Last # of DB Queries
--------------------------------  -----  ---------  --------  ----------  --------------  -------------------  ----------------------
/opt/airflow/dags/weather_etl.py                           1           0  0.07s           2026-09-22T01:45:25                      14
================================================================================
[2026-09-22T01:46:01.052+0000] {manager.py:1008} INFO - 
================================================================================
DAG File Processing Stats

File Path                         PID    Runtime      # DAGs    # Errors  Last Runtime    Last Run               Last # of DB Queries
--------------------------------  -----  ---------  --------  ----------  --------------  -------------------  ----------------------
/opt/airflow/dags/weather_etl.py                           1           0  0.14s           2026-09-22T01:45:56                      14
================================================================================
[2026-09-22T01:46:31.442+0000] {manager.py:1008} INFO - 
================================================================================
DAG File Processing Stats

File Path                         PID    Runtime      # DAGs    # Errors  Last Runtime    Last Run               Last # of DB Queries
--------------------------------  -----  ---------  --------  ----------  --------------  -------------------  ----------------------
/opt/airflow/dags/weather_etl.py                           1           0  0.08s           2026-09-22T01:46:26                      14
================================================================================
[2026-09-22T01:47:01.853+0000] {manager.py:1008} INFO - 
================================================================================
DAG File Processing Stats

File Path                         PID    Runtime      # DAGs    # Errors  Last Runtime    Last Run               Last # of DB Queries
--------------------------------  -----  ---------  --------  ----------  --------------  -------------------  ----------------------
/opt/airflow/dags/weather_etl.py                           1           0  0.09s           2026-09-22T01:46:56                      14
================================================================================
[2026-09-22T01:47:32.228+0000] {manager.py:1008} INFO - 
================================================================================
DAG File Processing Stats

File Path                         PID    Runtime      # DAGs    # Errors  Last Runtime    Last Run               Last # of DB Queries
--------------------------------  -----  ---------  --------  ----------  --------------  -------------------  ----------------------
/opt/airflow/dags/weather_etl.py                           1           0  0.07s           2026-09-22T01:47:27                      14
================================================================================
[2026-09-22T01:48:02.586+0000] {manager.py:1008} INFO - 
================================================================================
DAG File Processing Stats

File Path                         PID    Runtime      # DAGs    # Errors  Last Runtime    Last Run               Last # of DB Queries
--------------------------------  -----  ---------  --------  ----------  --------------  -------------------  ----------------------
/opt/airflow/dags/weather_etl.py                           1           0  0.08s           2026-09-22T01:47:57                      14
================================================================================
[2026-09-22T01:48:32.943+0000] {manager.py:1008} INFO - 
================================================================================
DAG File Processing Stats

File Path                         PID    Runtime      # DAGs    # Errors  Last Runtime    Last Run               Last # of DB Queries
--------------------------------  -----  ---------  --------  ----------  --------------  -------------------  ----------------------
/opt/airflow/dags/weather_etl.py                           1           0  0.07s           2026-09-22T01:48:27                      14
================================================================================
[2026-09-22T01:49:03.361+0000] {manager.py:1008} INFO - 
================================================================================
DAG File Processing Stats

File Path                         PID    Runtime      # DAGs    # Errors  Last Runtime    Last Run               Last # of DB Queries
--------------------------------  -----  ---------  --------  ----------  --------------  -------------------  ----------------------
/opt/airflow/dags/weather_etl.py                           1           0  0.07s           2026-09-22T01:48:58                      14
================================================================================
[2026-09-22T01:49:33.788+0000] {manager.py:1008} INFO - 
================================================================================
DAG File Processing Stats

File Path                         PID    Runtime      # DAGs    # Errors  Last Runtime    Last Run               Last # of DB Queries
--------------------------------  -----  ---------  --------  ----------  --------------  -------------------  ----------------------
/opt/airflow/dags/weather_etl.py                           1           0  0.10s           2026-09-22T01:49:28                      14
================================================================================
[2026-09-22T01:49:58.091+0000] {manager.py:832} INFO - Searching for files in /opt/airflow/dags
[2026-09-22T01:49:58.103+0000] {manager.py:835} INFO - There are 1 files in /opt/airflow/dags
[2026-09-22T01:50:04.218+0000] {manager.py:1008} INFO - 
================================================================================
DAG File Processing Stats

File Path                         PID    Runtime      # DAGs    # Errors  Last Runtime    Last Run               Last # of DB Queries
--------------------------------  -----  ---------  --------  ----------  --------------  -------------------  ----------------------
/opt/airflow/dags/weather_etl.py                           1           0  0.10s           2026-09-22T01:49:59                      14
================================================================================
[2026-09-22T01:50:34.635+0000] {manager.py:1008} INFO - 
================================================================================
DAG File Processing Stats

File Path                         PID    Runtime      # DAGs    # Errors  Last Runtime    Last Run               Last # of DB Queries
--------------------------------  -----  ---------  --------  ----------  --------------  -------------------  ----------------------
/opt/airflow/dags/weather_etl.py                           1           0  0.07s           2026-09-22T01:50:29                      14
================================================================================
[2026-09-22T01:51:05.032+0000] {manager.py:1008} INFO - 
================================================================================
DAG File Processing Stats

File Path                         PID    Runtime      # DAGs    # Errors  Last Runtime    Last Run               Last # of DB Queries
--------------------------------  -----  ---------  --------  ----------  --------------  -------------------  ----------------------
/opt/airflow/dags/weather_etl.py                           1           0  0.12s           2026-09-22T01:51:00                      14
================================================================================
[2026-09-22T01:51:35.399+0000] {manager.py:1008} INFO - 
================================================================================
DAG File Processing Stats

File Path                         PID    Runtime      # DAGs    # Errors  Last Runtime    Last Run               Last # of DB Queries
--------------------------------  -----  ---------  --------  ----------  --------------  -------------------  ----------------------
/opt/airflow/dags/weather_etl.py                           1           0  0.07s           2026-09-22T01:51:30                      14
================================================================================
[2026-09-22T01:52:05.787+0000] {manager.py:1008} INFO - 
================================================================================
DAG File Processing Stats

File Path                         PID    Runtime      # DAGs    # Errors  Last Runtime    Last Run               Last # of DB Queries
--------------------------------  -----  ---------  --------  ----------  --------------  -------------------  ----------------------
/opt/airflow/dags/weather_etl.py                           1           0  0.10s           2026-09-22T01:52:00                      14
================================================================================
[2026-09-22T01:52:36.163+0000] {manager.py:1008} INFO - 
================================================================================
DAG File Processing Stats

File Path                         PID    Runtime      # DAGs    # Errors  Last Runtime    Last Run               Last # of DB Queries
--------------------------------  -----  ---------  --------  ----------  --------------  -------------------  ----------------------
/opt/airflow/dags/weather_etl.py                           1           0  0.07s           2026-09-22T01:52:31                      14
================================================================================
[2026-09-22T01:53:06.529+0000] {manager.py:1008} INFO - 
================================================================================
DAG File Processing Stats

File Path                         PID    Runtime      # DAGs    # Errors  Last Runtime    Last Run               Last # of DB Queries
--------------------------------  -----  ---------  --------  ----------  --------------  -------------------  ----------------------
/opt/airflow/dags/weather_etl.py                           1           0  0.08s           2026-09-22T01:53:01                      14
================================================================================
[2026-09-22T01:53:36.893+0000] {manager.py:1008} INFO - 
================================================================================
DAG File Processing Stats

File Path                         PID    Runtime      # DAGs    # Errors  Last Runtime    Last Run               Last # of DB Queries
--------------------------------  -----  ---------  --------  ----------  --------------  -------------------  ----------------------
/opt/airflow/dags/weather_etl.py                           1           0  0.07s           2026-09-22T01:53:31                      14
================================================================================
[2026-09-22T01:54:07.272+0000] {manager.py:1008} INFO - 
================================================================================
DAG File Processing Stats

File Path                         PID    Runtime      # DAGs    # Errors  Last Runtime    Last Run               Last # of DB Queries
--------------------------------  -----  ---------  --------  ----------  --------------  -------------------  ----------------------
/opt/airflow/dags/weather_etl.py                           1           0  0.08s           2026-09-22T01:54:02                      14
================================================================================
[2026-09-22T01:54:37.614+0000] {manager.py:1008} INFO - 
================================================================================
DAG File Processing Stats

File Path                         PID    Runtime      # DAGs    # Errors  Last Runtime    Last Run               Last # of DB Queries
--------------------------------  -----  ---------  --------  ----------  --------------  -------------------  ----------------------
/opt/airflow/dags/weather_etl.py                           1           0  0.07s           2026-09-22T01:54:32                      14
================================================================================
[2026-09-22T01:54:58.849+0000] {manager.py:832} INFO - Searching for files in /opt/airflow/dags
[2026-09-22T01:54:58.861+0000] {manager.py:835} INFO - There are 1 files in /opt/airflow/dags
[2026-09-22T01:55:08.009+0000] {manager.py:1008} INFO - 
================================================================================
DAG File Processing Stats

File Path                         PID    Runtime      # DAGs    # Errors  Last Runtime    Last Run               Last # of DB Queries
--------------------------------  -----  ---------  --------  ----------  --------------  -------------------  ----------------------
/opt/airflow/dags/weather_etl.py                           1           0  0.10s           2026-09-22T01:55:03                      14
================================================================================
[2026-09-22T01:55:38.356+0000] {manager.py:1008} INFO - 
================================================================================
DAG File Processing Stats

File Path                         PID    Runtime      # DAGs    # Errors  Last Runtime    Last Run               Last # of DB Queries
--------------------------------  -----  ---------  --------  ----------  --------------  -------------------  ----------------------
/opt/airflow/dags/weather_etl.py                           1           0  0.07s           2026-09-22T01:55:33                      14
================================================================================
[2026-09-22T01:56:08.759+0000] {manager.py:1008} INFO - 
================================================================================
DAG File Processing Stats

File Path                         PID    Runtime      # DAGs    # Errors  Last Runtime    Last Run               Last # of DB Queries
--------------------------------  -----  ---------  --------  ----------  --------------  -------------------  ----------------------
/opt/airflow/dags/weather_etl.py                           1           0  0.07s           2026-09-22T01:56:03                      14
================================================================================
[2026-09-22T01:56:39.135+0000] {manager.py:1008} INFO - 
================================================================================
DAG File Processing Stats

File Path                         PID    Runtime      # DAGs    # Errors  Last Runtime    Last Run               Last # of DB Queries
--------------------------------  -----  ---------  --------  ----------  --------------  -------------------  ----------------------
/opt/airflow/dags/weather_etl.py                           1           0  0.08s           2026-09-22T01:56:34                      14
================================================================================
[2026-09-22T01:57:09.501+0000] {manager.py:1008} INFO - 
================================================================================
DAG File Processing Stats

File Path                         PID    Runtime      # DAGs    # Errors  Last Runtime    Last Run               Last # of DB Queries
--------------------------------  -----  ---------  --------  ----------  --------------  -------------------  ----------------------
/opt/airflow/dags/weather_etl.py                           1           0  0.08s           2026-09-22T01:57:04                      14
================================================================================
[2026-09-22T01:57:39.898+0000] {manager.py:1008} INFO - 
================================================================================
DAG File Processing Stats

File Path                         PID    Runtime      # DAGs    # Errors  Last Runtime    Last Run               Last # of DB Queries
--------------------------------  -----  ---------  --------  ----------  --------------  -------------------  ----------------------
/opt/airflow/dags/weather_etl.py                           1           0  0.13s           2026-09-22T01:57:34                      14
================================================================================
[2026-09-22T01:58:10.280+0000] {manager.py:1008} INFO - 
================================================================================
DAG File Processing Stats

File Path                         PID    Runtime      # DAGs    # Errors  Last Runtime    Last Run               Last # of DB Queries
--------------------------------  -----  ---------  --------  ----------  --------------  -------------------  ----------------------
/opt/airflow/dags/weather_etl.py                           1           0  0.10s           2026-09-22T01:58:05                      14
================================================================================
[2026-09-22T01:58:40.657+0000] {manager.py:1008} INFO - 
================================================================================
DAG File Processing Stats

File Path                         PID    Runtime      # DAGs    # Errors  Last Runtime    Last Run               Last # of DB Queries
--------------------------------  -----  ---------  --------  ----------  --------------  -------------------  ----------------------
/opt/airflow/dags/weather_etl.py                           1           0  0.08s           2026-09-22T01:58:35                      14
================================================================================
[2026-09-22T01:59:11.006+0000] {manager.py:1008} INFO - 
================================================================================
DAG File Processing Stats

File Path                         PID    Runtime      # DAGs    # Errors  Last Runtime    Last Run               Last # of DB Queries
--------------------------------  -----  ---------  --------  ----------  --------------  -------------------  ----------------------
/opt/airflow/dags/weather_etl.py                           1           0  0.08s           2026-09-22T01:59:06                      14
================================================================================
[2026-09-22T01:59:41.291+0000] {manager.py:1008} INFO - 
================================================================================
DAG File Processing Stats

File Path                         PID    Runtime      # DAGs    # Errors  Last Runtime    Last Run               Last # of DB Queries
--------------------------------  -----  ---------  --------  ----------  --------------  -------------------  ----------------------
/opt/airflow/dags/weather_etl.py                           1           0  0.08s           2026-09-22T01:59:36                      14
================================================================================
[2026-09-22T01:59:59.452+0000] {manager.py:832} INFO - Searching for files in /opt/airflow/dags
[2026-09-22T01:59:59.462+0000] {manager.py:835} INFO - There are 1 files in /opt/airflow/dags
[2026-09-22T02:00:11.655+0000] {manager.py:1008} INFO - 
================================================================================
DAG File Processing Stats

File Path                         PID    Runtime      # DAGs    # Errors  Last Runtime    Last Run               Last # of DB Queries
--------------------------------  -----  ---------  --------  ----------  --------------  -------------------  ----------------------
/opt/airflow/dags/weather_etl.py                           1           0  0.09s           2026-09-22T02:00:06                      14
================================================================================
[2026-09-22T02:00:42.056+0000] {manager.py:1008} INFO - 
================================================================================
DAG File Processing Stats

File Path                         PID    Runtime      # DAGs    # Errors  Last Runtime    Last Run               Last # of DB Queries
--------------------------------  -----  ---------  --------  ----------  --------------  -------------------  ----------------------
/opt/airflow/dags/weather_etl.py                           1           0  0.07s           2026-09-22T02:00:37                      14
================================================================================
[2026-09-22T02:01:12.433+0000] {manager.py:1008} INFO - 
================================================================================
DAG File Processing Stats

File Path                         PID    Runtime      # DAGs    # Errors  Last Runtime    Last Run               Last # of DB Queries
--------------------------------  -----  ---------  --------  ----------  --------------  -------------------  ----------------------
/opt/airflow/dags/weather_etl.py                           1           0  0.08s           2026-09-22T02:01:07                      14
================================================================================
[2026-09-22T02:01:42.815+0000] {manager.py:1008} INFO - 
================================================================================
DAG File Processing Stats

File Path                         PID    Runtime      # DAGs    # Errors  Last Runtime    Last Run               Last # of DB Queries
--------------------------------  -----  ---------  --------  ----------  --------------  -------------------  ----------------------
/opt/airflow/dags/weather_etl.py                           1           0  0.08s           2026-09-22T02:01:37                      14
================================================================================
[2026-09-22T02:02:13.181+0000] {manager.py:1008} INFO - 
================================================================================
DAG File Processing Stats

File Path                         PID    Runtime      # DAGs    # Errors  Last Runtime    Last Run               Last # of DB Queries
--------------------------------  -----  ---------  --------  ----------  --------------  -------------------  ----------------------
/opt/airflow/dags/weather_etl.py                           1           0  0.10s           2026-09-22T02:02:08                      14
================================================================================
[2026-09-22T02:02:43.563+0000] {manager.py:1008} INFO - 
================================================================================
DAG File Processing Stats

File Path                         PID    Runtime      # DAGs    # Errors  Last Runtime    Last Run               Last # of DB Queries
--------------------------------  -----  ---------  --------  ----------  --------------  -------------------  ----------------------
/opt/airflow/dags/weather_etl.py                           1           0  0.08s           2026-09-22T02:02:38                      14
================================================================================
[2026-09-22T02:03:13.997+0000] {manager.py:1008} INFO - 
================================================================================
DAG File Processing Stats

File Path                         PID    Runtime      # DAGs    # Errors  Last Runtime    Last Run               Last # of DB Queries
--------------------------------  -----  ---------  --------  ----------  --------------  -------------------  ----------------------
/opt/airflow/dags/weather_etl.py                           1           0  0.11s           2026-09-22T02:03:09                      14
================================================================================
[2026-09-22T02:03:44.392+0000] {manager.py:1008} INFO - 
================================================================================
DAG File Processing Stats

File Path                         PID    Runtime      # DAGs    # Errors  Last Runtime    Last Run               Last # of DB Queries
--------------------------------  -----  ---------  --------  ----------  --------------  -------------------  ----------------------
/opt/airflow/dags/weather_etl.py                           1           0  0.08s           2026-09-22T02:03:39                      14
================================================================================
[2026-09-22T02:04:14.788+0000] {manager.py:1008} INFO - 
================================================================================
DAG File Processing Stats

File Path                         PID    Runtime      # DAGs    # Errors  Last Runtime    Last Run               Last # of DB Queries
--------------------------------  -----  ---------  --------  ----------  --------------  -------------------  ----------------------
/opt/airflow/dags/weather_etl.py                           1           0  0.10s           2026-09-22T02:04:09                      14
================================================================================
[2026-09-22T02:04:45.139+0000] {manager.py:1008} INFO - 
================================================================================
DAG File Processing Stats

File Path                         PID    Runtime      # DAGs    # Errors  Last Runtime    Last Run               Last # of DB Queries
--------------------------------  -----  ---------  --------  ----------  --------------  -------------------  ----------------------
/opt/airflow/dags/weather_etl.py                           1           0  0.14s           2026-09-22T02:04:40                      14
================================================================================
[2026-09-22T02:05:00.326+0000] {manager.py:832} INFO - Searching for files in /opt/airflow/dags
[2026-09-22T02:05:00.336+0000] {manager.py:835} INFO - There are 1 files in /opt/airflow/dags
[2026-09-22T02:05:15.548+0000] {manager.py:1008} INFO - 
================================================================================
DAG File Processing Stats

File Path                         PID    Runtime      # DAGs    # Errors  Last Runtime    Last Run               Last # of DB Queries
--------------------------------  -----  ---------  --------  ----------  --------------  -------------------  ----------------------
/opt/airflow/dags/weather_etl.py                           1           0  0.10s           2026-09-22T02:05:10                      14
================================================================================
[2026-09-22T02:05:45.929+0000] {manager.py:1008} INFO - 
================================================================================
DAG File Processing Stats

File Path                         PID    Runtime      # DAGs    # Errors  Last Runtime    Last Run               Last # of DB Queries
--------------------------------  -----  ---------  --------  ----------  --------------  -------------------  ----------------------
/opt/airflow/dags/weather_etl.py                           1           0  0.08s           2026-09-22T02:05:40                      14
================================================================================
[2026-09-22T02:06:16.335+0000] {manager.py:1008} INFO - 
================================================================================
DAG File Processing Stats

File Path                         PID    Runtime      # DAGs    # Errors  Last Runtime    Last Run               Last # of DB Queries
--------------------------------  -----  ---------  --------  ----------  --------------  -------------------  ----------------------
/opt/airflow/dags/weather_etl.py                           1           0  0.11s           2026-09-22T02:06:11                      14
================================================================================
[2026-09-22T02:06:46.718+0000] {manager.py:1008} INFO - 
================================================================================
DAG File Processing Stats

File Path                         PID    Runtime      # DAGs    # Errors  Last Runtime    Last Run               Last # of DB Queries
--------------------------------  -----  ---------  --------  ----------  --------------  -------------------  ----------------------
/opt/airflow/dags/weather_etl.py                           1           0  0.07s           2026-09-22T02:06:41                      14
================================================================================
[2026-09-22T02:07:17.630+0000] {manager.py:1008} INFO - 
================================================================================
DAG File Processing Stats

File Path                         PID    Runtime      # DAGs    # Errors  Last Runtime    Last Run               Last # of DB Queries
--------------------------------  -----  ---------  --------  ----------  --------------  -------------------  ----------------------
/opt/airflow/dags/weather_etl.py                           1           0  0.11s           2026-09-22T02:07:12                      14
================================================================================
[2026-09-22T02:07:48.011+0000] {manager.py:1008} INFO - 
================================================================================
DAG File Processing Stats

File Path                         PID    Runtime      # DAGs    # Errors  Last Runtime    Last Run               Last # of DB Queries
--------------------------------  -----  ---------  --------  ----------  --------------  -------------------  ----------------------
/opt/airflow/dags/weather_etl.py                           1           0  0.08s           2026-09-22T02:07:43                      14
================================================================================
[2026-09-22T02:08:18.366+0000] {manager.py:1008} INFO - 
================================================================================
DAG File Processing Stats

File Path                         PID    Runtime      # DAGs    # Errors  Last Runtime    Last Run               Last # of DB Queries
--------------------------------  -----  ---------  --------  ----------  --------------  -------------------  ----------------------
/opt/airflow/dags/weather_etl.py                           1           0  0.07s           2026-09-22T02:08:13                      14
================================================================================
[2026-09-22T02:08:48.693+0000] {manager.py:1008} INFO - 
================================================================================
DAG File Processing Stats

File Path                         PID    Runtime      # DAGs    # Errors  Last Runtime    Last Run               Last # of DB Queries
--------------------------------  -----  ---------  --------  ----------  --------------  -------------------  ----------------------
/opt/airflow/dags/weather_etl.py                           1           0  0.06s           2026-09-22T02:08:43                      14
================================================================================
[2026-09-22T02:09:19.024+0000] {manager.py:1008} INFO - 
================================================================================
DAG File Processing Stats

File Path                         PID    Runtime      # DAGs    # Errors  Last Runtime    Last Run               Last # of DB Queries
--------------------------------  -----  ---------  --------  ----------  --------------  -------------------  ----------------------
/opt/airflow/dags/weather_etl.py                           1           0  0.07s           2026-09-22T02:09:14                      14
================================================================================
[2026-09-22T02:09:49.414+0000] {manager.py:1008} INFO - 
================================================================================
DAG File Processing Stats

File Path                         PID    Runtime      # DAGs    # Errors  Last Runtime    Last Run               Last # of DB Queries
--------------------------------  -----  ---------  --------  ----------  --------------  -------------------  ----------------------
/opt/airflow/dags/weather_etl.py                           1           0  0.07s           2026-09-22T02:09:44                      14
================================================================================
[2026-09-22T02:10:00.538+0000] {manager.py:832} INFO - Searching for files in /opt/airflow/dags
[2026-09-22T02:10:00.547+0000] {manager.py:835} INFO - There are 1 files in /opt/airflow/dags
[2026-09-22T02:10:19.807+0000] {manager.py:1008} INFO - 
================================================================================
DAG File Processing Stats

File Path                         PID    Runtime      # DAGs    # Errors  Last Runtime    Last Run               Last # of DB Queries
--------------------------------  -----  ---------  --------  ----------  --------------  -------------------  ----------------------
/opt/airflow/dags/weather_etl.py                           1           0  0.09s           2026-09-22T02:10:14                      14
================================================================================
[2026-09-22T02:10:50.122+0000] {manager.py:1008} INFO - 
================================================================================
DAG File Processing Stats

File Path                         PID    Runtime      # DAGs    # Errors  Last Runtime    Last Run               Last # of DB Queries
--------------------------------  -----  ---------  --------  ----------  --------------  -------------------  ----------------------
/opt/airflow/dags/weather_etl.py                           1           0  0.08s           2026-09-22T02:10:45                      14
================================================================================
[2026-09-22T02:11:20.485+0000] {manager.py:1008} INFO - 
================================================================================
DAG File Processing Stats

File Path                         PID    Runtime      # DAGs    # Errors  Last Runtime    Last Run               Last # of DB Queries
--------------------------------  -----  ---------  --------  ----------  --------------  -------------------  ----------------------
/opt/airflow/dags/weather_etl.py                           1           0  0.07s           2026-09-22T02:11:15                      14
================================================================================
[2026-09-22T02:11:50.913+0000] {manager.py:1008} INFO - 
================================================================================
DAG File Processing Stats

File Path                         PID    Runtime      # DAGs    # Errors  Last Runtime    Last Run               Last # of DB Queries
--------------------------------  -----  ---------  --------  ----------  --------------  -------------------  ----------------------
/opt/airflow/dags/weather_etl.py                           1           0  0.12s           2026-09-22T02:11:45                      14
================================================================================
[2026-09-22T02:12:21.303+0000] {manager.py:1008} INFO - 
================================================================================
DAG File Processing Stats

File Path                         PID    Runtime      # DAGs    # Errors  Last Runtime    Last Run               Last # of DB Queries
--------------------------------  -----  ---------  --------  ----------  --------------  -------------------  ----------------------
/opt/airflow/dags/weather_etl.py                           1           0  0.08s           2026-09-22T02:12:16                      14
================================================================================
[2026-09-22T02:12:51.687+0000] {manager.py:1008} INFO - 
================================================================================
DAG File Processing Stats

File Path                         PID    Runtime      # DAGs    # Errors  Last Runtime    Last Run               Last # of DB Queries
--------------------------------  -----  ---------  --------  ----------  --------------  -------------------  ----------------------
/opt/airflow/dags/weather_etl.py                           1           0  0.11s           2026-09-22T02:12:46                      14
================================================================================
[2026-09-22T02:13:22.087+0000] {manager.py:1008} INFO - 
================================================================================
DAG File Processing Stats

File Path                         PID    Runtime      # DAGs    # Errors  Last Runtime    Last Run               Last # of DB Queries
--------------------------------  -----  ---------  --------  ----------  --------------  -------------------  ----------------------
/opt/airflow/dags/weather_etl.py                           1           0  0.15s           2026-09-22T02:13:17                      14
================================================================================
[2026-09-22T02:13:52.508+0000] {manager.py:1008} INFO - 
================================================================================
DAG File Processing Stats

File Path                         PID    Runtime      # DAGs    # Errors  Last Runtime    Last Run               Last # of DB Queries
--------------------------------  -----  ---------  --------  ----------  --------------  -------------------  ----------------------
/opt/airflow/dags/weather_etl.py                           1           0  0.12s           2026-09-22T02:13:47                      14
================================================================================
[2026-09-22T02:14:22.854+0000] {manager.py:1008} INFO - 
================================================================================
DAG File Processing Stats

File Path                         PID    Runtime      # DAGs    # Errors  Last Runtime    Last Run               Last # of DB Queries
--------------------------------  -----  ---------  --------  ----------  --------------  -------------------  ----------------------
/opt/airflow/dags/weather_etl.py                           1           0  0.14s           2026-09-22T02:14:17                      14
================================================================================
[2026-09-22T02:14:53.293+0000] {manager.py:1008} INFO - 
================================================================================
DAG File Processing Stats

File Path                         PID    Runtime      # DAGs    # Errors  Last Runtime    Last Run               Last # of DB Queries
--------------------------------  -----  ---------  --------  ----------  --------------  -------------------  ----------------------
/opt/airflow/dags/weather_etl.py                           1           0  0.10s           2026-09-22T02:14:48                      14
================================================================================
[2026-09-22T02:15:01.393+0000] {manager.py:832} INFO - Searching for files in /opt/airflow/dags
[2026-09-22T02:15:01.402+0000] {manager.py:835} INFO - There are 1 files in /opt/airflow/dags
[2026-09-22T02:15:23.781+0000] {manager.py:1008} INFO - 
================================================================================
DAG File Processing Stats

File Path                         PID    Runtime      # DAGs    # Errors  Last Runtime    Last Run               Last # of DB Queries
--------------------------------  -----  ---------  --------  ----------  --------------  -------------------  ----------------------
/opt/airflow/dags/weather_etl.py                           1           0  0.25s           2026-09-22T02:15:18                      14
================================================================================
[2026-09-22T02:15:54.139+0000] {manager.py:1008} INFO - 
================================================================================
DAG File Processing Stats

File Path                         PID    Runtime      # DAGs    # Errors  Last Runtime    Last Run               Last # of DB Queries
--------------------------------  -----  ---------  --------  ----------  --------------  -------------------  ----------------------
/opt/airflow/dags/weather_etl.py                           1           0  0.08s           2026-09-22T02:15:49                      14
================================================================================
[2026-09-22T02:16:24.494+0000] {manager.py:1008} INFO - 
================================================================================
DAG File Processing Stats

File Path                         PID    Runtime      # DAGs    # Errors  Last Runtime    Last Run               Last # of DB Queries
--------------------------------  -----  ---------  --------  ----------  --------------  -------------------  ----------------------
/opt/airflow/dags/weather_etl.py                           1           0  0.10s           2026-09-22T02:16:19                      14
================================================================================
[2026-09-22T02:16:54.861+0000] {manager.py:1008} INFO - 
================================================================================
DAG File Processing Stats

File Path                         PID    Runtime      # DAGs    # Errors  Last Runtime    Last Run               Last # of DB Queries
--------------------------------  -----  ---------  --------  ----------  --------------  -------------------  ----------------------
/opt/airflow/dags/weather_etl.py                           1           0  0.07s           2026-09-22T02:16:49                      14
================================================================================
[2026-09-22T02:17:25.179+0000] {manager.py:1008} INFO - 
================================================================================
DAG File Processing Stats

File Path                         PID    Runtime      # DAGs    # Errors  Last Runtime    Last Run               Last # of DB Queries
--------------------------------  -----  ---------  --------  ----------  --------------  -------------------  ----------------------
/opt/airflow/dags/weather_etl.py                           1           0  0.07s           2026-09-22T02:17:20                      14
================================================================================
[2026-09-22T02:17:55.565+0000] {manager.py:1008} INFO - 
================================================================================
DAG File Processing Stats

File Path                         PID    Runtime      # DAGs    # Errors  Last Runtime    Last Run               Last # of DB Queries
--------------------------------  -----  ---------  --------  ----------  --------------  -------------------  ----------------------
/opt/airflow/dags/weather_etl.py                           1           0  0.09s           2026-09-22T02:17:50                      14
================================================================================
[2026-09-22T02:18:25.922+0000] {manager.py:1008} INFO - 
================================================================================
DAG File Processing Stats

File Path                         PID    Runtime      # DAGs    # Errors  Last Runtime    Last Run               Last # of DB Queries
--------------------------------  -----  ---------  --------  ----------  --------------  -------------------  ----------------------
/opt/airflow/dags/weather_etl.py                           1           0  0.08s           2026-09-22T02:18:20                      14
================================================================================
[2026-09-22T02:18:56.301+0000] {manager.py:1008} INFO - 
================================================================================
DAG File Processing Stats

File Path                         PID    Runtime      # DAGs    # Errors  Last Runtime    Last Run               Last # of DB Queries
--------------------------------  -----  ---------  --------  ----------  --------------  -------------------  ----------------------
/opt/airflow/dags/weather_etl.py                           1           0  0.08s           2026-09-22T02:18:51                      14
================================================================================
[2026-09-22T02:19:26.665+0000] {manager.py:1008} INFO - 
================================================================================
DAG File Processing Stats

File Path                         PID    Runtime      # DAGs    # Errors  Last Runtime    Last Run               Last # of DB Queries
--------------------------------  -----  ---------  --------  ----------  --------------  -------------------  ----------------------
/opt/airflow/dags/weather_etl.py                           1           0  0.07s           2026-09-22T02:19:21                      14
================================================================================
[2026-09-22T02:19:57.038+0000] {manager.py:1008} INFO - 
================================================================================
DAG File Processing Stats

File Path                         PID    Runtime      # DAGs    # Errors  Last Runtime    Last Run               Last # of DB Queries
--------------------------------  -----  ---------  --------  ----------  --------------  -------------------  ----------------------
/opt/airflow/dags/weather_etl.py                           1           0  0.08s           2026-09-22T02:19:52                      14
================================================================================
[2026-09-22T02:20:02.091+0000] {manager.py:832} INFO - Searching for files in /opt/airflow/dags
[2026-09-22T02:20:02.101+0000] {manager.py:835} INFO - There are 1 files in /opt/airflow/dags
[2026-09-22T02:20:27.441+0000] {manager.py:1008} INFO - 
================================================================================
DAG File Processing Stats

File Path                         PID    Runtime      # DAGs    # Errors  Last Runtime    Last Run               Last # of DB Queries
--------------------------------  -----  ---------  --------  ----------  --------------  -------------------  ----------------------
/opt/airflow/dags/weather_etl.py                           1           0  0.09s           2026-09-22T02:20:22                      14
================================================================================
[2026-09-22T02:20:57.814+0000] {manager.py:1008} INFO - 
================================================================================
DAG File Processing Stats

File Path                         PID    Runtime      # DAGs    # Errors  Last Runtime    Last Run               Last # of DB Queries
--------------------------------  -----  ---------  --------  ----------  --------------  -------------------  ----------------------
/opt/airflow/dags/weather_etl.py                           1           0  0.09s           2026-09-22T02:20:52                      14
================================================================================
[2026-09-22T02:21:28.180+0000] {manager.py:1008} INFO - 
================================================================================
DAG File Processing Stats

File Path                         PID    Runtime      # DAGs    # Errors  Last Runtime    Last Run               Last # of DB Queries
--------------------------------  -----  ---------  --------  ----------  --------------  -------------------  ----------------------
/opt/airflow/dags/weather_etl.py                           1           0  0.11s           2026-09-22T02:21:23                      14
================================================================================
[2026-09-22T02:21:58.626+0000] {manager.py:1008} INFO - 
================================================================================
DAG File Processing Stats

File Path                         PID    Runtime      # DAGs    # Errors  Last Runtime    Last Run               Last # of DB Queries
--------------------------------  -----  ---------  --------  ----------  --------------  -------------------  ----------------------
/opt/airflow/dags/weather_etl.py                           1           0  0.13s           2026-09-22T02:21:53                      14
================================================================================
[2026-09-22T02:22:29.056+0000] {manager.py:1008} INFO - 
================================================================================
DAG File Processing Stats

File Path                         PID    Runtime      # DAGs    # Errors  Last Runtime    Last Run               Last # of DB Queries
--------------------------------  -----  ---------  --------  ----------  --------------  -------------------  ----------------------
/opt/airflow/dags/weather_etl.py                           1           0  0.25s           2026-09-22T02:22:24                      14
================================================================================
[2026-09-22T02:22:59.528+0000] {manager.py:1008} INFO - 
================================================================================
DAG File Processing Stats

File Path                         PID    Runtime      # DAGs    # Errors  Last Runtime    Last Run               Last # of DB Queries
--------------------------------  -----  ---------  --------  ----------  --------------  -------------------  ----------------------
/opt/airflow/dags/weather_etl.py                           1           0  0.13s           2026-09-22T02:22:54                      14
================================================================================
[2026-09-22T02:23:29.897+0000] {manager.py:1008} INFO - 
================================================================================
DAG File Processing Stats

File Path                         PID    Runtime      # DAGs    # Errors  Last Runtime    Last Run               Last # of DB Queries
--------------------------------  -----  ---------  --------  ----------  --------------  -------------------  ----------------------
/opt/airflow/dags/weather_etl.py                           1           0  0.08s           2026-09-22T02:23:24                      14
================================================================================
[2026-09-22T02:24:00.279+0000] {manager.py:1008} INFO - 
================================================================================
DAG File Processing Stats

File Path                         PID    Runtime      # DAGs    # Errors  Last Runtime    Last Run               Last # of DB Queries
--------------------------------  -----  ---------  --------  ----------  --------------  -------------------  ----------------------
/opt/airflow/dags/weather_etl.py                           1           0  0.12s           2026-09-22T02:23:55                      14
================================================================================
[2026-09-22T02:24:30.647+0000] {manager.py:1008} INFO - 
================================================================================
DAG File Processing Stats

File Path                         PID    Runtime      # DAGs    # Errors  Last Runtime    Last Run               Last # of DB Queries
--------------------------------  -----  ---------  --------  ----------  --------------  -------------------  ----------------------
/opt/airflow/dags/weather_etl.py                           1           0  0.08s           2026-09-22T02:24:25                      14
================================================================================
[2026-09-22T02:25:00.951+0000] {manager.py:1008} INFO - 
================================================================================
DAG File Processing Stats

File Path                         PID    Runtime      # DAGs    # Errors  Last Runtime    Last Run               Last # of DB Queries
--------------------------------  -----  ---------  --------  ----------  --------------  -------------------  ----------------------
/opt/airflow/dags/weather_etl.py                           1           0  0.10s           2026-09-22T02:24:55                      14
================================================================================
[2026-09-22T02:25:02.972+0000] {manager.py:832} INFO - Searching for files in /opt/airflow/dags
[2026-09-22T02:25:02.976+0000] {manager.py:835} INFO - There are 1 files in /opt/airflow/dags
[2026-09-22T02:25:31.338+0000] {manager.py:1008} INFO - 
================================================================================
DAG File Processing Stats

File Path                         PID    Runtime      # DAGs    # Errors  Last Runtime    Last Run               Last # of DB Queries
--------------------------------  -----  ---------  --------  ----------  --------------  -------------------  ----------------------
/opt/airflow/dags/weather_etl.py                           1           0  0.08s           2026-09-22T02:25:26                      14
================================================================================
[2026-09-22T02:26:01.724+0000] {manager.py:1008} INFO - 
================================================================================
DAG File Processing Stats

File Path                         PID    Runtime      # DAGs    # Errors  Last Runtime    Last Run               Last # of DB Queries
--------------------------------  -----  ---------  --------  ----------  --------------  -------------------  ----------------------
/opt/airflow/dags/weather_etl.py                           1           0  0.07s           2026-09-22T02:25:56                      14
================================================================================
[2026-09-22T02:26:32.078+0000] {manager.py:1008} INFO - 
================================================================================
DAG File Processing Stats

File Path                         PID    Runtime      # DAGs    # Errors  Last Runtime    Last Run               Last # of DB Queries
--------------------------------  -----  ---------  --------  ----------  --------------  -------------------  ----------------------
/opt/airflow/dags/weather_etl.py                           1           0  0.08s           2026-09-22T02:26:27                      14
================================================================================
[2026-09-22T02:27:02.407+0000] {manager.py:1008} INFO - 
================================================================================
DAG File Processing Stats

File Path                         PID    Runtime      # DAGs    # Errors  Last Runtime    Last Run               Last # of DB Queries
--------------------------------  -----  ---------  --------  ----------  --------------  -------------------  ----------------------
/opt/airflow/dags/weather_etl.py                           1           0  0.09s           2026-09-22T02:26:57                      14
================================================================================
[2026-09-22T02:27:32.800+0000] {manager.py:1008} INFO - 
================================================================================
DAG File Processing Stats

File Path                         PID    Runtime      # DAGs    # Errors  Last Runtime    Last Run               Last # of DB Queries
--------------------------------  -----  ---------  --------  ----------  --------------  -------------------  ----------------------
/opt/airflow/dags/weather_etl.py                           1           0  0.13s           2026-09-22T02:27:27                      14
================================================================================
[2026-09-22T02:28:03.296+0000] {manager.py:1008} INFO - 
================================================================================
DAG File Processing Stats

File Path                         PID    Runtime      # DAGs    # Errors  Last Runtime    Last Run               Last # of DB Queries
--------------------------------  -----  ---------  --------  ----------  --------------  -------------------  ----------------------
/opt/airflow/dags/weather_etl.py                           1           0  0.20s           2026-09-22T02:27:58                      14
================================================================================
[2026-09-22T02:31:36.518+0000] {manager.py:832} INFO - Searching for files in /opt/airflow/dags
[2026-09-22T02:31:36.527+0000] {manager.py:835} INFO - There are 1 files in /opt/airflow/dags
[2026-09-22T02:31:47.657+0000] {manager.py:1008} INFO - 
================================================================================
DAG File Processing Stats

File Path                         PID    Runtime      # DAGs    # Errors  Last Runtime    Last Run               Last # of DB Queries
--------------------------------  -----  ---------  --------  ----------  --------------  -------------------  ----------------------
/opt/airflow/dags/weather_etl.py                           1           0  0.13s           2026-09-22T02:31:36                      14
================================================================================
[2026-09-22T02:32:28.950+0000] {manager.py:1008} INFO - 
================================================================================
DAG File Processing Stats

File Path                         PID    Runtime      # DAGs    # Errors  Last Runtime    Last Run               Last # of DB Queries
--------------------------------  -----  ---------  --------  ----------  --------------  -------------------  ----------------------
/opt/airflow/dags/weather_etl.py                           1           0  0.11s           2026-09-22T02:32:17                      14
================================================================================
[2026-09-22T02:32:59.343+0000] {manager.py:1008} INFO - 
================================================================================
DAG File Processing Stats

File Path                         PID    Runtime      # DAGs    # Errors  Last Runtime    Last Run               Last # of DB Queries
--------------------------------  -----  ---------  --------  ----------  --------------  -------------------  ----------------------
/opt/airflow/dags/weather_etl.py                           1           0  0.05s           2026-09-22T02:32:48                      14
================================================================================
[2026-09-22T02:33:33.738+0000] {manager.py:1008} INFO - 
================================================================================
DAG File Processing Stats

File Path                         PID    Runtime      # DAGs    # Errors  Last Runtime    Last Run               Last # of DB Queries
--------------------------------  -----  ---------  --------  ----------  --------------  -------------------  ----------------------
/opt/airflow/dags/weather_etl.py                           1           0  0.09s           2026-09-22T02:33:21                      14
================================================================================
[2026-09-22T02:34:29.024+0000] {manager.py:1008} INFO - 
================================================================================
DAG File Processing Stats

File Path                         PID    Runtime      # DAGs    # Errors  Last Runtime    Last Run               Last # of DB Queries
--------------------------------  -----  ---------  --------  ----------  --------------  -------------------  ----------------------
/opt/airflow/dags/weather_etl.py                           1           0  0.09s           2026-09-22T02:34:16                      14
================================================================================
[2026-09-22T02:34:59.441+0000] {manager.py:1008} INFO - 
================================================================================
DAG File Processing Stats

File Path                         PID    Runtime      # DAGs    # Errors  Last Runtime    Last Run               Last # of DB Queries
--------------------------------  -----  ---------  --------  ----------  --------------  -------------------  ----------------------
/opt/airflow/dags/weather_etl.py                           1           0  0.10s           2026-09-22T02:34:47                      14
================================================================================
[2026-09-22T02:35:44.900+0000] {manager.py:1008} INFO - 
================================================================================
DAG File Processing Stats

File Path                         PID    Runtime      # DAGs    # Errors  Last Runtime    Last Run               Last # of DB Queries
--------------------------------  -----  ---------  --------  ----------  --------------  -------------------  ----------------------
/opt/airflow/dags/weather_etl.py                           1           0  0.13s           2026-09-22T02:35:31                      14
================================================================================
[2026-09-22T02:36:16.007+0000] {manager.py:1008} INFO - 
================================================================================
DAG File Processing Stats

File Path                         PID    Runtime      # DAGs    # Errors  Last Runtime    Last Run               Last # of DB Queries
--------------------------------  -----  ---------  --------  ----------  --------------  -------------------  ----------------------
/opt/airflow/dags/weather_etl.py                           1           0  0.08s           2026-09-22T02:36:02                      14
================================================================================
[2026-09-22T02:36:37.280+0000] {manager.py:832} INFO - Searching for files in /opt/airflow/dags
[2026-09-22T02:36:37.288+0000] {manager.py:835} INFO - There are 1 files in /opt/airflow/dags
[2026-09-22T02:36:46.424+0000] {manager.py:1008} INFO - 
================================================================================
DAG File Processing Stats

File Path                         PID    Runtime      # DAGs    # Errors  Last Runtime    Last Run               Last # of DB Queries
--------------------------------  -----  ---------  --------  ----------  --------------  -------------------  ----------------------
/opt/airflow/dags/weather_etl.py                           1           0  0.07s           2026-09-22T02:36:33                      14
================================================================================
[2026-09-22T02:38:36.715+0000] {manager.py:1008} INFO - 
================================================================================
DAG File Processing Stats

File Path                         PID    Runtime      # DAGs    # Errors  Last Runtime    Last Run               Last # of DB Queries
--------------------------------  -----  ---------  --------  ----------  --------------  -------------------  ----------------------
/opt/airflow/dags/weather_etl.py                           1           0  0.11s           2026-09-22T02:38:22                      14
================================================================================
[2026-09-22T02:39:32.076+0000] {manager.py:1008} INFO - 
================================================================================
DAG File Processing Stats

File Path                         PID    Runtime      # DAGs    # Errors  Last Runtime    Last Run               Last # of DB Queries
--------------------------------  -----  ---------  --------  ----------  --------------  -------------------  ----------------------
/opt/airflow/dags/weather_etl.py                           1           0  0.08s           2026-09-22T02:39:16                      14
================================================================================
[2026-09-22T02:40:02.502+0000] {manager.py:1008} INFO - 
================================================================================
DAG File Processing Stats

File Path                         PID    Runtime      # DAGs    # Errors  Last Runtime    Last Run               Last # of DB Queries
--------------------------------  -----  ---------  --------  ----------  --------------  -------------------  ----------------------
/opt/airflow/dags/weather_etl.py                           1           0  0.09s           2026-09-22T02:39:47                      14
================================================================================
[2026-09-22T02:58:05.780+0000] {manager.py:832} INFO - Searching for files in /opt/airflow/dags
[2026-09-22T02:58:05.786+0000] {manager.py:835} INFO - There are 1 files in /opt/airflow/dags
[2026-09-22T02:58:21.000+0000] {manager.py:1008} INFO - 
================================================================================
DAG File Processing Stats

File Path                         PID    Runtime      # DAGs    # Errors  Last Runtime    Last Run               Last # of DB Queries
--------------------------------  -----  ---------  --------  ----------  --------------  -------------------  ----------------------
/opt/airflow/dags/weather_etl.py                           1           0  0.07s           2026-09-22T02:58:05                      14
================================================================================
[2026-09-22T03:04:52.201+0000] {manager.py:832} INFO - Searching for files in /opt/airflow/dags
[2026-09-22T03:04:52.208+0000] {manager.py:835} INFO - There are 1 files in /opt/airflow/dags
[2026-09-22T03:05:08.467+0000] {manager.py:1008} INFO - 
================================================================================
DAG File Processing Stats

File Path                         PID    Runtime      # DAGs    # Errors  Last Runtime    Last Run               Last # of DB Queries
--------------------------------  -----  ---------  --------  ----------  --------------  -------------------  ----------------------
/opt/airflow/dags/weather_etl.py                           1           0  0.12s           2026-09-22T03:04:52                      14
================================================================================
[2026-09-22T03:08:13.471+0000] {manager.py:1008} INFO - 
================================================================================
DAG File Processing Stats

File Path                         PID    Runtime      # DAGs    # Errors  Last Runtime    Last Run               Last # of DB Queries
--------------------------------  -----  ---------  --------  ----------  --------------  -------------------  ----------------------
/opt/airflow/dags/weather_etl.py                           1           0  0.17s           2026-09-22T03:07:57                      14
================================================================================
[2026-09-22T03:08:44.224+0000] {manager.py:1008} INFO - 
================================================================================
DAG File Processing Stats

File Path                         PID    Runtime      # DAGs    # Errors  Last Runtime    Last Run               Last # of DB Queries
--------------------------------  -----  ---------  --------  ----------  --------------  -------------------  ----------------------
/opt/airflow/dags/weather_etl.py                           1           0  0.12s           2026-09-22T03:08:27                      14
================================================================================
[2026-09-22T03:09:14.740+0000] {manager.py:1008} INFO - 
================================================================================
DAG File Processing Stats

File Path                         PID    Runtime      # DAGs    # Errors  Last Runtime    Last Run               Last # of DB Queries
--------------------------------  -----  ---------  --------  ----------  --------------  -------------------  ----------------------
/opt/airflow/dags/weather_etl.py                           1           0  0.07s           2026-09-22T03:08:58                      14
================================================================================
[2026-09-22T03:13:19.496+0000] {manager.py:832} INFO - Searching for files in /opt/airflow/dags
[2026-09-22T03:13:19.510+0000] {manager.py:835} INFO - There are 1 files in /opt/airflow/dags
[2026-09-22T03:13:36.769+0000] {manager.py:1008} INFO - 
================================================================================
DAG File Processing Stats

File Path                         PID    Runtime      # DAGs    # Errors  Last Runtime    Last Run               Last # of DB Queries
--------------------------------  -----  ---------  --------  ----------  --------------  -------------------  ----------------------
/opt/airflow/dags/weather_etl.py                           1           0  0.23s           2026-09-22T03:13:19                      14
================================================================================
[2026-09-22T03:14:07.837+0000] {manager.py:1008} INFO - 
================================================================================
DAG File Processing Stats

File Path                         PID    Runtime      # DAGs    # Errors  Last Runtime    Last Run               Last # of DB Queries
--------------------------------  -----  ---------  --------  ----------  --------------  -------------------  ----------------------
/opt/airflow/dags/weather_etl.py                           1           0  0.14s           2026-09-22T03:13:50                      14
================================================================================
[2026-09-22T03:14:38.276+0000] {manager.py:1008} INFO - 
================================================================================
DAG File Processing Stats

File Path                         PID    Runtime      # DAGs    # Errors  Last Runtime    Last Run               Last # of DB Queries
--------------------------------  -----  ---------  --------  ----------  --------------  -------------------  ----------------------
/opt/airflow/dags/weather_etl.py                           1           0  0.11s           2026-09-22T03:14:21                      14
================================================================================
[2026-09-22T03:15:08.670+0000] {manager.py:1008} INFO - 
================================================================================
DAG File Processing Stats

File Path                         PID    Runtime      # DAGs    # Errors  Last Runtime    Last Run               Last # of DB Queries
--------------------------------  -----  ---------  --------  ----------  --------------  -------------------  ----------------------
/opt/airflow/dags/weather_etl.py                           1           0  0.12s           2026-09-22T03:14:51                      14
================================================================================
[2026-09-22T03:15:39.053+0000] {manager.py:1008} INFO - 
================================================================================
DAG File Processing Stats

File Path                         PID    Runtime      # DAGs    # Errors  Last Runtime    Last Run               Last # of DB Queries
--------------------------------  -----  ---------  --------  ----------  --------------  -------------------  ----------------------
/opt/airflow/dags/weather_etl.py                           1           0  0.10s           2026-09-22T03:15:21                      14
================================================================================
[2026-09-22T03:16:09.428+0000] {manager.py:1008} INFO - 
================================================================================
DAG File Processing Stats

File Path                         PID    Runtime      # DAGs    # Errors  Last Runtime    Last Run               Last # of DB Queries
--------------------------------  -----  ---------  --------  ----------  --------------  -------------------  ----------------------
/opt/airflow/dags/weather_etl.py                           1           0  0.08s           2026-09-22T03:15:52                      14
================================================================================
[2026-09-22T03:16:39.768+0000] {manager.py:1008} INFO - 
================================================================================
DAG File Processing Stats

File Path                         PID    Runtime      # DAGs    # Errors  Last Runtime    Last Run               Last # of DB Queries
--------------------------------  -----  ---------  --------  ----------  --------------  -------------------  ----------------------
/opt/airflow/dags/weather_etl.py                           1           0  0.07s           2026-09-22T03:16:22                      14
================================================================================
[2026-09-22T03:17:10.102+0000] {manager.py:1008} INFO - 
================================================================================
DAG File Processing Stats

File Path                         PID    Runtime      # DAGs    # Errors  Last Runtime    Last Run               Last # of DB Queries
--------------------------------  -----  ---------  --------  ----------  --------------  -------------------  ----------------------
/opt/airflow/dags/weather_etl.py                           1           0  0.07s           2026-09-22T03:16:52                      14
================================================================================
[2026-09-22T03:17:40.426+0000] {manager.py:1008} INFO - 
================================================================================
DAG File Processing Stats

File Path                         PID    Runtime      # DAGs    # Errors  Last Runtime    Last Run               Last # of DB Queries
--------------------------------  -----  ---------  --------  ----------  --------------  -------------------  ----------------------
/opt/airflow/dags/weather_etl.py                           1           0  0.09s           2026-09-22T03:17:23                      14
================================================================================
[2026-09-22T03:18:10.801+0000] {manager.py:1008} INFO - 
================================================================================
DAG File Processing Stats

File Path                         PID    Runtime      # DAGs    # Errors  Last Runtime    Last Run               Last # of DB Queries
--------------------------------  -----  ---------  --------  ----------  --------------  -------------------  ----------------------
/opt/airflow/dags/weather_etl.py                           1           0  0.07s           2026-09-22T03:17:53                      14
================================================================================
[2026-09-22T03:18:19.905+0000] {manager.py:832} INFO - Searching for files in /opt/airflow/dags
[2026-09-22T03:18:19.910+0000] {manager.py:835} INFO - There are 1 files in /opt/airflow/dags
[2026-09-22T03:18:41.191+0000] {manager.py:1008} INFO - 
================================================================================
DAG File Processing Stats

File Path                         PID    Runtime      # DAGs    # Errors  Last Runtime    Last Run               Last # of DB Queries
--------------------------------  -----  ---------  --------  ----------  --------------  -------------------  ----------------------
/opt/airflow/dags/weather_etl.py                           1           0  0.08s           2026-09-22T03:18:24                      14
================================================================================
[2026-09-22T03:19:11.574+0000] {manager.py:1008} INFO - 
================================================================================
DAG File Processing Stats

File Path                         PID    Runtime      # DAGs    # Errors  Last Runtime    Last Run               Last # of DB Queries
--------------------------------  -----  ---------  --------  ----------  --------------  -------------------  ----------------------
/opt/airflow/dags/weather_etl.py                           1           0  0.10s           2026-09-22T03:18:54                      14
================================================================================
[2026-09-22T03:19:41.928+0000] {manager.py:1008} INFO - 
================================================================================
DAG File Processing Stats

File Path                         PID    Runtime      # DAGs    # Errors  Last Runtime    Last Run               Last # of DB Queries
--------------------------------  -----  ---------  --------  ----------  --------------  -------------------  ----------------------
/opt/airflow/dags/weather_etl.py                           1           0  0.08s           2026-09-22T03:19:24                      14
================================================================================
[2026-09-22T03:20:12.284+0000] {manager.py:1008} INFO - 
================================================================================
DAG File Processing Stats

File Path                         PID    Runtime      # DAGs    # Errors  Last Runtime    Last Run               Last # of DB Queries
--------------------------------  -----  ---------  --------  ----------  --------------  -------------------  ----------------------
/opt/airflow/dags/weather_etl.py                           1           0  0.08s           2026-09-22T03:19:55                      14
================================================================================
[2026-09-22T03:20:42.670+0000] {manager.py:1008} INFO - 
================================================================================
DAG File Processing Stats

File Path                         PID    Runtime      # DAGs    # Errors  Last Runtime    Last Run               Last # of DB Queries
--------------------------------  -----  ---------  --------  ----------  --------------  -------------------  ----------------------
/opt/airflow/dags/weather_etl.py                           1           0  0.11s           2026-09-22T03:20:25                      14
================================================================================
[2026-09-22T03:21:13.039+0000] {manager.py:1008} INFO - 
================================================================================
DAG File Processing Stats

File Path                         PID    Runtime      # DAGs    # Errors  Last Runtime    Last Run               Last # of DB Queries
--------------------------------  -----  ---------  --------  ----------  --------------  -------------------  ----------------------
/opt/airflow/dags/weather_etl.py                           1           0  0.07s           2026-09-22T03:20:55                      14
================================================================================
[2026-09-22T03:21:43.398+0000] {manager.py:1008} INFO - 
================================================================================
DAG File Processing Stats

File Path                         PID    Runtime      # DAGs    # Errors  Last Runtime    Last Run               Last # of DB Queries
--------------------------------  -----  ---------  --------  ----------  --------------  -------------------  ----------------------
/opt/airflow/dags/weather_etl.py                           1           0  0.08s           2026-09-22T03:21:26                      14
================================================================================
[2026-09-22T03:22:13.819+0000] {manager.py:1008} INFO - 
================================================================================
DAG File Processing Stats

File Path                         PID    Runtime      # DAGs    # Errors  Last Runtime    Last Run               Last # of DB Queries
--------------------------------  -----  ---------  --------  ----------  --------------  -------------------  ----------------------
/opt/airflow/dags/weather_etl.py                           1           0  0.09s           2026-09-22T03:21:56                      14
================================================================================
[2026-09-22T03:22:44.338+0000] {manager.py:1008} INFO - 
================================================================================
DAG File Processing Stats

File Path                         PID    Runtime      # DAGs    # Errors  Last Runtime    Last Run               Last # of DB Queries
--------------------------------  -----  ---------  --------  ----------  --------------  -------------------  ----------------------
/opt/airflow/dags/weather_etl.py                           1           0  0.12s           2026-09-22T03:22:27                      14
================================================================================
[2026-09-22T03:23:14.758+0000] {manager.py:1008} INFO - 
================================================================================
DAG File Processing Stats

File Path                         PID    Runtime      # DAGs    # Errors  Last Runtime    Last Run               Last # of DB Queries
--------------------------------  -----  ---------  --------  ----------  --------------  -------------------  ----------------------
/opt/airflow/dags/weather_etl.py                           1           0  0.07s           2026-09-22T03:22:57                      14
================================================================================
[2026-09-22T03:23:20.836+0000] {manager.py:832} INFO - Searching for files in /opt/airflow/dags
[2026-09-22T03:23:20.845+0000] {manager.py:835} INFO - There are 1 files in /opt/airflow/dags
[2026-09-22T03:23:45.226+0000] {manager.py:1008} INFO - 
================================================================================
DAG File Processing Stats

File Path                         PID    Runtime      # DAGs    # Errors  Last Runtime    Last Run               Last # of DB Queries
--------------------------------  -----  ---------  --------  ----------  --------------  -------------------  ----------------------
/opt/airflow/dags/weather_etl.py                           1           0  0.10s           2026-09-22T03:23:28                      14
================================================================================
[2026-09-22T03:24:15.680+0000] {manager.py:1008} INFO - 
================================================================================
DAG File Processing Stats

File Path                         PID    Runtime      # DAGs    # Errors  Last Runtime    Last Run               Last # of DB Queries
--------------------------------  -----  ---------  --------  ----------  --------------  -------------------  ----------------------
/opt/airflow/dags/weather_etl.py                           1           0  0.09s           2026-09-22T03:23:58                      14
================================================================================
[2026-09-22T03:24:46.148+0000] {manager.py:1008} INFO - 
================================================================================
DAG File Processing Stats

File Path                         PID    Runtime      # DAGs    # Errors  Last Runtime    Last Run               Last # of DB Queries
--------------------------------  -----  ---------  --------  ----------  --------------  -------------------  ----------------------
/opt/airflow/dags/weather_etl.py                           1           0  0.10s           2026-09-22T03:24:28                      14
================================================================================
[2026-09-22T03:25:16.652+0000] {manager.py:1008} INFO - 
================================================================================
DAG File Processing Stats

File Path                         PID    Runtime      # DAGs    # Errors  Last Runtime    Last Run               Last # of DB Queries
--------------------------------  -----  ---------  --------  ----------  --------------  -------------------  ----------------------
/opt/airflow/dags/weather_etl.py                           1           0  0.08s           2026-09-22T03:24:59                      14
================================================================================
[2026-09-22T03:25:47.140+0000] {manager.py:1008} INFO - 
================================================================================
DAG File Processing Stats

File Path                         PID    Runtime      # DAGs    # Errors  Last Runtime    Last Run               Last # of DB Queries
--------------------------------  -----  ---------  --------  ----------  --------------  -------------------  ----------------------
/opt/airflow/dags/weather_etl.py                           1           0  0.08s           2026-09-22T03:25:29                      14
================================================================================
[2026-09-22T03:26:17.626+0000] {manager.py:1008} INFO - 
================================================================================
DAG File Processing Stats

File Path                         PID    Runtime      # DAGs    # Errors  Last Runtime    Last Run               Last # of DB Queries
--------------------------------  -----  ---------  --------  ----------  --------------  -------------------  ----------------------
/opt/airflow/dags/weather_etl.py                           1           0  0.16s           2026-09-22T03:26:00                      14
================================================================================
[2026-09-22T03:26:48.013+0000] {manager.py:1008} INFO - 
================================================================================
DAG File Processing Stats

File Path                         PID    Runtime      # DAGs    # Errors  Last Runtime    Last Run               Last # of DB Queries
--------------------------------  -----  ---------  --------  ----------  --------------  -------------------  ----------------------
/opt/airflow/dags/weather_etl.py                           1           0  0.14s           2026-09-22T03:26:30                      14
================================================================================
[2026-09-22T03:27:18.365+0000] {manager.py:1008} INFO - 
================================================================================
DAG File Processing Stats

File Path                         PID    Runtime      # DAGs    # Errors  Last Runtime    Last Run               Last # of DB Queries
--------------------------------  -----  ---------  --------  ----------  --------------  -------------------  ----------------------
/opt/airflow/dags/weather_etl.py                           1           0  0.06s           2026-09-22T03:27:01                      14
================================================================================
[2026-09-22T03:27:48.722+0000] {manager.py:1008} INFO - 
================================================================================
DAG File Processing Stats

File Path                         PID    Runtime      # DAGs    # Errors  Last Runtime    Last Run               Last # of DB Queries
--------------------------------  -----  ---------  --------  ----------  --------------  -------------------  ----------------------
/opt/airflow/dags/weather_etl.py                           1           0  0.07s           2026-09-22T03:27:31                      14
================================================================================
[2026-09-22T03:28:19.098+0000] {manager.py:1008} INFO - 
================================================================================
DAG File Processing Stats

File Path                         PID    Runtime      # DAGs    # Errors  Last Runtime    Last Run               Last # of DB Queries
--------------------------------  -----  ---------  --------  ----------  --------------  -------------------  ----------------------
/opt/airflow/dags/weather_etl.py                           1           0  0.09s           2026-09-22T03:28:01                      14
================================================================================
[2026-09-22T03:28:21.115+0000] {manager.py:832} INFO - Searching for files in /opt/airflow/dags
[2026-09-22T03:28:21.126+0000] {manager.py:835} INFO - There are 1 files in /opt/airflow/dags
[2026-09-22T03:28:49.490+0000] {manager.py:1008} INFO - 
================================================================================
DAG File Processing Stats

File Path                         PID    Runtime      # DAGs    # Errors  Last Runtime    Last Run               Last # of DB Queries
--------------------------------  -----  ---------  --------  ----------  --------------  -------------------  ----------------------
/opt/airflow/dags/weather_etl.py                           1           0  0.07s           2026-09-22T03:28:32                      14
================================================================================
[2026-09-22T03:29:19.855+0000] {manager.py:1008} INFO - 
================================================================================
DAG File Processing Stats

File Path                         PID    Runtime      # DAGs    # Errors  Last Runtime    Last Run               Last # of DB Queries
--------------------------------  -----  ---------  --------  ----------  --------------  -------------------  ----------------------
/opt/airflow/dags/weather_etl.py                           1           0  0.08s           2026-09-22T03:29:02                      14
================================================================================
[2026-09-22T03:29:50.211+0000] {manager.py:1008} INFO - 
================================================================================
DAG File Processing Stats

File Path                         PID    Runtime      # DAGs    # Errors  Last Runtime    Last Run               Last # of DB Queries
--------------------------------  -----  ---------  --------  ----------  --------------  -------------------  ----------------------
/opt/airflow/dags/weather_etl.py                           1           0  0.07s           2026-09-22T03:29:33                      14
================================================================================
[2026-09-22T03:30:20.546+0000] {manager.py:1008} INFO - 
================================================================================
DAG File Processing Stats

File Path                         PID    Runtime      # DAGs    # Errors  Last Runtime    Last Run               Last # of DB Queries
--------------------------------  -----  ---------  --------  ----------  --------------  -------------------  ----------------------
/opt/airflow/dags/weather_etl.py                           1           0  0.07s           2026-09-22T03:30:03                      14
================================================================================
[2026-09-22T03:30:50.912+0000] {manager.py:1008} INFO - 
================================================================================
DAG File Processing Stats

File Path                         PID    Runtime      # DAGs    # Errors  Last Runtime    Last Run               Last # of DB Queries
--------------------------------  -----  ---------  --------  ----------  --------------  -------------------  ----------------------
/opt/airflow/dags/weather_etl.py                           1           0  0.08s           2026-09-22T03:30:33                      14
================================================================================
[2026-09-22T03:31:21.273+0000] {manager.py:1008} INFO - 
================================================================================
DAG File Processing Stats

File Path                         PID    Runtime      # DAGs    # Errors  Last Runtime    Last Run               Last # of DB Queries
--------------------------------  -----  ---------  --------  ----------  --------------  -------------------  ----------------------
/opt/airflow/dags/weather_etl.py                           1           0  0.07s           2026-09-22T03:31:04                      14
================================================================================
[2026-09-22T03:31:51.620+0000] {manager.py:1008} INFO - 
================================================================================
DAG File Processing Stats

File Path                         PID    Runtime      # DAGs    # Errors  Last Runtime    Last Run               Last # of DB Queries
--------------------------------  -----  ---------  --------  ----------  --------------  -------------------  ----------------------
/opt/airflow/dags/weather_etl.py                           1           0  0.07s           2026-09-22T03:31:34                      14
================================================================================
[2026-09-22T03:32:22.110+0000] {manager.py:1008} INFO - 
================================================================================
DAG File Processing Stats

File Path                         PID    Runtime      # DAGs    # Errors  Last Runtime    Last Run               Last # of DB Queries
--------------------------------  -----  ---------  --------  ----------  --------------  -------------------  ----------------------
/opt/airflow/dags/weather_etl.py                           1           0  0.07s           2026-09-22T03:32:04                      14
================================================================================
[2026-09-22T03:32:52.556+0000] {manager.py:1008} INFO - 
================================================================================
DAG File Processing Stats

File Path                         PID    Runtime      # DAGs    # Errors  Last Runtime    Last Run               Last # of DB Queries
--------------------------------  -----  ---------  --------  ----------  --------------  -------------------  ----------------------
/opt/airflow/dags/weather_etl.py                           1           0  0.11s           2026-09-22T03:32:35                      14
================================================================================
[2026-09-22T03:50:51.720+0000] {manager.py:832} INFO - Searching for files in /opt/airflow/dags
[2026-09-22T03:50:51.732+0000] {manager.py:835} INFO - There are 1 files in /opt/airflow/dags
[2026-09-22T03:50:53.853+0000] {manager.py:1008} INFO - 
================================================================================
DAG File Processing Stats

File Path                         PID    Runtime      # DAGs    # Errors  Last Runtime    Last Run               Last # of DB Queries
--------------------------------  -----  ---------  --------  ----------  --------------  -------------------  ----------------------
/opt/airflow/dags/weather_etl.py                           1           0  0.11s           2026-09-22T03:50:51                      14
================================================================================
[2026-09-22T03:51:24.213+0000] {manager.py:1008} INFO - 
================================================================================
DAG File Processing Stats

File Path                         PID    Runtime      # DAGs    # Errors  Last Runtime    Last Run               Last # of DB Queries
--------------------------------  -----  ---------  --------  ----------  --------------  -------------------  ----------------------
/opt/airflow/dags/weather_etl.py                           1           0  0.07s           2026-09-22T03:51:22                      14
================================================================================
[2026-09-22T03:51:54.623+0000] {manager.py:1008} INFO - 
================================================================================
DAG File Processing Stats

File Path                         PID    Runtime      # DAGs    # Errors  Last Runtime    Last Run               Last # of DB Queries
--------------------------------  -----  ---------  --------  ----------  --------------  -------------------  ----------------------
/opt/airflow/dags/weather_etl.py                           1           0  0.07s           2026-09-22T03:51:52                      14
================================================================================
[2026-09-22T03:52:25.048+0000] {manager.py:1008} INFO - 
================================================================================
DAG File Processing Stats

File Path                         PID    Runtime      # DAGs    # Errors  Last Runtime    Last Run               Last # of DB Queries
--------------------------------  -----  ---------  --------  ----------  --------------  -------------------  ----------------------
/opt/airflow/dags/weather_etl.py                           1           0  0.10s           2026-09-22T03:52:23                      14
================================================================================
[2026-09-22T03:52:55.520+0000] {manager.py:1008} INFO - 
================================================================================
DAG File Processing Stats

File Path                         PID    Runtime      # DAGs    # Errors  Last Runtime    Last Run               Last # of DB Queries
--------------------------------  -----  ---------  --------  ----------  --------------  -------------------  ----------------------
/opt/airflow/dags/weather_etl.py                           1           0  0.08s           2026-09-22T03:52:53                      14
================================================================================
[2026-09-22T03:53:25.939+0000] {manager.py:1008} INFO - 
================================================================================
DAG File Processing Stats

File Path                         PID    Runtime      # DAGs    # Errors  Last Runtime    Last Run               Last # of DB Queries
--------------------------------  -----  ---------  --------  ----------  --------------  -------------------  ----------------------
/opt/airflow/dags/weather_etl.py                           1           0  0.09s           2026-09-22T03:53:23                      14
================================================================================
[2026-09-22T03:53:56.425+0000] {manager.py:1008} INFO - 
================================================================================
DAG File Processing Stats

File Path                         PID    Runtime      # DAGs    # Errors  Last Runtime    Last Run               Last # of DB Queries
--------------------------------  -----  ---------  --------  ----------  --------------  -------------------  ----------------------
/opt/airflow/dags/weather_etl.py                           1           0  0.10s           2026-09-22T03:53:54                      14
================================================================================
[2026-09-22T03:54:26.770+0000] {manager.py:1008} INFO - 
================================================================================
DAG File Processing Stats

File Path                         PID    Runtime      # DAGs    # Errors  Last Runtime    Last Run               Last # of DB Queries
--------------------------------  -----  ---------  --------  ----------  --------------  -------------------  ----------------------
/opt/airflow/dags/weather_etl.py                           1           0  0.09s           2026-09-22T03:54:24                      14
================================================================================
[2026-09-22T03:54:57.264+0000] {manager.py:1008} INFO - 
================================================================================
DAG File Processing Stats

File Path                         PID    Runtime      # DAGs    # Errors  Last Runtime    Last Run               Last # of DB Queries
--------------------------------  -----  ---------  --------  ----------  --------------  -------------------  ----------------------
/opt/airflow/dags/weather_etl.py                           1           0  0.16s           2026-09-22T03:54:55                      14
================================================================================
[2026-09-22T03:55:27.652+0000] {manager.py:1008} INFO - 
================================================================================
DAG File Processing Stats

File Path                         PID    Runtime      # DAGs    # Errors  Last Runtime    Last Run               Last # of DB Queries
--------------------------------  -----  ---------  --------  ----------  --------------  -------------------  ----------------------
/opt/airflow/dags/weather_etl.py                           1           0  0.07s           2026-09-22T03:55:25                      14
================================================================================
[2026-09-22T03:55:51.921+0000] {manager.py:832} INFO - Searching for files in /opt/airflow/dags
[2026-09-22T03:55:51.937+0000] {manager.py:835} INFO - There are 1 files in /opt/airflow/dags
[2026-09-22T03:55:58.063+0000] {manager.py:1008} INFO - 
================================================================================
DAG File Processing Stats

File Path                         PID    Runtime      # DAGs    # Errors  Last Runtime    Last Run               Last # of DB Queries
--------------------------------  -----  ---------  --------  ----------  --------------  -------------------  ----------------------
/opt/airflow/dags/weather_etl.py                           1           0  0.11s           2026-09-22T03:55:56                      14
================================================================================
[2026-09-22T03:56:28.471+0000] {manager.py:1008} INFO - 
================================================================================
DAG File Processing Stats

File Path                         PID    Runtime      # DAGs    # Errors  Last Runtime    Last Run               Last # of DB Queries
--------------------------------  -----  ---------  --------  ----------  --------------  -------------------  ----------------------
/opt/airflow/dags/weather_etl.py                           1           0  0.08s           2026-09-22T03:56:26                      14
================================================================================
[2026-09-22T03:56:58.879+0000] {manager.py:1008} INFO - 
================================================================================
DAG File Processing Stats

File Path                         PID    Runtime      # DAGs    # Errors  Last Runtime    Last Run               Last # of DB Queries
--------------------------------  -----  ---------  --------  ----------  --------------  -------------------  ----------------------
/opt/airflow/dags/weather_etl.py                           1           0  0.11s           2026-09-22T03:56:56                      14
================================================================================
[2026-09-22T03:57:29.278+0000] {manager.py:1008} INFO - 
================================================================================
DAG File Processing Stats

File Path                         PID    Runtime      # DAGs    # Errors  Last Runtime    Last Run               Last # of DB Queries
--------------------------------  -----  ---------  --------  ----------  --------------  -------------------  ----------------------
/opt/airflow/dags/weather_etl.py                           1           0  0.08s           2026-09-22T03:57:27                      14
================================================================================
[2026-09-22T03:57:59.636+0000] {manager.py:1008} INFO - 
================================================================================
DAG File Processing Stats

File Path                         PID    Runtime      # DAGs    # Errors  Last Runtime    Last Run               Last # of DB Queries
--------------------------------  -----  ---------  --------  ----------  --------------  -------------------  ----------------------
/opt/airflow/dags/weather_etl.py                           1           0  0.07s           2026-09-22T03:57:57                      14
================================================================================
[2026-09-22T03:58:30.093+0000] {manager.py:1008} INFO - 
================================================================================
DAG File Processing Stats

File Path                         PID    Runtime      # DAGs    # Errors  Last Runtime    Last Run               Last # of DB Queries
--------------------------------  -----  ---------  --------  ----------  --------------  -------------------  ----------------------
/opt/airflow/dags/weather_etl.py                           1           0  0.08s           2026-09-22T03:58:28                      14
================================================================================
[2026-09-22T03:59:00.498+0000] {manager.py:1008} INFO - 
================================================================================
DAG File Processing Stats

File Path                         PID    Runtime      # DAGs    # Errors  Last Runtime    Last Run               Last # of DB Queries
--------------------------------  -----  ---------  --------  ----------  --------------  -------------------  ----------------------
/opt/airflow/dags/weather_etl.py                           1           0  0.09s           2026-09-22T03:58:58                      14
================================================================================
[2026-09-22T03:59:30.926+0000] {manager.py:1008} INFO - 
================================================================================
DAG File Processing Stats

File Path                         PID    Runtime      # DAGs    # Errors  Last Runtime    Last Run               Last # of DB Queries
--------------------------------  -----  ---------  --------  ----------  --------------  -------------------  ----------------------
/opt/airflow/dags/weather_etl.py                           1           0  0.07s           2026-09-22T03:59:28                      14
================================================================================
[2026-09-22T04:00:01.361+0000] {manager.py:1008} INFO - 
================================================================================
DAG File Processing Stats

File Path                         PID    Runtime      # DAGs    # Errors  Last Runtime    Last Run               Last # of DB Queries
--------------------------------  -----  ---------  --------  ----------  --------------  -------------------  ----------------------
/opt/airflow/dags/weather_etl.py                           1           0  0.09s           2026-09-22T03:59:59                      14
================================================================================
[2026-09-22T04:00:31.809+0000] {manager.py:1008} INFO - 
================================================================================
DAG File Processing Stats

File Path                         PID    Runtime      # DAGs    # Errors  Last Runtime    Last Run               Last # of DB Queries
--------------------------------  -----  ---------  --------  ----------  --------------  -------------------  ----------------------
/opt/airflow/dags/weather_etl.py                           1           0  0.07s           2026-09-22T04:00:29                      14
================================================================================
[2026-09-22T04:00:52.021+0000] {manager.py:832} INFO - Searching for files in /opt/airflow/dags
[2026-09-22T04:00:52.031+0000] {manager.py:835} INFO - There are 1 files in /opt/airflow/dags
[2026-09-22T04:01:02.203+0000] {manager.py:1008} INFO - 
================================================================================
DAG File Processing Stats

File Path                         PID    Runtime      # DAGs    # Errors  Last Runtime    Last Run               Last # of DB Queries
--------------------------------  -----  ---------  --------  ----------  --------------  -------------------  ----------------------
/opt/airflow/dags/weather_etl.py                           1           0  0.07s           2026-09-22T04:01:00                      14
================================================================================
[2026-09-22T04:01:32.614+0000] {manager.py:1008} INFO - 
================================================================================
DAG File Processing Stats

File Path                         PID    Runtime      # DAGs    # Errors  Last Runtime    Last Run               Last # of DB Queries
--------------------------------  -----  ---------  --------  ----------  --------------  -------------------  ----------------------
/opt/airflow/dags/weather_etl.py                           1           0  0.08s           2026-09-22T04:01:30                      14
================================================================================
[2026-09-22T04:02:03.074+0000] {manager.py:1008} INFO - 
================================================================================
DAG File Processing Stats

File Path                         PID    Runtime      # DAGs    # Errors  Last Runtime    Last Run               Last # of DB Queries
--------------------------------  -----  ---------  --------  ----------  --------------  -------------------  ----------------------
/opt/airflow/dags/weather_etl.py                           1           0  0.14s           2026-09-22T04:02:01                      14
================================================================================
[2026-09-22T04:02:33.493+0000] {manager.py:1008} INFO - 
================================================================================
DAG File Processing Stats

File Path                         PID    Runtime      # DAGs    # Errors  Last Runtime    Last Run               Last # of DB Queries
--------------------------------  -----  ---------  --------  ----------  --------------  -------------------  ----------------------
/opt/airflow/dags/weather_etl.py                           1           0  0.08s           2026-09-22T04:02:31                      14
================================================================================
[2026-09-22T04:03:03.856+0000] {manager.py:1008} INFO - 
================================================================================
DAG File Processing Stats

File Path                         PID    Runtime      # DAGs    # Errors  Last Runtime    Last Run               Last # of DB Queries
--------------------------------  -----  ---------  --------  ----------  --------------  -------------------  ----------------------
/opt/airflow/dags/weather_etl.py                           1           0  0.08s           2026-09-22T04:03:01                      14
================================================================================
[2026-09-22T04:03:34.284+0000] {manager.py:1008} INFO - 
================================================================================
DAG File Processing Stats

File Path                         PID    Runtime      # DAGs    # Errors  Last Runtime    Last Run               Last # of DB Queries
--------------------------------  -----  ---------  --------  ----------  --------------  -------------------  ----------------------
/opt/airflow/dags/weather_etl.py                           1           0  0.08s           2026-09-22T04:03:32                      14
================================================================================
[2026-09-22T04:04:04.644+0000] {manager.py:1008} INFO - 
================================================================================
DAG File Processing Stats

File Path                         PID    Runtime      # DAGs    # Errors  Last Runtime    Last Run               Last # of DB Queries
--------------------------------  -----  ---------  --------  ----------  --------------  -------------------  ----------------------
/opt/airflow/dags/weather_etl.py                           1           0  0.10s           2026-09-22T04:04:02                      14
================================================================================
[2026-09-22T04:04:35.068+0000] {manager.py:1008} INFO - 
================================================================================
DAG File Processing Stats

File Path                         PID    Runtime      # DAGs    # Errors  Last Runtime    Last Run               Last # of DB Queries
--------------------------------  -----  ---------  --------  ----------  --------------  -------------------  ----------------------
/opt/airflow/dags/weather_etl.py                           1           0  0.10s           2026-09-22T04:04:33                      14
================================================================================
[2026-09-22T04:05:05.467+0000] {manager.py:1008} INFO - 
================================================================================
DAG File Processing Stats

File Path                         PID    Runtime      # DAGs    # Errors  Last Runtime    Last Run               Last # of DB Queries
--------------------------------  -----  ---------  --------  ----------  --------------  -------------------  ----------------------
/opt/airflow/dags/weather_etl.py                           1           0  0.08s           2026-09-22T04:05:03                      14
================================================================================
[2026-09-22T04:05:35.915+0000] {manager.py:1008} INFO - 
================================================================================
DAG File Processing Stats

File Path                         PID    Runtime      # DAGs    # Errors  Last Runtime    Last Run               Last # of DB Queries
--------------------------------  -----  ---------  --------  ----------  --------------  -------------------  ----------------------
/opt/airflow/dags/weather_etl.py                           1           0  0.08s           2026-09-22T04:05:33                      14
================================================================================
[2026-09-22T04:05:52.132+0000] {manager.py:832} INFO - Searching for files in /opt/airflow/dags
[2026-09-22T04:05:52.143+0000] {manager.py:835} INFO - There are 1 files in /opt/airflow/dags
[2026-09-22T04:06:06.374+0000] {manager.py:1008} INFO - 
================================================================================
DAG File Processing Stats

File Path                         PID    Runtime      # DAGs    # Errors  Last Runtime    Last Run               Last # of DB Queries
--------------------------------  -----  ---------  --------  ----------  --------------  -------------------  ----------------------
/opt/airflow/dags/weather_etl.py                           1           0  0.10s           2026-09-22T04:06:04                      14
================================================================================
[2026-09-22T04:06:36.822+0000] {manager.py:1008} INFO - 
================================================================================
DAG File Processing Stats

File Path                         PID    Runtime      # DAGs    # Errors  Last Runtime    Last Run               Last # of DB Queries
--------------------------------  -----  ---------  --------  ----------  --------------  -------------------  ----------------------
/opt/airflow/dags/weather_etl.py                           1           0  0.09s           2026-09-22T04:06:34                      14
================================================================================
[2026-09-22T04:07:07.298+0000] {manager.py:1008} INFO - 
================================================================================
DAG File Processing Stats

File Path                         PID    Runtime      # DAGs    # Errors  Last Runtime    Last Run               Last # of DB Queries
--------------------------------  -----  ---------  --------  ----------  --------------  -------------------  ----------------------
/opt/airflow/dags/weather_etl.py                           1           0  0.10s           2026-09-22T04:07:05                      14
================================================================================
[2026-09-22T04:07:37.750+0000] {manager.py:1008} INFO - 
================================================================================
DAG File Processing Stats

File Path                         PID    Runtime      # DAGs    # Errors  Last Runtime    Last Run               Last # of DB Queries
--------------------------------  -----  ---------  --------  ----------  --------------  -------------------  ----------------------
/opt/airflow/dags/weather_etl.py                           1           0  0.09s           2026-09-22T04:07:35                      14
================================================================================
[2026-09-22T04:08:08.215+0000] {manager.py:1008} INFO - 
================================================================================
DAG File Processing Stats

File Path                         PID    Runtime      # DAGs    # Errors  Last Runtime    Last Run               Last # of DB Queries
--------------------------------  -----  ---------  --------  ----------  --------------  -------------------  ----------------------
/opt/airflow/dags/weather_etl.py                           1           0  0.08s           2026-09-22T04:08:06                      14
================================================================================
[2026-09-22T04:08:38.647+0000] {manager.py:1008} INFO - 
================================================================================
DAG File Processing Stats

File Path                         PID    Runtime      # DAGs    # Errors  Last Runtime    Last Run               Last # of DB Queries
--------------------------------  -----  ---------  --------  ----------  --------------  -------------------  ----------------------
/opt/airflow/dags/weather_etl.py                           1           0  0.08s           2026-09-22T04:08:36                      14
================================================================================
[2026-09-22T04:09:09.072+0000] {manager.py:1008} INFO - 
================================================================================
DAG File Processing Stats

File Path                         PID    Runtime      # DAGs    # Errors  Last Runtime    Last Run               Last # of DB Queries
--------------------------------  -----  ---------  --------  ----------  --------------  -------------------  ----------------------
/opt/airflow/dags/weather_etl.py                           1           0  0.08s           2026-09-22T04:09:07                      14
================================================================================
[2026-09-22T04:09:39.531+0000] {manager.py:1008} INFO - 
================================================================================
DAG File Processing Stats

File Path                         PID    Runtime      # DAGs    # Errors  Last Runtime    Last Run               Last # of DB Queries
--------------------------------  -----  ---------  --------  ----------  --------------  -------------------  ----------------------
/opt/airflow/dags/weather_etl.py                           1           0  0.14s           2026-09-22T04:09:37                      14
================================================================================
[2026-09-22T04:10:09.975+0000] {manager.py:1008} INFO - 
================================================================================
DAG File Processing Stats

File Path                         PID    Runtime      # DAGs    # Errors  Last Runtime    Last Run               Last # of DB Queries
--------------------------------  -----  ---------  --------  ----------  --------------  -------------------  ----------------------
/opt/airflow/dags/weather_etl.py                           1           0  0.09s           2026-09-22T04:10:07                      14
================================================================================
[2026-09-22T04:10:40.409+0000] {manager.py:1008} INFO - 
================================================================================
DAG File Processing Stats

File Path                         PID    Runtime      # DAGs    # Errors  Last Runtime    Last Run               Last # of DB Queries
--------------------------------  -----  ---------  --------  ----------  --------------  -------------------  ----------------------
/opt/airflow/dags/weather_etl.py                           1           0  0.08s           2026-09-22T04:10:38                      14
================================================================================
[2026-09-22T04:10:52.569+0000] {manager.py:832} INFO - Searching for files in /opt/airflow/dags
[2026-09-22T04:10:52.580+0000] {manager.py:835} INFO - There are 1 files in /opt/airflow/dags
[2026-09-22T04:11:10.838+0000] {manager.py:1008} INFO - 
================================================================================
DAG File Processing Stats

File Path                         PID    Runtime      # DAGs    # Errors  Last Runtime    Last Run               Last # of DB Queries
--------------------------------  -----  ---------  --------  ----------  --------------  -------------------  ----------------------
/opt/airflow/dags/weather_etl.py                           1           0  0.08s           2026-09-22T04:11:08                      14
================================================================================
[2026-09-22T04:11:41.310+0000] {manager.py:1008} INFO - 
================================================================================
DAG File Processing Stats

File Path                         PID    Runtime      # DAGs    # Errors  Last Runtime    Last Run               Last # of DB Queries
--------------------------------  -----  ---------  --------  ----------  --------------  -------------------  ----------------------
/opt/airflow/dags/weather_etl.py                           1           0  0.08s           2026-09-22T04:11:39                      14
================================================================================
[2026-09-22T04:12:11.744+0000] {manager.py:1008} INFO - 
================================================================================
DAG File Processing Stats

File Path                         PID    Runtime      # DAGs    # Errors  Last Runtime    Last Run               Last # of DB Queries
--------------------------------  -----  ---------  --------  ----------  --------------  -------------------  ----------------------
/opt/airflow/dags/weather_etl.py                           1           0  0.08s           2026-09-22T04:12:09                      14
================================================================================
[2026-09-22T04:12:42.191+0000] {manager.py:1008} INFO - 
================================================================================
DAG File Processing Stats

File Path                         PID    Runtime      # DAGs    # Errors  Last Runtime    Last Run               Last # of DB Queries
--------------------------------  -----  ---------  --------  ----------  --------------  -------------------  ----------------------
/opt/airflow/dags/weather_etl.py                           1           0  0.08s           2026-09-22T04:12:40                      14
================================================================================
[2026-09-22T04:13:12.641+0000] {manager.py:1008} INFO - 
================================================================================
DAG File Processing Stats

File Path                         PID    Runtime      # DAGs    # Errors  Last Runtime    Last Run               Last # of DB Queries
--------------------------------  -----  ---------  --------  ----------  --------------  -------------------  ----------------------
/opt/airflow/dags/weather_etl.py                           1           0  0.10s           2026-09-22T04:13:10                      14
================================================================================
[2026-09-22T04:13:43.069+0000] {manager.py:1008} INFO - 
================================================================================
DAG File Processing Stats

File Path                         PID    Runtime      # DAGs    # Errors  Last Runtime    Last Run               Last # of DB Queries
--------------------------------  -----  ---------  --------  ----------  --------------  -------------------  ----------------------
/opt/airflow/dags/weather_etl.py                           1           0  0.09s           2026-09-22T04:13:41                      14
================================================================================
[2026-09-22T04:14:13.513+0000] {manager.py:1008} INFO - 
================================================================================
DAG File Processing Stats

File Path                         PID    Runtime      # DAGs    # Errors  Last Runtime    Last Run               Last # of DB Queries
--------------------------------  -----  ---------  --------  ----------  --------------  -------------------  ----------------------
/opt/airflow/dags/weather_etl.py                           1           0  0.08s           2026-09-22T04:14:11                      14
================================================================================
[2026-09-22T04:14:43.967+0000] {manager.py:1008} INFO - 
================================================================================
DAG File Processing Stats

File Path                         PID    Runtime      # DAGs    # Errors  Last Runtime    Last Run               Last # of DB Queries
--------------------------------  -----  ---------  --------  ----------  --------------  -------------------  ----------------------
/opt/airflow/dags/weather_etl.py                           1           0  0.08s           2026-09-22T04:14:42                      14
================================================================================
[2026-09-22T04:15:14.458+0000] {manager.py:1008} INFO - 
================================================================================
DAG File Processing Stats

File Path                         PID    Runtime      # DAGs    # Errors  Last Runtime    Last Run               Last # of DB Queries
--------------------------------  -----  ---------  --------  ----------  --------------  -------------------  ----------------------
/opt/airflow/dags/weather_etl.py                           1           0  0.08s           2026-09-22T04:15:12                      14
================================================================================
[2026-09-22T04:15:44.898+0000] {manager.py:1008} INFO - 
================================================================================
DAG File Processing Stats

File Path                         PID    Runtime      # DAGs    # Errors  Last Runtime    Last Run               Last # of DB Queries
--------------------------------  -----  ---------  --------  ----------  --------------  -------------------  ----------------------
/opt/airflow/dags/weather_etl.py                           1           0  0.12s           2026-09-22T04:15:42                      14
================================================================================
[2026-09-22T04:15:53.014+0000] {manager.py:832} INFO - Searching for files in /opt/airflow/dags
[2026-09-22T04:15:53.024+0000] {manager.py:835} INFO - There are 1 files in /opt/airflow/dags
[2026-09-22T04:16:15.344+0000] {manager.py:1008} INFO - 
================================================================================
DAG File Processing Stats

File Path                         PID    Runtime      # DAGs    # Errors  Last Runtime    Last Run               Last # of DB Queries
--------------------------------  -----  ---------  --------  ----------  --------------  -------------------  ----------------------
/opt/airflow/dags/weather_etl.py                           1           0  0.09s           2026-09-22T04:16:13                      14
================================================================================
[2026-09-22T04:16:45.783+0000] {manager.py:1008} INFO - 
================================================================================
DAG File Processing Stats

File Path                         PID    Runtime      # DAGs    # Errors  Last Runtime    Last Run               Last # of DB Queries
--------------------------------  -----  ---------  --------  ----------  --------------  -------------------  ----------------------
/opt/airflow/dags/weather_etl.py                           1           0  0.09s           2026-09-22T04:16:43                      14
================================================================================
[2026-09-22T04:17:16.233+0000] {manager.py:1008} INFO - 
================================================================================
DAG File Processing Stats

File Path                         PID    Runtime      # DAGs    # Errors  Last Runtime    Last Run               Last # of DB Queries
--------------------------------  -----  ---------  --------  ----------  --------------  -------------------  ----------------------
/opt/airflow/dags/weather_etl.py                           1           0  0.08s           2026-09-22T04:17:14                      14
================================================================================
[2026-09-22T04:17:46.649+0000] {manager.py:1008} INFO - 
================================================================================
DAG File Processing Stats

File Path                         PID    Runtime      # DAGs    # Errors  Last Runtime    Last Run               Last # of DB Queries
--------------------------------  -----  ---------  --------  ----------  --------------  -------------------  ----------------------
/opt/airflow/dags/weather_etl.py                           1           0  0.09s           2026-09-22T04:17:44                      14
================================================================================
[2026-09-22T04:18:17.086+0000] {manager.py:1008} INFO - 
================================================================================
DAG File Processing Stats

File Path                         PID    Runtime      # DAGs    # Errors  Last Runtime    Last Run               Last # of DB Queries
--------------------------------  -----  ---------  --------  ----------  --------------  -------------------  ----------------------
/opt/airflow/dags/weather_etl.py                           1           0  0.07s           2026-09-22T04:18:15                      14
================================================================================
[2026-09-22T04:18:47.495+0000] {manager.py:1008} INFO - 
================================================================================
DAG File Processing Stats

File Path                         PID    Runtime      # DAGs    # Errors  Last Runtime    Last Run               Last # of DB Queries
--------------------------------  -----  ---------  --------  ----------  --------------  -------------------  ----------------------
/opt/airflow/dags/weather_etl.py                           1           0  0.08s           2026-09-22T04:18:45                      14
================================================================================
[2026-09-22T04:19:17.902+0000] {manager.py:1008} INFO - 
================================================================================
DAG File Processing Stats

File Path                         PID    Runtime      # DAGs    # Errors  Last Runtime    Last Run               Last # of DB Queries
--------------------------------  -----  ---------  --------  ----------  --------------  -------------------  ----------------------
/opt/airflow/dags/weather_etl.py                           1           0  0.07s           2026-09-22T04:19:15                      14
================================================================================
[2026-09-22T04:19:48.329+0000] {manager.py:1008} INFO - 
================================================================================
DAG File Processing Stats

File Path                         PID    Runtime      # DAGs    # Errors  Last Runtime    Last Run               Last # of DB Queries
--------------------------------  -----  ---------  --------  ----------  --------------  -------------------  ----------------------
/opt/airflow/dags/weather_etl.py                           1           0  0.08s           2026-09-22T04:19:46                      14
================================================================================
[2026-09-22T04:20:18.727+0000] {manager.py:1008} INFO - 
================================================================================
DAG File Processing Stats

File Path                         PID    Runtime      # DAGs    # Errors  Last Runtime    Last Run               Last # of DB Queries
--------------------------------  -----  ---------  --------  ----------  --------------  -------------------  ----------------------
/opt/airflow/dags/weather_etl.py                           1           0  0.08s           2026-09-22T04:20:16                      14
================================================================================
[2026-09-22T04:20:49.173+0000] {manager.py:1008} INFO - 
================================================================================
DAG File Processing Stats

File Path                         PID    Runtime      # DAGs    # Errors  Last Runtime    Last Run               Last # of DB Queries
--------------------------------  -----  ---------  --------  ----------  --------------  -------------------  ----------------------
/opt/airflow/dags/weather_etl.py                           1           0  0.12s           2026-09-22T04:20:47                      14
================================================================================
[2026-09-22T04:20:53.225+0000] {manager.py:832} INFO - Searching for files in /opt/airflow/dags
[2026-09-22T04:20:53.232+0000] {manager.py:835} INFO - There are 1 files in /opt/airflow/dags
[2026-09-22T04:21:19.626+0000] {manager.py:1008} INFO - 
================================================================================
DAG File Processing Stats

File Path                         PID    Runtime      # DAGs    # Errors  Last Runtime    Last Run               Last # of DB Queries
--------------------------------  -----  ---------  --------  ----------  --------------  -------------------  ----------------------
/opt/airflow/dags/weather_etl.py                           1           0  0.09s           2026-09-22T04:21:17                      14
================================================================================
[2026-09-22T04:21:50.065+0000] {manager.py:1008} INFO - 
================================================================================
DAG File Processing Stats

File Path                         PID    Runtime      # DAGs    # Errors  Last Runtime    Last Run               Last # of DB Queries
--------------------------------  -----  ---------  --------  ----------  --------------  -------------------  ----------------------
/opt/airflow/dags/weather_etl.py                           1           0  0.08s           2026-09-22T04:21:48                      14
================================================================================
[2026-09-22T04:22:20.581+0000] {manager.py:1008} INFO - 
================================================================================
DAG File Processing Stats

File Path                         PID    Runtime      # DAGs    # Errors  Last Runtime    Last Run               Last # of DB Queries
--------------------------------  -----  ---------  --------  ----------  --------------  -------------------  ----------------------
/opt/airflow/dags/weather_etl.py                           1           0  0.11s           2026-09-22T04:22:18                      14
================================================================================
[2026-09-22T04:22:50.968+0000] {manager.py:1008} INFO - 
================================================================================
DAG File Processing Stats

File Path                         PID    Runtime      # DAGs    # Errors  Last Runtime    Last Run               Last # of DB Queries
--------------------------------  -----  ---------  --------  ----------  --------------  -------------------  ----------------------
/opt/airflow/dags/weather_etl.py                           1           0  0.08s           2026-09-22T04:22:49                      14
================================================================================
[2026-09-22T04:23:21.367+0000] {manager.py:1008} INFO - 
================================================================================
DAG File Processing Stats

File Path                         PID    Runtime      # DAGs    # Errors  Last Runtime    Last Run               Last # of DB Queries
--------------------------------  -----  ---------  --------  ----------  --------------  -------------------  ----------------------
/opt/airflow/dags/weather_etl.py                           1           0  0.08s           2026-09-22T04:23:19                      14
================================================================================
[2026-09-22T04:23:51.771+0000] {manager.py:1008} INFO - 
================================================================================
DAG File Processing Stats

File Path                         PID    Runtime      # DAGs    # Errors  Last Runtime    Last Run               Last # of DB Queries
--------------------------------  -----  ---------  --------  ----------  --------------  -------------------  ----------------------
/opt/airflow/dags/weather_etl.py                           1           0  0.08s           2026-09-22T04:23:49                      14
================================================================================
[2026-09-22T04:24:22.180+0000] {manager.py:1008} INFO - 
================================================================================
DAG File Processing Stats

File Path                         PID    Runtime      # DAGs    # Errors  Last Runtime    Last Run               Last # of DB Queries
--------------------------------  -----  ---------  --------  ----------  --------------  -------------------  ----------------------
/opt/airflow/dags/weather_etl.py                           1           0  0.07s           2026-09-22T04:24:20                      14
================================================================================
[2026-09-22T04:24:52.627+0000] {manager.py:1008} INFO - 
================================================================================
DAG File Processing Stats

File Path                         PID    Runtime      # DAGs    # Errors  Last Runtime    Last Run               Last # of DB Queries
--------------------------------  -----  ---------  --------  ----------  --------------  -------------------  ----------------------
/opt/airflow/dags/weather_etl.py                           1           0  0.10s           2026-09-22T04:24:50                      14
================================================================================
[2026-09-22T04:25:23.087+0000] {manager.py:1008} INFO - 
================================================================================
DAG File Processing Stats

File Path                         PID    Runtime      # DAGs    # Errors  Last Runtime    Last Run               Last # of DB Queries
--------------------------------  -----  ---------  --------  ----------  --------------  -------------------  ----------------------
/opt/airflow/dags/weather_etl.py                           1           0  0.08s           2026-09-22T04:25:21                      14
================================================================================
[2026-09-22T04:25:53.473+0000] {manager.py:832} INFO - Searching for files in /opt/airflow/dags
[2026-09-22T04:25:53.479+0000] {manager.py:835} INFO - There are 1 files in /opt/airflow/dags
[2026-09-22T04:25:53.491+0000] {manager.py:1008} INFO - 
================================================================================
DAG File Processing Stats

File Path                         PID    Runtime      # DAGs    # Errors  Last Runtime    Last Run               Last # of DB Queries
--------------------------------  -----  ---------  --------  ----------  --------------  -------------------  ----------------------
/opt/airflow/dags/weather_etl.py                           1           0  0.08s           2026-09-22T04:25:51                      14
================================================================================
[2026-09-22T04:26:23.948+0000] {manager.py:1008} INFO - 
================================================================================
DAG File Processing Stats

File Path                         PID    Runtime      # DAGs    # Errors  Last Runtime    Last Run               Last # of DB Queries
--------------------------------  -----  ---------  --------  ----------  --------------  -------------------  ----------------------
/opt/airflow/dags/weather_etl.py                           1           0  0.08s           2026-09-22T04:26:21                      14
================================================================================
[2026-09-22T04:26:54.343+0000] {manager.py:1008} INFO - 
================================================================================
DAG File Processing Stats

File Path                         PID    Runtime      # DAGs    # Errors  Last Runtime    Last Run               Last # of DB Queries
--------------------------------  -----  ---------  --------  ----------  --------------  -------------------  ----------------------
/opt/airflow/dags/weather_etl.py                           1           0  0.12s           2026-09-22T04:26:52                      14
================================================================================
[2026-09-22T04:27:24.739+0000] {manager.py:1008} INFO - 
================================================================================
DAG File Processing Stats

File Path                         PID    Runtime      # DAGs    # Errors  Last Runtime    Last Run               Last # of DB Queries
--------------------------------  -----  ---------  --------  ----------  --------------  -------------------  ----------------------
/opt/airflow/dags/weather_etl.py                           1           0  0.08s           2026-09-22T04:27:22                      14
================================================================================
[2026-09-22T04:27:55.179+0000] {manager.py:1008} INFO - 
================================================================================
DAG File Processing Stats

File Path                         PID    Runtime      # DAGs    # Errors  Last Runtime    Last Run               Last # of DB Queries
--------------------------------  -----  ---------  --------  ----------  --------------  -------------------  ----------------------
/opt/airflow/dags/weather_etl.py                           1           0  0.07s           2026-09-22T04:27:53                      14
================================================================================
[2026-09-22T04:28:25.625+0000] {manager.py:1008} INFO - 
================================================================================
DAG File Processing Stats

File Path                         PID    Runtime      # DAGs    # Errors  Last Runtime    Last Run               Last # of DB Queries
--------------------------------  -----  ---------  --------  ----------  --------------  -------------------  ----------------------
/opt/airflow/dags/weather_etl.py                           1           0  0.08s           2026-09-22T04:28:23                      14
================================================================================
[2026-09-22T04:28:56.042+0000] {manager.py:1008} INFO - 
================================================================================
DAG File Processing Stats

File Path                         PID    Runtime      # DAGs    # Errors  Last Runtime    Last Run               Last # of DB Queries
--------------------------------  -----  ---------  --------  ----------  --------------  -------------------  ----------------------
/opt/airflow/dags/weather_etl.py                           1           0  0.11s           2026-09-22T04:28:54                      14
================================================================================
[2026-09-22T04:29:26.441+0000] {manager.py:1008} INFO - 
================================================================================
DAG File Processing Stats

File Path                         PID    Runtime      # DAGs    # Errors  Last Runtime    Last Run               Last # of DB Queries
--------------------------------  -----  ---------  --------  ----------  --------------  -------------------  ----------------------
/opt/airflow/dags/weather_etl.py                           1           0  0.07s           2026-09-22T04:29:24                      14
================================================================================
[2026-09-22T04:29:56.889+0000] {manager.py:1008} INFO - 
================================================================================
DAG File Processing Stats

File Path                         PID    Runtime      # DAGs    # Errors  Last Runtime    Last Run               Last # of DB Queries
--------------------------------  -----  ---------  --------  ----------  --------------  -------------------  ----------------------
/opt/airflow/dags/weather_etl.py                           1           0  0.08s           2026-09-22T04:29:54                      14
================================================================================
[2026-09-22T04:30:27.347+0000] {manager.py:1008} INFO - 
================================================================================
DAG File Processing Stats

File Path                         PID    Runtime      # DAGs    # Errors  Last Runtime    Last Run               Last # of DB Queries
--------------------------------  -----  ---------  --------  ----------  --------------  -------------------  ----------------------
/opt/airflow/dags/weather_etl.py                           1           0  0.08s           2026-09-22T04:30:25                      14
================================================================================
[2026-09-22T04:30:53.658+0000] {manager.py:832} INFO - Searching for files in /opt/airflow/dags
[2026-09-22T04:30:53.668+0000] {manager.py:835} INFO - There are 1 files in /opt/airflow/dags
[2026-09-22T04:30:57.755+0000] {manager.py:1008} INFO - 
================================================================================
DAG File Processing Stats

File Path                         PID    Runtime      # DAGs    # Errors  Last Runtime    Last Run               Last # of DB Queries
--------------------------------  -----  ---------  --------  ----------  --------------  -------------------  ----------------------
/opt/airflow/dags/weather_etl.py                           1           0  0.07s           2026-09-22T04:30:55                      14
================================================================================
[2026-09-22T04:31:28.198+0000] {manager.py:1008} INFO - 
================================================================================
DAG File Processing Stats

File Path                         PID    Runtime      # DAGs    # Errors  Last Runtime    Last Run               Last # of DB Queries
--------------------------------  -----  ---------  --------  ----------  --------------  -------------------  ----------------------
/opt/airflow/dags/weather_etl.py                           1           0  0.07s           2026-09-22T04:31:26                      14
================================================================================
[2026-09-22T04:31:58.625+0000] {manager.py:1008} INFO - 
================================================================================
DAG File Processing Stats

File Path                         PID    Runtime      # DAGs    # Errors  Last Runtime    Last Run               Last # of DB Queries
--------------------------------  -----  ---------  --------  ----------  --------------  -------------------  ----------------------
/opt/airflow/dags/weather_etl.py                           1           0  0.09s           2026-09-22T04:31:56                      14
================================================================================
[2026-09-22T04:32:29.056+0000] {manager.py:1008} INFO - 
================================================================================
DAG File Processing Stats

File Path                         PID    Runtime      # DAGs    # Errors  Last Runtime    Last Run               Last # of DB Queries
--------------------------------  -----  ---------  --------  ----------  --------------  -------------------  ----------------------
/opt/airflow/dags/weather_etl.py                           1           0  0.07s           2026-09-22T04:32:27                      14
================================================================================
[2026-09-22T04:32:59.459+0000] {manager.py:1008} INFO - 
================================================================================
DAG File Processing Stats

File Path                         PID    Runtime      # DAGs    # Errors  Last Runtime    Last Run               Last # of DB Queries
--------------------------------  -----  ---------  --------  ----------  --------------  -------------------  ----------------------
/opt/airflow/dags/weather_etl.py                           1           0  0.08s           2026-09-22T04:32:57                      14
================================================================================
[2026-09-22T04:33:29.894+0000] {manager.py:1008} INFO - 
================================================================================
DAG File Processing Stats

File Path                         PID    Runtime      # DAGs    # Errors  Last Runtime    Last Run               Last # of DB Queries
--------------------------------  -----  ---------  --------  ----------  --------------  -------------------  ----------------------
/opt/airflow/dags/weather_etl.py                           1           0  0.07s           2026-09-22T04:33:27                      14
================================================================================
[2026-09-22T04:34:00.333+0000] {manager.py:1008} INFO - 
================================================================================
DAG File Processing Stats

File Path                         PID    Runtime      # DAGs    # Errors  Last Runtime    Last Run               Last # of DB Queries
--------------------------------  -----  ---------  --------  ----------  --------------  -------------------  ----------------------
/opt/airflow/dags/weather_etl.py                           1           0  0.08s           2026-09-22T04:33:58                      14
================================================================================
[2026-09-22T04:34:30.784+0000] {manager.py:1008} INFO - 
================================================================================
DAG File Processing Stats

File Path                         PID    Runtime      # DAGs    # Errors  Last Runtime    Last Run               Last # of DB Queries
--------------------------------  -----  ---------  --------  ----------  --------------  -------------------  ----------------------
/opt/airflow/dags/weather_etl.py                           1           0  0.07s           2026-09-22T04:34:28                      14
================================================================================
[2026-09-22T04:35:01.207+0000] {manager.py:1008} INFO - 
================================================================================
DAG File Processing Stats

File Path                         PID    Runtime      # DAGs    # Errors  Last Runtime    Last Run               Last # of DB Queries
--------------------------------  -----  ---------  --------  ----------  --------------  -------------------  ----------------------
/opt/airflow/dags/weather_etl.py                           1           0  0.08s           2026-09-22T04:34:59                      14
================================================================================
[2026-09-22T04:35:31.632+0000] {manager.py:1008} INFO - 
================================================================================
DAG File Processing Stats

File Path                         PID    Runtime      # DAGs    # Errors  Last Runtime    Last Run               Last # of DB Queries
--------------------------------  -----  ---------  --------  ----------  --------------  -------------------  ----------------------
/opt/airflow/dags/weather_etl.py                           1           0  0.07s           2026-09-22T04:35:29                      14
================================================================================
[2026-09-22T04:35:53.896+0000] {manager.py:832} INFO - Searching for files in /opt/airflow/dags
[2026-09-22T04:35:53.904+0000] {manager.py:835} INFO - There are 1 files in /opt/airflow/dags
[2026-09-22T04:36:02.051+0000] {manager.py:1008} INFO - 
================================================================================
DAG File Processing Stats

File Path                         PID    Runtime      # DAGs    # Errors  Last Runtime    Last Run               Last # of DB Queries
--------------------------------  -----  ---------  --------  ----------  --------------  -------------------  ----------------------
/opt/airflow/dags/weather_etl.py                           1           0  0.07s           2026-09-22T04:36:00                      14
================================================================================
[2026-09-22T04:36:32.489+0000] {manager.py:1008} INFO - 
================================================================================
DAG File Processing Stats

File Path                         PID    Runtime      # DAGs    # Errors  Last Runtime    Last Run               Last # of DB Queries
--------------------------------  -----  ---------  --------  ----------  --------------  -------------------  ----------------------
/opt/airflow/dags/weather_etl.py                           1           0  0.10s           2026-09-22T04:36:30                      14
================================================================================
[2026-09-22T04:37:02.923+0000] {manager.py:1008} INFO - 
================================================================================
DAG File Processing Stats

File Path                         PID    Runtime      # DAGs    # Errors  Last Runtime    Last Run               Last # of DB Queries
--------------------------------  -----  ---------  --------  ----------  --------------  -------------------  ----------------------
/opt/airflow/dags/weather_etl.py                           1           0  0.08s           2026-09-22T04:37:00                      14
================================================================================
[2026-09-22T04:37:33.350+0000] {manager.py:1008} INFO - 
================================================================================
DAG File Processing Stats

File Path                         PID    Runtime      # DAGs    # Errors  Last Runtime    Last Run               Last # of DB Queries
--------------------------------  -----  ---------  --------  ----------  --------------  -------------------  ----------------------
/opt/airflow/dags/weather_etl.py                           1           0  0.10s           2026-09-22T04:37:31                      14
================================================================================
[2026-09-22T04:38:03.799+0000] {manager.py:1008} INFO - 
================================================================================
DAG File Processing Stats

File Path                         PID    Runtime      # DAGs    # Errors  Last Runtime    Last Run               Last # of DB Queries
--------------------------------  -----  ---------  --------  ----------  --------------  -------------------  ----------------------
/opt/airflow/dags/weather_etl.py                           1           0  0.08s           2026-09-22T04:38:01                      14
================================================================================
[2026-09-22T04:38:34.270+0000] {manager.py:1008} INFO - 
================================================================================
DAG File Processing Stats

File Path                         PID    Runtime      # DAGs    # Errors  Last Runtime    Last Run               Last # of DB Queries
--------------------------------  -----  ---------  --------  ----------  --------------  -------------------  ----------------------
/opt/airflow/dags/weather_etl.py                           1           0  0.08s           2026-09-22T04:38:32                      14
================================================================================
[2026-09-22T04:39:04.732+0000] {manager.py:1008} INFO - 
================================================================================
DAG File Processing Stats

File Path                         PID    Runtime      # DAGs    # Errors  Last Runtime    Last Run               Last # of DB Queries
--------------------------------  -----  ---------  --------  ----------  --------------  -------------------  ----------------------
/opt/airflow/dags/weather_etl.py                           1           0  0.10s           2026-09-22T04:39:02                      14
================================================================================
[2026-09-22T04:39:35.094+0000] {manager.py:1008} INFO - 
================================================================================
DAG File Processing Stats

File Path                         PID    Runtime      # DAGs    # Errors  Last Runtime    Last Run               Last # of DB Queries
--------------------------------  -----  ---------  --------  ----------  --------------  -------------------  ----------------------
/opt/airflow/dags/weather_etl.py                           1           0  0.07s           2026-09-22T04:39:33                      14
================================================================================
[2026-09-22T04:40:05.558+0000] {manager.py:1008} INFO - 
================================================================================
DAG File Processing Stats

File Path                         PID    Runtime      # DAGs    # Errors  Last Runtime    Last Run               Last # of DB Queries
--------------------------------  -----  ---------  --------  ----------  --------------  -------------------  ----------------------
/opt/airflow/dags/weather_etl.py                           1           0  0.08s           2026-09-22T04:40:03                      14
================================================================================
[2026-09-22T04:40:35.975+0000] {manager.py:1008} INFO - 
================================================================================
DAG File Processing Stats

File Path                         PID    Runtime      # DAGs    # Errors  Last Runtime    Last Run               Last # of DB Queries
--------------------------------  -----  ---------  --------  ----------  --------------  -------------------  ----------------------
/opt/airflow/dags/weather_etl.py                           1           0  0.07s           2026-09-22T04:40:34                      14
================================================================================
[2026-09-22T04:40:54.206+0000] {manager.py:832} INFO - Searching for files in /opt/airflow/dags
[2026-09-22T04:40:54.215+0000] {manager.py:835} INFO - There are 1 files in /opt/airflow/dags
[2026-09-22T04:41:06.420+0000] {manager.py:1008} INFO - 
================================================================================
DAG File Processing Stats

File Path                         PID    Runtime      # DAGs    # Errors  Last Runtime    Last Run               Last # of DB Queries
--------------------------------  -----  ---------  --------  ----------  --------------  -------------------  ----------------------
/opt/airflow/dags/weather_etl.py                           1           0  0.07s           2026-09-22T04:41:04                      14
================================================================================
[2026-09-22T04:41:36.879+0000] {manager.py:1008} INFO - 
================================================================================
DAG File Processing Stats

File Path                         PID    Runtime      # DAGs    # Errors  Last Runtime    Last Run               Last # of DB Queries
--------------------------------  -----  ---------  --------  ----------  --------------  -------------------  ----------------------
/opt/airflow/dags/weather_etl.py                           1           0  0.07s           2026-09-22T04:41:34                      14
================================================================================
[2026-09-22T04:42:07.334+0000] {manager.py:1008} INFO - 
================================================================================
DAG File Processing Stats

File Path                         PID    Runtime      # DAGs    # Errors  Last Runtime    Last Run               Last # of DB Queries
--------------------------------  -----  ---------  --------  ----------  --------------  -------------------  ----------------------
/opt/airflow/dags/weather_etl.py                           1           0  0.08s           2026-09-22T04:42:05                      14
================================================================================
[2026-09-22T04:42:37.776+0000] {manager.py:1008} INFO - 
================================================================================
DAG File Processing Stats

File Path                         PID    Runtime      # DAGs    # Errors  Last Runtime    Last Run               Last # of DB Queries
--------------------------------  -----  ---------  --------  ----------  --------------  -------------------  ----------------------
/opt/airflow/dags/weather_etl.py                           1           0  0.08s           2026-09-22T04:42:35                      14
================================================================================
[2026-09-22T04:43:08.229+0000] {manager.py:1008} INFO - 
================================================================================
DAG File Processing Stats

File Path                         PID    Runtime      # DAGs    # Errors  Last Runtime    Last Run               Last # of DB Queries
--------------------------------  -----  ---------  --------  ----------  --------------  -------------------  ----------------------
/opt/airflow/dags/weather_etl.py                           1           0  0.09s           2026-09-22T04:43:06                      14
================================================================================
[2026-09-22T04:48:23.546+0000] {manager.py:832} INFO - Searching for files in /opt/airflow/dags
[2026-09-22T04:48:23.551+0000] {manager.py:835} INFO - There are 1 files in /opt/airflow/dags
[2026-09-22T04:48:39.915+0000] {manager.py:1008} INFO - 
================================================================================
DAG File Processing Stats

File Path                         PID    Runtime      # DAGs    # Errors  Last Runtime    Last Run               Last # of DB Queries
--------------------------------  -----  ---------  --------  ----------  --------------  -------------------  ----------------------
/opt/airflow/dags/weather_etl.py                           1           0  0.29s           2026-09-22T04:48:23                      14
================================================================================
[2026-09-22T04:49:10.383+0000] {manager.py:1008} INFO - 
================================================================================
DAG File Processing Stats

File Path                         PID    Runtime      # DAGs    # Errors  Last Runtime    Last Run               Last # of DB Queries
--------------------------------  -----  ---------  --------  ----------  --------------  -------------------  ----------------------
/opt/airflow/dags/weather_etl.py                           1           0  0.16s           2026-09-22T04:48:54                      14
================================================================================
[2026-09-22T04:49:40.822+0000] {manager.py:1008} INFO - 
================================================================================
DAG File Processing Stats

File Path                         PID    Runtime      # DAGs    # Errors  Last Runtime    Last Run               Last # of DB Queries
--------------------------------  -----  ---------  --------  ----------  --------------  -------------------  ----------------------
/opt/airflow/dags/weather_etl.py                           1           0  0.17s           2026-09-22T04:49:24                      14
================================================================================
[2026-09-22T04:50:11.272+0000] {manager.py:1008} INFO - 
================================================================================
DAG File Processing Stats

File Path                         PID    Runtime      # DAGs    # Errors  Last Runtime    Last Run               Last # of DB Queries
--------------------------------  -----  ---------  --------  ----------  --------------  -------------------  ----------------------
/opt/airflow/dags/weather_etl.py                           1           0  0.18s           2026-09-22T04:49:55                      14
================================================================================
[2026-09-22T04:50:41.668+0000] {manager.py:1008} INFO - 
================================================================================
DAG File Processing Stats

File Path                         PID    Runtime      # DAGs    # Errors  Last Runtime    Last Run               Last # of DB Queries
--------------------------------  -----  ---------  --------  ----------  --------------  -------------------  ----------------------
/opt/airflow/dags/weather_etl.py                           1           0  0.19s           2026-09-22T04:50:25                      14
================================================================================
[2026-09-22T04:51:12.060+0000] {manager.py:1008} INFO - 
================================================================================
DAG File Processing Stats

File Path                         PID    Runtime      # DAGs    # Errors  Last Runtime    Last Run               Last # of DB Queries
--------------------------------  -----  ---------  --------  ----------  --------------  -------------------  ----------------------
/opt/airflow/dags/weather_etl.py                           1           0  0.14s           2026-09-22T04:50:55                      14
================================================================================
[2026-09-22T04:51:42.417+0000] {manager.py:1008} INFO - 
================================================================================
DAG File Processing Stats

File Path                         PID    Runtime      # DAGs    # Errors  Last Runtime    Last Run               Last # of DB Queries
--------------------------------  -----  ---------  --------  ----------  --------------  -------------------  ----------------------
/opt/airflow/dags/weather_etl.py                           1           0  0.07s           2026-09-22T04:51:26                      14
================================================================================
[2026-09-22T04:52:12.805+0000] {manager.py:1008} INFO - 
================================================================================
DAG File Processing Stats

File Path                         PID    Runtime      # DAGs    # Errors  Last Runtime    Last Run               Last # of DB Queries
--------------------------------  -----  ---------  --------  ----------  --------------  -------------------  ----------------------
/opt/airflow/dags/weather_etl.py                           1           0  0.10s           2026-09-22T04:51:56                      14
================================================================================
[2026-09-22T04:52:43.238+0000] {manager.py:1008} INFO - 
================================================================================
DAG File Processing Stats

File Path                         PID    Runtime      # DAGs    # Errors  Last Runtime    Last Run               Last # of DB Queries
--------------------------------  -----  ---------  --------  ----------  --------------  -------------------  ----------------------
/opt/airflow/dags/weather_etl.py                           1           0  0.11s           2026-09-22T04:52:27                      14
================================================================================
[2026-09-22T04:53:13.661+0000] {manager.py:1008} INFO - 
================================================================================
DAG File Processing Stats

File Path                         PID    Runtime      # DAGs    # Errors  Last Runtime    Last Run               Last # of DB Queries
--------------------------------  -----  ---------  --------  ----------  --------------  -------------------  ----------------------
/opt/airflow/dags/weather_etl.py                           1           0  0.14s           2026-09-22T04:52:57                      14
================================================================================
[2026-09-22T04:53:23.790+0000] {manager.py:832} INFO - Searching for files in /opt/airflow/dags
[2026-09-22T04:53:23.799+0000] {manager.py:835} INFO - There are 1 files in /opt/airflow/dags
[2026-09-22T04:53:44.070+0000] {manager.py:1008} INFO - 
================================================================================
DAG File Processing Stats

File Path                         PID    Runtime      # DAGs    # Errors  Last Runtime    Last Run               Last # of DB Queries
--------------------------------  -----  ---------  --------  ----------  --------------  -------------------  ----------------------
/opt/airflow/dags/weather_etl.py                           1           0  0.14s           2026-09-22T04:53:28                      14
================================================================================
[2026-09-22T04:54:14.468+0000] {manager.py:1008} INFO - 
================================================================================
DAG File Processing Stats

File Path                         PID    Runtime      # DAGs    # Errors  Last Runtime    Last Run               Last # of DB Queries
--------------------------------  -----  ---------  --------  ----------  --------------  -------------------  ----------------------
/opt/airflow/dags/weather_etl.py                           1           0  0.08s           2026-09-22T04:53:58                      14
================================================================================
[2026-09-22T04:54:44.809+0000] {manager.py:1008} INFO - 
================================================================================
DAG File Processing Stats

File Path                         PID    Runtime      # DAGs    # Errors  Last Runtime    Last Run               Last # of DB Queries
--------------------------------  -----  ---------  --------  ----------  --------------  -------------------  ----------------------
/opt/airflow/dags/weather_etl.py                           1           0  0.12s           2026-09-22T04:54:28                      14
================================================================================
[2026-09-22T04:55:15.249+0000] {manager.py:1008} INFO - 
================================================================================
DAG File Processing Stats

File Path                         PID    Runtime      # DAGs    # Errors  Last Runtime    Last Run               Last # of DB Queries
--------------------------------  -----  ---------  --------  ----------  --------------  -------------------  ----------------------
/opt/airflow/dags/weather_etl.py                           1           0  0.10s           2026-09-22T04:54:59                      14
================================================================================
[2026-09-22T04:55:45.621+0000] {manager.py:1008} INFO - 
================================================================================
DAG File Processing Stats

File Path                         PID    Runtime      # DAGs    # Errors  Last Runtime    Last Run               Last # of DB Queries
--------------------------------  -----  ---------  --------  ----------  --------------  -------------------  ----------------------
/opt/airflow/dags/weather_etl.py                           1           0  0.11s           2026-09-22T04:55:29                      14
================================================================================
[2026-09-22T04:56:15.988+0000] {manager.py:1008} INFO - 
================================================================================
DAG File Processing Stats

File Path                         PID    Runtime      # DAGs    # Errors  Last Runtime    Last Run               Last # of DB Queries
--------------------------------  -----  ---------  --------  ----------  --------------  -------------------  ----------------------
/opt/airflow/dags/weather_etl.py                           1           0  0.08s           2026-09-22T04:55:59                      14
================================================================================
[2026-09-22T04:56:46.478+0000] {manager.py:1008} INFO - 
================================================================================
DAG File Processing Stats

File Path                         PID    Runtime      # DAGs    # Errors  Last Runtime    Last Run               Last # of DB Queries
--------------------------------  -----  ---------  --------  ----------  --------------  -------------------  ----------------------
/opt/airflow/dags/weather_etl.py                           1           0  0.07s           2026-09-22T04:56:30                      14
================================================================================
[2026-09-22T04:58:24.454+0000] {manager.py:832} INFO - Searching for files in /opt/airflow/dags
[2026-09-22T04:58:24.467+0000] {manager.py:835} INFO - There are 1 files in /opt/airflow/dags
[2026-09-22T04:58:27.511+0000] {manager.py:1008} INFO - 
================================================================================
DAG File Processing Stats

File Path                         PID    Runtime      # DAGs    # Errors  Last Runtime    Last Run               Last # of DB Queries
--------------------------------  -----  ---------  --------  ----------  --------------  -------------------  ----------------------
/opt/airflow/dags/weather_etl.py                           1           0  0.12s           2026-09-22T04:58:05                      14
================================================================================
[2026-09-22T04:58:57.880+0000] {manager.py:1008} INFO - 
================================================================================
DAG File Processing Stats

File Path                         PID    Runtime      # DAGs    # Errors  Last Runtime    Last Run               Last # of DB Queries
--------------------------------  -----  ---------  --------  ----------  --------------  -------------------  ----------------------
/opt/airflow/dags/weather_etl.py                           1           0  0.08s           2026-09-22T04:58:35                      14
================================================================================
[2026-09-22T04:59:28.243+0000] {manager.py:1008} INFO - 
================================================================================
DAG File Processing Stats

File Path                         PID    Runtime      # DAGs    # Errors  Last Runtime    Last Run               Last # of DB Queries
--------------------------------  -----  ---------  --------  ----------  --------------  -------------------  ----------------------
/opt/airflow/dags/weather_etl.py                           1           0  0.07s           2026-09-22T04:59:06                      14
================================================================================
[2026-09-22T04:59:58.599+0000] {manager.py:1008} INFO - 
================================================================================
DAG File Processing Stats

File Path                         PID    Runtime      # DAGs    # Errors  Last Runtime    Last Run               Last # of DB Queries
--------------------------------  -----  ---------  --------  ----------  --------------  -------------------  ----------------------
/opt/airflow/dags/weather_etl.py                           1           0  0.07s           2026-09-22T04:59:36                      14
================================================================================
[2026-09-22T05:00:28.955+0000] {manager.py:1008} INFO - 
================================================================================
DAG File Processing Stats

File Path                         PID    Runtime      # DAGs    # Errors  Last Runtime    Last Run               Last # of DB Queries
--------------------------------  -----  ---------  --------  ----------  --------------  -------------------  ----------------------
/opt/airflow/dags/weather_etl.py                           1           0  0.07s           2026-09-22T05:00:06                      14
================================================================================
[2026-09-22T05:00:59.306+0000] {manager.py:1008} INFO - 
================================================================================
DAG File Processing Stats

File Path                         PID    Runtime      # DAGs    # Errors  Last Runtime    Last Run               Last # of DB Queries
--------------------------------  -----  ---------  --------  ----------  --------------  -------------------  ----------------------
/opt/airflow/dags/weather_etl.py                           1           0  0.09s           2026-09-22T05:00:37                      14
================================================================================
[2026-09-22T05:01:29.692+0000] {manager.py:1008} INFO - 
================================================================================
DAG File Processing Stats

File Path                         PID    Runtime      # DAGs    # Errors  Last Runtime    Last Run               Last # of DB Queries
--------------------------------  -----  ---------  --------  ----------  --------------  -------------------  ----------------------
/opt/airflow/dags/weather_etl.py                           1           0  0.08s           2026-09-22T05:01:07                      14
================================================================================
[2026-09-22T05:02:00.033+0000] {manager.py:1008} INFO - 
================================================================================
DAG File Processing Stats

File Path                         PID    Runtime      # DAGs    # Errors  Last Runtime    Last Run               Last # of DB Queries
--------------------------------  -----  ---------  --------  ----------  --------------  -------------------  ----------------------
/opt/airflow/dags/weather_etl.py                           1           0  0.09s           2026-09-22T05:01:37                      14
================================================================================
[2026-09-22T05:02:30.398+0000] {manager.py:1008} INFO - 
================================================================================
DAG File Processing Stats

File Path                         PID    Runtime      # DAGs    # Errors  Last Runtime    Last Run               Last # of DB Queries
--------------------------------  -----  ---------  --------  ----------  --------------  -------------------  ----------------------
/opt/airflow/dags/weather_etl.py                           1           0  0.07s           2026-09-22T05:02:08                      14
================================================================================
[2026-09-22T05:03:00.734+0000] {manager.py:1008} INFO - 
================================================================================
DAG File Processing Stats

File Path                         PID    Runtime      # DAGs    # Errors  Last Runtime    Last Run               Last # of DB Queries
--------------------------------  -----  ---------  --------  ----------  --------------  -------------------  ----------------------
/opt/airflow/dags/weather_etl.py                           1           0  0.07s           2026-09-22T05:02:38                      14
================================================================================
[2026-09-22T05:03:25.029+0000] {manager.py:832} INFO - Searching for files in /opt/airflow/dags
[2026-09-22T05:03:25.038+0000] {manager.py:835} INFO - There are 1 files in /opt/airflow/dags
[2026-09-22T05:03:31.120+0000] {manager.py:1008} INFO - 
================================================================================
DAG File Processing Stats

File Path                         PID    Runtime      # DAGs    # Errors  Last Runtime    Last Run               Last # of DB Queries
--------------------------------  -----  ---------  --------  ----------  --------------  -------------------  ----------------------
/opt/airflow/dags/weather_etl.py                           1           0  0.07s           2026-09-22T05:03:08                      14
================================================================================
[2026-09-22T05:04:01.443+0000] {manager.py:1008} INFO - 
================================================================================
DAG File Processing Stats

File Path                         PID    Runtime      # DAGs    # Errors  Last Runtime    Last Run               Last # of DB Queries
--------------------------------  -----  ---------  --------  ----------  --------------  -------------------  ----------------------
/opt/airflow/dags/weather_etl.py                           1           0  0.07s           2026-09-22T05:03:39                      14
================================================================================
[2026-09-22T05:04:31.738+0000] {manager.py:1008} INFO - 
================================================================================
DAG File Processing Stats

File Path                         PID    Runtime      # DAGs    # Errors  Last Runtime    Last Run               Last # of DB Queries
--------------------------------  -----  ---------  --------  ----------  --------------  -------------------  ----------------------
/opt/airflow/dags/weather_etl.py                           1           0  0.07s           2026-09-22T05:04:09                      14
================================================================================
[2026-09-22T05:05:02.109+0000] {manager.py:1008} INFO - 
================================================================================
DAG File Processing Stats

File Path                         PID    Runtime      # DAGs    # Errors  Last Runtime    Last Run               Last # of DB Queries
--------------------------------  -----  ---------  --------  ----------  --------------  -------------------  ----------------------
/opt/airflow/dags/weather_etl.py                           1           0  0.07s           2026-09-22T05:04:39                      14
================================================================================
[2026-09-22T05:05:32.472+0000] {manager.py:1008} INFO - 
================================================================================
DAG File Processing Stats

File Path                         PID    Runtime      # DAGs    # Errors  Last Runtime    Last Run               Last # of DB Queries
--------------------------------  -----  ---------  --------  ----------  --------------  -------------------  ----------------------
/opt/airflow/dags/weather_etl.py                           1           0  0.09s           2026-09-22T05:05:10                      14
================================================================================
[2026-09-22T05:06:02.806+0000] {manager.py:1008} INFO - 
================================================================================
DAG File Processing Stats

File Path                         PID    Runtime      # DAGs    # Errors  Last Runtime    Last Run               Last # of DB Queries
--------------------------------  -----  ---------  --------  ----------  --------------  -------------------  ----------------------
/opt/airflow/dags/weather_etl.py                           1           0  0.08s           2026-09-22T05:05:40                      14
================================================================================
[2026-09-22T05:06:33.170+0000] {manager.py:1008} INFO - 
================================================================================
DAG File Processing Stats

File Path                         PID    Runtime      # DAGs    # Errors  Last Runtime    Last Run               Last # of DB Queries
--------------------------------  -----  ---------  --------  ----------  --------------  -------------------  ----------------------
/opt/airflow/dags/weather_etl.py                           1           0  0.07s           2026-09-22T05:06:10                      14
================================================================================
[2026-09-22T05:07:03.536+0000] {manager.py:1008} INFO - 
================================================================================
DAG File Processing Stats

File Path                         PID    Runtime      # DAGs    # Errors  Last Runtime    Last Run               Last # of DB Queries
--------------------------------  -----  ---------  --------  ----------  --------------  -------------------  ----------------------
/opt/airflow/dags/weather_etl.py                           1           0  0.07s           2026-09-22T05:06:41                      14
================================================================================
[2026-09-22T05:07:33.942+0000] {manager.py:1008} INFO - 
================================================================================
DAG File Processing Stats

File Path                         PID    Runtime      # DAGs    # Errors  Last Runtime    Last Run               Last # of DB Queries
--------------------------------  -----  ---------  --------  ----------  --------------  -------------------  ----------------------
/opt/airflow/dags/weather_etl.py                           1           0  0.08s           2026-09-22T05:07:11                      14
================================================================================
[2026-09-22T05:08:04.393+0000] {manager.py:1008} INFO - 
================================================================================
DAG File Processing Stats

File Path                         PID    Runtime      # DAGs    # Errors  Last Runtime    Last Run               Last # of DB Queries
--------------------------------  -----  ---------  --------  ----------  --------------  -------------------  ----------------------
/opt/airflow/dags/weather_etl.py                           1           0  0.08s           2026-09-22T05:07:42                      14
================================================================================
[2026-09-22T05:08:25.674+0000] {manager.py:832} INFO - Searching for files in /opt/airflow/dags
[2026-09-22T05:08:25.685+0000] {manager.py:835} INFO - There are 1 files in /opt/airflow/dags
[2026-09-22T05:08:34.783+0000] {manager.py:1008} INFO - 
================================================================================
DAG File Processing Stats

File Path                         PID    Runtime      # DAGs    # Errors  Last Runtime    Last Run               Last # of DB Queries
--------------------------------  -----  ---------  --------  ----------  --------------  -------------------  ----------------------
/opt/airflow/dags/weather_etl.py                           1           0  0.09s           2026-09-22T05:08:12                      14
================================================================================
[2026-09-22T05:09:05.164+0000] {manager.py:1008} INFO - 
================================================================================
DAG File Processing Stats

File Path                         PID    Runtime      # DAGs    # Errors  Last Runtime    Last Run               Last # of DB Queries
--------------------------------  -----  ---------  --------  ----------  --------------  -------------------  ----------------------
/opt/airflow/dags/weather_etl.py                           1           0  0.07s           2026-09-22T05:08:42                      14
================================================================================
[2026-09-22T05:09:35.539+0000] {manager.py:1008} INFO - 
================================================================================
DAG File Processing Stats

File Path                         PID    Runtime      # DAGs    # Errors  Last Runtime    Last Run               Last # of DB Queries
--------------------------------  -----  ---------  --------  ----------  --------------  -------------------  ----------------------
/opt/airflow/dags/weather_etl.py                           1           0  0.07s           2026-09-22T05:09:13                      14
================================================================================
[2026-09-22T05:10:05.885+0000] {manager.py:1008} INFO - 
================================================================================
DAG File Processing Stats

File Path                         PID    Runtime      # DAGs    # Errors  Last Runtime    Last Run               Last # of DB Queries
--------------------------------  -----  ---------  --------  ----------  --------------  -------------------  ----------------------
/opt/airflow/dags/weather_etl.py                           1           0  0.07s           2026-09-22T05:09:43                      14
================================================================================
[2026-09-22T05:10:36.230+0000] {manager.py:1008} INFO - 
================================================================================
DAG File Processing Stats

File Path                         PID    Runtime      # DAGs    # Errors  Last Runtime    Last Run               Last # of DB Queries
--------------------------------  -----  ---------  --------  ----------  --------------  -------------------  ----------------------
/opt/airflow/dags/weather_etl.py                           1           0  0.06s           2026-09-22T05:10:14                      14
================================================================================
[2026-09-22T05:11:06.595+0000] {manager.py:1008} INFO - 
================================================================================
DAG File Processing Stats

File Path                         PID    Runtime      # DAGs    # Errors  Last Runtime    Last Run               Last # of DB Queries
--------------------------------  -----  ---------  --------  ----------  --------------  -------------------  ----------------------
/opt/airflow/dags/weather_etl.py                           1           0  0.07s           2026-09-22T05:10:44                      14
================================================================================
[2026-09-22T05:11:36.978+0000] {manager.py:1008} INFO - 
================================================================================
DAG File Processing Stats

File Path                         PID    Runtime      # DAGs    # Errors  Last Runtime    Last Run               Last # of DB Queries
--------------------------------  -----  ---------  --------  ----------  --------------  -------------------  ----------------------
/opt/airflow/dags/weather_etl.py                           1           0  0.07s           2026-09-22T05:11:14                      14
================================================================================
[2026-09-22T05:12:07.355+0000] {manager.py:1008} INFO - 
================================================================================
DAG File Processing Stats

File Path                         PID    Runtime      # DAGs    # Errors  Last Runtime    Last Run               Last # of DB Queries
--------------------------------  -----  ---------  --------  ----------  --------------  -------------------  ----------------------
/opt/airflow/dags/weather_etl.py                           1           0  0.07s           2026-09-22T05:11:45                      14
================================================================================
[2026-09-22T05:12:37.728+0000] {manager.py:1008} INFO - 
================================================================================
DAG File Processing Stats

File Path                         PID    Runtime      # DAGs    # Errors  Last Runtime    Last Run               Last # of DB Queries
--------------------------------  -----  ---------  --------  ----------  --------------  -------------------  ----------------------
/opt/airflow/dags/weather_etl.py                           1           0  0.07s           2026-09-22T05:12:15                      14
================================================================================
[2026-09-22T05:13:08.035+0000] {manager.py:1008} INFO - 
================================================================================
DAG File Processing Stats

File Path                         PID    Runtime      # DAGs    # Errors  Last Runtime    Last Run               Last # of DB Queries
--------------------------------  -----  ---------  --------  ----------  --------------  -------------------  ----------------------
/opt/airflow/dags/weather_etl.py                           1           0  0.08s           2026-09-22T05:12:45                      14
================================================================================
[2026-09-22T05:13:26.299+0000] {manager.py:832} INFO - Searching for files in /opt/airflow/dags
[2026-09-22T05:13:26.308+0000] {manager.py:835} INFO - There are 1 files in /opt/airflow/dags
[2026-09-22T05:13:38.506+0000] {manager.py:1008} INFO - 
================================================================================
DAG File Processing Stats

File Path                         PID    Runtime      # DAGs    # Errors  Last Runtime    Last Run               Last # of DB Queries
--------------------------------  -----  ---------  --------  ----------  --------------  -------------------  ----------------------
/opt/airflow/dags/weather_etl.py                           1           0  0.08s           2026-09-22T05:13:16                      14
================================================================================
[2026-09-22T05:14:08.953+0000] {manager.py:1008} INFO - 
================================================================================
DAG File Processing Stats

File Path                         PID    Runtime      # DAGs    # Errors  Last Runtime    Last Run               Last # of DB Queries
--------------------------------  -----  ---------  --------  ----------  --------------  -------------------  ----------------------
/opt/airflow/dags/weather_etl.py                           1           0  0.07s           2026-09-22T05:13:46                      14
================================================================================
[2026-09-22T05:14:39.398+0000] {manager.py:1008} INFO - 
================================================================================
DAG File Processing Stats

File Path                         PID    Runtime      # DAGs    # Errors  Last Runtime    Last Run               Last # of DB Queries
--------------------------------  -----  ---------  --------  ----------  --------------  -------------------  ----------------------
/opt/airflow/dags/weather_etl.py                           1           0  0.08s           2026-09-22T05:14:17                      14
================================================================================
[2026-09-22T05:15:09.865+0000] {manager.py:1008} INFO - 
================================================================================
DAG File Processing Stats

File Path                         PID    Runtime      # DAGs    # Errors  Last Runtime    Last Run               Last # of DB Queries
--------------------------------  -----  ---------  --------  ----------  --------------  -------------------  ----------------------
/opt/airflow/dags/weather_etl.py                           1           0  0.07s           2026-09-22T05:14:47                      14
================================================================================
[2026-09-22T05:15:40.335+0000] {manager.py:1008} INFO - 
================================================================================
DAG File Processing Stats

File Path                         PID    Runtime      # DAGs    # Errors  Last Runtime    Last Run               Last # of DB Queries
--------------------------------  -----  ---------  --------  ----------  --------------  -------------------  ----------------------
/opt/airflow/dags/weather_etl.py                           1           0  0.07s           2026-09-22T05:15:18                      14
================================================================================
[2026-09-22T05:16:10.743+0000] {manager.py:1008} INFO - 
================================================================================
DAG File Processing Stats

File Path                         PID    Runtime      # DAGs    # Errors  Last Runtime    Last Run               Last # of DB Queries
--------------------------------  -----  ---------  --------  ----------  --------------  -------------------  ----------------------
/opt/airflow/dags/weather_etl.py                           1           0  0.07s           2026-09-22T05:15:48                      14
================================================================================
[2026-09-22T05:16:41.210+0000] {manager.py:1008} INFO - 
================================================================================
DAG File Processing Stats

File Path                         PID    Runtime      # DAGs    # Errors  Last Runtime    Last Run               Last # of DB Queries
--------------------------------  -----  ---------  --------  ----------  --------------  -------------------  ----------------------
/opt/airflow/dags/weather_etl.py                           1           0  0.07s           2026-09-22T05:16:18                      14
================================================================================
[2026-09-22T05:17:11.658+0000] {manager.py:1008} INFO - 
================================================================================
DAG File Processing Stats

File Path                         PID    Runtime      # DAGs    # Errors  Last Runtime    Last Run               Last # of DB Queries
--------------------------------  -----  ---------  --------  ----------  --------------  -------------------  ----------------------
/opt/airflow/dags/weather_etl.py                           1           0  0.08s           2026-09-22T05:16:49                      14
================================================================================
[2026-09-22T05:17:42.080+0000] {manager.py:1008} INFO - 
================================================================================
DAG File Processing Stats

File Path                         PID    Runtime      # DAGs    # Errors  Last Runtime    Last Run               Last # of DB Queries
--------------------------------  -----  ---------  --------  ----------  --------------  -------------------  ----------------------
/opt/airflow/dags/weather_etl.py                           1           0  0.07s           2026-09-22T05:17:19                      14
================================================================================
[2026-09-22T05:18:12.516+0000] {manager.py:1008} INFO - 
================================================================================
DAG File Processing Stats

File Path                         PID    Runtime      # DAGs    # Errors  Last Runtime    Last Run               Last # of DB Queries
--------------------------------  -----  ---------  --------  ----------  --------------  -------------------  ----------------------
/opt/airflow/dags/weather_etl.py                           1           0  0.07s           2026-09-22T05:17:50                      14
================================================================================
[2026-09-22T05:18:26.785+0000] {manager.py:832} INFO - Searching for files in /opt/airflow/dags
[2026-09-22T05:18:26.796+0000] {manager.py:835} INFO - There are 1 files in /opt/airflow/dags
[2026-09-22T05:18:43.031+0000] {manager.py:1008} INFO - 
================================================================================
DAG File Processing Stats

File Path                         PID    Runtime      # DAGs    # Errors  Last Runtime    Last Run               Last # of DB Queries
--------------------------------  -----  ---------  --------  ----------  --------------  -------------------  ----------------------
/opt/airflow/dags/weather_etl.py                           1           0  0.14s           2026-09-22T05:18:20                      14
================================================================================
[2026-09-22T05:19:13.417+0000] {manager.py:1008} INFO - 
================================================================================
DAG File Processing Stats

File Path                         PID    Runtime      # DAGs    # Errors  Last Runtime    Last Run               Last # of DB Queries
--------------------------------  -----  ---------  --------  ----------  --------------  -------------------  ----------------------
/opt/airflow/dags/weather_etl.py                           1           0  0.08s           2026-09-22T05:18:51                      14
================================================================================
[2026-09-22T05:19:43.870+0000] {manager.py:1008} INFO - 
================================================================================
DAG File Processing Stats

File Path                         PID    Runtime      # DAGs    # Errors  Last Runtime    Last Run               Last # of DB Queries
--------------------------------  -----  ---------  --------  ----------  --------------  -------------------  ----------------------
/opt/airflow/dags/weather_etl.py                           1           0  0.07s           2026-09-22T05:19:21                      14
================================================================================
[2026-09-22T05:20:14.317+0000] {manager.py:1008} INFO - 
================================================================================
DAG File Processing Stats

File Path                         PID    Runtime      # DAGs    # Errors  Last Runtime    Last Run               Last # of DB Queries
--------------------------------  -----  ---------  --------  ----------  --------------  -------------------  ----------------------
/opt/airflow/dags/weather_etl.py                           1           0  0.08s           2026-09-22T05:19:52                      14
================================================================================
[2026-09-22T05:20:44.773+0000] {manager.py:1008} INFO - 
================================================================================
DAG File Processing Stats

File Path                         PID    Runtime      # DAGs    # Errors  Last Runtime    Last Run               Last # of DB Queries
--------------------------------  -----  ---------  --------  ----------  --------------  -------------------  ----------------------
/opt/airflow/dags/weather_etl.py                           1           0  0.07s           2026-09-22T05:20:22                      14
================================================================================
[2026-09-22T05:21:15.261+0000] {manager.py:1008} INFO - 
================================================================================
DAG File Processing Stats

File Path                         PID    Runtime      # DAGs    # Errors  Last Runtime    Last Run               Last # of DB Queries
--------------------------------  -----  ---------  --------  ----------  --------------  -------------------  ----------------------
/opt/airflow/dags/weather_etl.py                           1           0  0.07s           2026-09-22T05:20:52                      14
================================================================================
[2026-09-22T05:21:45.646+0000] {manager.py:1008} INFO - 
================================================================================
DAG File Processing Stats

File Path                         PID    Runtime      # DAGs    # Errors  Last Runtime    Last Run               Last # of DB Queries
--------------------------------  -----  ---------  --------  ----------  --------------  -------------------  ----------------------
/opt/airflow/dags/weather_etl.py                           1           0  0.07s           2026-09-22T05:21:23                      14
================================================================================
[2026-09-22T05:22:16.050+0000] {manager.py:1008} INFO - 
================================================================================
DAG File Processing Stats

File Path                         PID    Runtime      # DAGs    # Errors  Last Runtime    Last Run               Last # of DB Queries
--------------------------------  -----  ---------  --------  ----------  --------------  -------------------  ----------------------
/opt/airflow/dags/weather_etl.py                           1           0  0.06s           2026-09-22T05:21:53                      14
================================================================================
[2026-09-22T05:22:46.478+0000] {manager.py:1008} INFO - 
================================================================================
DAG File Processing Stats

File Path                         PID    Runtime      # DAGs    # Errors  Last Runtime    Last Run               Last # of DB Queries
--------------------------------  -----  ---------  --------  ----------  --------------  -------------------  ----------------------
/opt/airflow/dags/weather_etl.py                           1           0  0.08s           2026-09-22T05:22:24                      14
================================================================================
[2026-09-22T05:23:16.950+0000] {manager.py:1008} INFO - 
================================================================================
DAG File Processing Stats

File Path                         PID    Runtime      # DAGs    # Errors  Last Runtime    Last Run               Last # of DB Queries
--------------------------------  -----  ---------  --------  ----------  --------------  -------------------  ----------------------
/opt/airflow/dags/weather_etl.py                           1           0  0.07s           2026-09-22T05:22:54                      14
================================================================================
[2026-09-22T05:23:27.122+0000] {manager.py:832} INFO - Searching for files in /opt/airflow/dags
[2026-09-22T05:23:27.132+0000] {manager.py:835} INFO - There are 1 files in /opt/airflow/dags
[2026-09-22T05:23:47.435+0000] {manager.py:1008} INFO - 
================================================================================
DAG File Processing Stats

File Path                         PID    Runtime      # DAGs    # Errors  Last Runtime    Last Run               Last # of DB Queries
--------------------------------  -----  ---------  --------  ----------  --------------  -------------------  ----------------------
/opt/airflow/dags/weather_etl.py                           1           0  0.09s           2026-09-22T05:23:25                      14
================================================================================
[2026-09-22T05:24:17.875+0000] {manager.py:1008} INFO - 
================================================================================
DAG File Processing Stats

File Path                         PID    Runtime      # DAGs    # Errors  Last Runtime    Last Run               Last # of DB Queries
--------------------------------  -----  ---------  --------  ----------  --------------  -------------------  ----------------------
/opt/airflow/dags/weather_etl.py                           1           0  0.08s           2026-09-22T05:23:55                      14
================================================================================
[2026-09-22T05:24:48.375+0000] {manager.py:1008} INFO - 
================================================================================
DAG File Processing Stats

File Path                         PID    Runtime      # DAGs    # Errors  Last Runtime    Last Run               Last # of DB Queries
--------------------------------  -----  ---------  --------  ----------  --------------  -------------------  ----------------------
/opt/airflow/dags/weather_etl.py                           1           0  0.07s           2026-09-22T05:24:26                      14
================================================================================
[2026-09-22T05:25:18.759+0000] {manager.py:1008} INFO - 
================================================================================
DAG File Processing Stats

File Path                         PID    Runtime      # DAGs    # Errors  Last Runtime    Last Run               Last # of DB Queries
--------------------------------  -----  ---------  --------  ----------  --------------  -------------------  ----------------------
/opt/airflow/dags/weather_etl.py                           1           0  0.07s           2026-09-22T05:24:56                      14
================================================================================
[2026-09-22T05:25:49.226+0000] {manager.py:1008} INFO - 
================================================================================
DAG File Processing Stats

File Path                         PID    Runtime      # DAGs    # Errors  Last Runtime    Last Run               Last # of DB Queries
--------------------------------  -----  ---------  --------  ----------  --------------  -------------------  ----------------------
/opt/airflow/dags/weather_etl.py                           1           0  0.07s           2026-09-22T05:25:26                      14
================================================================================
[2026-09-22T05:26:19.703+0000] {manager.py:1008} INFO - 
================================================================================
DAG File Processing Stats

File Path                         PID    Runtime      # DAGs    # Errors  Last Runtime    Last Run               Last # of DB Queries
--------------------------------  -----  ---------  --------  ----------  --------------  -------------------  ----------------------
/opt/airflow/dags/weather_etl.py                           1           0  0.07s           2026-09-22T05:25:57                      14
================================================================================
[2026-09-22T05:26:50.151+0000] {manager.py:1008} INFO - 
================================================================================
DAG File Processing Stats

File Path                         PID    Runtime      # DAGs    # Errors  Last Runtime    Last Run               Last # of DB Queries
--------------------------------  -----  ---------  --------  ----------  --------------  -------------------  ----------------------
/opt/airflow/dags/weather_etl.py                           1           0  0.07s           2026-09-22T05:26:27                      14
================================================================================
[2026-09-22T05:27:20.631+0000] {manager.py:1008} INFO - 
================================================================================
DAG File Processing Stats

File Path                         PID    Runtime      # DAGs    # Errors  Last Runtime    Last Run               Last # of DB Queries
--------------------------------  -----  ---------  --------  ----------  --------------  -------------------  ----------------------
/opt/airflow/dags/weather_etl.py                           1           0  0.07s           2026-09-22T05:26:58                      14
================================================================================
[2026-09-22T05:27:51.114+0000] {manager.py:1008} INFO - 
================================================================================
DAG File Processing Stats

File Path                         PID    Runtime      # DAGs    # Errors  Last Runtime    Last Run               Last # of DB Queries
--------------------------------  -----  ---------  --------  ----------  --------------  -------------------  ----------------------
/opt/airflow/dags/weather_etl.py                           1           0  0.07s           2026-09-22T05:27:28                      14
================================================================================
[2026-09-22T05:28:22.023+0000] {manager.py:1008} INFO - 
================================================================================
DAG File Processing Stats

File Path                         PID    Runtime      # DAGs    # Errors  Last Runtime    Last Run               Last # of DB Queries
--------------------------------  -----  ---------  --------  ----------  --------------  -------------------  ----------------------
/opt/airflow/dags/weather_etl.py                           1           0  0.07s           2026-09-22T05:27:59                      14
================================================================================
[2026-09-22T05:28:28.097+0000] {manager.py:832} INFO - Searching for files in /opt/airflow/dags
[2026-09-22T05:28:28.110+0000] {manager.py:835} INFO - There are 1 files in /opt/airflow/dags
[2026-09-22T05:28:52.445+0000] {manager.py:1008} INFO - 
================================================================================
DAG File Processing Stats

File Path                         PID    Runtime      # DAGs    # Errors  Last Runtime    Last Run               Last # of DB Queries
--------------------------------  -----  ---------  --------  ----------  --------------  -------------------  ----------------------
/opt/airflow/dags/weather_etl.py                           1           0  0.11s           2026-09-22T05:28:30                      14
================================================================================
[2026-09-22T05:29:22.807+0000] {manager.py:1008} INFO - 
================================================================================
DAG File Processing Stats

File Path                         PID    Runtime      # DAGs    # Errors  Last Runtime    Last Run               Last # of DB Queries
--------------------------------  -----  ---------  --------  ----------  --------------  -------------------  ----------------------
/opt/airflow/dags/weather_etl.py                           1           0  0.08s           2026-09-22T05:29:00                      14
================================================================================
[2026-09-22T05:29:53.168+0000] {manager.py:1008} INFO - 
================================================================================
DAG File Processing Stats

File Path                         PID    Runtime      # DAGs    # Errors  Last Runtime    Last Run               Last # of DB Queries
--------------------------------  -----  ---------  --------  ----------  --------------  -------------------  ----------------------
/opt/airflow/dags/weather_etl.py                           1           0  0.07s           2026-09-22T05:29:30                      14
================================================================================
[2026-09-22T05:30:23.458+0000] {manager.py:1008} INFO - 
================================================================================
DAG File Processing Stats

File Path                         PID    Runtime      # DAGs    # Errors  Last Runtime    Last Run               Last # of DB Queries
--------------------------------  -----  ---------  --------  ----------  --------------  -------------------  ----------------------
/opt/airflow/dags/weather_etl.py                           1           0  0.06s           2026-09-22T05:30:01                      14
================================================================================
[2026-09-22T05:30:53.787+0000] {manager.py:1008} INFO - 
================================================================================
DAG File Processing Stats

File Path                         PID    Runtime      # DAGs    # Errors  Last Runtime    Last Run               Last # of DB Queries
--------------------------------  -----  ---------  --------  ----------  --------------  -------------------  ----------------------
/opt/airflow/dags/weather_etl.py                           1           0  0.07s           2026-09-22T05:30:31                      14
================================================================================
[2026-09-22T05:31:24.148+0000] {manager.py:1008} INFO - 
================================================================================
DAG File Processing Stats

File Path                         PID    Runtime      # DAGs    # Errors  Last Runtime    Last Run               Last # of DB Queries
--------------------------------  -----  ---------  --------  ----------  --------------  -------------------  ----------------------
/opt/airflow/dags/weather_etl.py                           1           0  0.08s           2026-09-22T05:31:01                      14
================================================================================
[2026-09-22T05:31:54.531+0000] {manager.py:1008} INFO - 
================================================================================
DAG File Processing Stats

File Path                         PID    Runtime      # DAGs    # Errors  Last Runtime    Last Run               Last # of DB Queries
--------------------------------  -----  ---------  --------  ----------  --------------  -------------------  ----------------------
/opt/airflow/dags/weather_etl.py                           1           0  0.11s           2026-09-22T05:31:32                      14
================================================================================
[2026-09-22T05:32:24.924+0000] {manager.py:1008} INFO - 
================================================================================
DAG File Processing Stats

File Path                         PID    Runtime      # DAGs    # Errors  Last Runtime    Last Run               Last # of DB Queries
--------------------------------  -----  ---------  --------  ----------  --------------  -------------------  ----------------------
/opt/airflow/dags/weather_etl.py                           1           0  0.08s           2026-09-22T05:32:02                      14
================================================================================
[2026-09-22T05:32:55.275+0000] {manager.py:1008} INFO - 
================================================================================
DAG File Processing Stats

File Path                         PID    Runtime      # DAGs    # Errors  Last Runtime    Last Run               Last # of DB Queries
--------------------------------  -----  ---------  --------  ----------  --------------  -------------------  ----------------------
/opt/airflow/dags/weather_etl.py                           1           0  0.07s           2026-09-22T05:32:33                      14
================================================================================
[2026-09-22T05:33:25.635+0000] {manager.py:1008} INFO - 
================================================================================
DAG File Processing Stats

File Path                         PID    Runtime      # DAGs    # Errors  Last Runtime    Last Run               Last # of DB Queries
--------------------------------  -----  ---------  --------  ----------  --------------  -------------------  ----------------------
/opt/airflow/dags/weather_etl.py                           1           0  0.07s           2026-09-22T05:33:03                      14
================================================================================
[2026-09-22T05:33:28.668+0000] {manager.py:832} INFO - Searching for files in /opt/airflow/dags
[2026-09-22T05:33:28.677+0000] {manager.py:835} INFO - There are 1 files in /opt/airflow/dags
[2026-09-22T05:33:56.026+0000] {manager.py:1008} INFO - 
================================================================================
DAG File Processing Stats

File Path                         PID    Runtime      # DAGs    # Errors  Last Runtime    Last Run               Last # of DB Queries
--------------------------------  -----  ---------  --------  ----------  --------------  -------------------  ----------------------
/opt/airflow/dags/weather_etl.py                           1           0  0.07s           2026-09-22T05:33:33                      14
================================================================================
[2026-09-22T05:34:26.354+0000] {manager.py:1008} INFO - 
================================================================================
DAG File Processing Stats

File Path                         PID    Runtime      # DAGs    # Errors  Last Runtime    Last Run               Last # of DB Queries
--------------------------------  -----  ---------  --------  ----------  --------------  -------------------  ----------------------
/opt/airflow/dags/weather_etl.py                           1           0  0.07s           2026-09-22T05:34:04                      14
================================================================================
[2026-09-22T05:34:56.672+0000] {manager.py:1008} INFO - 
================================================================================
DAG File Processing Stats

File Path                         PID    Runtime      # DAGs    # Errors  Last Runtime    Last Run               Last # of DB Queries
--------------------------------  -----  ---------  --------  ----------  --------------  -------------------  ----------------------
/opt/airflow/dags/weather_etl.py                           1           0  0.07s           2026-09-22T05:34:34                      14
================================================================================
[2026-09-22T05:35:27.051+0000] {manager.py:1008} INFO - 
================================================================================
DAG File Processing Stats

File Path                         PID    Runtime      # DAGs    # Errors  Last Runtime    Last Run               Last # of DB Queries
--------------------------------  -----  ---------  --------  ----------  --------------  -------------------  ----------------------
/opt/airflow/dags/weather_etl.py                           1           0  0.10s           2026-09-22T05:35:04                      14
================================================================================
[2026-09-22T05:35:57.386+0000] {manager.py:1008} INFO - 
================================================================================
DAG File Processing Stats

File Path                         PID    Runtime      # DAGs    # Errors  Last Runtime    Last Run               Last # of DB Queries
--------------------------------  -----  ---------  --------  ----------  --------------  -------------------  ----------------------
/opt/airflow/dags/weather_etl.py                           1           0  0.05s           2026-09-22T05:35:35                      14
================================================================================
[2026-09-22T05:36:27.755+0000] {manager.py:1008} INFO - 
================================================================================
DAG File Processing Stats

File Path                         PID    Runtime      # DAGs    # Errors  Last Runtime    Last Run               Last # of DB Queries
--------------------------------  -----  ---------  --------  ----------  --------------  -------------------  ----------------------
/opt/airflow/dags/weather_etl.py                           1           0  0.10s           2026-09-22T05:36:05                      14
================================================================================
[2026-09-22T05:36:58.137+0000] {manager.py:1008} INFO - 
================================================================================
DAG File Processing Stats

File Path                         PID    Runtime      # DAGs    # Errors  Last Runtime    Last Run               Last # of DB Queries
--------------------------------  -----  ---------  --------  ----------  --------------  -------------------  ----------------------
/opt/airflow/dags/weather_etl.py                           1           0  0.07s           2026-09-22T05:36:35                      14
================================================================================
[2026-09-22T05:37:28.501+0000] {manager.py:1008} INFO - 
================================================================================
DAG File Processing Stats

File Path                         PID    Runtime      # DAGs    # Errors  Last Runtime    Last Run               Last # of DB Queries
--------------------------------  -----  ---------  --------  ----------  --------------  -------------------  ----------------------
/opt/airflow/dags/weather_etl.py                           1           0  0.07s           2026-09-22T05:37:06                      14
================================================================================
[2026-09-22T05:37:58.858+0000] {manager.py:1008} INFO - 
================================================================================
DAG File Processing Stats

File Path                         PID    Runtime      # DAGs    # Errors  Last Runtime    Last Run               Last # of DB Queries
--------------------------------  -----  ---------  --------  ----------  --------------  -------------------  ----------------------
/opt/airflow/dags/weather_etl.py                           1           0  0.07s           2026-09-22T05:37:36                      14
================================================================================
[2026-09-22T05:38:29.188+0000] {manager.py:832} INFO - Searching for files in /opt/airflow/dags
[2026-09-22T05:38:29.197+0000] {manager.py:835} INFO - There are 1 files in /opt/airflow/dags
[2026-09-22T05:38:29.207+0000] {manager.py:1008} INFO - 
================================================================================
DAG File Processing Stats

File Path                         PID    Runtime      # DAGs    # Errors  Last Runtime    Last Run               Last # of DB Queries
--------------------------------  -----  ---------  --------  ----------  --------------  -------------------  ----------------------
/opt/airflow/dags/weather_etl.py                           1           0  0.07s           2026-09-22T05:38:07                      14
================================================================================
[2026-09-22T05:38:59.555+0000] {manager.py:1008} INFO - 
================================================================================
DAG File Processing Stats

File Path                         PID    Runtime      # DAGs    # Errors  Last Runtime    Last Run               Last # of DB Queries
--------------------------------  -----  ---------  --------  ----------  --------------  -------------------  ----------------------
/opt/airflow/dags/weather_etl.py                           1           0  0.05s           2026-09-22T05:38:37                      14
================================================================================
[2026-09-22T05:39:29.914+0000] {manager.py:1008} INFO - 
================================================================================
DAG File Processing Stats

File Path                         PID    Runtime      # DAGs    # Errors  Last Runtime    Last Run               Last # of DB Queries
--------------------------------  -----  ---------  --------  ----------  --------------  -------------------  ----------------------
/opt/airflow/dags/weather_etl.py                           1           0  0.09s           2026-09-22T05:39:07                      14
================================================================================
[2026-09-22T05:40:00.274+0000] {manager.py:1008} INFO - 
================================================================================
DAG File Processing Stats

File Path                         PID    Runtime      # DAGs    # Errors  Last Runtime    Last Run               Last # of DB Queries
--------------------------------  -----  ---------  --------  ----------  --------------  -------------------  ----------------------
/opt/airflow/dags/weather_etl.py                           1           0  0.08s           2026-09-22T05:39:38                      14
================================================================================
[2026-09-22T05:40:30.612+0000] {manager.py:1008} INFO - 
================================================================================
DAG File Processing Stats

File Path                         PID    Runtime      # DAGs    # Errors  Last Runtime    Last Run               Last # of DB Queries
--------------------------------  -----  ---------  --------  ----------  --------------  -------------------  ----------------------
/opt/airflow/dags/weather_etl.py                           1           0  0.07s           2026-09-22T05:40:08                      14
================================================================================
[2026-09-22T05:41:00.975+0000] {manager.py:1008} INFO - 
================================================================================
DAG File Processing Stats

File Path                         PID    Runtime      # DAGs    # Errors  Last Runtime    Last Run               Last # of DB Queries
--------------------------------  -----  ---------  --------  ----------  --------------  -------------------  ----------------------
/opt/airflow/dags/weather_etl.py                           1           0  0.07s           2026-09-22T05:40:38                      14
================================================================================
[2026-09-22T05:41:31.384+0000] {manager.py:1008} INFO - 
================================================================================
DAG File Processing Stats

File Path                         PID    Runtime      # DAGs    # Errors  Last Runtime    Last Run               Last # of DB Queries
--------------------------------  -----  ---------  --------  ----------  --------------  -------------------  ----------------------
/opt/airflow/dags/weather_etl.py                           1           0  0.07s           2026-09-22T05:41:09                      14
================================================================================
[2026-09-22T05:42:01.844+0000] {manager.py:1008} INFO - 
================================================================================
DAG File Processing Stats

File Path                         PID    Runtime      # DAGs    # Errors  Last Runtime    Last Run               Last # of DB Queries
--------------------------------  -----  ---------  --------  ----------  --------------  -------------------  ----------------------
/opt/airflow/dags/weather_etl.py                           1           0  0.07s           2026-09-22T05:41:39                      14
================================================================================
[2026-09-22T05:42:32.205+0000] {manager.py:1008} INFO - 
================================================================================
DAG File Processing Stats

File Path                         PID    Runtime      # DAGs    # Errors  Last Runtime    Last Run               Last # of DB Queries
--------------------------------  -----  ---------  --------  ----------  --------------  -------------------  ----------------------
/opt/airflow/dags/weather_etl.py                           1           0  0.07s           2026-09-22T05:42:10                      14
================================================================================
[2026-09-22T05:43:02.611+0000] {manager.py:1008} INFO - 
================================================================================
DAG File Processing Stats

File Path                         PID    Runtime      # DAGs    # Errors  Last Runtime    Last Run               Last # of DB Queries
--------------------------------  -----  ---------  --------  ----------  --------------  -------------------  ----------------------
/opt/airflow/dags/weather_etl.py                           1           0  0.07s           2026-09-22T05:42:40                      14
================================================================================
[2026-09-22T05:43:30.001+0000] {manager.py:832} INFO - Searching for files in /opt/airflow/dags
[2026-09-22T05:43:30.006+0000] {manager.py:835} INFO - There are 1 files in /opt/airflow/dags
[2026-09-22T05:43:33.052+0000] {manager.py:1008} INFO - 
================================================================================
DAG File Processing Stats

File Path                         PID    Runtime      # DAGs    # Errors  Last Runtime    Last Run               Last # of DB Queries
--------------------------------  -----  ---------  --------  ----------  --------------  -------------------  ----------------------
/opt/airflow/dags/weather_etl.py                           1           0  0.07s           2026-09-22T05:43:10                      14
================================================================================
[2026-09-22T05:44:03.508+0000] {manager.py:1008} INFO - 
================================================================================
DAG File Processing Stats

File Path                         PID    Runtime      # DAGs    # Errors  Last Runtime    Last Run               Last # of DB Queries
--------------------------------  -----  ---------  --------  ----------  --------------  -------------------  ----------------------
/opt/airflow/dags/weather_etl.py                           1           0  0.07s           2026-09-22T05:43:41                      14
================================================================================
[2026-09-22T05:44:33.967+0000] {manager.py:1008} INFO - 
================================================================================
DAG File Processing Stats

File Path                         PID    Runtime      # DAGs    # Errors  Last Runtime    Last Run               Last # of DB Queries
--------------------------------  -----  ---------  --------  ----------  --------------  -------------------  ----------------------
/opt/airflow/dags/weather_etl.py                           1           0  0.07s           2026-09-22T05:44:11                      14
================================================================================
[2026-09-22T05:45:04.342+0000] {manager.py:1008} INFO - 
================================================================================
DAG File Processing Stats

File Path                         PID    Runtime      # DAGs    # Errors  Last Runtime    Last Run               Last # of DB Queries
--------------------------------  -----  ---------  --------  ----------  --------------  -------------------  ----------------------
/opt/airflow/dags/weather_etl.py                           1           0  0.07s           2026-09-22T05:44:42                      14
================================================================================
[2026-09-22T05:45:34.710+0000] {manager.py:1008} INFO - 
================================================================================
DAG File Processing Stats

File Path                         PID    Runtime      # DAGs    # Errors  Last Runtime    Last Run               Last # of DB Queries
--------------------------------  -----  ---------  --------  ----------  --------------  -------------------  ----------------------
/opt/airflow/dags/weather_etl.py                           1           0  0.07s           2026-09-22T05:45:12                      14
================================================================================
[2026-09-22T05:46:05.083+0000] {manager.py:1008} INFO - 
================================================================================
DAG File Processing Stats

File Path                         PID    Runtime      # DAGs    # Errors  Last Runtime    Last Run               Last # of DB Queries
--------------------------------  -----  ---------  --------  ----------  --------------  -------------------  ----------------------
/opt/airflow/dags/weather_etl.py                           1           0  0.07s           2026-09-22T05:45:42                      14
================================================================================
[2026-09-22T05:46:35.436+0000] {manager.py:1008} INFO - 
================================================================================
DAG File Processing Stats

File Path                         PID    Runtime      # DAGs    # Errors  Last Runtime    Last Run               Last # of DB Queries
--------------------------------  -----  ---------  --------  ----------  --------------  -------------------  ----------------------
/opt/airflow/dags/weather_etl.py                           1           0  0.08s           2026-09-22T05:46:13                      14
================================================================================
[2026-09-22T05:47:05.758+0000] {manager.py:1008} INFO - 
================================================================================
DAG File Processing Stats

File Path                         PID    Runtime      # DAGs    # Errors  Last Runtime    Last Run               Last # of DB Queries
--------------------------------  -----  ---------  --------  ----------  --------------  -------------------  ----------------------
/opt/airflow/dags/weather_etl.py                           1           0  0.08s           2026-09-22T05:46:43                      14
================================================================================
[2026-09-22T05:47:36.070+0000] {manager.py:1008} INFO - 
================================================================================
DAG File Processing Stats

File Path                         PID    Runtime      # DAGs    # Errors  Last Runtime    Last Run               Last # of DB Queries
--------------------------------  -----  ---------  --------  ----------  --------------  -------------------  ----------------------
/opt/airflow/dags/weather_etl.py                           1           0  0.07s           2026-09-22T05:47:13                      14
================================================================================
[2026-09-22T05:48:06.422+0000] {manager.py:1008} INFO - 
================================================================================
DAG File Processing Stats

File Path                         PID    Runtime      # DAGs    # Errors  Last Runtime    Last Run               Last # of DB Queries
--------------------------------  -----  ---------  --------  ----------  --------------  -------------------  ----------------------
/opt/airflow/dags/weather_etl.py                           1           0  0.07s           2026-09-22T05:47:44                      14
================================================================================
[2026-09-22T05:48:30.717+0000] {manager.py:832} INFO - Searching for files in /opt/airflow/dags
[2026-09-22T05:48:30.725+0000] {manager.py:835} INFO - There are 1 files in /opt/airflow/dags
[2026-09-22T05:48:36.807+0000] {manager.py:1008} INFO - 
================================================================================
DAG File Processing Stats

File Path                         PID    Runtime      # DAGs    # Errors  Last Runtime    Last Run               Last # of DB Queries
--------------------------------  -----  ---------  --------  ----------  --------------  -------------------  ----------------------
/opt/airflow/dags/weather_etl.py                           1           0  0.07s           2026-09-22T05:48:14                      14
================================================================================
[2026-09-22T05:49:07.187+0000] {manager.py:1008} INFO - 
================================================================================
DAG File Processing Stats

File Path                         PID    Runtime      # DAGs    # Errors  Last Runtime    Last Run               Last # of DB Queries
--------------------------------  -----  ---------  --------  ----------  --------------  -------------------  ----------------------
/opt/airflow/dags/weather_etl.py                           1           0  0.07s           2026-09-22T05:48:44                      14
================================================================================
[2026-09-22T05:49:37.558+0000] {manager.py:1008} INFO - 
================================================================================
DAG File Processing Stats

File Path                         PID    Runtime      # DAGs    # Errors  Last Runtime    Last Run               Last # of DB Queries
--------------------------------  -----  ---------  --------  ----------  --------------  -------------------  ----------------------
/opt/airflow/dags/weather_etl.py                           1           0  0.08s           2026-09-22T05:49:15                      14
================================================================================
[2026-09-22T05:50:08.011+0000] {manager.py:1008} INFO - 
================================================================================
DAG File Processing Stats

File Path                         PID    Runtime      # DAGs    # Errors  Last Runtime    Last Run               Last # of DB Queries
--------------------------------  -----  ---------  --------  ----------  --------------  -------------------  ----------------------
/opt/airflow/dags/weather_etl.py                           1           0  0.07s           2026-09-22T05:49:45                      14
================================================================================
[2026-09-22T05:50:38.436+0000] {manager.py:1008} INFO - 
================================================================================
DAG File Processing Stats

File Path                         PID    Runtime      # DAGs    # Errors  Last Runtime    Last Run               Last # of DB Queries
--------------------------------  -----  ---------  --------  ----------  --------------  -------------------  ----------------------
/opt/airflow/dags/weather_etl.py                           1           0  0.07s           2026-09-22T05:50:16                      14
================================================================================
[2026-09-22T05:51:08.813+0000] {manager.py:1008} INFO - 
================================================================================
DAG File Processing Stats

File Path                         PID    Runtime      # DAGs    # Errors  Last Runtime    Last Run               Last # of DB Queries
--------------------------------  -----  ---------  --------  ----------  --------------  -------------------  ----------------------
/opt/airflow/dags/weather_etl.py                           1           0  0.07s           2026-09-22T05:50:46                      14
================================================================================
[2026-09-22T05:51:39.189+0000] {manager.py:1008} INFO - 
================================================================================
DAG File Processing Stats

File Path                         PID    Runtime      # DAGs    # Errors  Last Runtime    Last Run               Last # of DB Queries
--------------------------------  -----  ---------  --------  ----------  --------------  -------------------  ----------------------
/opt/airflow/dags/weather_etl.py                           1           0  0.07s           2026-09-22T05:51:16                      14
================================================================================
[2026-09-22T05:52:09.609+0000] {manager.py:1008} INFO - 
================================================================================
DAG File Processing Stats

File Path                         PID    Runtime      # DAGs    # Errors  Last Runtime    Last Run               Last # of DB Queries
--------------------------------  -----  ---------  --------  ----------  --------------  -------------------  ----------------------
/opt/airflow/dags/weather_etl.py                           1           0  0.07s           2026-09-22T05:51:47                      14
================================================================================
[2026-09-22T05:52:40.022+0000] {manager.py:1008} INFO - 
================================================================================
DAG File Processing Stats

File Path                         PID    Runtime      # DAGs    # Errors  Last Runtime    Last Run               Last # of DB Queries
--------------------------------  -----  ---------  --------  ----------  --------------  -------------------  ----------------------
/opt/airflow/dags/weather_etl.py                           1           0  0.07s           2026-09-22T05:52:17                      14
================================================================================
[2026-09-22T05:53:10.453+0000] {manager.py:1008} INFO - 
================================================================================
DAG File Processing Stats

File Path                         PID    Runtime      # DAGs    # Errors  Last Runtime    Last Run               Last # of DB Queries
--------------------------------  -----  ---------  --------  ----------  --------------  -------------------  ----------------------
/opt/airflow/dags/weather_etl.py                           1           0  0.07s           2026-09-22T05:52:48                      14
================================================================================
[2026-09-22T05:53:30.747+0000] {manager.py:832} INFO - Searching for files in /opt/airflow/dags
[2026-09-22T05:53:30.758+0000] {manager.py:835} INFO - There are 1 files in /opt/airflow/dags
[2026-09-22T05:53:40.885+0000] {manager.py:1008} INFO - 
================================================================================
DAG File Processing Stats

File Path                         PID    Runtime      # DAGs    # Errors  Last Runtime    Last Run               Last # of DB Queries
--------------------------------  -----  ---------  --------  ----------  --------------  -------------------  ----------------------
/opt/airflow/dags/weather_etl.py                           1           0  0.10s           2026-09-22T05:53:18                      14
================================================================================
[2026-09-22T05:54:11.321+0000] {manager.py:1008} INFO - 
================================================================================
DAG File Processing Stats

File Path                         PID    Runtime      # DAGs    # Errors  Last Runtime    Last Run               Last # of DB Queries
--------------------------------  -----  ---------  --------  ----------  --------------  -------------------  ----------------------
/opt/airflow/dags/weather_etl.py                           1           0  0.10s           2026-09-22T05:53:49                      14
================================================================================
[2026-09-22T05:54:41.870+0000] {manager.py:1008} INFO - 
================================================================================
DAG File Processing Stats

File Path                         PID    Runtime      # DAGs    # Errors  Last Runtime    Last Run               Last # of DB Queries
--------------------------------  -----  ---------  --------  ----------  --------------  -------------------  ----------------------
/opt/airflow/dags/weather_etl.py                           1           0  0.08s           2026-09-22T05:54:19                      14
================================================================================
[2026-09-22T05:55:12.248+0000] {manager.py:1008} INFO - 
================================================================================
DAG File Processing Stats

File Path                         PID    Runtime      # DAGs    # Errors  Last Runtime    Last Run               Last # of DB Queries
--------------------------------  -----  ---------  --------  ----------  --------------  -------------------  ----------------------
/opt/airflow/dags/weather_etl.py                           1           0  0.11s           2026-09-22T05:54:50                      14
================================================================================
[2026-09-22T05:55:42.605+0000] {manager.py:1008} INFO - 
================================================================================
DAG File Processing Stats

File Path                         PID    Runtime      # DAGs    # Errors  Last Runtime    Last Run               Last # of DB Queries
--------------------------------  -----  ---------  --------  ----------  --------------  -------------------  ----------------------
/opt/airflow/dags/weather_etl.py                           1           0  0.08s           2026-09-22T05:55:20                      14
================================================================================
[2026-09-22T05:56:12.979+0000] {manager.py:1008} INFO - 
================================================================================
DAG File Processing Stats

File Path                         PID    Runtime      # DAGs    # Errors  Last Runtime    Last Run               Last # of DB Queries
--------------------------------  -----  ---------  --------  ----------  --------------  -------------------  ----------------------
/opt/airflow/dags/weather_etl.py                           1           0  0.08s           2026-09-22T05:55:50                      14
================================================================================
[2026-09-22T05:56:43.354+0000] {manager.py:1008} INFO - 
================================================================================
DAG File Processing Stats

File Path                         PID    Runtime      # DAGs    # Errors  Last Runtime    Last Run               Last # of DB Queries
--------------------------------  -----  ---------  --------  ----------  --------------  -------------------  ----------------------
/opt/airflow/dags/weather_etl.py                           1           0  0.07s           2026-09-22T05:56:21                      14
================================================================================
[2026-09-22T05:57:13.724+0000] {manager.py:1008} INFO - 
================================================================================
DAG File Processing Stats

File Path                         PID    Runtime      # DAGs    # Errors  Last Runtime    Last Run               Last # of DB Queries
--------------------------------  -----  ---------  --------  ----------  --------------  -------------------  ----------------------
/opt/airflow/dags/weather_etl.py                           1           0  0.07s           2026-09-22T05:56:51                      14
================================================================================
[2026-09-22T05:57:44.093+0000] {manager.py:1008} INFO - 
================================================================================
DAG File Processing Stats

File Path                         PID    Runtime      # DAGs    # Errors  Last Runtime    Last Run               Last # of DB Queries
--------------------------------  -----  ---------  --------  ----------  --------------  -------------------  ----------------------
/opt/airflow/dags/weather_etl.py                           1           0  0.07s           2026-09-22T05:57:21                      14
================================================================================
[2026-09-22T05:58:14.430+0000] {manager.py:1008} INFO - 
================================================================================
DAG File Processing Stats

File Path                         PID    Runtime      # DAGs    # Errors  Last Runtime    Last Run               Last # of DB Queries
--------------------------------  -----  ---------  --------  ----------  --------------  -------------------  ----------------------
/opt/airflow/dags/weather_etl.py                           1           0  0.13s           2026-09-22T05:57:52                      14
================================================================================
[2026-09-22T05:58:31.622+0000] {manager.py:832} INFO - Searching for files in /opt/airflow/dags
[2026-09-22T05:58:31.631+0000] {manager.py:835} INFO - There are 1 files in /opt/airflow/dags
[2026-09-22T05:58:44.778+0000] {manager.py:1008} INFO - 
================================================================================
DAG File Processing Stats

File Path                         PID    Runtime      # DAGs    # Errors  Last Runtime    Last Run               Last # of DB Queries
--------------------------------  -----  ---------  --------  ----------  --------------  -------------------  ----------------------
/opt/airflow/dags/weather_etl.py                           1           0  0.07s           2026-09-22T05:58:22                      14
================================================================================
[2026-09-22T05:59:15.114+0000] {manager.py:1008} INFO - 
================================================================================
DAG File Processing Stats

File Path                         PID    Runtime      # DAGs    # Errors  Last Runtime    Last Run               Last # of DB Queries
--------------------------------  -----  ---------  --------  ----------  --------------  -------------------  ----------------------
/opt/airflow/dags/weather_etl.py                           1           0  0.07s           2026-09-22T05:58:52                      14
================================================================================
[2026-09-22T05:59:45.477+0000] {manager.py:1008} INFO - 
================================================================================
DAG File Processing Stats

File Path                         PID    Runtime      # DAGs    # Errors  Last Runtime    Last Run               Last # of DB Queries
--------------------------------  -----  ---------  --------  ----------  --------------  -------------------  ----------------------
/opt/airflow/dags/weather_etl.py                           1           0  0.07s           2026-09-22T05:59:23                      14
================================================================================
[2026-09-22T06:00:15.841+0000] {manager.py:1008} INFO - 
================================================================================
DAG File Processing Stats

File Path                         PID    Runtime      # DAGs    # Errors  Last Runtime    Last Run               Last # of DB Queries
--------------------------------  -----  ---------  --------  ----------  --------------  -------------------  ----------------------
/opt/airflow/dags/weather_etl.py                           1           0  0.07s           2026-09-22T05:59:53                      14
================================================================================
[2026-09-22T06:00:46.218+0000] {manager.py:1008} INFO - 
================================================================================
DAG File Processing Stats

File Path                         PID    Runtime      # DAGs    # Errors  Last Runtime    Last Run               Last # of DB Queries
--------------------------------  -----  ---------  --------  ----------  --------------  -------------------  ----------------------
/opt/airflow/dags/weather_etl.py                           1           0  0.08s           2026-09-22T06:00:24                      14
================================================================================
[2026-09-22T06:01:16.558+0000] {manager.py:1008} INFO - 
================================================================================
DAG File Processing Stats

File Path                         PID    Runtime      # DAGs    # Errors  Last Runtime    Last Run               Last # of DB Queries
--------------------------------  -----  ---------  --------  ----------  --------------  -------------------  ----------------------
/opt/airflow/dags/weather_etl.py                           1           0  0.08s           2026-09-22T06:00:54                      14
================================================================================
[2026-09-22T06:01:46.924+0000] {manager.py:1008} INFO - 
================================================================================
DAG File Processing Stats

File Path                         PID    Runtime      # DAGs    # Errors  Last Runtime    Last Run               Last # of DB Queries
--------------------------------  -----  ---------  --------  ----------  --------------  -------------------  ----------------------
/opt/airflow/dags/weather_etl.py                           1           0  0.09s           2026-09-22T06:01:24                      14
================================================================================
[2026-09-22T06:02:17.306+0000] {manager.py:1008} INFO - 
================================================================================
DAG File Processing Stats

File Path                         PID    Runtime      # DAGs    # Errors  Last Runtime    Last Run               Last # of DB Queries
--------------------------------  -----  ---------  --------  ----------  --------------  -------------------  ----------------------
/opt/airflow/dags/weather_etl.py                           1           0  0.10s           2026-09-22T06:01:55                      14
================================================================================
[2026-09-22T06:02:47.712+0000] {manager.py:1008} INFO - 
================================================================================
DAG File Processing Stats

File Path                         PID    Runtime      # DAGs    # Errors  Last Runtime    Last Run               Last # of DB Queries
--------------------------------  -----  ---------  --------  ----------  --------------  -------------------  ----------------------
/opt/airflow/dags/weather_etl.py                           1           0  0.08s           2026-09-22T06:02:25                      14
================================================================================
[2026-09-22T06:03:19.741+0000] {manager.py:1008} INFO - 
================================================================================
DAG File Processing Stats

File Path                         PID    Runtime      # DAGs    # Errors  Last Runtime    Last Run               Last # of DB Queries
--------------------------------  -----  ---------  --------  ----------  --------------  -------------------  ----------------------
/opt/airflow/dags/weather_etl.py                           1           0  0.13s           2026-09-22T06:02:55                      14
================================================================================
[2026-09-22T06:03:31.924+0000] {manager.py:832} INFO - Searching for files in /opt/airflow/dags
[2026-09-22T06:03:31.934+0000] {manager.py:835} INFO - There are 1 files in /opt/airflow/dags
[2026-09-22T06:03:50.190+0000] {manager.py:1008} INFO - 
================================================================================
DAG File Processing Stats

File Path                         PID    Runtime      # DAGs    # Errors  Last Runtime    Last Run               Last # of DB Queries
--------------------------------  -----  ---------  --------  ----------  --------------  -------------------  ----------------------
/opt/airflow/dags/weather_etl.py                           1           0  0.08s           2026-09-22T06:03:26                      14
================================================================================
[2026-09-22T06:20:47.743+0000] {manager.py:832} INFO - Searching for files in /opt/airflow/dags
[2026-09-22T06:20:47.754+0000] {manager.py:835} INFO - There are 1 files in /opt/airflow/dags
[2026-09-22T06:21:00.958+0000] {manager.py:1008} INFO - 
================================================================================
DAG File Processing Stats

File Path                         PID    Runtime      # DAGs    # Errors  Last Runtime    Last Run               Last # of DB Queries
--------------------------------  -----  ---------  --------  ----------  --------------  -------------------  ----------------------
/opt/airflow/dags/weather_etl.py                           1           0  0.07s           2026-09-22T06:20:47                      14
================================================================================
[2026-09-22T06:40:45.953+0000] {manager.py:832} INFO - Searching for files in /opt/airflow/dags
[2026-09-22T06:40:45.958+0000] {manager.py:835} INFO - There are 1 files in /opt/airflow/dags
[2026-09-22T06:40:59.126+0000] {manager.py:1008} INFO - 
================================================================================
DAG File Processing Stats

File Path                         PID    Runtime      # DAGs    # Errors  Last Runtime    Last Run               Last # of DB Queries
--------------------------------  -----  ---------  --------  ----------  --------------  -------------------  ----------------------
/opt/airflow/dags/weather_etl.py                           1           0  0.07s           2026-09-22T06:40:46                      14
================================================================================
[2026-09-22T06:56:23.695+0000] {manager.py:832} INFO - Searching for files in /opt/airflow/dags
[2026-09-22T06:56:23.704+0000] {manager.py:835} INFO - There are 1 files in /opt/airflow/dags
[2026-09-22T06:56:38.002+0000] {manager.py:1008} INFO - 
================================================================================
DAG File Processing Stats

File Path                         PID    Runtime      # DAGs    # Errors  Last Runtime    Last Run               Last # of DB Queries
--------------------------------  -----  ---------  --------  ----------  --------------  -------------------  ----------------------
/opt/airflow/dags/weather_etl.py                           1           0  0.08s           2026-09-22T06:56:23                      14
================================================================================
[2026-09-22T07:31:27.525+0000] {manager.py:832} INFO - Searching for files in /opt/airflow/dags
[2026-09-22T07:31:27.529+0000] {manager.py:835} INFO - There are 1 files in /opt/airflow/dags
[2026-09-22T07:31:41.993+0000] {manager.py:1008} INFO - 
================================================================================
DAG File Processing Stats

File Path                         PID    Runtime      # DAGs    # Errors  Last Runtime    Last Run               Last # of DB Queries
--------------------------------  -----  ---------  --------  ----------  --------------  -------------------  ----------------------
/opt/airflow/dags/weather_etl.py                           1           0  0.12s           2026-09-22T07:31:27                      14
================================================================================
[2026-09-22T08:37:00.595+0000] {manager.py:832} INFO - Searching for files in /opt/airflow/dags
[2026-09-22T08:37:00.599+0000] {manager.py:835} INFO - There are 1 files in /opt/airflow/dags
[2026-09-22T08:37:15.859+0000] {manager.py:1008} INFO - 
================================================================================
DAG File Processing Stats

File Path                         PID    Runtime      # DAGs    # Errors  Last Runtime    Last Run               Last # of DB Queries
--------------------------------  -----  ---------  --------  ----------  --------------  -------------------  ----------------------
/opt/airflow/dags/weather_etl.py                           1           0  0.11s           2026-09-22T08:37:00                      14
================================================================================
[2026-09-22T08:55:01.246+0000] {manager.py:832} INFO - Searching for files in /opt/airflow/dags
[2026-09-22T08:55:01.257+0000] {manager.py:835} INFO - There are 1 files in /opt/airflow/dags
[2026-09-22T08:55:16.527+0000] {manager.py:1008} INFO - 
================================================================================
DAG File Processing Stats

File Path                         PID    Runtime      # DAGs    # Errors  Last Runtime    Last Run               Last # of DB Queries
--------------------------------  -----  ---------  --------  ----------  --------------  -------------------  ----------------------
/opt/airflow/dags/weather_etl.py                           1           0  0.09s           2026-09-22T08:55:01                      14
================================================================================
[2026-09-22T09:43:11.713+0000] {manager.py:832} INFO - Searching for files in /opt/airflow/dags
[2026-09-22T09:43:11.716+0000] {manager.py:835} INFO - There are 1 files in /opt/airflow/dags
[2026-09-22T09:43:27.957+0000] {manager.py:1008} INFO - 
================================================================================
DAG File Processing Stats

File Path                         PID    Runtime      # DAGs    # Errors  Last Runtime    Last Run               Last # of DB Queries
--------------------------------  -----  ---------  --------  ----------  --------------  -------------------  ----------------------
/opt/airflow/dags/weather_etl.py                           1           0  0.07s           2026-09-22T09:43:11                      14
================================================================================
[2026-09-22T09:43:58.375+0000] {manager.py:1008} INFO - 
================================================================================
DAG File Processing Stats

File Path                         PID    Runtime      # DAGs    # Errors  Last Runtime    Last Run               Last # of DB Queries
--------------------------------  -----  ---------  --------  ----------  --------------  -------------------  ----------------------
/opt/airflow/dags/weather_etl.py                           1           0  0.10s           2026-09-22T09:43:42                      14
================================================================================
[2026-09-22T09:44:28.777+0000] {manager.py:1008} INFO - 
================================================================================
DAG File Processing Stats

File Path                         PID    Runtime      # DAGs    # Errors  Last Runtime    Last Run               Last # of DB Queries
--------------------------------  -----  ---------  --------  ----------  --------------  -------------------  ----------------------
/opt/airflow/dags/weather_etl.py                           1           0  0.08s           2026-09-22T09:44:12                      14
================================================================================
[2026-09-22T09:44:59.211+0000] {manager.py:1008} INFO - 
================================================================================
DAG File Processing Stats

File Path                         PID    Runtime      # DAGs    # Errors  Last Runtime    Last Run               Last # of DB Queries
--------------------------------  -----  ---------  --------  ----------  --------------  -------------------  ----------------------
/opt/airflow/dags/weather_etl.py                           1           0  0.07s           2026-09-22T09:44:43                      14
================================================================================
[2026-09-22T09:45:29.781+0000] {manager.py:1008} INFO - 
================================================================================
DAG File Processing Stats

File Path                         PID    Runtime      # DAGs    # Errors  Last Runtime    Last Run               Last # of DB Queries
--------------------------------  -----  ---------  --------  ----------  --------------  -------------------  ----------------------
/opt/airflow/dags/weather_etl.py                           1           0  0.07s           2026-09-22T09:45:13                      14
================================================================================
[2026-09-22T10:26:24.619+0000] {manager.py:832} INFO - Searching for files in /opt/airflow/dags
[2026-09-22T10:26:24.621+0000] {manager.py:835} INFO - There are 1 files in /opt/airflow/dags
[2026-09-22T10:26:42.922+0000] {manager.py:1008} INFO - 
================================================================================
DAG File Processing Stats

File Path                         PID    Runtime      # DAGs    # Errors  Last Runtime    Last Run               Last # of DB Queries
--------------------------------  -----  ---------  --------  ----------  --------------  -------------------  ----------------------
/opt/airflow/dags/weather_etl.py                           1           0  0.12s           2026-09-22T10:26:24                      14
================================================================================
[2026-09-22T10:27:13.357+0000] {manager.py:1008} INFO - 
================================================================================
DAG File Processing Stats

File Path                         PID    Runtime      # DAGs    # Errors  Last Runtime    Last Run               Last # of DB Queries
--------------------------------  -----  ---------  --------  ----------  --------------  -------------------  ----------------------
/opt/airflow/dags/weather_etl.py                           1           0  0.07s           2026-09-22T10:26:55                      14
================================================================================
[2026-09-22T10:59:48.704+0000] {manager.py:832} INFO - Searching for files in /opt/airflow/dags
[2026-09-22T10:59:48.709+0000] {manager.py:835} INFO - There are 1 files in /opt/airflow/dags
[2026-09-22T11:00:07.988+0000] {manager.py:1008} INFO - 
================================================================================
DAG File Processing Stats

File Path                         PID    Runtime      # DAGs    # Errors  Last Runtime    Last Run               Last # of DB Queries
--------------------------------  -----  ---------  --------  ----------  --------------  -------------------  ----------------------
/opt/airflow/dags/weather_etl.py                           1           0  0.12s           2026-09-22T10:59:48                      14
================================================================================
[2026-09-22T11:51:15.439+0000] {manager.py:832} INFO - Searching for files in /opt/airflow/dags
[2026-09-22T11:51:15.443+0000] {manager.py:835} INFO - There are 1 files in /opt/airflow/dags
[2026-09-22T11:51:34.822+0000] {manager.py:1008} INFO - 
================================================================================
DAG File Processing Stats

File Path                         PID    Runtime      # DAGs    # Errors  Last Runtime    Last Run               Last # of DB Queries
--------------------------------  -----  ---------  --------  ----------  --------------  -------------------  ----------------------
/opt/airflow/dags/weather_etl.py                           1           0  0.13s           2026-09-22T11:51:15                      14
================================================================================
[2026-09-22T12:02:24.614+0000] {manager.py:832} INFO - Searching for files in /opt/airflow/dags
[2026-09-22T12:02:24.620+0000] {manager.py:835} INFO - There are 1 files in /opt/airflow/dags
[2026-09-22T12:02:44.930+0000] {manager.py:1008} INFO - 
================================================================================
DAG File Processing Stats

File Path                         PID    Runtime      # DAGs    # Errors  Last Runtime    Last Run               Last # of DB Queries
--------------------------------  -----  ---------  --------  ----------  --------------  -------------------  ----------------------
/opt/airflow/dags/weather_etl.py                           1           0  0.09s           2026-09-22T12:02:24                      14
================================================================================
[2026-09-22T12:03:15.404+0000] {manager.py:1008} INFO - 
================================================================================
DAG File Processing Stats

File Path                         PID    Runtime      # DAGs    # Errors  Last Runtime    Last Run               Last # of DB Queries
--------------------------------  -----  ---------  --------  ----------  --------------  -------------------  ----------------------
/opt/airflow/dags/weather_etl.py                           1           0  0.08s           2026-09-22T12:02:55                      14
================================================================================
[2026-09-22T12:03:47.517+0000] {manager.py:1008} INFO - 
================================================================================
DAG File Processing Stats

File Path                         PID    Runtime      # DAGs    # Errors  Last Runtime    Last Run               Last # of DB Queries
--------------------------------  -----  ---------  --------  ----------  --------------  -------------------  ----------------------
/opt/airflow/dags/weather_etl.py                           1           0  0.10s           2026-09-22T12:03:26                      14
================================================================================
[2026-09-22T12:54:33.128+0000] {manager.py:832} INFO - Searching for files in /opt/airflow/dags
[2026-09-22T12:54:33.135+0000] {manager.py:835} INFO - There are 1 files in /opt/airflow/dags
[2026-09-22T12:54:54.458+0000] {manager.py:1008} INFO - 
================================================================================
DAG File Processing Stats

File Path                         PID    Runtime      # DAGs    # Errors  Last Runtime    Last Run               Last # of DB Queries
--------------------------------  -----  ---------  --------  ----------  --------------  -------------------  ----------------------
/opt/airflow/dags/weather_etl.py                           1           0  0.09s           2026-09-22T12:54:33                      14
================================================================================
[2026-09-22T13:11:02.243+0000] {manager.py:832} INFO - Searching for files in /opt/airflow/dags
[2026-09-22T13:11:02.251+0000] {manager.py:835} INFO - There are 1 files in /opt/airflow/dags
[2026-09-22T13:11:24.608+0000] {manager.py:1008} INFO - 
================================================================================
DAG File Processing Stats

File Path                         PID    Runtime      # DAGs    # Errors  Last Runtime    Last Run               Last # of DB Queries
--------------------------------  -----  ---------  --------  ----------  --------------  -------------------  ----------------------
/opt/airflow/dags/weather_etl.py                           1           0  0.12s           2026-09-22T13:11:02                      14
================================================================================
[2026-09-22T14:03:05.145+0000] {manager.py:832} INFO - Searching for files in /opt/airflow/dags
[2026-09-22T14:03:05.154+0000] {manager.py:835} INFO - There are 1 files in /opt/airflow/dags
[2026-09-22T14:03:27.521+0000] {manager.py:1008} INFO - 
================================================================================
DAG File Processing Stats

File Path                         PID    Runtime      # DAGs    # Errors  Last Runtime    Last Run               Last # of DB Queries
--------------------------------  -----  ---------  --------  ----------  --------------  -------------------  ----------------------
/opt/airflow/dags/weather_etl.py                           1           0  0.29s           2026-09-22T14:03:05                      14
================================================================================
[2026-09-22T14:03:57.954+0000] {manager.py:1008} INFO - 
================================================================================
DAG File Processing Stats

File Path                         PID    Runtime      # DAGs    # Errors  Last Runtime    Last Run               Last # of DB Queries
--------------------------------  -----  ---------  --------  ----------  --------------  -------------------  ----------------------
/opt/airflow/dags/weather_etl.py                           1           0  0.08s           2026-09-22T14:03:35                      14
================================================================================
[2026-09-22T15:04:03.560+0000] {manager.py:832} INFO - Searching for files in /opt/airflow/dags
[2026-09-22T15:04:03.566+0000] {manager.py:835} INFO - There are 1 files in /opt/airflow/dags
[2026-09-22T15:04:27.099+0000] {manager.py:1008} INFO - 
================================================================================
DAG File Processing Stats

File Path                         PID    Runtime      # DAGs    # Errors  Last Runtime    Last Run               Last # of DB Queries
--------------------------------  -----  ---------  --------  ----------  --------------  -------------------  ----------------------
/opt/airflow/dags/weather_etl.py                           1           0  0.46s           2026-09-22T15:04:04                      14
================================================================================
[2026-09-22T15:04:57.543+0000] {manager.py:1008} INFO - 
================================================================================
DAG File Processing Stats

File Path                         PID    Runtime      # DAGs    # Errors  Last Runtime    Last Run               Last # of DB Queries
--------------------------------  -----  ---------  --------  ----------  --------------  -------------------  ----------------------
/opt/airflow/dags/weather_etl.py                           1           0  0.17s           2026-09-22T15:04:34                      14
================================================================================
[2026-09-22T16:05:02.083+0000] {manager.py:832} INFO - Searching for files in /opt/airflow/dags
[2026-09-22T16:05:02.088+0000] {manager.py:835} INFO - There are 1 files in /opt/airflow/dags
[2026-09-22T16:05:26.407+0000] {manager.py:1008} INFO - 
================================================================================
DAG File Processing Stats

File Path                         PID    Runtime      # DAGs    # Errors  Last Runtime    Last Run               Last # of DB Queries
--------------------------------  -----  ---------  --------  ----------  --------------  -------------------  ----------------------
/opt/airflow/dags/weather_etl.py                           1           0  0.10s           2026-09-22T16:05:02                      14
================================================================================
[2026-09-22T16:05:56.903+0000] {manager.py:1008} INFO - 
================================================================================
DAG File Processing Stats

File Path                         PID    Runtime      # DAGs    # Errors  Last Runtime    Last Run               Last # of DB Queries
--------------------------------  -----  ---------  --------  ----------  --------------  -------------------  ----------------------
/opt/airflow/dags/weather_etl.py                           1           0  0.08s           2026-09-22T16:05:32                      14
================================================================================
[2026-09-22T16:06:27.337+0000] {manager.py:1008} INFO - 
================================================================================
DAG File Processing Stats

File Path                         PID    Runtime      # DAGs    # Errors  Last Runtime    Last Run               Last # of DB Queries
--------------------------------  -----  ---------  --------  ----------  --------------  -------------------  ----------------------
/opt/airflow/dags/weather_etl.py                           1           0  0.10s           2026-09-22T16:06:03                      14
================================================================================
[2026-09-22T16:06:57.785+0000] {manager.py:1008} INFO - 
================================================================================
DAG File Processing Stats

File Path                         PID    Runtime      # DAGs    # Errors  Last Runtime    Last Run               Last # of DB Queries
--------------------------------  -----  ---------  --------  ----------  --------------  -------------------  ----------------------
/opt/airflow/dags/weather_etl.py                           1           0  0.07s           2026-09-22T16:06:33                      14
================================================================================
[2026-09-22T16:07:29.156+0000] {manager.py:1008} INFO - 
================================================================================
DAG File Processing Stats

File Path                         PID    Runtime      # DAGs    # Errors  Last Runtime    Last Run               Last # of DB Queries
--------------------------------  -----  ---------  --------  ----------  --------------  -------------------  ----------------------
/opt/airflow/dags/weather_etl.py                           1           0  0.07s           2026-09-22T16:07:03                      14
================================================================================
[2026-09-22T16:16:28.388+0000] {manager.py:832} INFO - Searching for files in /opt/airflow/dags
[2026-09-22T16:16:28.395+0000] {manager.py:835} INFO - There are 1 files in /opt/airflow/dags
[2026-09-22T16:16:55.788+0000] {manager.py:1008} INFO - 
================================================================================
DAG File Processing Stats

File Path                         PID    Runtime      # DAGs    # Errors  Last Runtime    Last Run               Last # of DB Queries
--------------------------------  -----  ---------  --------  ----------  --------------  -------------------  ----------------------
/opt/airflow/dags/weather_etl.py                           1           0  0.30s           2026-09-22T16:16:28                      14
================================================================================
[2026-09-22T16:17:26.206+0000] {manager.py:1008} INFO - 
================================================================================
DAG File Processing Stats

File Path                         PID    Runtime      # DAGs    # Errors  Last Runtime    Last Run               Last # of DB Queries
--------------------------------  -----  ---------  --------  ----------  --------------  -------------------  ----------------------
/opt/airflow/dags/weather_etl.py                           1           0  0.14s           2026-09-22T16:16:58                      14
================================================================================
[2026-09-22T16:17:56.627+0000] {manager.py:1008} INFO - 
================================================================================
DAG File Processing Stats

File Path                         PID    Runtime      # DAGs    # Errors  Last Runtime    Last Run               Last # of DB Queries
--------------------------------  -----  ---------  --------  ----------  --------------  -------------------  ----------------------
/opt/airflow/dags/weather_etl.py                           1           0  0.17s           2026-09-22T16:17:29                      14
================================================================================
[2026-09-22T16:18:27.023+0000] {manager.py:1008} INFO - 
================================================================================
DAG File Processing Stats

File Path                         PID    Runtime      # DAGs    # Errors  Last Runtime    Last Run               Last # of DB Queries
--------------------------------  -----  ---------  --------  ----------  --------------  -------------------  ----------------------
/opt/airflow/dags/weather_etl.py                           1           0  0.14s           2026-09-22T16:17:59                      14
================================================================================
[2026-09-22T16:18:57.355+0000] {manager.py:1008} INFO - 
================================================================================
DAG File Processing Stats

File Path                         PID    Runtime      # DAGs    # Errors  Last Runtime    Last Run               Last # of DB Queries
--------------------------------  -----  ---------  --------  ----------  --------------  -------------------  ----------------------
/opt/airflow/dags/weather_etl.py                           1           0  0.08s           2026-09-22T16:18:30                      14
================================================================================
[2026-09-22T16:19:27.762+0000] {manager.py:1008} INFO - 
================================================================================
DAG File Processing Stats

File Path                         PID    Runtime      # DAGs    # Errors  Last Runtime    Last Run               Last # of DB Queries
--------------------------------  -----  ---------  --------  ----------  --------------  -------------------  ----------------------
/opt/airflow/dags/weather_etl.py                           1           0  0.07s           2026-09-22T16:19:00                      14
================================================================================
[2026-09-22T16:19:58.118+0000] {manager.py:1008} INFO - 
================================================================================
DAG File Processing Stats

File Path                         PID    Runtime      # DAGs    # Errors  Last Runtime    Last Run               Last # of DB Queries
--------------------------------  -----  ---------  --------  ----------  --------------  -------------------  ----------------------
/opt/airflow/dags/weather_etl.py                           1           0  0.10s           2026-09-22T16:19:30                      14
================================================================================
[2026-09-22T16:20:28.513+0000] {manager.py:1008} INFO - 
================================================================================
DAG File Processing Stats

File Path                         PID    Runtime      # DAGs    # Errors  Last Runtime    Last Run               Last # of DB Queries
--------------------------------  -----  ---------  --------  ----------  --------------  -------------------  ----------------------
/opt/airflow/dags/weather_etl.py                           1           0  0.08s           2026-09-22T16:20:01                      14
================================================================================
[2026-09-22T16:20:58.915+0000] {manager.py:1008} INFO - 
================================================================================
DAG File Processing Stats

File Path                         PID    Runtime      # DAGs    # Errors  Last Runtime    Last Run               Last # of DB Queries
--------------------------------  -----  ---------  --------  ----------  --------------  -------------------  ----------------------
/opt/airflow/dags/weather_etl.py                           1           0  0.11s           2026-09-22T16:20:31                      14
================================================================================
[2026-09-22T16:21:28.412+0000] {manager.py:832} INFO - Searching for files in /opt/airflow/dags
[2026-09-22T16:21:28.425+0000] {manager.py:835} INFO - There are 1 files in /opt/airflow/dags
[2026-09-22T16:21:29.302+0000] {manager.py:1008} INFO - 
================================================================================
DAG File Processing Stats

File Path                         PID    Runtime      # DAGs    # Errors  Last Runtime    Last Run               Last # of DB Queries
--------------------------------  -----  ---------  --------  ----------  --------------  -------------------  ----------------------
/opt/airflow/dags/weather_etl.py                           1           0  0.18s           2026-09-22T16:21:02                      14
================================================================================
[2026-09-22T16:21:59.660+0000] {manager.py:1008} INFO - 
================================================================================
DAG File Processing Stats

File Path                         PID    Runtime      # DAGs    # Errors  Last Runtime    Last Run               Last # of DB Queries
--------------------------------  -----  ---------  --------  ----------  --------------  -------------------  ----------------------
/opt/airflow/dags/weather_etl.py                           1           0  0.08s           2026-09-22T16:21:32                      14
================================================================================
[2026-09-22T16:22:30.038+0000] {manager.py:1008} INFO - 
================================================================================
DAG File Processing Stats

File Path                         PID    Runtime      # DAGs    # Errors  Last Runtime    Last Run               Last # of DB Queries
--------------------------------  -----  ---------  --------  ----------  --------------  -------------------  ----------------------
/opt/airflow/dags/weather_etl.py                           1           0  0.16s           2026-09-22T16:22:02                      14
================================================================================
[2026-09-22T16:23:00.409+0000] {manager.py:1008} INFO - 
================================================================================
DAG File Processing Stats

File Path                         PID    Runtime      # DAGs    # Errors  Last Runtime    Last Run               Last # of DB Queries
--------------------------------  -----  ---------  --------  ----------  --------------  -------------------  ----------------------
/opt/airflow/dags/weather_etl.py                           1           0  0.08s           2026-09-22T16:22:33                      14
================================================================================
[2026-09-22T16:23:30.787+0000] {manager.py:1008} INFO - 
================================================================================
DAG File Processing Stats

File Path                         PID    Runtime      # DAGs    # Errors  Last Runtime    Last Run               Last # of DB Queries
--------------------------------  -----  ---------  --------  ----------  --------------  -------------------  ----------------------
/opt/airflow/dags/weather_etl.py                           1           0  0.08s           2026-09-22T16:23:03                      14
================================================================================
[2026-09-22T16:24:01.113+0000] {manager.py:1008} INFO - 
================================================================================
DAG File Processing Stats

File Path                         PID    Runtime      # DAGs    # Errors  Last Runtime    Last Run               Last # of DB Queries
--------------------------------  -----  ---------  --------  ----------  --------------  -------------------  ----------------------
/opt/airflow/dags/weather_etl.py                           1           0  0.07s           2026-09-22T16:23:33                      14
================================================================================
[2026-09-22T16:24:31.477+0000] {manager.py:1008} INFO - 
================================================================================
DAG File Processing Stats

File Path                         PID    Runtime      # DAGs    # Errors  Last Runtime    Last Run               Last # of DB Queries
--------------------------------  -----  ---------  --------  ----------  --------------  -------------------  ----------------------
/opt/airflow/dags/weather_etl.py                           1           0  0.09s           2026-09-22T16:24:04                      14
================================================================================
[2026-09-22T16:25:01.852+0000] {manager.py:1008} INFO - 
================================================================================
DAG File Processing Stats

File Path                         PID    Runtime      # DAGs    # Errors  Last Runtime    Last Run               Last # of DB Queries
--------------------------------  -----  ---------  --------  ----------  --------------  -------------------  ----------------------
/opt/airflow/dags/weather_etl.py                           1           0  0.07s           2026-09-22T16:24:34                      14
================================================================================
[2026-09-22T16:25:32.230+0000] {manager.py:1008} INFO - 
================================================================================
DAG File Processing Stats

File Path                         PID    Runtime      # DAGs    # Errors  Last Runtime    Last Run               Last # of DB Queries
--------------------------------  -----  ---------  --------  ----------  --------------  -------------------  ----------------------
/opt/airflow/dags/weather_etl.py                           1           0  0.08s           2026-09-22T16:25:04                      14
================================================================================
[2026-09-22T16:26:02.608+0000] {manager.py:1008} INFO - 
================================================================================
DAG File Processing Stats

File Path                         PID    Runtime      # DAGs    # Errors  Last Runtime    Last Run               Last # of DB Queries
--------------------------------  -----  ---------  --------  ----------  --------------  -------------------  ----------------------
/opt/airflow/dags/weather_etl.py                           1           0  0.07s           2026-09-22T16:25:35                      14
================================================================================
[2026-09-22T16:26:28.976+0000] {manager.py:832} INFO - Searching for files in /opt/airflow/dags
[2026-09-22T16:26:28.986+0000] {manager.py:835} INFO - There are 1 files in /opt/airflow/dags
[2026-09-22T16:26:33.066+0000] {manager.py:1008} INFO - 
================================================================================
DAG File Processing Stats

File Path                         PID    Runtime      # DAGs    # Errors  Last Runtime    Last Run               Last # of DB Queries
--------------------------------  -----  ---------  --------  ----------  --------------  -------------------  ----------------------
/opt/airflow/dags/weather_etl.py                           1           0  0.07s           2026-09-22T16:26:05                      14
================================================================================
[2026-09-22T16:27:03.547+0000] {manager.py:1008} INFO - 
================================================================================
DAG File Processing Stats

File Path                         PID    Runtime      # DAGs    # Errors  Last Runtime    Last Run               Last # of DB Queries
--------------------------------  -----  ---------  --------  ----------  --------------  -------------------  ----------------------
/opt/airflow/dags/weather_etl.py                           1           0  0.13s           2026-09-22T16:26:36                      14
================================================================================
[2026-09-22T16:27:33.936+0000] {manager.py:1008} INFO - 
================================================================================
DAG File Processing Stats

File Path                         PID    Runtime      # DAGs    # Errors  Last Runtime    Last Run               Last # of DB Queries
--------------------------------  -----  ---------  --------  ----------  --------------  -------------------  ----------------------
/opt/airflow/dags/weather_etl.py                           1           0  0.07s           2026-09-22T16:27:06                      14
================================================================================
[2026-09-22T16:28:04.320+0000] {manager.py:1008} INFO - 
================================================================================
DAG File Processing Stats

File Path                         PID    Runtime      # DAGs    # Errors  Last Runtime    Last Run               Last # of DB Queries
--------------------------------  -----  ---------  --------  ----------  --------------  -------------------  ----------------------
/opt/airflow/dags/weather_etl.py                           1           0  0.05s           2026-09-22T16:27:37                      14
================================================================================
[2026-09-22T16:28:34.718+0000] {manager.py:1008} INFO - 
================================================================================
DAG File Processing Stats

File Path                         PID    Runtime      # DAGs    # Errors  Last Runtime    Last Run               Last # of DB Queries
--------------------------------  -----  ---------  --------  ----------  --------------  -------------------  ----------------------
/opt/airflow/dags/weather_etl.py                           1           0  0.15s           2026-09-22T16:28:07                      14
================================================================================
[2026-09-22T16:29:05.128+0000] {manager.py:1008} INFO - 
================================================================================
DAG File Processing Stats

File Path                         PID    Runtime      # DAGs    # Errors  Last Runtime    Last Run               Last # of DB Queries
--------------------------------  -----  ---------  --------  ----------  --------------  -------------------  ----------------------
/opt/airflow/dags/weather_etl.py                           1           0  0.11s           2026-09-22T16:28:37                      14
================================================================================
[2026-09-22T16:29:35.536+0000] {manager.py:1008} INFO - 
================================================================================
DAG File Processing Stats

File Path                         PID    Runtime      # DAGs    # Errors  Last Runtime    Last Run               Last # of DB Queries
--------------------------------  -----  ---------  --------  ----------  --------------  -------------------  ----------------------
/opt/airflow/dags/weather_etl.py                           1           0  0.11s           2026-09-22T16:29:08                      14
================================================================================
[2026-09-22T16:30:05.885+0000] {manager.py:1008} INFO - 
================================================================================
DAG File Processing Stats

File Path                         PID    Runtime      # DAGs    # Errors  Last Runtime    Last Run               Last # of DB Queries
--------------------------------  -----  ---------  --------  ----------  --------------  -------------------  ----------------------
/opt/airflow/dags/weather_etl.py                           1           0  0.07s           2026-09-22T16:29:38                      14
================================================================================
[2026-09-22T16:30:36.258+0000] {manager.py:1008} INFO - 
================================================================================
DAG File Processing Stats

File Path                         PID    Runtime      # DAGs    # Errors  Last Runtime    Last Run               Last # of DB Queries
--------------------------------  -----  ---------  --------  ----------  --------------  -------------------  ----------------------
/opt/airflow/dags/weather_etl.py                           1           0  0.17s           2026-09-22T16:30:09                      14
================================================================================
[2026-09-22T16:31:06.702+0000] {manager.py:1008} INFO - 
================================================================================
DAG File Processing Stats

File Path                         PID    Runtime      # DAGs    # Errors  Last Runtime    Last Run               Last # of DB Queries
--------------------------------  -----  ---------  --------  ----------  --------------  -------------------  ----------------------
/opt/airflow/dags/weather_etl.py                           1           0  0.12s           2026-09-22T16:30:39                      14
================================================================================
[2026-09-22T16:31:28.976+0000] {manager.py:832} INFO - Searching for files in /opt/airflow/dags
[2026-09-22T16:31:28.984+0000] {manager.py:835} INFO - There are 1 files in /opt/airflow/dags
[2026-09-22T16:31:37.094+0000] {manager.py:1008} INFO - 
================================================================================
DAG File Processing Stats

File Path                         PID    Runtime      # DAGs    # Errors  Last Runtime    Last Run               Last # of DB Queries
--------------------------------  -----  ---------  --------  ----------  --------------  -------------------  ----------------------
/opt/airflow/dags/weather_etl.py                           1           0  0.09s           2026-09-22T16:31:09                      14
================================================================================
[2026-09-22T16:32:07.442+0000] {manager.py:1008} INFO - 
================================================================================
DAG File Processing Stats

File Path                         PID    Runtime      # DAGs    # Errors  Last Runtime    Last Run               Last # of DB Queries
--------------------------------  -----  ---------  --------  ----------  --------------  -------------------  ----------------------
/opt/airflow/dags/weather_etl.py                           1           0  0.10s           2026-09-22T16:31:40                      14
================================================================================
[2026-09-22T16:32:37.824+0000] {manager.py:1008} INFO - 
================================================================================
DAG File Processing Stats

File Path                         PID    Runtime      # DAGs    # Errors  Last Runtime    Last Run               Last # of DB Queries
--------------------------------  -----  ---------  --------  ----------  --------------  -------------------  ----------------------
/opt/airflow/dags/weather_etl.py                           1           0  0.10s           2026-09-22T16:32:10                      14
================================================================================
[2026-09-22T16:33:08.204+0000] {manager.py:1008} INFO - 
================================================================================
DAG File Processing Stats

File Path                         PID    Runtime      # DAGs    # Errors  Last Runtime    Last Run               Last # of DB Queries
--------------------------------  -----  ---------  --------  ----------  --------------  -------------------  ----------------------
/opt/airflow/dags/weather_etl.py                           1           0  0.08s           2026-09-22T16:32:40                      14
================================================================================
[2026-09-22T16:50:13.446+0000] {manager.py:832} INFO - Searching for files in /opt/airflow/dags
[2026-09-22T16:50:13.450+0000] {manager.py:835} INFO - There are 1 files in /opt/airflow/dags
[2026-09-22T16:50:23.604+0000] {manager.py:1008} INFO - 
================================================================================
DAG File Processing Stats

File Path                         PID    Runtime      # DAGs    # Errors  Last Runtime    Last Run               Last # of DB Queries
--------------------------------  -----  ---------  --------  ----------  --------------  -------------------  ----------------------
/opt/airflow/dags/weather_etl.py                           1           0  0.09s           2026-09-22T16:50:13                      14
================================================================================
[2026-09-22T16:50:54.026+0000] {manager.py:1008} INFO - 
================================================================================
DAG File Processing Stats

File Path                         PID    Runtime      # DAGs    # Errors  Last Runtime    Last Run               Last # of DB Queries
--------------------------------  -----  ---------  --------  ----------  --------------  -------------------  ----------------------
/opt/airflow/dags/weather_etl.py                           1           0  0.08s           2026-09-22T16:50:43                      14
================================================================================
[2026-09-22T16:52:55.651+0000] {manager.py:1008} INFO - 
================================================================================
DAG File Processing Stats

File Path                         PID    Runtime      # DAGs    # Errors  Last Runtime    Last Run               Last # of DB Queries
--------------------------------  -----  ---------  --------  ----------  --------------  -------------------  ----------------------
/opt/airflow/dags/weather_etl.py                           1           0  0.09s           2026-09-22T16:52:45                      14
================================================================================
[2026-09-22T17:24:00.660+0000] {manager.py:832} INFO - Searching for files in /opt/airflow/dags
[2026-09-22T17:24:00.666+0000] {manager.py:835} INFO - There are 1 files in /opt/airflow/dags
[2026-09-22T17:24:11.841+0000] {manager.py:1008} INFO - 
================================================================================
DAG File Processing Stats

File Path                         PID    Runtime      # DAGs    # Errors  Last Runtime    Last Run               Last # of DB Queries
--------------------------------  -----  ---------  --------  ----------  --------------  -------------------  ----------------------
/opt/airflow/dags/weather_etl.py                           1           0  0.10s           2026-09-22T17:24:00                      14
================================================================================
[2026-09-22T17:24:42.297+0000] {manager.py:1008} INFO - 
================================================================================
DAG File Processing Stats

File Path                         PID    Runtime      # DAGs    # Errors  Last Runtime    Last Run               Last # of DB Queries
--------------------------------  -----  ---------  --------  ----------  --------------  -------------------  ----------------------
/opt/airflow/dags/weather_etl.py                           1           0  0.08s           2026-09-22T17:24:31                      14
================================================================================
[2026-09-22T17:28:00.957+0000] {manager.py:1008} INFO - 
================================================================================
DAG File Processing Stats

File Path                         PID    Runtime      # DAGs    # Errors  Last Runtime    Last Run               Last # of DB Queries
--------------------------------  -----  ---------  --------  ----------  --------------  -------------------  ----------------------
/opt/airflow/dags/weather_etl.py                           1           0  0.09s           2026-09-22T17:27:48                      14
================================================================================
[2026-09-22T18:00:34.460+0000] {manager.py:832} INFO - Searching for files in /opt/airflow/dags
[2026-09-22T18:00:34.465+0000] {manager.py:835} INFO - There are 1 files in /opt/airflow/dags
[2026-09-22T18:00:46.655+0000] {manager.py:1008} INFO - 
================================================================================
DAG File Processing Stats

File Path                         PID    Runtime      # DAGs    # Errors  Last Runtime    Last Run               Last # of DB Queries
--------------------------------  -----  ---------  --------  ----------  --------------  -------------------  ----------------------
/opt/airflow/dags/weather_etl.py                           1           0  0.08s           2026-09-22T18:00:34                      14
================================================================================
[2026-09-22T18:05:43.013+0000] {manager.py:832} INFO - Searching for files in /opt/airflow/dags
[2026-09-22T18:05:43.017+0000] {manager.py:835} INFO - There are 1 files in /opt/airflow/dags
[2026-09-22T18:05:55.233+0000] {manager.py:1008} INFO - 
================================================================================
DAG File Processing Stats

File Path                         PID    Runtime      # DAGs    # Errors  Last Runtime    Last Run               Last # of DB Queries
--------------------------------  -----  ---------  --------  ----------  --------------  -------------------  ----------------------
/opt/airflow/dags/weather_etl.py                           1           0  0.12s           2026-09-22T18:05:43                      14
================================================================================
[2026-09-22T18:06:25.682+0000] {manager.py:1008} INFO - 
================================================================================
DAG File Processing Stats

File Path                         PID    Runtime      # DAGs    # Errors  Last Runtime    Last Run               Last # of DB Queries
--------------------------------  -----  ---------  --------  ----------  --------------  -------------------  ----------------------
/opt/airflow/dags/weather_etl.py                           1           0  0.08s           2026-09-22T18:06:13                      14
================================================================================
[2026-09-22T18:15:14.347+0000] {manager.py:832} INFO - Searching for files in /opt/airflow/dags
[2026-09-22T18:15:14.357+0000] {manager.py:835} INFO - There are 1 files in /opt/airflow/dags
[2026-09-22T18:15:27.620+0000] {manager.py:1008} INFO - 
================================================================================
DAG File Processing Stats

File Path                         PID    Runtime      # DAGs    # Errors  Last Runtime    Last Run               Last # of DB Queries
--------------------------------  -----  ---------  --------  ----------  --------------  -------------------  ----------------------
/opt/airflow/dags/weather_etl.py                           1           0  0.09s           2026-09-22T18:15:14                      14
================================================================================
[2026-09-22T18:15:58.530+0000] {manager.py:1008} INFO - 
================================================================================
DAG File Processing Stats

File Path                         PID    Runtime      # DAGs    # Errors  Last Runtime    Last Run               Last # of DB Queries
--------------------------------  -----  ---------  --------  ----------  --------------  -------------------  ----------------------
/opt/airflow/dags/weather_etl.py                           1           0  0.07s           2026-09-22T18:15:44                      14
================================================================================
[2026-09-22T18:25:36.792+0000] {manager.py:832} INFO - Searching for files in /opt/airflow/dags
[2026-09-22T18:25:36.805+0000] {manager.py:835} INFO - There are 1 files in /opt/airflow/dags
[2026-09-22T18:25:50.970+0000] {manager.py:1008} INFO - 
================================================================================
DAG File Processing Stats

File Path                         PID    Runtime      # DAGs    # Errors  Last Runtime    Last Run               Last # of DB Queries
--------------------------------  -----  ---------  --------  ----------  --------------  -------------------  ----------------------
/opt/airflow/dags/weather_etl.py                           1           0  0.14s           2026-09-22T18:25:36                      14
================================================================================
[2026-09-22T18:26:21.265+0000] {manager.py:1008} INFO - 
================================================================================
DAG File Processing Stats

File Path                         PID    Runtime      # DAGs    # Errors  Last Runtime    Last Run               Last # of DB Queries
--------------------------------  -----  ---------  --------  ----------  --------------  -------------------  ----------------------
/opt/airflow/dags/weather_etl.py                           1           0  0.06s           2026-09-22T18:26:07                      14
================================================================================
[2026-09-22T18:26:51.631+0000] {manager.py:1008} INFO - 
================================================================================
DAG File Processing Stats

File Path                         PID    Runtime      # DAGs    # Errors  Last Runtime    Last Run               Last # of DB Queries
--------------------------------  -----  ---------  --------  ----------  --------------  -------------------  ----------------------
/opt/airflow/dags/weather_etl.py                           1           0  0.09s           2026-09-22T18:26:37                      14
================================================================================
[2026-09-22T18:27:21.995+0000] {manager.py:1008} INFO - 
================================================================================
DAG File Processing Stats

File Path                         PID    Runtime      # DAGs    # Errors  Last Runtime    Last Run               Last # of DB Queries
--------------------------------  -----  ---------  --------  ----------  --------------  -------------------  ----------------------
/opt/airflow/dags/weather_etl.py                           1           0  0.09s           2026-09-22T18:27:07                      14
================================================================================
[2026-09-22T18:27:52.367+0000] {manager.py:1008} INFO - 
================================================================================
DAG File Processing Stats

File Path                         PID    Runtime      # DAGs    # Errors  Last Runtime    Last Run               Last # of DB Queries
--------------------------------  -----  ---------  --------  ----------  --------------  -------------------  ----------------------
/opt/airflow/dags/weather_etl.py                           1           0  0.08s           2026-09-22T18:27:38                      14
================================================================================
[2026-09-22T18:28:22.740+0000] {manager.py:1008} INFO - 
================================================================================
DAG File Processing Stats

File Path                         PID    Runtime      # DAGs    # Errors  Last Runtime    Last Run               Last # of DB Queries
--------------------------------  -----  ---------  --------  ----------  --------------  -------------------  ----------------------
/opt/airflow/dags/weather_etl.py                           1           0  0.07s           2026-09-22T18:28:08                      14
================================================================================
[2026-09-22T18:28:53.085+0000] {manager.py:1008} INFO - 
================================================================================
DAG File Processing Stats

File Path                         PID    Runtime      # DAGs    # Errors  Last Runtime    Last Run               Last # of DB Queries
--------------------------------  -----  ---------  --------  ----------  --------------  -------------------  ----------------------
/opt/airflow/dags/weather_etl.py                           1           0  0.07s           2026-09-22T18:28:38                      14
================================================================================
[2026-09-22T18:29:23.393+0000] {manager.py:1008} INFO - 
================================================================================
DAG File Processing Stats

File Path                         PID    Runtime      # DAGs    # Errors  Last Runtime    Last Run               Last # of DB Queries
--------------------------------  -----  ---------  --------  ----------  --------------  -------------------  ----------------------
/opt/airflow/dags/weather_etl.py                           1           0  0.07s           2026-09-22T18:29:09                      14
================================================================================
[2026-09-22T18:29:53.737+0000] {manager.py:1008} INFO - 
================================================================================
DAG File Processing Stats

File Path                         PID    Runtime      # DAGs    # Errors  Last Runtime    Last Run               Last # of DB Queries
--------------------------------  -----  ---------  --------  ----------  --------------  -------------------  ----------------------
/opt/airflow/dags/weather_etl.py                           1           0  0.09s           2026-09-22T18:29:39                      14
================================================================================
[2026-09-22T18:30:24.119+0000] {manager.py:1008} INFO - 
================================================================================
DAG File Processing Stats

File Path                         PID    Runtime      # DAGs    # Errors  Last Runtime    Last Run               Last # of DB Queries
--------------------------------  -----  ---------  --------  ----------  --------------  -------------------  ----------------------
/opt/airflow/dags/weather_etl.py                           1           0  0.08s           2026-09-22T18:30:10                      14
================================================================================
[2026-09-22T18:30:37.271+0000] {manager.py:832} INFO - Searching for files in /opt/airflow/dags
[2026-09-22T18:30:37.285+0000] {manager.py:835} INFO - There are 1 files in /opt/airflow/dags
[2026-09-22T18:30:54.526+0000] {manager.py:1008} INFO - 
================================================================================
DAG File Processing Stats

File Path                         PID    Runtime      # DAGs    # Errors  Last Runtime    Last Run               Last # of DB Queries
--------------------------------  -----  ---------  --------  ----------  --------------  -------------------  ----------------------
/opt/airflow/dags/weather_etl.py                           1           0  0.14s           2026-09-22T18:30:40                      14
================================================================================
[2026-09-22T18:31:24.937+0000] {manager.py:1008} INFO - 
================================================================================
DAG File Processing Stats

File Path                         PID    Runtime      # DAGs    # Errors  Last Runtime    Last Run               Last # of DB Queries
--------------------------------  -----  ---------  --------  ----------  --------------  -------------------  ----------------------
/opt/airflow/dags/weather_etl.py                           1           0  0.10s           2026-09-22T18:31:10                      14
================================================================================
[2026-09-22T18:31:55.382+0000] {manager.py:1008} INFO - 
================================================================================
DAG File Processing Stats

File Path                         PID    Runtime      # DAGs    # Errors  Last Runtime    Last Run               Last # of DB Queries
--------------------------------  -----  ---------  --------  ----------  --------------  -------------------  ----------------------
/opt/airflow/dags/weather_etl.py                           1           0  0.14s           2026-09-22T18:31:41                      14
================================================================================
[2026-09-22T18:32:25.762+0000] {manager.py:1008} INFO - 
================================================================================
DAG File Processing Stats

File Path                         PID    Runtime      # DAGs    # Errors  Last Runtime    Last Run               Last # of DB Queries
--------------------------------  -----  ---------  --------  ----------  --------------  -------------------  ----------------------
/opt/airflow/dags/weather_etl.py                           1           0  0.14s           2026-09-22T18:32:11                      14
================================================================================
[2026-09-22T18:32:56.183+0000] {manager.py:1008} INFO - 
================================================================================
DAG File Processing Stats

File Path                         PID    Runtime      # DAGs    # Errors  Last Runtime    Last Run               Last # of DB Queries
--------------------------------  -----  ---------  --------  ----------  --------------  -------------------  ----------------------
/opt/airflow/dags/weather_etl.py                           1           0  0.10s           2026-09-22T18:32:42                      14
================================================================================
[2026-09-22T18:39:26.044+0000] {manager.py:832} INFO - Searching for files in /opt/airflow/dags
[2026-09-22T18:39:26.050+0000] {manager.py:835} INFO - There are 1 files in /opt/airflow/dags
[2026-09-22T18:39:46.460+0000] {manager.py:1008} INFO - 
================================================================================
DAG File Processing Stats

File Path                         PID    Runtime      # DAGs    # Errors  Last Runtime    Last Run               Last # of DB Queries
--------------------------------  -----  ---------  --------  ----------  --------------  -------------------  ----------------------
/opt/airflow/dags/weather_etl.py                           1           0  0.13s           2026-09-22T18:39:26                      14
================================================================================
[2026-09-22T18:40:16.974+0000] {manager.py:1008} INFO - 
================================================================================
DAG File Processing Stats

File Path                         PID    Runtime      # DAGs    # Errors  Last Runtime    Last Run               Last # of DB Queries
--------------------------------  -----  ---------  --------  ----------  --------------  -------------------  ----------------------
/opt/airflow/dags/weather_etl.py                           1           0  0.15s           2026-09-22T18:39:56                      14
================================================================================
[2026-09-22T18:45:41.968+0000] {manager.py:832} INFO - Searching for files in /opt/airflow/dags
[2026-09-22T18:45:41.980+0000] {manager.py:835} INFO - There are 1 files in /opt/airflow/dags
[2026-09-22T18:46:03.255+0000] {manager.py:1008} INFO - 
================================================================================
DAG File Processing Stats

File Path                         PID    Runtime      # DAGs    # Errors  Last Runtime    Last Run               Last # of DB Queries
--------------------------------  -----  ---------  --------  ----------  --------------  -------------------  ----------------------
/opt/airflow/dags/weather_etl.py                           1           0  0.09s           2026-09-22T18:45:42                      14
================================================================================
[2026-09-22T18:46:33.632+0000] {manager.py:1008} INFO - 
================================================================================
DAG File Processing Stats

File Path                         PID    Runtime      # DAGs    # Errors  Last Runtime    Last Run               Last # of DB Queries
--------------------------------  -----  ---------  --------  ----------  --------------  -------------------  ----------------------
/opt/airflow/dags/weather_etl.py                           1           0  0.12s           2026-09-22T18:46:12                      14
================================================================================
[2026-09-22T18:47:03.992+0000] {manager.py:1008} INFO - 
================================================================================
DAG File Processing Stats

File Path                         PID    Runtime      # DAGs    # Errors  Last Runtime    Last Run               Last # of DB Queries
--------------------------------  -----  ---------  --------  ----------  --------------  -------------------  ----------------------
/opt/airflow/dags/weather_etl.py                           1           0  0.15s           2026-09-22T18:46:42                      14
================================================================================
[2026-09-22T18:47:34.372+0000] {manager.py:1008} INFO - 
================================================================================
DAG File Processing Stats

File Path                         PID    Runtime      # DAGs    # Errors  Last Runtime    Last Run               Last # of DB Queries
--------------------------------  -----  ---------  --------  ----------  --------------  -------------------  ----------------------
/opt/airflow/dags/weather_etl.py                           1           0  0.16s           2026-09-22T18:47:13                      14
================================================================================
[2026-09-22T18:48:04.842+0000] {manager.py:1008} INFO - 
================================================================================
DAG File Processing Stats

File Path                         PID    Runtime      # DAGs    # Errors  Last Runtime    Last Run               Last # of DB Queries
--------------------------------  -----  ---------  --------  ----------  --------------  -------------------  ----------------------
/opt/airflow/dags/weather_etl.py                           1           0  0.12s           2026-09-22T18:47:43                      14
================================================================================
[2026-09-22T18:48:35.212+0000] {manager.py:1008} INFO - 
================================================================================
DAG File Processing Stats

File Path                         PID    Runtime      # DAGs    # Errors  Last Runtime    Last Run               Last # of DB Queries
--------------------------------  -----  ---------  --------  ----------  --------------  -------------------  ----------------------
/opt/airflow/dags/weather_etl.py                           1           0  0.06s           2026-09-22T18:48:14                      14
================================================================================
[2026-09-22T18:49:05.587+0000] {manager.py:1008} INFO - 
================================================================================
DAG File Processing Stats

File Path                         PID    Runtime      # DAGs    # Errors  Last Runtime    Last Run               Last # of DB Queries
--------------------------------  -----  ---------  --------  ----------  --------------  -------------------  ----------------------
/opt/airflow/dags/weather_etl.py                           1           0  0.09s           2026-09-22T18:48:44                      14
================================================================================
[2026-09-22T18:49:35.990+0000] {manager.py:1008} INFO - 
================================================================================
DAG File Processing Stats

File Path                         PID    Runtime      # DAGs    # Errors  Last Runtime    Last Run               Last # of DB Queries
--------------------------------  -----  ---------  --------  ----------  --------------  -------------------  ----------------------
/opt/airflow/dags/weather_etl.py                           1           0  0.10s           2026-09-22T18:49:14                      14
================================================================================
[2026-09-22T18:50:06.371+0000] {manager.py:1008} INFO - 
================================================================================
DAG File Processing Stats

File Path                         PID    Runtime      # DAGs    # Errors  Last Runtime    Last Run               Last # of DB Queries
--------------------------------  -----  ---------  --------  ----------  --------------  -------------------  ----------------------
/opt/airflow/dags/weather_etl.py                           1           0  0.13s           2026-09-22T18:49:45                      14
================================================================================
[2026-09-22T18:50:36.819+0000] {manager.py:1008} INFO - 
================================================================================
DAG File Processing Stats

File Path                         PID    Runtime      # DAGs    # Errors  Last Runtime    Last Run               Last # of DB Queries
--------------------------------  -----  ---------  --------  ----------  --------------  -------------------  ----------------------
/opt/airflow/dags/weather_etl.py                           1           0  0.09s           2026-09-22T18:50:15                      14
================================================================================
[2026-09-22T18:50:42.900+0000] {manager.py:832} INFO - Searching for files in /opt/airflow/dags
[2026-09-22T18:50:42.915+0000] {manager.py:835} INFO - There are 1 files in /opt/airflow/dags
[2026-09-22T18:51:07.268+0000] {manager.py:1008} INFO - 
================================================================================
DAG File Processing Stats

File Path                         PID    Runtime      # DAGs    # Errors  Last Runtime    Last Run               Last # of DB Queries
--------------------------------  -----  ---------  --------  ----------  --------------  -------------------  ----------------------
/opt/airflow/dags/weather_etl.py                           1           0  0.12s           2026-09-22T18:50:46                      14
================================================================================
[2026-09-22T18:51:37.660+0000] {manager.py:1008} INFO - 
================================================================================
DAG File Processing Stats

File Path                         PID    Runtime      # DAGs    # Errors  Last Runtime    Last Run               Last # of DB Queries
--------------------------------  -----  ---------  --------  ----------  --------------  -------------------  ----------------------
/opt/airflow/dags/weather_etl.py                           1           0  0.13s           2026-09-22T18:51:16                      14
================================================================================
[2026-09-22T18:52:08.081+0000] {manager.py:1008} INFO - 
================================================================================
DAG File Processing Stats

File Path                         PID    Runtime      # DAGs    # Errors  Last Runtime    Last Run               Last # of DB Queries
--------------------------------  -----  ---------  --------  ----------  --------------  -------------------  ----------------------
/opt/airflow/dags/weather_etl.py                           1           0  0.08s           2026-09-22T18:51:46                      14
================================================================================
[2026-09-22T18:52:38.452+0000] {manager.py:1008} INFO - 
================================================================================
DAG File Processing Stats

File Path                         PID    Runtime      # DAGs    # Errors  Last Runtime    Last Run               Last # of DB Queries
--------------------------------  -----  ---------  --------  ----------  --------------  -------------------  ----------------------
/opt/airflow/dags/weather_etl.py                           1           0  0.09s           2026-09-22T18:52:17                      14
================================================================================
[2026-09-22T18:53:08.801+0000] {manager.py:1008} INFO - 
================================================================================
DAG File Processing Stats

File Path                         PID    Runtime      # DAGs    # Errors  Last Runtime    Last Run               Last # of DB Queries
--------------------------------  -----  ---------  --------  ----------  --------------  -------------------  ----------------------
/opt/airflow/dags/weather_etl.py                           1           0  0.07s           2026-09-22T18:52:47                      14
================================================================================
[2026-09-22T18:53:39.188+0000] {manager.py:1008} INFO - 
================================================================================
DAG File Processing Stats

File Path                         PID    Runtime      # DAGs    # Errors  Last Runtime    Last Run               Last # of DB Queries
--------------------------------  -----  ---------  --------  ----------  --------------  -------------------  ----------------------
/opt/airflow/dags/weather_etl.py                           1           0  0.07s           2026-09-22T18:53:17                      14
================================================================================
[2026-09-22T18:54:09.561+0000] {manager.py:1008} INFO - 
================================================================================
DAG File Processing Stats

File Path                         PID    Runtime      # DAGs    # Errors  Last Runtime    Last Run               Last # of DB Queries
--------------------------------  -----  ---------  --------  ----------  --------------  -------------------  ----------------------
/opt/airflow/dags/weather_etl.py                           1           0  0.11s           2026-09-22T18:53:48                      14
================================================================================
[2026-09-22T18:54:39.923+0000] {manager.py:1008} INFO - 
================================================================================
DAG File Processing Stats

File Path                         PID    Runtime      # DAGs    # Errors  Last Runtime    Last Run               Last # of DB Queries
--------------------------------  -----  ---------  --------  ----------  --------------  -------------------  ----------------------
/opt/airflow/dags/weather_etl.py                           1           0  0.08s           2026-09-22T18:54:18                      14
================================================================================
[2026-09-22T18:55:10.309+0000] {manager.py:1008} INFO - 
================================================================================
DAG File Processing Stats

File Path                         PID    Runtime      # DAGs    # Errors  Last Runtime    Last Run               Last # of DB Queries
--------------------------------  -----  ---------  --------  ----------  --------------  -------------------  ----------------------
/opt/airflow/dags/weather_etl.py                           1           0  0.10s           2026-09-22T18:54:49                      14
================================================================================
[2026-09-22T18:55:40.676+0000] {manager.py:1008} INFO - 
================================================================================
DAG File Processing Stats

File Path                         PID    Runtime      # DAGs    # Errors  Last Runtime    Last Run               Last # of DB Queries
--------------------------------  -----  ---------  --------  ----------  --------------  -------------------  ----------------------
/opt/airflow/dags/weather_etl.py                           1           0  0.08s           2026-09-22T18:55:19                      14
================================================================================
[2026-09-22T18:55:43.714+0000] {manager.py:832} INFO - Searching for files in /opt/airflow/dags
[2026-09-22T18:55:43.720+0000] {manager.py:835} INFO - There are 1 files in /opt/airflow/dags
[2026-09-22T18:56:11.037+0000] {manager.py:1008} INFO - 
================================================================================
DAG File Processing Stats

File Path                         PID    Runtime      # DAGs    # Errors  Last Runtime    Last Run               Last # of DB Queries
--------------------------------  -----  ---------  --------  ----------  --------------  -------------------  ----------------------
/opt/airflow/dags/weather_etl.py                           1           0  0.07s           2026-09-22T18:55:49                      14
================================================================================
[2026-09-22T18:56:41.444+0000] {manager.py:1008} INFO - 
================================================================================
DAG File Processing Stats

File Path                         PID    Runtime      # DAGs    # Errors  Last Runtime    Last Run               Last # of DB Queries
--------------------------------  -----  ---------  --------  ----------  --------------  -------------------  ----------------------
/opt/airflow/dags/weather_etl.py                           1           0  0.16s           2026-09-22T18:56:20                      14
================================================================================
[2026-09-22T18:57:11.835+0000] {manager.py:1008} INFO - 
================================================================================
DAG File Processing Stats

File Path                         PID    Runtime      # DAGs    # Errors  Last Runtime    Last Run               Last # of DB Queries
--------------------------------  -----  ---------  --------  ----------  --------------  -------------------  ----------------------
/opt/airflow/dags/weather_etl.py                           1           0  0.10s           2026-09-22T18:56:50                      14
================================================================================
[2026-09-22T18:57:42.216+0000] {manager.py:1008} INFO - 
================================================================================
DAG File Processing Stats

File Path                         PID    Runtime      # DAGs    # Errors  Last Runtime    Last Run               Last # of DB Queries
--------------------------------  -----  ---------  --------  ----------  --------------  -------------------  ----------------------
/opt/airflow/dags/weather_etl.py                           1           0  0.11s           2026-09-22T18:57:21                      14
================================================================================
[2026-09-22T18:58:12.622+0000] {manager.py:1008} INFO - 
================================================================================
DAG File Processing Stats

File Path                         PID    Runtime      # DAGs    # Errors  Last Runtime    Last Run               Last # of DB Queries
--------------------------------  -----  ---------  --------  ----------  --------------  -------------------  ----------------------
/opt/airflow/dags/weather_etl.py                           1           0  0.08s           2026-09-22T18:57:51                      14
================================================================================
[2026-09-22T18:58:42.925+0000] {manager.py:1008} INFO - 
================================================================================
DAG File Processing Stats

File Path                         PID    Runtime      # DAGs    # Errors  Last Runtime    Last Run               Last # of DB Queries
--------------------------------  -----  ---------  --------  ----------  --------------  -------------------  ----------------------
/opt/airflow/dags/weather_etl.py                           1           0  0.07s           2026-09-22T18:58:21                      14
================================================================================
[2026-09-22T18:59:13.299+0000] {manager.py:1008} INFO - 
================================================================================
DAG File Processing Stats

File Path                         PID    Runtime      # DAGs    # Errors  Last Runtime    Last Run               Last # of DB Queries
--------------------------------  -----  ---------  --------  ----------  --------------  -------------------  ----------------------
/opt/airflow/dags/weather_etl.py                           1           0  0.10s           2026-09-22T18:58:52                      14
================================================================================
[2026-09-22T18:59:43.650+0000] {manager.py:1008} INFO - 
================================================================================
DAG File Processing Stats

File Path                         PID    Runtime      # DAGs    # Errors  Last Runtime    Last Run               Last # of DB Queries
--------------------------------  -----  ---------  --------  ----------  --------------  -------------------  ----------------------
/opt/airflow/dags/weather_etl.py                           1           0  0.08s           2026-09-22T18:59:22                      14
================================================================================
[2026-09-22T19:00:14.048+0000] {manager.py:1008} INFO - 
================================================================================
DAG File Processing Stats

File Path                         PID    Runtime      # DAGs    # Errors  Last Runtime    Last Run               Last # of DB Queries
--------------------------------  -----  ---------  --------  ----------  --------------  -------------------  ----------------------
/opt/airflow/dags/weather_etl.py                           1           0  0.12s           2026-09-22T18:59:52                      14
================================================================================
[2026-09-22T19:00:44.446+0000] {manager.py:832} INFO - Searching for files in /opt/airflow/dags
[2026-09-22T19:00:44.456+0000] {manager.py:835} INFO - There are 1 files in /opt/airflow/dags
[2026-09-22T19:00:44.467+0000] {manager.py:1008} INFO - 
================================================================================
DAG File Processing Stats

File Path                         PID    Runtime      # DAGs    # Errors  Last Runtime    Last Run               Last # of DB Queries
--------------------------------  -----  ---------  --------  ----------  --------------  -------------------  ----------------------
/opt/airflow/dags/weather_etl.py                           1           0  0.10s           2026-09-22T19:00:23                      14
================================================================================
[2026-09-22T19:01:14.829+0000] {manager.py:1008} INFO - 
================================================================================
DAG File Processing Stats

File Path                         PID    Runtime      # DAGs    # Errors  Last Runtime    Last Run               Last # of DB Queries
--------------------------------  -----  ---------  --------  ----------  --------------  -------------------  ----------------------
/opt/airflow/dags/weather_etl.py                           1           0  0.09s           2026-09-22T19:00:53                      14
================================================================================
[2026-09-22T19:01:45.217+0000] {manager.py:1008} INFO - 
================================================================================
DAG File Processing Stats

File Path                         PID    Runtime      # DAGs    # Errors  Last Runtime    Last Run               Last # of DB Queries
--------------------------------  -----  ---------  --------  ----------  --------------  -------------------  ----------------------
/opt/airflow/dags/weather_etl.py                           1           0  0.09s           2026-09-22T19:01:24                      14
================================================================================
[2026-09-22T19:02:15.581+0000] {manager.py:1008} INFO - 
================================================================================
DAG File Processing Stats

File Path                         PID    Runtime      # DAGs    # Errors  Last Runtime    Last Run               Last # of DB Queries
--------------------------------  -----  ---------  --------  ----------  --------------  -------------------  ----------------------
/opt/airflow/dags/weather_etl.py                           1           0  0.10s           2026-09-22T19:01:54                      14
================================================================================
[2026-09-22T19:02:45.946+0000] {manager.py:1008} INFO - 
================================================================================
DAG File Processing Stats

File Path                         PID    Runtime      # DAGs    # Errors  Last Runtime    Last Run               Last # of DB Queries
--------------------------------  -----  ---------  --------  ----------  --------------  -------------------  ----------------------
/opt/airflow/dags/weather_etl.py                           1           0  0.15s           2026-09-22T19:02:24                      14
================================================================================
[2026-09-22T19:03:16.241+0000] {manager.py:1008} INFO - 
================================================================================
DAG File Processing Stats

File Path                         PID    Runtime      # DAGs    # Errors  Last Runtime    Last Run               Last # of DB Queries
--------------------------------  -----  ---------  --------  ----------  --------------  -------------------  ----------------------
/opt/airflow/dags/weather_etl.py                           1           0  0.10s           2026-09-22T19:02:55                      14
================================================================================
[2026-09-22T19:03:46.549+0000] {manager.py:1008} INFO - 
================================================================================
DAG File Processing Stats

File Path                         PID    Runtime      # DAGs    # Errors  Last Runtime    Last Run               Last # of DB Queries
--------------------------------  -----  ---------  --------  ----------  --------------  -------------------  ----------------------
/opt/airflow/dags/weather_etl.py                           1           0  0.08s           2026-09-22T19:03:25                      14
================================================================================
[2026-09-22T19:04:16.888+0000] {manager.py:1008} INFO - 
================================================================================
DAG File Processing Stats

File Path                         PID    Runtime      # DAGs    # Errors  Last Runtime    Last Run               Last # of DB Queries
--------------------------------  -----  ---------  --------  ----------  --------------  -------------------  ----------------------
/opt/airflow/dags/weather_etl.py                           1           0  0.08s           2026-09-22T19:03:55                      14
================================================================================
[2026-09-22T19:04:47.289+0000] {manager.py:1008} INFO - 
================================================================================
DAG File Processing Stats

File Path                         PID    Runtime      # DAGs    # Errors  Last Runtime    Last Run               Last # of DB Queries
--------------------------------  -----  ---------  --------  ----------  --------------  -------------------  ----------------------
/opt/airflow/dags/weather_etl.py                           1           0  0.14s           2026-09-22T19:04:26                      14
================================================================================
[2026-09-22T19:05:17.728+0000] {manager.py:1008} INFO - 
================================================================================
DAG File Processing Stats

File Path                         PID    Runtime      # DAGs    # Errors  Last Runtime    Last Run               Last # of DB Queries
--------------------------------  -----  ---------  --------  ----------  --------------  -------------------  ----------------------
/opt/airflow/dags/weather_etl.py                           1           0  0.13s           2026-09-22T19:04:56                      14
================================================================================
[2026-09-22T19:05:45.102+0000] {manager.py:832} INFO - Searching for files in /opt/airflow/dags
[2026-09-22T19:05:45.119+0000] {manager.py:835} INFO - There are 1 files in /opt/airflow/dags
[2026-09-22T19:05:48.169+0000] {manager.py:1008} INFO - 
================================================================================
DAG File Processing Stats

File Path                         PID    Runtime      # DAGs    # Errors  Last Runtime    Last Run               Last # of DB Queries
--------------------------------  -----  ---------  --------  ----------  --------------  -------------------  ----------------------
/opt/airflow/dags/weather_etl.py                           1           0  0.08s           2026-09-22T19:05:26                      14
================================================================================
[2026-09-22T19:06:18.565+0000] {manager.py:1008} INFO - 
================================================================================
DAG File Processing Stats

File Path                         PID    Runtime      # DAGs    # Errors  Last Runtime    Last Run               Last # of DB Queries
--------------------------------  -----  ---------  --------  ----------  --------------  -------------------  ----------------------
/opt/airflow/dags/weather_etl.py                           1           0  0.13s           2026-09-22T19:05:57                      14
================================================================================
[2026-09-22T19:06:48.996+0000] {manager.py:1008} INFO - 
================================================================================
DAG File Processing Stats

File Path                         PID    Runtime      # DAGs    # Errors  Last Runtime    Last Run               Last # of DB Queries
--------------------------------  -----  ---------  --------  ----------  --------------  -------------------  ----------------------
/opt/airflow/dags/weather_etl.py                           1           0  0.11s           2026-09-22T19:06:27                      14
================================================================================
[2026-09-22T19:07:19.332+0000] {manager.py:1008} INFO - 
================================================================================
DAG File Processing Stats

File Path                         PID    Runtime      # DAGs    # Errors  Last Runtime    Last Run               Last # of DB Queries
--------------------------------  -----  ---------  --------  ----------  --------------  -------------------  ----------------------
/opt/airflow/dags/weather_etl.py                           1           0  0.11s           2026-09-22T19:06:58                      14
================================================================================
[2026-09-22T19:07:49.730+0000] {manager.py:1008} INFO - 
================================================================================
DAG File Processing Stats

File Path                         PID    Runtime      # DAGs    # Errors  Last Runtime    Last Run               Last # of DB Queries
--------------------------------  -----  ---------  --------  ----------  --------------  -------------------  ----------------------
/opt/airflow/dags/weather_etl.py                           1           0  0.10s           2026-09-22T19:07:28                      14
================================================================================
[2026-09-22T19:08:20.115+0000] {manager.py:1008} INFO - 
================================================================================
DAG File Processing Stats

File Path                         PID    Runtime      # DAGs    # Errors  Last Runtime    Last Run               Last # of DB Queries
--------------------------------  -----  ---------  --------  ----------  --------------  -------------------  ----------------------
/opt/airflow/dags/weather_etl.py                           1           0  0.08s           2026-09-22T19:07:58                      14
================================================================================
[2026-09-22T19:08:50.471+0000] {manager.py:1008} INFO - 
================================================================================
DAG File Processing Stats

File Path                         PID    Runtime      # DAGs    # Errors  Last Runtime    Last Run               Last # of DB Queries
--------------------------------  -----  ---------  --------  ----------  --------------  -------------------  ----------------------
/opt/airflow/dags/weather_etl.py                           1           0  0.12s           2026-09-22T19:08:29                      14
================================================================================
[2026-09-22T19:09:20.872+0000] {manager.py:1008} INFO - 
================================================================================
DAG File Processing Stats

File Path                         PID    Runtime      # DAGs    # Errors  Last Runtime    Last Run               Last # of DB Queries
--------------------------------  -----  ---------  --------  ----------  --------------  -------------------  ----------------------
/opt/airflow/dags/weather_etl.py                           1           0  0.08s           2026-09-22T19:08:59                      14
================================================================================
[2026-09-22T19:09:51.243+0000] {manager.py:1008} INFO - 
================================================================================
DAG File Processing Stats

File Path                         PID    Runtime      # DAGs    # Errors  Last Runtime    Last Run               Last # of DB Queries
--------------------------------  -----  ---------  --------  ----------  --------------  -------------------  ----------------------
/opt/airflow/dags/weather_etl.py                           1           0  0.11s           2026-09-22T19:09:30                      14
================================================================================
[2026-09-22T19:10:21.644+0000] {manager.py:1008} INFO - 
================================================================================
DAG File Processing Stats

File Path                         PID    Runtime      # DAGs    # Errors  Last Runtime    Last Run               Last # of DB Queries
--------------------------------  -----  ---------  --------  ----------  --------------  -------------------  ----------------------
/opt/airflow/dags/weather_etl.py                           1           0  0.10s           2026-09-22T19:10:00                      14
================================================================================
[2026-09-22T19:10:45.919+0000] {manager.py:832} INFO - Searching for files in /opt/airflow/dags
[2026-09-22T19:10:45.930+0000] {manager.py:835} INFO - There are 1 files in /opt/airflow/dags
[2026-09-22T19:10:52.010+0000] {manager.py:1008} INFO - 
================================================================================
DAG File Processing Stats

File Path                         PID    Runtime      # DAGs    # Errors  Last Runtime    Last Run               Last # of DB Queries
--------------------------------  -----  ---------  --------  ----------  --------------  -------------------  ----------------------
/opt/airflow/dags/weather_etl.py                           1           0  0.09s           2026-09-22T19:10:30                      14
================================================================================
[2026-09-22T19:11:22.389+0000] {manager.py:1008} INFO - 
================================================================================
DAG File Processing Stats

File Path                         PID    Runtime      # DAGs    # Errors  Last Runtime    Last Run               Last # of DB Queries
--------------------------------  -----  ---------  --------  ----------  --------------  -------------------  ----------------------
/opt/airflow/dags/weather_etl.py                           1           0  0.07s           2026-09-22T19:11:01                      14
================================================================================
[2026-09-22T19:11:52.702+0000] {manager.py:1008} INFO - 
================================================================================
DAG File Processing Stats

File Path                         PID    Runtime      # DAGs    # Errors  Last Runtime    Last Run               Last # of DB Queries
--------------------------------  -----  ---------  --------  ----------  --------------  -------------------  ----------------------
/opt/airflow/dags/weather_etl.py                           1           0  0.13s           2026-09-22T19:11:31                      14
================================================================================
[2026-09-22T19:12:23.215+0000] {manager.py:1008} INFO - 
================================================================================
DAG File Processing Stats

File Path                         PID    Runtime      # DAGs    # Errors  Last Runtime    Last Run               Last # of DB Queries
--------------------------------  -----  ---------  --------  ----------  --------------  -------------------  ----------------------
/opt/airflow/dags/weather_etl.py                           1           0  0.14s           2026-09-22T19:12:01                      14
================================================================================
[2026-09-22T19:12:53.585+0000] {manager.py:1008} INFO - 
================================================================================
DAG File Processing Stats

File Path                         PID    Runtime      # DAGs    # Errors  Last Runtime    Last Run               Last # of DB Queries
--------------------------------  -----  ---------  --------  ----------  --------------  -------------------  ----------------------
/opt/airflow/dags/weather_etl.py                           1           0  0.09s           2026-09-22T19:12:32                      14
================================================================================
[2026-09-22T19:13:24.004+0000] {manager.py:1008} INFO - 
================================================================================
DAG File Processing Stats

File Path                         PID    Runtime      # DAGs    # Errors  Last Runtime    Last Run               Last # of DB Queries
--------------------------------  -----  ---------  --------  ----------  --------------  -------------------  ----------------------
/opt/airflow/dags/weather_etl.py                           1           0  0.24s           2026-09-22T19:13:02                      14
================================================================================
[2026-09-22T19:13:54.386+0000] {manager.py:1008} INFO - 
================================================================================
DAG File Processing Stats

File Path                         PID    Runtime      # DAGs    # Errors  Last Runtime    Last Run               Last # of DB Queries
--------------------------------  -----  ---------  --------  ----------  --------------  -------------------  ----------------------
/opt/airflow/dags/weather_etl.py                           1           0  0.08s           2026-09-22T19:13:33                      14
================================================================================
[2026-09-22T19:14:24.785+0000] {manager.py:1008} INFO - 
================================================================================
DAG File Processing Stats

File Path                         PID    Runtime      # DAGs    # Errors  Last Runtime    Last Run               Last # of DB Queries
--------------------------------  -----  ---------  --------  ----------  --------------  -------------------  ----------------------
/opt/airflow/dags/weather_etl.py                           1           0  0.10s           2026-09-22T19:14:03                      14
================================================================================
[2026-09-22T19:14:55.137+0000] {manager.py:1008} INFO - 
================================================================================
DAG File Processing Stats

File Path                         PID    Runtime      # DAGs    # Errors  Last Runtime    Last Run               Last # of DB Queries
--------------------------------  -----  ---------  --------  ----------  --------------  -------------------  ----------------------
/opt/airflow/dags/weather_etl.py                           1           0  0.08s           2026-09-22T19:14:33                      14
================================================================================
[2026-09-22T19:15:25.501+0000] {manager.py:1008} INFO - 
================================================================================
DAG File Processing Stats

File Path                         PID    Runtime      # DAGs    # Errors  Last Runtime    Last Run               Last # of DB Queries
--------------------------------  -----  ---------  --------  ----------  --------------  -------------------  ----------------------
/opt/airflow/dags/weather_etl.py                           1           0  0.08s           2026-09-22T19:15:04                      14
================================================================================
[2026-09-22T19:15:46.722+0000] {manager.py:832} INFO - Searching for files in /opt/airflow/dags
[2026-09-22T19:15:46.729+0000] {manager.py:835} INFO - There are 1 files in /opt/airflow/dags
[2026-09-22T19:15:55.846+0000] {manager.py:1008} INFO - 
================================================================================
DAG File Processing Stats

File Path                         PID    Runtime      # DAGs    # Errors  Last Runtime    Last Run               Last # of DB Queries
--------------------------------  -----  ---------  --------  ----------  --------------  -------------------  ----------------------
/opt/airflow/dags/weather_etl.py                           1           0  0.10s           2026-09-22T19:15:34                      14
================================================================================
[2026-09-22T19:16:26.224+0000] {manager.py:1008} INFO - 
================================================================================
DAG File Processing Stats

File Path                         PID    Runtime      # DAGs    # Errors  Last Runtime    Last Run               Last # of DB Queries
--------------------------------  -----  ---------  --------  ----------  --------------  -------------------  ----------------------
/opt/airflow/dags/weather_etl.py                           1           0  0.08s           2026-09-22T19:16:05                      14
================================================================================
[2026-09-22T19:16:56.595+0000] {manager.py:1008} INFO - 
================================================================================
DAG File Processing Stats

File Path                         PID    Runtime      # DAGs    # Errors  Last Runtime    Last Run               Last # of DB Queries
--------------------------------  -----  ---------  --------  ----------  --------------  -------------------  ----------------------
/opt/airflow/dags/weather_etl.py                           1           0  0.08s           2026-09-22T19:16:35                      14
================================================================================
[2026-09-22T19:17:26.982+0000] {manager.py:1008} INFO - 
================================================================================
DAG File Processing Stats

File Path                         PID    Runtime      # DAGs    # Errors  Last Runtime    Last Run               Last # of DB Queries
--------------------------------  -----  ---------  --------  ----------  --------------  -------------------  ----------------------
/opt/airflow/dags/weather_etl.py                           1           0  0.09s           2026-09-22T19:17:05                      14
================================================================================
[2026-09-22T19:17:57.355+0000] {manager.py:1008} INFO - 
================================================================================
DAG File Processing Stats

File Path                         PID    Runtime      # DAGs    # Errors  Last Runtime    Last Run               Last # of DB Queries
--------------------------------  -----  ---------  --------  ----------  --------------  -------------------  ----------------------
/opt/airflow/dags/weather_etl.py                           1           0  0.10s           2026-09-22T19:17:36                      14
================================================================================
[2026-09-22T19:18:27.744+0000] {manager.py:1008} INFO - 
================================================================================
DAG File Processing Stats

File Path                         PID    Runtime      # DAGs    # Errors  Last Runtime    Last Run               Last # of DB Queries
--------------------------------  -----  ---------  --------  ----------  --------------  -------------------  ----------------------
/opt/airflow/dags/weather_etl.py                           1           0  0.08s           2026-09-22T19:18:06                      14
================================================================================
[2026-09-22T19:34:47.918+0000] {manager.py:832} INFO - Searching for files in /opt/airflow/dags
[2026-09-22T19:34:47.934+0000] {manager.py:835} INFO - There are 1 files in /opt/airflow/dags
[2026-09-22T19:35:03.230+0000] {manager.py:1008} INFO - 
================================================================================
DAG File Processing Stats

File Path                         PID    Runtime      # DAGs    # Errors  Last Runtime    Last Run               Last # of DB Queries
--------------------------------  -----  ---------  --------  ----------  --------------  -------------------  ----------------------
/opt/airflow/dags/weather_etl.py                           1           0  0.39s           2026-09-22T19:34:48                      14
================================================================================
[2026-09-22T19:56:33.518+0000] {manager.py:832} INFO - Searching for files in /opt/airflow/dags
[2026-09-22T19:56:33.526+0000] {manager.py:835} INFO - There are 1 files in /opt/airflow/dags
[2026-09-22T19:56:49.763+0000] {manager.py:1008} INFO - 
================================================================================
DAG File Processing Stats

File Path                         PID    Runtime      # DAGs    # Errors  Last Runtime    Last Run               Last # of DB Queries
--------------------------------  -----  ---------  --------  ----------  --------------  -------------------  ----------------------
/opt/airflow/dags/weather_etl.py                           1           0  0.14s           2026-09-22T19:56:33                      14
================================================================================
[2026-09-22T19:57:20.148+0000] {manager.py:1008} INFO - 
================================================================================
DAG File Processing Stats

File Path                         PID    Runtime      # DAGs    # Errors  Last Runtime    Last Run               Last # of DB Queries
--------------------------------  -----  ---------  --------  ----------  --------------  -------------------  ----------------------
/opt/airflow/dags/weather_etl.py                           1           0  0.11s           2026-09-22T19:57:04                      14
================================================================================
[2026-09-22T19:57:50.547+0000] {manager.py:1008} INFO - 
================================================================================
DAG File Processing Stats

File Path                         PID    Runtime      # DAGs    # Errors  Last Runtime    Last Run               Last # of DB Queries
--------------------------------  -----  ---------  --------  ----------  --------------  -------------------  ----------------------
/opt/airflow/dags/weather_etl.py                           1           0  0.08s           2026-09-22T19:57:34                      14
================================================================================
[2026-09-22T19:58:20.934+0000] {manager.py:1008} INFO - 
================================================================================
DAG File Processing Stats

File Path                         PID    Runtime      # DAGs    # Errors  Last Runtime    Last Run               Last # of DB Queries
--------------------------------  -----  ---------  --------  ----------  --------------  -------------------  ----------------------
/opt/airflow/dags/weather_etl.py                           1           0  0.10s           2026-09-22T19:58:04                      14
================================================================================
[2026-09-22T19:58:51.497+0000] {manager.py:1008} INFO - 
================================================================================
DAG File Processing Stats

File Path                         PID    Runtime      # DAGs    # Errors  Last Runtime    Last Run               Last # of DB Queries
--------------------------------  -----  ---------  --------  ----------  --------------  -------------------  ----------------------
/opt/airflow/dags/weather_etl.py                           1           0  0.11s           2026-09-22T19:58:35                      14
================================================================================
[2026-09-22T20:25:53.849+0000] {manager.py:832} INFO - Searching for files in /opt/airflow/dags
[2026-09-22T20:25:53.855+0000] {manager.py:835} INFO - There are 1 files in /opt/airflow/dags
[2026-09-22T20:26:12.118+0000] {manager.py:1008} INFO - 
================================================================================
DAG File Processing Stats

File Path                         PID    Runtime      # DAGs    # Errors  Last Runtime    Last Run               Last # of DB Queries
--------------------------------  -----  ---------  --------  ----------  --------------  -------------------  ----------------------
/opt/airflow/dags/weather_etl.py                           1           0  0.22s           2026-09-22T20:25:54                      14
================================================================================
[2026-09-22T20:26:42.594+0000] {manager.py:1008} INFO - 
================================================================================
DAG File Processing Stats

File Path                         PID    Runtime      # DAGs    # Errors  Last Runtime    Last Run               Last # of DB Queries
--------------------------------  -----  ---------  --------  ----------  --------------  -------------------  ----------------------
/opt/airflow/dags/weather_etl.py                           1           0  0.16s           2026-09-22T20:26:24                      14
================================================================================
[2026-09-22T20:27:12.958+0000] {manager.py:1008} INFO - 
================================================================================
DAG File Processing Stats

File Path                         PID    Runtime      # DAGs    # Errors  Last Runtime    Last Run               Last # of DB Queries
--------------------------------  -----  ---------  --------  ----------  --------------  -------------------  ----------------------
/opt/airflow/dags/weather_etl.py                           1           0  0.07s           2026-09-22T20:26:54                      14
================================================================================
[2026-09-22T20:27:43.328+0000] {manager.py:1008} INFO - 
================================================================================
DAG File Processing Stats

File Path                         PID    Runtime      # DAGs    # Errors  Last Runtime    Last Run               Last # of DB Queries
--------------------------------  -----  ---------  --------  ----------  --------------  -------------------  ----------------------
/opt/airflow/dags/weather_etl.py                           1           0  0.07s           2026-09-22T20:27:25                      14
================================================================================
[2026-09-22T20:28:13.662+0000] {manager.py:1008} INFO - 
================================================================================
DAG File Processing Stats

File Path                         PID    Runtime      # DAGs    # Errors  Last Runtime    Last Run               Last # of DB Queries
--------------------------------  -----  ---------  --------  ----------  --------------  -------------------  ----------------------
/opt/airflow/dags/weather_etl.py                           1           0  0.09s           2026-09-22T20:27:55                      14
================================================================================
[2026-09-22T20:28:44.005+0000] {manager.py:1008} INFO - 
================================================================================
DAG File Processing Stats

File Path                         PID    Runtime      # DAGs    # Errors  Last Runtime    Last Run               Last # of DB Queries
--------------------------------  -----  ---------  --------  ----------  --------------  -------------------  ----------------------
/opt/airflow/dags/weather_etl.py                           1           0  0.56s           2026-09-22T20:28:26                      14
================================================================================
[2026-09-22T20:29:14.916+0000] {manager.py:1008} INFO - 
================================================================================
DAG File Processing Stats

File Path                         PID    Runtime      # DAGs    # Errors  Last Runtime    Last Run               Last # of DB Queries
--------------------------------  -----  ---------  --------  ----------  --------------  -------------------  ----------------------
/opt/airflow/dags/weather_etl.py                           1           0  0.08s           2026-09-22T20:28:56                      14
================================================================================
[2026-09-22T20:29:45.294+0000] {manager.py:1008} INFO - 
================================================================================
DAG File Processing Stats

File Path                         PID    Runtime      # DAGs    # Errors  Last Runtime    Last Run               Last # of DB Queries
--------------------------------  -----  ---------  --------  ----------  --------------  -------------------  ----------------------
/opt/airflow/dags/weather_etl.py                           1           0  0.16s           2026-09-22T20:29:27                      14
================================================================================
[2026-09-22T20:30:15.761+0000] {manager.py:1008} INFO - 
================================================================================
DAG File Processing Stats

File Path                         PID    Runtime      # DAGs    # Errors  Last Runtime    Last Run               Last # of DB Queries
--------------------------------  -----  ---------  --------  ----------  --------------  -------------------  ----------------------
/opt/airflow/dags/weather_etl.py                           1           0  0.12s           2026-09-22T20:29:57                      14
================================================================================
[2026-09-22T20:30:46.160+0000] {manager.py:1008} INFO - 
================================================================================
DAG File Processing Stats

File Path                         PID    Runtime      # DAGs    # Errors  Last Runtime    Last Run               Last # of DB Queries
--------------------------------  -----  ---------  --------  ----------  --------------  -------------------  ----------------------
/opt/airflow/dags/weather_etl.py                           1           0  0.14s           2026-09-22T20:30:28                      14
================================================================================
[2026-09-22T20:30:54.260+0000] {manager.py:832} INFO - Searching for files in /opt/airflow/dags
[2026-09-22T20:30:54.270+0000] {manager.py:835} INFO - There are 1 files in /opt/airflow/dags
[2026-09-22T20:31:16.556+0000] {manager.py:1008} INFO - 
================================================================================
DAG File Processing Stats

File Path                         PID    Runtime      # DAGs    # Errors  Last Runtime    Last Run               Last # of DB Queries
--------------------------------  -----  ---------  --------  ----------  --------------  -------------------  ----------------------
/opt/airflow/dags/weather_etl.py                           1           0  0.35s           2026-09-22T20:30:58                      14
================================================================================
[2026-09-22T20:31:46.960+0000] {manager.py:1008} INFO - 
================================================================================
DAG File Processing Stats

File Path                         PID    Runtime      # DAGs    # Errors  Last Runtime    Last Run               Last # of DB Queries
--------------------------------  -----  ---------  --------  ----------  --------------  -------------------  ----------------------
/opt/airflow/dags/weather_etl.py                           1           0  0.13s           2026-09-22T20:31:28                      14
================================================================================
[2026-09-22T20:32:17.353+0000] {manager.py:1008} INFO - 
================================================================================
DAG File Processing Stats

File Path                         PID    Runtime      # DAGs    # Errors  Last Runtime    Last Run               Last # of DB Queries
--------------------------------  -----  ---------  --------  ----------  --------------  -------------------  ----------------------
/opt/airflow/dags/weather_etl.py                           1           0  0.11s           2026-09-22T20:31:59                      14
================================================================================
[2026-09-22T20:32:47.715+0000] {manager.py:1008} INFO - 
================================================================================
DAG File Processing Stats

File Path                         PID    Runtime      # DAGs    # Errors  Last Runtime    Last Run               Last # of DB Queries
--------------------------------  -----  ---------  --------  ----------  --------------  -------------------  ----------------------
/opt/airflow/dags/weather_etl.py                           1           0  0.11s           2026-09-22T20:32:29                      14
================================================================================
[2026-09-22T20:33:18.149+0000] {manager.py:1008} INFO - 
================================================================================
DAG File Processing Stats

File Path                         PID    Runtime      # DAGs    # Errors  Last Runtime    Last Run               Last # of DB Queries
--------------------------------  -----  ---------  --------  ----------  --------------  -------------------  ----------------------
/opt/airflow/dags/weather_etl.py                           1           0  0.10s           2026-09-22T20:32:59                      14
================================================================================
[2026-09-22T20:33:48.555+0000] {manager.py:1008} INFO - 
================================================================================
DAG File Processing Stats

File Path                         PID    Runtime      # DAGs    # Errors  Last Runtime    Last Run               Last # of DB Queries
--------------------------------  -----  ---------  --------  ----------  --------------  -------------------  ----------------------
/opt/airflow/dags/weather_etl.py                           1           0  0.36s           2026-09-22T20:33:30                      14
================================================================================
[2026-09-22T20:34:18.965+0000] {manager.py:1008} INFO - 
================================================================================
DAG File Processing Stats

File Path                         PID    Runtime      # DAGs    # Errors  Last Runtime    Last Run               Last # of DB Queries
--------------------------------  -----  ---------  --------  ----------  --------------  -------------------  ----------------------
/opt/airflow/dags/weather_etl.py                           1           0  0.16s           2026-09-22T20:34:00                      14
================================================================================
[2026-09-22T20:34:49.369+0000] {manager.py:1008} INFO - 
================================================================================
DAG File Processing Stats

File Path                         PID    Runtime      # DAGs    # Errors  Last Runtime    Last Run               Last # of DB Queries
--------------------------------  -----  ---------  --------  ----------  --------------  -------------------  ----------------------
/opt/airflow/dags/weather_etl.py                           1           0  0.12s           2026-09-22T20:34:31                      14
================================================================================
[2026-09-22T20:35:19.742+0000] {manager.py:1008} INFO - 
================================================================================
DAG File Processing Stats

File Path                         PID    Runtime      # DAGs    # Errors  Last Runtime    Last Run               Last # of DB Queries
--------------------------------  -----  ---------  --------  ----------  --------------  -------------------  ----------------------
/opt/airflow/dags/weather_etl.py                           1           0  0.12s           2026-09-22T20:35:01                      14
================================================================================
[2026-09-22T20:35:50.133+0000] {manager.py:1008} INFO - 
================================================================================
DAG File Processing Stats

File Path                         PID    Runtime      # DAGs    # Errors  Last Runtime    Last Run               Last # of DB Queries
--------------------------------  -----  ---------  --------  ----------  --------------  -------------------  ----------------------
/opt/airflow/dags/weather_etl.py                           1           0  0.11s           2026-09-22T20:35:32                      14
================================================================================
[2026-09-22T20:35:55.215+0000] {manager.py:832} INFO - Searching for files in /opt/airflow/dags
[2026-09-22T20:35:55.225+0000] {manager.py:835} INFO - There are 1 files in /opt/airflow/dags
[2026-09-22T20:36:20.574+0000] {manager.py:1008} INFO - 
================================================================================
DAG File Processing Stats

File Path                         PID    Runtime      # DAGs    # Errors  Last Runtime    Last Run               Last # of DB Queries
--------------------------------  -----  ---------  --------  ----------  --------------  -------------------  ----------------------
/opt/airflow/dags/weather_etl.py                           1           0  0.37s           2026-09-22T20:36:02                      14
================================================================================
[2026-09-22T20:36:51.023+0000] {manager.py:1008} INFO - 
================================================================================
DAG File Processing Stats

File Path                         PID    Runtime      # DAGs    # Errors  Last Runtime    Last Run               Last # of DB Queries
--------------------------------  -----  ---------  --------  ----------  --------------  -------------------  ----------------------
/opt/airflow/dags/weather_etl.py                           1           0  0.21s           2026-09-22T20:36:32                      14
================================================================================
[2026-09-22T20:37:21.423+0000] {manager.py:1008} INFO - 
================================================================================
DAG File Processing Stats

File Path                         PID    Runtime      # DAGs    # Errors  Last Runtime    Last Run               Last # of DB Queries
--------------------------------  -----  ---------  --------  ----------  --------------  -------------------  ----------------------
/opt/airflow/dags/weather_etl.py                           1           0  0.13s           2026-09-22T20:37:03                      14
================================================================================
[2026-09-22T20:37:51.806+0000] {manager.py:1008} INFO - 
================================================================================
DAG File Processing Stats

File Path                         PID    Runtime      # DAGs    # Errors  Last Runtime    Last Run               Last # of DB Queries
--------------------------------  -----  ---------  --------  ----------  --------------  -------------------  ----------------------
/opt/airflow/dags/weather_etl.py                           1           0  0.19s           2026-09-22T20:37:33                      14
================================================================================
[2026-09-22T20:38:22.249+0000] {manager.py:1008} INFO - 
================================================================================
DAG File Processing Stats

File Path                         PID    Runtime      # DAGs    # Errors  Last Runtime    Last Run               Last # of DB Queries
--------------------------------  -----  ---------  --------  ----------  --------------  -------------------  ----------------------
/opt/airflow/dags/weather_etl.py                           1           0  0.14s           2026-09-22T20:38:04                      14
================================================================================
[2026-09-22T20:38:52.666+0000] {manager.py:1008} INFO - 
================================================================================
DAG File Processing Stats

File Path                         PID    Runtime      # DAGs    # Errors  Last Runtime    Last Run               Last # of DB Queries
--------------------------------  -----  ---------  --------  ----------  --------------  -------------------  ----------------------
/opt/airflow/dags/weather_etl.py                           1           0  0.32s           2026-09-22T20:38:34                      14
================================================================================
[2026-09-22T20:39:23.259+0000] {manager.py:1008} INFO - 
================================================================================
DAG File Processing Stats

File Path                         PID    Runtime      # DAGs    # Errors  Last Runtime    Last Run               Last # of DB Queries
--------------------------------  -----  ---------  --------  ----------  --------------  -------------------  ----------------------
/opt/airflow/dags/weather_etl.py                           1           0  0.37s           2026-09-22T20:39:05                      14
================================================================================
[2026-09-22T20:39:53.666+0000] {manager.py:1008} INFO - 
================================================================================
DAG File Processing Stats

File Path                         PID    Runtime      # DAGs    # Errors  Last Runtime    Last Run               Last # of DB Queries
--------------------------------  -----  ---------  --------  ----------  --------------  -------------------  ----------------------
/opt/airflow/dags/weather_etl.py                           1           0  0.11s           2026-09-22T20:39:35                      14
================================================================================
[2026-09-22T20:40:24.067+0000] {manager.py:1008} INFO - 
================================================================================
DAG File Processing Stats

File Path                         PID    Runtime      # DAGs    # Errors  Last Runtime    Last Run               Last # of DB Queries
--------------------------------  -----  ---------  --------  ----------  --------------  -------------------  ----------------------
/opt/airflow/dags/weather_etl.py                           1           0  0.16s           2026-09-22T20:40:05                      14
================================================================================
[2026-09-22T20:40:54.524+0000] {manager.py:1008} INFO - 
================================================================================
DAG File Processing Stats

File Path                         PID    Runtime      # DAGs    # Errors  Last Runtime    Last Run               Last # of DB Queries
--------------------------------  -----  ---------  --------  ----------  --------------  -------------------  ----------------------
/opt/airflow/dags/weather_etl.py                           1           0  0.10s           2026-09-22T20:40:36                      14
================================================================================
[2026-09-22T20:40:55.538+0000] {manager.py:832} INFO - Searching for files in /opt/airflow/dags
[2026-09-22T20:40:55.546+0000] {manager.py:835} INFO - There are 1 files in /opt/airflow/dags
[2026-09-22T20:55:38.443+0000] {manager.py:832} INFO - Searching for files in /opt/airflow/dags
[2026-09-22T20:55:38.451+0000] {manager.py:835} INFO - There are 1 files in /opt/airflow/dags
[2026-09-22T20:55:38.476+0000] {manager.py:1008} INFO - 
================================================================================
DAG File Processing Stats

File Path                           PID  Runtime      # DAGs    # Errors  Last Runtime    Last Run               Last # of DB Queries
--------------------------------  -----  ---------  --------  ----------  --------------  -------------------  ----------------------
/opt/airflow/dags/weather_etl.py   8425  0.01s             1           0  0.39s           2026-09-22T20:41:07                      14
================================================================================
[2026-09-22T20:56:09.091+0000] {manager.py:1008} INFO - 
================================================================================
DAG File Processing Stats

File Path                           PID  Runtime      # DAGs    # Errors  Last Runtime    Last Run               Last # of DB Queries
--------------------------------  -----  ---------  --------  ----------  --------------  -------------------  ----------------------
/opt/airflow/dags/weather_etl.py   8436  0.03s             1           0  0.43s           2026-09-22T20:55:38                      14
================================================================================
[2026-09-22T20:56:39.461+0000] {manager.py:1008} INFO - 
================================================================================
DAG File Processing Stats

File Path                           PID  Runtime      # DAGs    # Errors  Last Runtime    Last Run               Last # of DB Queries
--------------------------------  -----  ---------  --------  ----------  --------------  -------------------  ----------------------
/opt/airflow/dags/weather_etl.py   8446  0.03s             1           0  0.18s           2026-09-22T20:56:09                      14
================================================================================
[2026-09-22T20:57:09.999+0000] {manager.py:1008} INFO - 
================================================================================
DAG File Processing Stats

File Path                           PID  Runtime      # DAGs    # Errors  Last Runtime    Last Run               Last # of DB Queries
--------------------------------  -----  ---------  --------  ----------  --------------  -------------------  ----------------------
/opt/airflow/dags/weather_etl.py   8457  0.02s             1           0  0.19s           2026-09-22T20:56:39                      14
================================================================================
[2026-09-22T20:57:40.435+0000] {manager.py:1008} INFO - 
================================================================================
DAG File Processing Stats

File Path                           PID  Runtime      # DAGs    # Errors  Last Runtime    Last Run               Last # of DB Queries
--------------------------------  -----  ---------  --------  ----------  --------------  -------------------  ----------------------
/opt/airflow/dags/weather_etl.py   8468  0.02s             1           0  0.18s           2026-09-22T20:57:10                      14
================================================================================
[2026-09-22T20:58:10.869+0000] {manager.py:1008} INFO - 
================================================================================
DAG File Processing Stats

File Path                           PID  Runtime      # DAGs    # Errors  Last Runtime    Last Run               Last # of DB Queries
--------------------------------  -----  ---------  --------  ----------  --------------  -------------------  ----------------------
/opt/airflow/dags/weather_etl.py   8479  0.01s             1           0  0.35s           2026-09-22T20:57:40                      14
================================================================================
[2026-09-22T20:58:41.291+0000] {manager.py:1008} INFO - 
================================================================================
DAG File Processing Stats

File Path                           PID  Runtime      # DAGs    # Errors  Last Runtime    Last Run               Last # of DB Queries
--------------------------------  -----  ---------  --------  ----------  --------------  -------------------  ----------------------
/opt/airflow/dags/weather_etl.py   8490  0.01s             1           0  0.23s           2026-09-22T20:58:11                      14
================================================================================
[2026-09-22T20:59:11.768+0000] {manager.py:1008} INFO - 
================================================================================
DAG File Processing Stats

File Path                           PID  Runtime      # DAGs    # Errors  Last Runtime    Last Run               Last # of DB Queries
--------------------------------  -----  ---------  --------  ----------  --------------  -------------------  ----------------------
/opt/airflow/dags/weather_etl.py   8506  0.01s             1           0  0.25s           2026-09-22T20:58:41                      14
================================================================================
[2026-09-22T20:59:42.213+0000] {manager.py:1008} INFO - 
================================================================================
DAG File Processing Stats

File Path                           PID  Runtime      # DAGs    # Errors  Last Runtime    Last Run               Last # of DB Queries
--------------------------------  -----  ---------  --------  ----------  --------------  -------------------  ----------------------
/opt/airflow/dags/weather_etl.py   8518  0.01s             1           0  0.13s           2026-09-22T20:59:11                      14
================================================================================
[2026-09-22T21:00:12.557+0000] {manager.py:1008} INFO - 
================================================================================
DAG File Processing Stats

File Path                           PID  Runtime      # DAGs    # Errors  Last Runtime    Last Run               Last # of DB Queries
--------------------------------  -----  ---------  --------  ----------  --------------  -------------------  ----------------------
/opt/airflow/dags/weather_etl.py   8529  0.01s             1           0  0.07s           2026-09-22T20:59:42                      14
================================================================================
[2026-09-22T21:00:38.880+0000] {manager.py:832} INFO - Searching for files in /opt/airflow/dags
[2026-09-22T21:00:38.896+0000] {manager.py:835} INFO - There are 1 files in /opt/airflow/dags
[2026-09-22T21:00:42.993+0000] {manager.py:1008} INFO - 
================================================================================
DAG File Processing Stats

File Path                           PID  Runtime      # DAGs    # Errors  Last Runtime    Last Run               Last # of DB Queries
--------------------------------  -----  ---------  --------  ----------  --------------  -------------------  ----------------------
/opt/airflow/dags/weather_etl.py   8540  0.01s             1           0  0.08s           2026-09-22T21:00:12                      14
================================================================================
[2026-09-22T21:01:13.357+0000] {manager.py:1008} INFO - 
================================================================================
DAG File Processing Stats

File Path                           PID  Runtime      # DAGs    # Errors  Last Runtime    Last Run               Last # of DB Queries
--------------------------------  -----  ---------  --------  ----------  --------------  -------------------  ----------------------
/opt/airflow/dags/weather_etl.py   8551  0.03s             1           0  0.33s           2026-09-22T21:00:43                      14
================================================================================
[2026-09-22T21:01:44.044+0000] {manager.py:1008} INFO - 
================================================================================
DAG File Processing Stats

File Path                           PID  Runtime      # DAGs    # Errors  Last Runtime    Last Run               Last # of DB Queries
--------------------------------  -----  ---------  --------  ----------  --------------  -------------------  ----------------------
/opt/airflow/dags/weather_etl.py   8562  0.01s             1           0  0.43s           2026-09-22T21:01:13                      14
================================================================================
[2026-09-22T21:02:14.423+0000] {manager.py:1008} INFO - 
================================================================================
DAG File Processing Stats

File Path                           PID  Runtime      # DAGs    # Errors  Last Runtime    Last Run               Last # of DB Queries
--------------------------------  -----  ---------  --------  ----------  --------------  -------------------  ----------------------
/opt/airflow/dags/weather_etl.py   8573  0.01s             1           0  0.14s           2026-09-22T21:01:44                      14
================================================================================
[2026-09-22T21:02:44.814+0000] {manager.py:1008} INFO - 
================================================================================
DAG File Processing Stats

File Path                           PID  Runtime      # DAGs    # Errors  Last Runtime    Last Run               Last # of DB Queries
--------------------------------  -----  ---------  --------  ----------  --------------  -------------------  ----------------------
/opt/airflow/dags/weather_etl.py   8584  0.01s             1           0  0.08s           2026-09-22T21:02:14                      14
================================================================================
[2026-09-22T21:03:15.235+0000] {manager.py:1008} INFO - 
================================================================================
DAG File Processing Stats

File Path                           PID  Runtime      # DAGs    # Errors  Last Runtime    Last Run               Last # of DB Queries
--------------------------------  -----  ---------  --------  ----------  --------------  -------------------  ----------------------
/opt/airflow/dags/weather_etl.py   8595  0.02s             1           0  0.11s           2026-09-22T21:02:44                      14
================================================================================
[2026-09-22T21:03:45.627+0000] {manager.py:1008} INFO - 
================================================================================
DAG File Processing Stats

File Path                           PID  Runtime      # DAGs    # Errors  Last Runtime    Last Run               Last # of DB Queries
--------------------------------  -----  ---------  --------  ----------  --------------  -------------------  ----------------------
/opt/airflow/dags/weather_etl.py   8606  0.01s             1           0  0.39s           2026-09-22T21:03:15                      14
================================================================================
[2026-09-22T21:04:16.289+0000] {manager.py:1008} INFO - 
================================================================================
DAG File Processing Stats

File Path                           PID  Runtime      # DAGs    # Errors  Last Runtime    Last Run               Last # of DB Queries
--------------------------------  -----  ---------  --------  ----------  --------------  -------------------  ----------------------
/opt/airflow/dags/weather_etl.py   8617  0.01s             1           0  0.35s           2026-09-22T21:03:45                      14
================================================================================
[2026-09-22T21:04:46.648+0000] {manager.py:1008} INFO - 
================================================================================
DAG File Processing Stats

File Path                           PID  Runtime      # DAGs    # Errors  Last Runtime    Last Run               Last # of DB Queries
--------------------------------  -----  ---------  --------  ----------  --------------  -------------------  ----------------------
/opt/airflow/dags/weather_etl.py   8628  0.01s             1           0  0.07s           2026-09-22T21:04:16                      14
================================================================================
[2026-09-22T21:05:17.032+0000] {manager.py:1008} INFO - 
================================================================================
DAG File Processing Stats

File Path                           PID  Runtime      # DAGs    # Errors  Last Runtime    Last Run               Last # of DB Queries
--------------------------------  -----  ---------  --------  ----------  --------------  -------------------  ----------------------
/opt/airflow/dags/weather_etl.py   8639  0.01s             1           0  0.08s           2026-09-22T21:04:46                      14
================================================================================
[2026-09-22T21:05:39.297+0000] {manager.py:832} INFO - Searching for files in /opt/airflow/dags
[2026-09-22T21:05:39.306+0000] {manager.py:835} INFO - There are 1 files in /opt/airflow/dags
[2026-09-22T21:05:47.432+0000] {manager.py:1008} INFO - 
================================================================================
DAG File Processing Stats

File Path                           PID  Runtime      # DAGs    # Errors  Last Runtime    Last Run               Last # of DB Queries
--------------------------------  -----  ---------  --------  ----------  --------------  -------------------  ----------------------
/opt/airflow/dags/weather_etl.py   8650  0.01s             1           0  0.14s           2026-09-22T21:05:17                      14
================================================================================
[2026-09-22T21:06:17.829+0000] {manager.py:1008} INFO - 
================================================================================
DAG File Processing Stats

File Path                           PID  Runtime      # DAGs    # Errors  Last Runtime    Last Run               Last # of DB Queries
--------------------------------  -----  ---------  --------  ----------  --------------  -------------------  ----------------------
/opt/airflow/dags/weather_etl.py   8661  0.02s             1           0  0.29s           2026-09-22T21:05:47                      14
================================================================================
[2026-09-22T21:06:48.345+0000] {manager.py:1008} INFO - 
================================================================================
DAG File Processing Stats

File Path                           PID  Runtime      # DAGs    # Errors  Last Runtime    Last Run               Last # of DB Queries
--------------------------------  -----  ---------  --------  ----------  --------------  -------------------  ----------------------
/opt/airflow/dags/weather_etl.py   8672  0.01s             1           0  0.44s           2026-09-22T21:06:18                      14
================================================================================
[2026-09-22T21:07:18.665+0000] {manager.py:1008} INFO - 
================================================================================
DAG File Processing Stats

File Path                           PID  Runtime      # DAGs    # Errors  Last Runtime    Last Run               Last # of DB Queries
--------------------------------  -----  ---------  --------  ----------  --------------  -------------------  ----------------------
/opt/airflow/dags/weather_etl.py   8683  0.01s             1           0  0.13s           2026-09-22T21:06:48                      14
================================================================================
[2026-09-22T21:07:49.072+0000] {manager.py:1008} INFO - 
================================================================================
DAG File Processing Stats

File Path                           PID  Runtime      # DAGs    # Errors  Last Runtime    Last Run               Last # of DB Queries
--------------------------------  -----  ---------  --------  ----------  --------------  -------------------  ----------------------
/opt/airflow/dags/weather_etl.py   8694  0.01s             1           0  0.14s           2026-09-22T21:07:18                      14
================================================================================
[2026-09-22T21:08:19.440+0000] {manager.py:1008} INFO - 
================================================================================
DAG File Processing Stats

File Path                           PID  Runtime      # DAGs    # Errors  Last Runtime    Last Run               Last # of DB Queries
--------------------------------  -----  ---------  --------  ----------  --------------  -------------------  ----------------------
/opt/airflow/dags/weather_etl.py   8705  0.01s             1           0  0.08s           2026-09-22T21:07:49                      14
================================================================================
[2026-09-22T21:08:49.815+0000] {manager.py:1008} INFO - 
================================================================================
DAG File Processing Stats

File Path                           PID  Runtime      # DAGs    # Errors  Last Runtime    Last Run               Last # of DB Queries
--------------------------------  -----  ---------  --------  ----------  --------------  -------------------  ----------------------
/opt/airflow/dags/weather_etl.py   8716  0.01s             1           0  0.32s           2026-09-22T21:08:19                      14
================================================================================
[2026-09-22T21:09:20.196+0000] {manager.py:1008} INFO - 
================================================================================
DAG File Processing Stats

File Path                           PID  Runtime      # DAGs    # Errors  Last Runtime    Last Run               Last # of DB Queries
--------------------------------  -----  ---------  --------  ----------  --------------  -------------------  ----------------------
/opt/airflow/dags/weather_etl.py   8727  0.01s             1           0  0.18s           2026-09-22T21:08:49                      14
================================================================================
[2026-09-22T21:09:50.663+0000] {manager.py:1008} INFO - 
================================================================================
DAG File Processing Stats

File Path                           PID  Runtime      # DAGs    # Errors  Last Runtime    Last Run               Last # of DB Queries
--------------------------------  -----  ---------  --------  ----------  --------------  -------------------  ----------------------
/opt/airflow/dags/weather_etl.py   8738  0.01s             1           0  0.12s           2026-09-22T21:09:20                      14
================================================================================
[2026-09-22T21:10:20.983+0000] {manager.py:1008} INFO - 
================================================================================
DAG File Processing Stats

File Path                           PID  Runtime      # DAGs    # Errors  Last Runtime    Last Run               Last # of DB Queries
--------------------------------  -----  ---------  --------  ----------  --------------  -------------------  ----------------------
/opt/airflow/dags/weather_etl.py   8749  0.01s             1           0  0.10s           2026-09-22T21:09:50                      14
================================================================================
[2026-09-22T21:10:40.238+0000] {manager.py:832} INFO - Searching for files in /opt/airflow/dags
[2026-09-22T21:10:40.246+0000] {manager.py:835} INFO - There are 1 files in /opt/airflow/dags
[2026-09-22T21:10:51.408+0000] {manager.py:1008} INFO - 
================================================================================
DAG File Processing Stats

File Path                           PID  Runtime      # DAGs    # Errors  Last Runtime    Last Run               Last # of DB Queries
--------------------------------  -----  ---------  --------  ----------  --------------  -------------------  ----------------------
/opt/airflow/dags/weather_etl.py   8760  0.01s             1           0  0.09s           2026-09-22T21:10:21                      14
================================================================================
[2026-09-22T21:11:21.768+0000] {manager.py:1008} INFO - 
================================================================================
DAG File Processing Stats

File Path                           PID  Runtime      # DAGs    # Errors  Last Runtime    Last Run               Last # of DB Queries
--------------------------------  -----  ---------  --------  ----------  --------------  -------------------  ----------------------
/opt/airflow/dags/weather_etl.py   8771  0.01s             1           0  0.29s           2026-09-22T21:10:51                      14
================================================================================
[2026-09-22T21:11:52.138+0000] {manager.py:1008} INFO - 
================================================================================
DAG File Processing Stats

File Path                           PID  Runtime      # DAGs    # Errors  Last Runtime    Last Run               Last # of DB Queries
--------------------------------  -----  ---------  --------  ----------  --------------  -------------------  ----------------------
/opt/airflow/dags/weather_etl.py   8782  0.01s             1           0  0.15s           2026-09-22T21:11:21                      14
================================================================================
[2026-09-22T21:12:22.558+0000] {manager.py:1008} INFO - 
================================================================================
DAG File Processing Stats

File Path                           PID  Runtime      # DAGs    # Errors  Last Runtime    Last Run               Last # of DB Queries
--------------------------------  -----  ---------  --------  ----------  --------------  -------------------  ----------------------
/opt/airflow/dags/weather_etl.py   8793  0.02s             1           0  0.08s           2026-09-22T21:11:52                      14
================================================================================
[2026-09-22T21:12:52.950+0000] {manager.py:1008} INFO - 
================================================================================
DAG File Processing Stats

File Path                           PID  Runtime      # DAGs    # Errors  Last Runtime    Last Run               Last # of DB Queries
--------------------------------  -----  ---------  --------  ----------  --------------  -------------------  ----------------------
/opt/airflow/dags/weather_etl.py   8804  0.01s             1           0  0.12s           2026-09-22T21:12:22                      14
================================================================================
[2026-09-22T21:13:23.327+0000] {manager.py:1008} INFO - 
================================================================================
DAG File Processing Stats

File Path                           PID  Runtime      # DAGs    # Errors  Last Runtime    Last Run               Last # of DB Queries
--------------------------------  -----  ---------  --------  ----------  --------------  -------------------  ----------------------
/opt/airflow/dags/weather_etl.py   8815  0.01s             1           0  0.08s           2026-09-22T21:12:53                      14
================================================================================
[2026-09-22T21:13:53.737+0000] {manager.py:1008} INFO - 
================================================================================
DAG File Processing Stats

File Path                           PID  Runtime      # DAGs    # Errors  Last Runtime    Last Run               Last # of DB Queries
--------------------------------  -----  ---------  --------  ----------  --------------  -------------------  ----------------------
/opt/airflow/dags/weather_etl.py   8826  0.04s             1           0  0.24s           2026-09-22T21:13:23                      14
================================================================================
[2026-09-22T21:14:24.160+0000] {manager.py:1008} INFO - 
================================================================================
DAG File Processing Stats

File Path                         PID    Runtime      # DAGs    # Errors  Last Runtime    Last Run               Last # of DB Queries
--------------------------------  -----  ---------  --------  ----------  --------------  -------------------  ----------------------
/opt/airflow/dags/weather_etl.py                           1           0  0.51s           2026-09-22T21:13:54                      14
================================================================================
[2026-09-22T21:14:54.892+0000] {manager.py:1008} INFO - 
================================================================================
DAG File Processing Stats

File Path                           PID  Runtime      # DAGs    # Errors  Last Runtime    Last Run               Last # of DB Queries
--------------------------------  -----  ---------  --------  ----------  --------------  -------------------  ----------------------
/opt/airflow/dags/weather_etl.py   8848  0.01s             1           0  0.12s           2026-09-22T21:14:24                      14
================================================================================
[2026-09-22T21:15:25.300+0000] {manager.py:1008} INFO - 
================================================================================
DAG File Processing Stats

File Path                           PID  Runtime      # DAGs    # Errors  Last Runtime    Last Run               Last # of DB Queries
--------------------------------  -----  ---------  --------  ----------  --------------  -------------------  ----------------------
/opt/airflow/dags/weather_etl.py   8859  0.01s             1           0  0.08s           2026-09-22T21:14:54                      14
================================================================================
[2026-09-22T21:15:40.451+0000] {manager.py:832} INFO - Searching for files in /opt/airflow/dags
[2026-09-22T21:15:40.462+0000] {manager.py:835} INFO - There are 1 files in /opt/airflow/dags
[2026-09-22T21:15:55.671+0000] {manager.py:1008} INFO - 
================================================================================
DAG File Processing Stats

File Path                           PID  Runtime      # DAGs    # Errors  Last Runtime    Last Run               Last # of DB Queries
--------------------------------  -----  ---------  --------  ----------  --------------  -------------------  ----------------------
/opt/airflow/dags/weather_etl.py   8870  0.01s             1           0  0.11s           2026-09-22T21:15:25                      14
================================================================================
[2026-09-22T21:16:26.031+0000] {manager.py:1008} INFO - 
================================================================================
DAG File Processing Stats

File Path                           PID  Runtime      # DAGs    # Errors  Last Runtime    Last Run               Last # of DB Queries
--------------------------------  -----  ---------  --------  ----------  --------------  -------------------  ----------------------
/opt/airflow/dags/weather_etl.py   8881  0.01s             1           0  0.28s           2026-09-22T21:15:55                      14
================================================================================
[2026-09-22T21:16:56.354+0000] {manager.py:1008} INFO - 
================================================================================
DAG File Processing Stats

File Path                           PID  Runtime      # DAGs    # Errors  Last Runtime    Last Run               Last # of DB Queries
--------------------------------  -----  ---------  --------  ----------  --------------  -------------------  ----------------------
/opt/airflow/dags/weather_etl.py   8892  0.00s             1           0  0.19s           2026-09-22T21:16:26                      14
================================================================================
[2026-09-22T21:17:26.721+0000] {manager.py:1008} INFO - 
================================================================================
DAG File Processing Stats

File Path                           PID  Runtime      # DAGs    # Errors  Last Runtime    Last Run               Last # of DB Queries
--------------------------------  -----  ---------  --------  ----------  --------------  -------------------  ----------------------
/opt/airflow/dags/weather_etl.py   8903  0.01s             1           0  0.07s           2026-09-22T21:16:56                      14
================================================================================
[2026-09-22T21:17:57.096+0000] {manager.py:1008} INFO - 
================================================================================
DAG File Processing Stats

File Path                           PID  Runtime      # DAGs    # Errors  Last Runtime    Last Run               Last # of DB Queries
--------------------------------  -----  ---------  --------  ----------  --------------  -------------------  ----------------------
/opt/airflow/dags/weather_etl.py   8914  0.01s             1           0  0.12s           2026-09-22T21:17:26                      14
================================================================================
[2026-09-22T21:18:27.507+0000] {manager.py:1008} INFO - 
================================================================================
DAG File Processing Stats

File Path                           PID  Runtime      # DAGs    # Errors  Last Runtime    Last Run               Last # of DB Queries
--------------------------------  -----  ---------  --------  ----------  --------------  -------------------  ----------------------
/opt/airflow/dags/weather_etl.py   8925  0.02s             1           0  0.09s           2026-09-22T21:17:57                      14
================================================================================
[2026-09-22T21:18:57.868+0000] {manager.py:1008} INFO - 
================================================================================
DAG File Processing Stats

File Path                         PID    Runtime      # DAGs    # Errors  Last Runtime    Last Run               Last # of DB Queries
--------------------------------  -----  ---------  --------  ----------  --------------  -------------------  ----------------------
/opt/airflow/dags/weather_etl.py                           1           0  0.46s           2026-09-22T21:18:27                      14
================================================================================
[2026-09-22T21:19:28.016+0000] {manager.py:1008} INFO - 
================================================================================
DAG File Processing Stats

File Path                         PID    Runtime      # DAGs    # Errors  Last Runtime    Last Run               Last # of DB Queries
--------------------------------  -----  ---------  --------  ----------  --------------  -------------------  ----------------------
/opt/airflow/dags/weather_etl.py                           1           0  0.45s           2026-09-22T21:18:58                      14
================================================================================
[2026-09-22T21:19:58.332+0000] {manager.py:1008} INFO - 
================================================================================
DAG File Processing Stats

File Path                         PID    Runtime      # DAGs    # Errors  Last Runtime    Last Run               Last # of DB Queries
--------------------------------  -----  ---------  --------  ----------  --------------  -------------------  ----------------------
/opt/airflow/dags/weather_etl.py                           1           0  0.17s           2026-09-22T21:19:29                      14
================================================================================
[2026-09-22T21:20:28.679+0000] {manager.py:1008} INFO - 
================================================================================
DAG File Processing Stats

File Path                         PID    Runtime      # DAGs    # Errors  Last Runtime    Last Run               Last # of DB Queries
--------------------------------  -----  ---------  --------  ----------  --------------  -------------------  ----------------------
/opt/airflow/dags/weather_etl.py                           1           0  0.09s           2026-09-22T21:19:59                      14
================================================================================
[2026-09-22T21:20:40.843+0000] {manager.py:832} INFO - Searching for files in /opt/airflow/dags
[2026-09-22T21:20:40.852+0000] {manager.py:835} INFO - There are 1 files in /opt/airflow/dags
[2026-09-22T21:20:59.064+0000] {manager.py:1008} INFO - 
================================================================================
DAG File Processing Stats

File Path                         PID    Runtime      # DAGs    # Errors  Last Runtime    Last Run               Last # of DB Queries
--------------------------------  -----  ---------  --------  ----------  --------------  -------------------  ----------------------
/opt/airflow/dags/weather_etl.py                           1           0  0.10s           2026-09-22T21:20:29                      14
================================================================================
[2026-09-22T21:21:29.446+0000] {manager.py:1008} INFO - 
================================================================================
DAG File Processing Stats

File Path                         PID    Runtime      # DAGs    # Errors  Last Runtime    Last Run               Last # of DB Queries
--------------------------------  -----  ---------  --------  ----------  --------------  -------------------  ----------------------
/opt/airflow/dags/weather_etl.py                           1           0  0.24s           2026-09-22T21:21:00                      14
================================================================================
[2026-09-22T21:21:59.903+0000] {manager.py:1008} INFO - 
================================================================================
DAG File Processing Stats

File Path                         PID    Runtime      # DAGs    # Errors  Last Runtime    Last Run               Last # of DB Queries
--------------------------------  -----  ---------  --------  ----------  --------------  -------------------  ----------------------
/opt/airflow/dags/weather_etl.py                           1           0  0.31s           2026-09-22T21:21:30                      14
================================================================================
[2026-09-22T21:22:30.322+0000] {manager.py:1008} INFO - 
================================================================================
DAG File Processing Stats

File Path                         PID    Runtime      # DAGs    # Errors  Last Runtime    Last Run               Last # of DB Queries
--------------------------------  -----  ---------  --------  ----------  --------------  -------------------  ----------------------
/opt/airflow/dags/weather_etl.py                           1           0  0.22s           2026-09-22T21:22:01                      14
================================================================================
[2026-09-22T21:23:00.760+0000] {manager.py:1008} INFO - 
================================================================================
DAG File Processing Stats

File Path                         PID    Runtime      # DAGs    # Errors  Last Runtime    Last Run               Last # of DB Queries
--------------------------------  -----  ---------  --------  ----------  --------------  -------------------  ----------------------
/opt/airflow/dags/weather_etl.py                           1           0  0.08s           2026-09-22T21:22:31                      14
================================================================================
[2026-09-22T21:23:31.138+0000] {manager.py:1008} INFO - 
================================================================================
DAG File Processing Stats

File Path                         PID    Runtime      # DAGs    # Errors  Last Runtime    Last Run               Last # of DB Queries
--------------------------------  -----  ---------  --------  ----------  --------------  -------------------  ----------------------
/opt/airflow/dags/weather_etl.py                           1           0  0.16s           2026-09-22T21:23:01                      14
================================================================================
[2026-09-22T21:24:01.586+0000] {manager.py:1008} INFO - 
================================================================================
DAG File Processing Stats

File Path                         PID    Runtime      # DAGs    # Errors  Last Runtime    Last Run               Last # of DB Queries
--------------------------------  -----  ---------  --------  ----------  --------------  -------------------  ----------------------
/opt/airflow/dags/weather_etl.py                           1           0  0.25s           2026-09-22T21:23:32                      14
================================================================================
[2026-09-22T21:24:32.066+0000] {manager.py:1008} INFO - 
================================================================================
DAG File Processing Stats

File Path                         PID    Runtime      # DAGs    # Errors  Last Runtime    Last Run               Last # of DB Queries
--------------------------------  -----  ---------  --------  ----------  --------------  -------------------  ----------------------
/opt/airflow/dags/weather_etl.py                           1           0  0.39s           2026-09-22T21:24:03                      14
================================================================================
[2026-09-22T21:25:02.573+0000] {manager.py:1008} INFO - 
================================================================================
DAG File Processing Stats

File Path                         PID    Runtime      # DAGs    # Errors  Last Runtime    Last Run               Last # of DB Queries
--------------------------------  -----  ---------  --------  ----------  --------------  -------------------  ----------------------
/opt/airflow/dags/weather_etl.py                           1           0  0.28s           2026-09-22T21:24:33                      14
================================================================================
[2026-09-22T21:25:33.083+0000] {manager.py:1008} INFO - 
================================================================================
DAG File Processing Stats

File Path                         PID    Runtime      # DAGs    # Errors  Last Runtime    Last Run               Last # of DB Queries
--------------------------------  -----  ---------  --------  ----------  --------------  -------------------  ----------------------
/opt/airflow/dags/weather_etl.py                           1           0  0.15s           2026-09-22T21:25:03                      14
================================================================================
[2026-09-22T21:25:41.202+0000] {manager.py:832} INFO - Searching for files in /opt/airflow/dags
[2026-09-22T21:25:41.210+0000] {manager.py:835} INFO - There are 1 files in /opt/airflow/dags
[2026-09-22T21:26:03.492+0000] {manager.py:1008} INFO - 
================================================================================
DAG File Processing Stats

File Path                         PID    Runtime      # DAGs    # Errors  Last Runtime    Last Run               Last # of DB Queries
--------------------------------  -----  ---------  --------  ----------  --------------  -------------------  ----------------------
/opt/airflow/dags/weather_etl.py                           1           0  0.11s           2026-09-22T21:25:34                      14
================================================================================
[2026-09-22T21:26:33.831+0000] {manager.py:1008} INFO - 
================================================================================
DAG File Processing Stats

File Path                         PID    Runtime      # DAGs    # Errors  Last Runtime    Last Run               Last # of DB Queries
--------------------------------  -----  ---------  --------  ----------  --------------  -------------------  ----------------------
/opt/airflow/dags/weather_etl.py                           1           0  0.25s           2026-09-22T21:26:04                      14
================================================================================
[2026-09-22T21:27:04.192+0000] {manager.py:1008} INFO - 
================================================================================
DAG File Processing Stats

File Path                         PID    Runtime      # DAGs    # Errors  Last Runtime    Last Run               Last # of DB Queries
--------------------------------  -----  ---------  --------  ----------  --------------  -------------------  ----------------------
/opt/airflow/dags/weather_etl.py                           1           0  0.16s           2026-09-22T21:26:35                      14
================================================================================
[2026-09-22T21:27:34.665+0000] {manager.py:1008} INFO - 
================================================================================
DAG File Processing Stats

File Path                         PID    Runtime      # DAGs    # Errors  Last Runtime    Last Run               Last # of DB Queries
--------------------------------  -----  ---------  --------  ----------  --------------  -------------------  ----------------------
/opt/airflow/dags/weather_etl.py                           1           0  0.18s           2026-09-22T21:27:05                      14
================================================================================
[2026-09-22T21:28:04.957+0000] {manager.py:1008} INFO - 
================================================================================
DAG File Processing Stats

File Path                         PID    Runtime      # DAGs    # Errors  Last Runtime    Last Run               Last # of DB Queries
--------------------------------  -----  ---------  --------  ----------  --------------  -------------------  ----------------------
/opt/airflow/dags/weather_etl.py                           1           0  0.08s           2026-09-22T21:27:35                      14
================================================================================
[2026-09-22T21:28:35.282+0000] {manager.py:1008} INFO - 
================================================================================
DAG File Processing Stats

File Path                         PID    Runtime      # DAGs    # Errors  Last Runtime    Last Run               Last # of DB Queries
--------------------------------  -----  ---------  --------  ----------  --------------  -------------------  ----------------------
/opt/airflow/dags/weather_etl.py                           1           0  0.08s           2026-09-22T21:28:06                      14
================================================================================
[2026-09-22T21:29:05.665+0000] {manager.py:1008} INFO - 
================================================================================
DAG File Processing Stats

File Path                         PID    Runtime      # DAGs    # Errors  Last Runtime    Last Run               Last # of DB Queries
--------------------------------  -----  ---------  --------  ----------  --------------  -------------------  ----------------------
/opt/airflow/dags/weather_etl.py                           1           0  0.33s           2026-09-22T21:28:36                      14
================================================================================
[2026-09-22T21:29:36.001+0000] {manager.py:1008} INFO - 
================================================================================
DAG File Processing Stats

File Path                         PID    Runtime      # DAGs    # Errors  Last Runtime    Last Run               Last # of DB Queries
--------------------------------  -----  ---------  --------  ----------  --------------  -------------------  ----------------------
/opt/airflow/dags/weather_etl.py                           1           0  0.17s           2026-09-22T21:29:06                      14
================================================================================
[2026-09-22T21:30:06.529+0000] {manager.py:1008} INFO - 
================================================================================
DAG File Processing Stats

File Path                         PID    Runtime      # DAGs    # Errors  Last Runtime    Last Run               Last # of DB Queries
--------------------------------  -----  ---------  --------  ----------  --------------  -------------------  ----------------------
/opt/airflow/dags/weather_etl.py                           1           0  0.18s           2026-09-22T21:29:37                      14
================================================================================
[2026-09-22T21:30:37.146+0000] {manager.py:1008} INFO - 
================================================================================
DAG File Processing Stats

File Path                         PID    Runtime      # DAGs    # Errors  Last Runtime    Last Run               Last # of DB Queries
--------------------------------  -----  ---------  --------  ----------  --------------  -------------------  ----------------------
/opt/airflow/dags/weather_etl.py                           1           0  0.18s           2026-09-22T21:30:07                      14
================================================================================
[2026-09-22T21:30:41.237+0000] {manager.py:832} INFO - Searching for files in /opt/airflow/dags
[2026-09-22T21:30:41.245+0000] {manager.py:835} INFO - There are 1 files in /opt/airflow/dags
[2026-09-22T21:31:07.627+0000] {manager.py:1008} INFO - 
================================================================================
DAG File Processing Stats

File Path                         PID    Runtime      # DAGs    # Errors  Last Runtime    Last Run               Last # of DB Queries
--------------------------------  -----  ---------  --------  ----------  --------------  -------------------  ----------------------
/opt/airflow/dags/weather_etl.py                           1           0  0.15s           2026-09-22T21:30:38                      14
================================================================================
[2026-09-22T21:31:38.143+0000] {manager.py:1008} INFO - 
================================================================================
DAG File Processing Stats

File Path                         PID    Runtime      # DAGs    # Errors  Last Runtime    Last Run               Last # of DB Queries
--------------------------------  -----  ---------  --------  ----------  --------------  -------------------  ----------------------
/opt/airflow/dags/weather_etl.py                           1           0  0.12s           2026-09-22T21:31:08                      14
================================================================================
[2026-09-22T21:32:08.525+0000] {manager.py:1008} INFO - 
================================================================================
DAG File Processing Stats

File Path                         PID    Runtime      # DAGs    # Errors  Last Runtime    Last Run               Last # of DB Queries
--------------------------------  -----  ---------  --------  ----------  --------------  -------------------  ----------------------
/opt/airflow/dags/weather_etl.py                           1           0  0.12s           2026-09-22T21:31:39                      14
================================================================================
[2026-09-22T21:32:38.904+0000] {manager.py:1008} INFO - 
================================================================================
DAG File Processing Stats

File Path                         PID    Runtime      # DAGs    # Errors  Last Runtime    Last Run               Last # of DB Queries
--------------------------------  -----  ---------  --------  ----------  --------------  -------------------  ----------------------
/opt/airflow/dags/weather_etl.py                           1           0  0.10s           2026-09-22T21:32:09                      14
================================================================================
[2026-09-22T21:33:09.271+0000] {manager.py:1008} INFO - 
================================================================================
DAG File Processing Stats

File Path                         PID    Runtime      # DAGs    # Errors  Last Runtime    Last Run               Last # of DB Queries
--------------------------------  -----  ---------  --------  ----------  --------------  -------------------  ----------------------
/opt/airflow/dags/weather_etl.py                           1           0  0.08s           2026-09-22T21:32:39                      14
================================================================================
[2026-09-22T21:33:39.611+0000] {manager.py:1008} INFO - 
================================================================================
DAG File Processing Stats

File Path                         PID    Runtime      # DAGs    # Errors  Last Runtime    Last Run               Last # of DB Queries
--------------------------------  -----  ---------  --------  ----------  --------------  -------------------  ----------------------
/opt/airflow/dags/weather_etl.py                           1           0  0.08s           2026-09-22T21:33:10                      14
================================================================================
[2026-09-22T21:34:09.967+0000] {manager.py:1008} INFO - 
================================================================================
DAG File Processing Stats

File Path                         PID    Runtime      # DAGs    # Errors  Last Runtime    Last Run               Last # of DB Queries
--------------------------------  -----  ---------  --------  ----------  --------------  -------------------  ----------------------
/opt/airflow/dags/weather_etl.py                           1           0  0.08s           2026-09-22T21:33:40                      14
================================================================================
[2026-09-22T21:34:40.309+0000] {manager.py:1008} INFO - 
================================================================================
DAG File Processing Stats

File Path                         PID    Runtime      # DAGs    # Errors  Last Runtime    Last Run               Last # of DB Queries
--------------------------------  -----  ---------  --------  ----------  --------------  -------------------  ----------------------
/opt/airflow/dags/weather_etl.py                           1           0  0.10s           2026-09-22T21:34:11                      14
================================================================================
[2026-09-22T21:35:10.721+0000] {manager.py:1008} INFO - 
================================================================================
DAG File Processing Stats

File Path                         PID    Runtime      # DAGs    # Errors  Last Runtime    Last Run               Last # of DB Queries
--------------------------------  -----  ---------  --------  ----------  --------------  -------------------  ----------------------
/opt/airflow/dags/weather_etl.py                           1           0  0.11s           2026-09-22T21:34:41                      14
================================================================================
[2026-09-22T21:35:41.082+0000] {manager.py:1008} INFO - 
================================================================================
DAG File Processing Stats

File Path                         PID    Runtime      # DAGs    # Errors  Last Runtime    Last Run               Last # of DB Queries
--------------------------------  -----  ---------  --------  ----------  --------------  -------------------  ----------------------
/opt/airflow/dags/weather_etl.py                           1           0  0.11s           2026-09-22T21:35:11                      14
================================================================================
[2026-09-22T21:35:42.091+0000] {manager.py:832} INFO - Searching for files in /opt/airflow/dags
[2026-09-22T21:35:42.098+0000] {manager.py:835} INFO - There are 1 files in /opt/airflow/dags
[2026-09-22T21:36:11.498+0000] {manager.py:1008} INFO - 
================================================================================
DAG File Processing Stats

File Path                         PID    Runtime      # DAGs    # Errors  Last Runtime    Last Run               Last # of DB Queries
--------------------------------  -----  ---------  --------  ----------  --------------  -------------------  ----------------------
/opt/airflow/dags/weather_etl.py                           1           0  0.09s           2026-09-22T21:35:42                      14
================================================================================
[2026-09-22T21:36:41.877+0000] {manager.py:1008} INFO - 
================================================================================
DAG File Processing Stats

File Path                         PID    Runtime      # DAGs    # Errors  Last Runtime    Last Run               Last # of DB Queries
--------------------------------  -----  ---------  --------  ----------  --------------  -------------------  ----------------------
/opt/airflow/dags/weather_etl.py                           1           0  0.10s           2026-09-22T21:36:12                      14
================================================================================
[2026-09-22T21:37:12.213+0000] {manager.py:1008} INFO - 
================================================================================
DAG File Processing Stats

File Path                         PID    Runtime      # DAGs    # Errors  Last Runtime    Last Run               Last # of DB Queries
--------------------------------  -----  ---------  --------  ----------  --------------  -------------------  ----------------------
/opt/airflow/dags/weather_etl.py                           1           0  0.11s           2026-09-22T21:36:43                      14
================================================================================
[2026-09-22T21:37:42.633+0000] {manager.py:1008} INFO - 
================================================================================
DAG File Processing Stats

File Path                         PID    Runtime      # DAGs    # Errors  Last Runtime    Last Run               Last # of DB Queries
--------------------------------  -----  ---------  --------  ----------  --------------  -------------------  ----------------------
/opt/airflow/dags/weather_etl.py                           1           0  0.08s           2026-09-22T21:37:13                      14
================================================================================
[2026-09-22T21:38:12.989+0000] {manager.py:1008} INFO - 
================================================================================
DAG File Processing Stats

File Path                         PID    Runtime      # DAGs    # Errors  Last Runtime    Last Run               Last # of DB Queries
--------------------------------  -----  ---------  --------  ----------  --------------  -------------------  ----------------------
/opt/airflow/dags/weather_etl.py                           1           0  0.08s           2026-09-22T21:37:43                      14
================================================================================
[2026-09-22T21:38:43.347+0000] {manager.py:1008} INFO - 
================================================================================
DAG File Processing Stats

File Path                         PID    Runtime      # DAGs    # Errors  Last Runtime    Last Run               Last # of DB Queries
--------------------------------  -----  ---------  --------  ----------  --------------  -------------------  ----------------------
/opt/airflow/dags/weather_etl.py                           1           0  0.08s           2026-09-22T21:38:14                      14
================================================================================
[2026-09-22T21:39:13.744+0000] {manager.py:1008} INFO - 
================================================================================
DAG File Processing Stats

File Path                         PID    Runtime      # DAGs    # Errors  Last Runtime    Last Run               Last # of DB Queries
--------------------------------  -----  ---------  --------  ----------  --------------  -------------------  ----------------------
/opt/airflow/dags/weather_etl.py                           1           0  0.09s           2026-09-22T21:38:44                      14
================================================================================
[2026-09-22T21:40:09.000+0000] {manager.py:1008} INFO - 
================================================================================
DAG File Processing Stats

File Path                         PID    Runtime      # DAGs    # Errors  Last Runtime    Last Run               Last # of DB Queries
--------------------------------  -----  ---------  --------  ----------  --------------  -------------------  ----------------------
/opt/airflow/dags/weather_etl.py                           1           0  0.12s           2026-09-22T21:40:04                      14
================================================================================
[2026-09-22T21:40:40.034+0000] {manager.py:1008} INFO - 
================================================================================
DAG File Processing Stats

File Path                         PID    Runtime      # DAGs    # Errors  Last Runtime    Last Run               Last # of DB Queries
--------------------------------  -----  ---------  --------  ----------  --------------  -------------------  ----------------------
/opt/airflow/dags/weather_etl.py                           1           0  0.08s           2026-09-22T21:40:34                      14
================================================================================
[2026-09-22T21:40:43.077+0000] {manager.py:832} INFO - Searching for files in /opt/airflow/dags
[2026-09-22T21:40:43.086+0000] {manager.py:835} INFO - There are 1 files in /opt/airflow/dags
[2026-09-22T21:41:43.820+0000] {manager.py:1008} INFO - 
================================================================================
DAG File Processing Stats

File Path                         PID    Runtime      # DAGs    # Errors  Last Runtime    Last Run               Last # of DB Queries
--------------------------------  -----  ---------  --------  ----------  --------------  -------------------  ----------------------
/opt/airflow/dags/weather_etl.py                           1           0  0.22s           2026-09-22T21:41:37                      14
================================================================================
[2026-09-22T21:42:14.232+0000] {manager.py:1008} INFO - 
================================================================================
DAG File Processing Stats

File Path                         PID    Runtime      # DAGs    # Errors  Last Runtime    Last Run               Last # of DB Queries
--------------------------------  -----  ---------  --------  ----------  --------------  -------------------  ----------------------
/opt/airflow/dags/weather_etl.py                           1           0  0.08s           2026-09-22T21:42:08                      14
================================================================================
[2026-09-22T21:42:44.605+0000] {manager.py:1008} INFO - 
================================================================================
DAG File Processing Stats

File Path                         PID    Runtime      # DAGs    # Errors  Last Runtime    Last Run               Last # of DB Queries
--------------------------------  -----  ---------  --------  ----------  --------------  -------------------  ----------------------
/opt/airflow/dags/weather_etl.py                           1           0  0.10s           2026-09-22T21:42:38                      14
================================================================================
[2026-09-22T21:43:14.940+0000] {manager.py:1008} INFO - 
================================================================================
DAG File Processing Stats

File Path                         PID    Runtime      # DAGs    # Errors  Last Runtime    Last Run               Last # of DB Queries
--------------------------------  -----  ---------  --------  ----------  --------------  -------------------  ----------------------
/opt/airflow/dags/weather_etl.py                           1           0  0.07s           2026-09-22T21:43:08                      14
================================================================================
[2026-09-22T21:43:45.245+0000] {manager.py:1008} INFO - 
================================================================================
DAG File Processing Stats

File Path                         PID    Runtime      # DAGs    # Errors  Last Runtime    Last Run               Last # of DB Queries
--------------------------------  -----  ---------  --------  ----------  --------------  -------------------  ----------------------
/opt/airflow/dags/weather_etl.py                           1           0  0.07s           2026-09-22T21:43:39                      14
================================================================================
[2026-09-22T21:44:15.617+0000] {manager.py:1008} INFO - 
================================================================================
DAG File Processing Stats

File Path                         PID    Runtime      # DAGs    # Errors  Last Runtime    Last Run               Last # of DB Queries
--------------------------------  -----  ---------  --------  ----------  --------------  -------------------  ----------------------
/opt/airflow/dags/weather_etl.py                           1           0  0.10s           2026-09-22T21:44:09                      14
================================================================================
[2026-09-22T21:44:46.022+0000] {manager.py:1008} INFO - 
================================================================================
DAG File Processing Stats

File Path                         PID    Runtime      # DAGs    # Errors  Last Runtime    Last Run               Last # of DB Queries
--------------------------------  -----  ---------  --------  ----------  --------------  -------------------  ----------------------
/opt/airflow/dags/weather_etl.py                           1           0  0.08s           2026-09-22T21:44:40                      14
================================================================================
[2026-09-22T21:45:16.374+0000] {manager.py:1008} INFO - 
================================================================================
DAG File Processing Stats

File Path                         PID    Runtime      # DAGs    # Errors  Last Runtime    Last Run               Last # of DB Queries
--------------------------------  -----  ---------  --------  ----------  --------------  -------------------  ----------------------
/opt/airflow/dags/weather_etl.py                           1           0  0.10s           2026-09-22T21:45:10                      14
================================================================================
[2026-09-22T21:45:43.724+0000] {manager.py:832} INFO - Searching for files in /opt/airflow/dags
[2026-09-22T21:45:43.730+0000] {manager.py:835} INFO - There are 1 files in /opt/airflow/dags
[2026-09-22T21:45:46.782+0000] {manager.py:1008} INFO - 
================================================================================
DAG File Processing Stats

File Path                         PID    Runtime      # DAGs    # Errors  Last Runtime    Last Run               Last # of DB Queries
--------------------------------  -----  ---------  --------  ----------  --------------  -------------------  ----------------------
/opt/airflow/dags/weather_etl.py                           1           0  0.07s           2026-09-22T21:45:40                      14
================================================================================
[2026-09-22T21:46:17.161+0000] {manager.py:1008} INFO - 
================================================================================
DAG File Processing Stats

File Path                         PID    Runtime      # DAGs    # Errors  Last Runtime    Last Run               Last # of DB Queries
--------------------------------  -----  ---------  --------  ----------  --------------  -------------------  ----------------------
/opt/airflow/dags/weather_etl.py                           1           0  0.08s           2026-09-22T21:46:11                      14
================================================================================
[2026-09-22T21:46:47.560+0000] {manager.py:1008} INFO - 
================================================================================
DAG File Processing Stats

File Path                         PID    Runtime      # DAGs    # Errors  Last Runtime    Last Run               Last # of DB Queries
--------------------------------  -----  ---------  --------  ----------  --------------  -------------------  ----------------------
/opt/airflow/dags/weather_etl.py                           1           0  0.09s           2026-09-22T21:46:41                      14
================================================================================
[2026-09-22T21:47:17.917+0000] {manager.py:1008} INFO - 
================================================================================
DAG File Processing Stats

File Path                         PID    Runtime      # DAGs    # Errors  Last Runtime    Last Run               Last # of DB Queries
--------------------------------  -----  ---------  --------  ----------  --------------  -------------------  ----------------------
/opt/airflow/dags/weather_etl.py                           1           0  0.08s           2026-09-22T21:47:11                      14
================================================================================
[2026-09-22T21:47:48.354+0000] {manager.py:1008} INFO - 
================================================================================
DAG File Processing Stats

File Path                         PID    Runtime      # DAGs    # Errors  Last Runtime    Last Run               Last # of DB Queries
--------------------------------  -----  ---------  --------  ----------  --------------  -------------------  ----------------------
/opt/airflow/dags/weather_etl.py                           1           0  0.08s           2026-09-22T21:47:42                      14
================================================================================
[2026-09-22T21:48:18.787+0000] {manager.py:1008} INFO - 
================================================================================
DAG File Processing Stats

File Path                         PID    Runtime      # DAGs    # Errors  Last Runtime    Last Run               Last # of DB Queries
--------------------------------  -----  ---------  --------  ----------  --------------  -------------------  ----------------------
/opt/airflow/dags/weather_etl.py                           1           0  0.09s           2026-09-22T21:48:12                      14
================================================================================
[2026-09-22T21:48:49.245+0000] {manager.py:1008} INFO - 
================================================================================
DAG File Processing Stats

File Path                         PID    Runtime      # DAGs    # Errors  Last Runtime    Last Run               Last # of DB Queries
--------------------------------  -----  ---------  --------  ----------  --------------  -------------------  ----------------------
/opt/airflow/dags/weather_etl.py                           1           0  0.08s           2026-09-22T21:48:43                      14
================================================================================
[2026-09-22T21:49:19.737+0000] {manager.py:1008} INFO - 
================================================================================
DAG File Processing Stats

File Path                         PID    Runtime      # DAGs    # Errors  Last Runtime    Last Run               Last # of DB Queries
--------------------------------  -----  ---------  --------  ----------  --------------  -------------------  ----------------------
/opt/airflow/dags/weather_etl.py                           1           0  0.07s           2026-09-22T21:49:13                      14
================================================================================
[2026-09-22T21:49:50.237+0000] {manager.py:1008} INFO - 
================================================================================
DAG File Processing Stats

File Path                         PID    Runtime      # DAGs    # Errors  Last Runtime    Last Run               Last # of DB Queries
--------------------------------  -----  ---------  --------  ----------  --------------  -------------------  ----------------------
/opt/airflow/dags/weather_etl.py                           1           0  0.12s           2026-09-22T21:49:44                      14
================================================================================
[2026-09-22T21:50:20.682+0000] {manager.py:1008} INFO - 
================================================================================
DAG File Processing Stats

File Path                         PID    Runtime      # DAGs    # Errors  Last Runtime    Last Run               Last # of DB Queries
--------------------------------  -----  ---------  --------  ----------  --------------  -------------------  ----------------------
/opt/airflow/dags/weather_etl.py                           1           0  0.07s           2026-09-22T21:50:14                      14
================================================================================
[2026-09-22T21:50:43.933+0000] {manager.py:832} INFO - Searching for files in /opt/airflow/dags
[2026-09-22T21:50:43.943+0000] {manager.py:835} INFO - There are 1 files in /opt/airflow/dags
[2026-09-22T21:50:51.119+0000] {manager.py:1008} INFO - 
================================================================================
DAG File Processing Stats

File Path                         PID    Runtime      # DAGs    # Errors  Last Runtime    Last Run               Last # of DB Queries
--------------------------------  -----  ---------  --------  ----------  --------------  -------------------  ----------------------
/opt/airflow/dags/weather_etl.py                           1           0  0.11s           2026-09-22T21:50:45                      14
================================================================================
[2026-09-22T21:51:21.549+0000] {manager.py:1008} INFO - 
================================================================================
DAG File Processing Stats

File Path                         PID    Runtime      # DAGs    # Errors  Last Runtime    Last Run               Last # of DB Queries
--------------------------------  -----  ---------  --------  ----------  --------------  -------------------  ----------------------
/opt/airflow/dags/weather_etl.py                           1           0  0.08s           2026-09-22T21:51:15                      14
================================================================================
[2026-09-22T21:51:52.008+0000] {manager.py:1008} INFO - 
================================================================================
DAG File Processing Stats

File Path                         PID    Runtime      # DAGs    # Errors  Last Runtime    Last Run               Last # of DB Queries
--------------------------------  -----  ---------  --------  ----------  --------------  -------------------  ----------------------
/opt/airflow/dags/weather_etl.py                           1           0  0.11s           2026-09-22T21:51:46                      14
================================================================================
[2026-09-22T21:52:22.391+0000] {manager.py:1008} INFO - 
================================================================================
DAG File Processing Stats

File Path                         PID    Runtime      # DAGs    # Errors  Last Runtime    Last Run               Last # of DB Queries
--------------------------------  -----  ---------  --------  ----------  --------------  -------------------  ----------------------
/opt/airflow/dags/weather_etl.py                           1           0  0.08s           2026-09-22T21:52:16                      14
================================================================================
[2026-09-22T21:52:52.825+0000] {manager.py:1008} INFO - 
================================================================================
DAG File Processing Stats

File Path                         PID    Runtime      # DAGs    # Errors  Last Runtime    Last Run               Last # of DB Queries
--------------------------------  -----  ---------  --------  ----------  --------------  -------------------  ----------------------
/opt/airflow/dags/weather_etl.py                           1           0  0.12s           2026-09-22T21:52:46                      14
================================================================================
[2026-09-22T21:53:23.211+0000] {manager.py:1008} INFO - 
================================================================================
DAG File Processing Stats

File Path                         PID    Runtime      # DAGs    # Errors  Last Runtime    Last Run               Last # of DB Queries
--------------------------------  -----  ---------  --------  ----------  --------------  -------------------  ----------------------
/opt/airflow/dags/weather_etl.py                           1           0  0.09s           2026-09-22T21:53:17                      14
================================================================================
[2026-09-22T21:53:53.607+0000] {manager.py:1008} INFO - 
================================================================================
DAG File Processing Stats

File Path                         PID    Runtime      # DAGs    # Errors  Last Runtime    Last Run               Last # of DB Queries
--------------------------------  -----  ---------  --------  ----------  --------------  -------------------  ----------------------
/opt/airflow/dags/weather_etl.py                           1           0  0.07s           2026-09-22T21:53:47                      14
================================================================================
[2026-09-22T21:54:23.991+0000] {manager.py:1008} INFO - 
================================================================================
DAG File Processing Stats

File Path                         PID    Runtime      # DAGs    # Errors  Last Runtime    Last Run               Last # of DB Queries
--------------------------------  -----  ---------  --------  ----------  --------------  -------------------  ----------------------
/opt/airflow/dags/weather_etl.py                           1           0  0.12s           2026-09-22T21:54:18                      14
================================================================================
[2026-09-22T21:54:54.374+0000] {manager.py:1008} INFO - 
================================================================================
DAG File Processing Stats

File Path                         PID    Runtime      # DAGs    # Errors  Last Runtime    Last Run               Last # of DB Queries
--------------------------------  -----  ---------  --------  ----------  --------------  -------------------  ----------------------
/opt/airflow/dags/weather_etl.py                           1           0  0.08s           2026-09-22T21:54:48                      14
================================================================================
[2026-09-22T21:55:24.729+0000] {manager.py:1008} INFO - 
================================================================================
DAG File Processing Stats

File Path                         PID    Runtime      # DAGs    # Errors  Last Runtime    Last Run               Last # of DB Queries
--------------------------------  -----  ---------  --------  ----------  --------------  -------------------  ----------------------
/opt/airflow/dags/weather_etl.py                           1           0  0.06s           2026-09-22T21:55:18                      14
================================================================================
[2026-09-22T21:55:43.955+0000] {manager.py:832} INFO - Searching for files in /opt/airflow/dags
[2026-09-22T21:55:43.964+0000] {manager.py:835} INFO - There are 1 files in /opt/airflow/dags
[2026-09-22T21:55:55.138+0000] {manager.py:1008} INFO - 
================================================================================
DAG File Processing Stats

File Path                         PID    Runtime      # DAGs    # Errors  Last Runtime    Last Run               Last # of DB Queries
--------------------------------  -----  ---------  --------  ----------  --------------  -------------------  ----------------------
/opt/airflow/dags/weather_etl.py                           1           0  0.07s           2026-09-22T21:55:49                      14
================================================================================
[2026-09-22T21:56:25.537+0000] {manager.py:1008} INFO - 
================================================================================
DAG File Processing Stats

File Path                         PID    Runtime      # DAGs    # Errors  Last Runtime    Last Run               Last # of DB Queries
--------------------------------  -----  ---------  --------  ----------  --------------  -------------------  ----------------------
/opt/airflow/dags/weather_etl.py                           1           0  0.12s           2026-09-22T21:56:19                      14
================================================================================
[2026-09-22T21:56:55.919+0000] {manager.py:1008} INFO - 
================================================================================
DAG File Processing Stats

File Path                         PID    Runtime      # DAGs    # Errors  Last Runtime    Last Run               Last # of DB Queries
--------------------------------  -----  ---------  --------  ----------  --------------  -------------------  ----------------------
/opt/airflow/dags/weather_etl.py                           1           0  0.07s           2026-09-22T21:56:49                      14
================================================================================
[2026-09-22T21:57:26.281+0000] {manager.py:1008} INFO - 
================================================================================
DAG File Processing Stats

File Path                         PID    Runtime      # DAGs    # Errors  Last Runtime    Last Run               Last # of DB Queries
--------------------------------  -----  ---------  --------  ----------  --------------  -------------------  ----------------------
/opt/airflow/dags/weather_etl.py                           1           0  0.08s           2026-09-22T21:57:20                      14
================================================================================
[2026-09-22T21:57:56.630+0000] {manager.py:1008} INFO - 
================================================================================
DAG File Processing Stats

File Path                         PID    Runtime      # DAGs    # Errors  Last Runtime    Last Run               Last # of DB Queries
--------------------------------  -----  ---------  --------  ----------  --------------  -------------------  ----------------------
/opt/airflow/dags/weather_etl.py                           1           0  0.07s           2026-09-22T21:57:50                      14
================================================================================
[2026-09-22T21:58:27.008+0000] {manager.py:1008} INFO - 
================================================================================
DAG File Processing Stats

File Path                         PID    Runtime      # DAGs    # Errors  Last Runtime    Last Run               Last # of DB Queries
--------------------------------  -----  ---------  --------  ----------  --------------  -------------------  ----------------------
/opt/airflow/dags/weather_etl.py                           1           0  0.08s           2026-09-22T21:58:20                      14
================================================================================
[2026-09-22T21:58:57.463+0000] {manager.py:1008} INFO - 
================================================================================
DAG File Processing Stats

File Path                         PID    Runtime      # DAGs    # Errors  Last Runtime    Last Run               Last # of DB Queries
--------------------------------  -----  ---------  --------  ----------  --------------  -------------------  ----------------------
/opt/airflow/dags/weather_etl.py                           1           0  0.11s           2026-09-22T21:58:51                      14
================================================================================
[2026-09-22T21:59:27.825+0000] {manager.py:1008} INFO - 
================================================================================
DAG File Processing Stats

File Path                         PID    Runtime      # DAGs    # Errors  Last Runtime    Last Run               Last # of DB Queries
--------------------------------  -----  ---------  --------  ----------  --------------  -------------------  ----------------------
/opt/airflow/dags/weather_etl.py                           1           0  0.08s           2026-09-22T21:59:21                      14
================================================================================
[2026-09-22T21:59:58.168+0000] {manager.py:1008} INFO - 
================================================================================
DAG File Processing Stats

File Path                         PID    Runtime      # DAGs    # Errors  Last Runtime    Last Run               Last # of DB Queries
--------------------------------  -----  ---------  --------  ----------  --------------  -------------------  ----------------------
/opt/airflow/dags/weather_etl.py                           1           0  0.07s           2026-09-22T21:59:52                      14
================================================================================
[2026-09-22T22:00:28.514+0000] {manager.py:1008} INFO - 
================================================================================
DAG File Processing Stats

File Path                         PID    Runtime      # DAGs    # Errors  Last Runtime    Last Run               Last # of DB Queries
--------------------------------  -----  ---------  --------  ----------  --------------  -------------------  ----------------------
/opt/airflow/dags/weather_etl.py                           1           0  0.09s           2026-09-22T22:00:22                      14
================================================================================
[2026-09-22T22:00:44.699+0000] {manager.py:832} INFO - Searching for files in /opt/airflow/dags
[2026-09-22T22:00:44.709+0000] {manager.py:835} INFO - There are 1 files in /opt/airflow/dags
[2026-09-22T22:00:58.909+0000] {manager.py:1008} INFO - 
================================================================================
DAG File Processing Stats

File Path                         PID    Runtime      # DAGs    # Errors  Last Runtime    Last Run               Last # of DB Queries
--------------------------------  -----  ---------  --------  ----------  --------------  -------------------  ----------------------
/opt/airflow/dags/weather_etl.py                           1           0  0.08s           2026-09-22T22:00:52                      14
================================================================================
[2026-09-22T22:01:29.260+0000] {manager.py:1008} INFO - 
================================================================================
DAG File Processing Stats

File Path                         PID    Runtime      # DAGs    # Errors  Last Runtime    Last Run               Last # of DB Queries
--------------------------------  -----  ---------  --------  ----------  --------------  -------------------  ----------------------
/opt/airflow/dags/weather_etl.py                           1           0  0.08s           2026-09-22T22:01:23                      14
================================================================================
[2026-09-22T22:01:59.627+0000] {manager.py:1008} INFO - 
================================================================================
DAG File Processing Stats

File Path                         PID    Runtime      # DAGs    # Errors  Last Runtime    Last Run               Last # of DB Queries
--------------------------------  -----  ---------  --------  ----------  --------------  -------------------  ----------------------
/opt/airflow/dags/weather_etl.py                           1           0  0.08s           2026-09-22T22:01:53                      14
================================================================================
[2026-09-22T22:02:30.026+0000] {manager.py:1008} INFO - 
================================================================================
DAG File Processing Stats

File Path                         PID    Runtime      # DAGs    # Errors  Last Runtime    Last Run               Last # of DB Queries
--------------------------------  -----  ---------  --------  ----------  --------------  -------------------  ----------------------
/opt/airflow/dags/weather_etl.py                           1           0  0.08s           2026-09-22T22:02:24                      14
================================================================================
[2026-09-22T22:03:00.414+0000] {manager.py:1008} INFO - 
================================================================================
DAG File Processing Stats

File Path                         PID    Runtime      # DAGs    # Errors  Last Runtime    Last Run               Last # of DB Queries
--------------------------------  -----  ---------  --------  ----------  --------------  -------------------  ----------------------
/opt/airflow/dags/weather_etl.py                           1           0  0.13s           2026-09-22T22:02:54                      14
================================================================================
[2026-09-22T22:03:30.760+0000] {manager.py:1008} INFO - 
================================================================================
DAG File Processing Stats

File Path                         PID    Runtime      # DAGs    # Errors  Last Runtime    Last Run               Last # of DB Queries
--------------------------------  -----  ---------  --------  ----------  --------------  -------------------  ----------------------
/opt/airflow/dags/weather_etl.py                           1           0  0.08s           2026-09-22T22:03:24                      14
================================================================================
[2026-09-22T22:04:01.168+0000] {manager.py:1008} INFO - 
================================================================================
DAG File Processing Stats

File Path                         PID    Runtime      # DAGs    # Errors  Last Runtime    Last Run               Last # of DB Queries
--------------------------------  -----  ---------  --------  ----------  --------------  -------------------  ----------------------
/opt/airflow/dags/weather_etl.py                           1           0  0.09s           2026-09-22T22:03:55                      14
================================================================================
[2026-09-22T22:04:31.556+0000] {manager.py:1008} INFO - 
================================================================================
DAG File Processing Stats

File Path                         PID    Runtime      # DAGs    # Errors  Last Runtime    Last Run               Last # of DB Queries
--------------------------------  -----  ---------  --------  ----------  --------------  -------------------  ----------------------
/opt/airflow/dags/weather_etl.py                           1           0  0.13s           2026-09-22T22:04:25                      14
================================================================================
[2026-09-22T22:05:01.935+0000] {manager.py:1008} INFO - 
================================================================================
DAG File Processing Stats

File Path                         PID    Runtime      # DAGs    # Errors  Last Runtime    Last Run               Last # of DB Queries
--------------------------------  -----  ---------  --------  ----------  --------------  -------------------  ----------------------
/opt/airflow/dags/weather_etl.py                           1           0  0.07s           2026-09-22T22:04:55                      14
================================================================================
[2026-09-22T22:05:32.286+0000] {manager.py:1008} INFO - 
================================================================================
DAG File Processing Stats

File Path                         PID    Runtime      # DAGs    # Errors  Last Runtime    Last Run               Last # of DB Queries
--------------------------------  -----  ---------  --------  ----------  --------------  -------------------  ----------------------
/opt/airflow/dags/weather_etl.py                           1           0  0.07s           2026-09-22T22:05:26                      14
================================================================================
[2026-09-22T22:05:45.435+0000] {manager.py:832} INFO - Searching for files in /opt/airflow/dags
[2026-09-22T22:05:45.445+0000] {manager.py:835} INFO - There are 1 files in /opt/airflow/dags
[2026-09-22T22:06:02.657+0000] {manager.py:1008} INFO - 
================================================================================
DAG File Processing Stats

File Path                         PID    Runtime      # DAGs    # Errors  Last Runtime    Last Run               Last # of DB Queries
--------------------------------  -----  ---------  --------  ----------  --------------  -------------------  ----------------------
/opt/airflow/dags/weather_etl.py                           1           0  0.07s           2026-09-22T22:05:56                      14
================================================================================
[2026-09-22T22:06:33.038+0000] {manager.py:1008} INFO - 
================================================================================
DAG File Processing Stats

File Path                         PID    Runtime      # DAGs    # Errors  Last Runtime    Last Run               Last # of DB Queries
--------------------------------  -----  ---------  --------  ----------  --------------  -------------------  ----------------------
/opt/airflow/dags/weather_etl.py                           1           0  0.10s           2026-09-22T22:06:27                      14
================================================================================
[2026-09-22T22:07:03.391+0000] {manager.py:1008} INFO - 
================================================================================
DAG File Processing Stats

File Path                         PID    Runtime      # DAGs    # Errors  Last Runtime    Last Run               Last # of DB Queries
--------------------------------  -----  ---------  --------  ----------  --------------  -------------------  ----------------------
/opt/airflow/dags/weather_etl.py                           1           0  0.07s           2026-09-22T22:06:57                      14
================================================================================
[2026-09-22T22:07:33.731+0000] {manager.py:1008} INFO - 
================================================================================
DAG File Processing Stats

File Path                         PID    Runtime      # DAGs    # Errors  Last Runtime    Last Run               Last # of DB Queries
--------------------------------  -----  ---------  --------  ----------  --------------  -------------------  ----------------------
/opt/airflow/dags/weather_etl.py                           1           0  0.08s           2026-09-22T22:07:27                      14
================================================================================
[2026-09-22T22:08:04.075+0000] {manager.py:1008} INFO - 
================================================================================
DAG File Processing Stats

File Path                         PID    Runtime      # DAGs    # Errors  Last Runtime    Last Run               Last # of DB Queries
--------------------------------  -----  ---------  --------  ----------  --------------  -------------------  ----------------------
/opt/airflow/dags/weather_etl.py                           1           0  0.07s           2026-09-22T22:07:58                      14
================================================================================
[2026-09-22T22:08:34.502+0000] {manager.py:1008} INFO - 
================================================================================
DAG File Processing Stats

File Path                         PID    Runtime      # DAGs    # Errors  Last Runtime    Last Run               Last # of DB Queries
--------------------------------  -----  ---------  --------  ----------  --------------  -------------------  ----------------------
/opt/airflow/dags/weather_etl.py                           1           0  0.13s           2026-09-22T22:08:28                      14
================================================================================
[2026-09-22T22:09:04.866+0000] {manager.py:1008} INFO - 
================================================================================
DAG File Processing Stats

File Path                         PID    Runtime      # DAGs    # Errors  Last Runtime    Last Run               Last # of DB Queries
--------------------------------  -----  ---------  --------  ----------  --------------  -------------------  ----------------------
/opt/airflow/dags/weather_etl.py                           1           0  0.07s           2026-09-22T22:08:58                      14
================================================================================
[2026-09-22T22:09:35.250+0000] {manager.py:1008} INFO - 
================================================================================
DAG File Processing Stats

File Path                         PID    Runtime      # DAGs    # Errors  Last Runtime    Last Run               Last # of DB Queries
--------------------------------  -----  ---------  --------  ----------  --------------  -------------------  ----------------------
/opt/airflow/dags/weather_etl.py                           1           0  0.08s           2026-09-22T22:09:29                      14
================================================================================
[2026-09-22T22:10:05.637+0000] {manager.py:1008} INFO - 
================================================================================
DAG File Processing Stats

File Path                         PID    Runtime      # DAGs    # Errors  Last Runtime    Last Run               Last # of DB Queries
--------------------------------  -----  ---------  --------  ----------  --------------  -------------------  ----------------------
/opt/airflow/dags/weather_etl.py                           1           0  0.07s           2026-09-22T22:09:59                      14
================================================================================
[2026-09-22T22:10:36.040+0000] {manager.py:1008} INFO - 
================================================================================
DAG File Processing Stats

File Path                         PID    Runtime      # DAGs    # Errors  Last Runtime    Last Run               Last # of DB Queries
--------------------------------  -----  ---------  --------  ----------  --------------  -------------------  ----------------------
/opt/airflow/dags/weather_etl.py                           1           0  0.11s           2026-09-22T22:10:30                      14
================================================================================
[2026-09-22T22:10:46.149+0000] {manager.py:832} INFO - Searching for files in /opt/airflow/dags
[2026-09-22T22:10:46.159+0000] {manager.py:835} INFO - There are 1 files in /opt/airflow/dags
[2026-09-22T22:11:06.428+0000] {manager.py:1008} INFO - 
================================================================================
DAG File Processing Stats

File Path                         PID    Runtime      # DAGs    # Errors  Last Runtime    Last Run               Last # of DB Queries
--------------------------------  -----  ---------  --------  ----------  --------------  -------------------  ----------------------
/opt/airflow/dags/weather_etl.py                           1           0  0.08s           2026-09-22T22:11:00                      14
================================================================================
[2026-09-22T22:27:50.143+0000] {manager.py:832} INFO - Searching for files in /opt/airflow/dags
[2026-09-22T22:27:50.145+0000] {manager.py:835} INFO - There are 1 files in /opt/airflow/dags
[2026-09-22T22:28:19.574+0000] {manager.py:1008} INFO - 
================================================================================
DAG File Processing Stats

File Path                         PID    Runtime      # DAGs    # Errors  Last Runtime    Last Run               Last # of DB Queries
--------------------------------  -----  ---------  --------  ----------  --------------  -------------------  ----------------------
/opt/airflow/dags/weather_etl.py                           1           0  0.07s           2026-09-22T22:27:50                      14
================================================================================
[2026-09-22T22:28:50.044+0000] {manager.py:1008} INFO - 
================================================================================
DAG File Processing Stats

File Path                         PID    Runtime      # DAGs    # Errors  Last Runtime    Last Run               Last # of DB Queries
--------------------------------  -----  ---------  --------  ----------  --------------  -------------------  ----------------------
/opt/airflow/dags/weather_etl.py                           1           0  0.11s           2026-09-22T22:28:20                      14
================================================================================
[2026-09-22T22:37:11.361+0000] {manager.py:832} INFO - Searching for files in /opt/airflow/dags
[2026-09-22T22:37:11.369+0000] {manager.py:835} INFO - There are 1 files in /opt/airflow/dags
[2026-09-22T22:37:11.414+0000] {manager.py:1008} INFO - 
================================================================================
DAG File Processing Stats

File Path                           PID  Runtime      # DAGs    # Errors  Last Runtime    Last Run               Last # of DB Queries
--------------------------------  -----  ---------  --------  ----------  --------------  -------------------  ----------------------
/opt/airflow/dags/weather_etl.py  10093  0.03s             1           0  0.08s           2026-09-22T22:28:51                      14
================================================================================
[2026-09-22T22:37:41.770+0000] {manager.py:1008} INFO - 
================================================================================
DAG File Processing Stats

File Path                           PID  Runtime      # DAGs    # Errors  Last Runtime    Last Run               Last # of DB Queries
--------------------------------  -----  ---------  --------  ----------  --------------  -------------------  ----------------------
/opt/airflow/dags/weather_etl.py  10104  0.01s             1           0  0.21s           2026-09-22T22:37:11                      14
================================================================================
[2026-09-22T22:38:12.120+0000] {manager.py:1008} INFO - 
================================================================================
DAG File Processing Stats

File Path                           PID  Runtime      # DAGs    # Errors  Last Runtime    Last Run               Last # of DB Queries
--------------------------------  -----  ---------  --------  ----------  --------------  -------------------  ----------------------
/opt/airflow/dags/weather_etl.py  10115  0.01s             1           0  0.12s           2026-09-22T22:37:41                      14
================================================================================
[2026-09-22T22:38:42.525+0000] {manager.py:1008} INFO - 
================================================================================
DAG File Processing Stats

File Path                           PID  Runtime      # DAGs    # Errors  Last Runtime    Last Run               Last # of DB Queries
--------------------------------  -----  ---------  --------  ----------  --------------  -------------------  ----------------------
/opt/airflow/dags/weather_etl.py  10126  0.02s             1           0  0.10s           2026-09-22T22:38:12                      14
================================================================================
[2026-09-22T22:39:12.907+0000] {manager.py:1008} INFO - 
================================================================================
DAG File Processing Stats

File Path                           PID  Runtime      # DAGs    # Errors  Last Runtime    Last Run               Last # of DB Queries
--------------------------------  -----  ---------  --------  ----------  --------------  -------------------  ----------------------
/opt/airflow/dags/weather_etl.py  10137  0.01s             1           0  0.17s           2026-09-22T22:38:42                      14
================================================================================
[2026-09-22T22:39:43.301+0000] {manager.py:1008} INFO - 
================================================================================
DAG File Processing Stats

File Path                           PID  Runtime      # DAGs    # Errors  Last Runtime    Last Run               Last # of DB Queries
--------------------------------  -----  ---------  --------  ----------  --------------  -------------------  ----------------------
/opt/airflow/dags/weather_etl.py  10148  0.01s             1           0  0.07s           2026-09-22T22:39:12                      14
================================================================================
[2026-09-22T22:40:13.693+0000] {manager.py:1008} INFO - 
================================================================================
DAG File Processing Stats

File Path                           PID  Runtime      # DAGs    # Errors  Last Runtime    Last Run               Last # of DB Queries
--------------------------------  -----  ---------  --------  ----------  --------------  -------------------  ----------------------
/opt/airflow/dags/weather_etl.py  10159  0.01s             1           0  0.10s           2026-09-22T22:39:43                      14
================================================================================
[2026-09-22T22:40:44.074+0000] {manager.py:1008} INFO - 
================================================================================
DAG File Processing Stats

File Path                           PID  Runtime      # DAGs    # Errors  Last Runtime    Last Run               Last # of DB Queries
--------------------------------  -----  ---------  --------  ----------  --------------  -------------------  ----------------------
/opt/airflow/dags/weather_etl.py  10171  0.01s             1           0  0.16s           2026-09-22T22:40:13                      14
================================================================================
[2026-09-22T22:41:14.538+0000] {manager.py:1008} INFO - 
================================================================================
DAG File Processing Stats

File Path                           PID  Runtime      # DAGs    # Errors  Last Runtime    Last Run               Last # of DB Queries
--------------------------------  -----  ---------  --------  ----------  --------------  -------------------  ----------------------
/opt/airflow/dags/weather_etl.py  10182  0.04s             1           0  0.08s           2026-09-22T22:40:44                      14
================================================================================
[2026-09-22T22:41:44.893+0000] {manager.py:1008} INFO - 
================================================================================
DAG File Processing Stats

File Path                           PID  Runtime      # DAGs    # Errors  Last Runtime    Last Run               Last # of DB Queries
--------------------------------  -----  ---------  --------  ----------  --------------  -------------------  ----------------------
/opt/airflow/dags/weather_etl.py  10193  0.01s             1           0  0.17s           2026-09-22T22:41:14                      14
================================================================================
[2026-09-22T22:42:12.254+0000] {manager.py:832} INFO - Searching for files in /opt/airflow/dags
[2026-09-22T22:42:12.266+0000] {manager.py:835} INFO - There are 1 files in /opt/airflow/dags
[2026-09-22T22:42:15.328+0000] {manager.py:1008} INFO - 
================================================================================
DAG File Processing Stats

File Path                           PID  Runtime      # DAGs    # Errors  Last Runtime    Last Run               Last # of DB Queries
--------------------------------  -----  ---------  --------  ----------  --------------  -------------------  ----------------------
/opt/airflow/dags/weather_etl.py  10204  0.01s             1           0  0.11s           2026-09-22T22:41:44                      14
================================================================================
[2026-09-22T22:42:45.695+0000] {manager.py:1008} INFO - 
================================================================================
DAG File Processing Stats

File Path                           PID  Runtime      # DAGs    # Errors  Last Runtime    Last Run               Last # of DB Queries
--------------------------------  -----  ---------  --------  ----------  --------------  -------------------  ----------------------
/opt/airflow/dags/weather_etl.py  10215  0.01s             1           0  0.07s           2026-09-22T22:42:15                      14
================================================================================
[2026-09-22T22:43:16.081+0000] {manager.py:1008} INFO - 
================================================================================
DAG File Processing Stats

File Path                           PID  Runtime      # DAGs    # Errors  Last Runtime    Last Run               Last # of DB Queries
--------------------------------  -----  ---------  --------  ----------  --------------  -------------------  ----------------------
/opt/airflow/dags/weather_etl.py  10226  0.01s             1           0  0.07s           2026-09-22T22:42:45                      14
================================================================================
[2026-09-22T22:43:46.462+0000] {manager.py:1008} INFO - 
================================================================================
DAG File Processing Stats

File Path                           PID  Runtime      # DAGs    # Errors  Last Runtime    Last Run               Last # of DB Queries
--------------------------------  -----  ---------  --------  ----------  --------------  -------------------  ----------------------
/opt/airflow/dags/weather_etl.py  10237  0.01s             1           0  0.10s           2026-09-22T22:43:16                      14
================================================================================
[2026-09-22T22:44:16.814+0000] {manager.py:1008} INFO - 
================================================================================
DAG File Processing Stats

File Path                           PID  Runtime      # DAGs    # Errors  Last Runtime    Last Run               Last # of DB Queries
--------------------------------  -----  ---------  --------  ----------  --------------  -------------------  ----------------------
/opt/airflow/dags/weather_etl.py  10248  0.01s             1           0  0.07s           2026-09-22T22:43:46                      14
================================================================================
[2026-09-22T22:44:47.172+0000] {manager.py:1008} INFO - 
================================================================================
DAG File Processing Stats

File Path                           PID  Runtime      # DAGs    # Errors  Last Runtime    Last Run               Last # of DB Queries
--------------------------------  -----  ---------  --------  ----------  --------------  -------------------  ----------------------
/opt/airflow/dags/weather_etl.py  10259  0.00s             1           0  0.07s           2026-09-22T22:44:16                      14
================================================================================
[2026-09-22T22:45:17.544+0000] {manager.py:1008} INFO - 
================================================================================
DAG File Processing Stats

File Path                           PID  Runtime      # DAGs    # Errors  Last Runtime    Last Run               Last # of DB Queries
--------------------------------  -----  ---------  --------  ----------  --------------  -------------------  ----------------------
/opt/airflow/dags/weather_etl.py  10270  0.01s             1           0  0.05s           2026-09-22T22:44:47                      14
================================================================================
[2026-09-22T22:45:47.885+0000] {manager.py:1008} INFO - 
================================================================================
DAG File Processing Stats

File Path                           PID  Runtime      # DAGs    # Errors  Last Runtime    Last Run               Last # of DB Queries
--------------------------------  -----  ---------  --------  ----------  --------------  -------------------  ----------------------
/opt/airflow/dags/weather_etl.py  10281  0.01s             1           0  0.07s           2026-09-22T22:45:17                      14
================================================================================
[2026-09-22T22:46:18.250+0000] {manager.py:1008} INFO - 
================================================================================
DAG File Processing Stats

File Path                           PID  Runtime      # DAGs    # Errors  Last Runtime    Last Run               Last # of DB Queries
--------------------------------  -----  ---------  --------  ----------  --------------  -------------------  ----------------------
/opt/airflow/dags/weather_etl.py  10292  0.01s             1           0  0.07s           2026-09-22T22:45:47                      14
================================================================================
[2026-09-22T22:46:48.671+0000] {manager.py:1008} INFO - 
================================================================================
DAG File Processing Stats

File Path                           PID  Runtime      # DAGs    # Errors  Last Runtime    Last Run               Last # of DB Queries
--------------------------------  -----  ---------  --------  ----------  --------------  -------------------  ----------------------
/opt/airflow/dags/weather_etl.py  10303  0.01s             1           0  0.07s           2026-09-22T22:46:18                      14
================================================================================
[2026-09-22T22:47:13.029+0000] {manager.py:832} INFO - Searching for files in /opt/airflow/dags
[2026-09-22T22:47:13.038+0000] {manager.py:835} INFO - There are 1 files in /opt/airflow/dags
[2026-09-22T22:47:19.152+0000] {manager.py:1008} INFO - 
================================================================================
DAG File Processing Stats

File Path                           PID  Runtime      # DAGs    # Errors  Last Runtime    Last Run               Last # of DB Queries
--------------------------------  -----  ---------  --------  ----------  --------------  -------------------  ----------------------
/opt/airflow/dags/weather_etl.py  10314  0.01s             1           0  0.10s           2026-09-22T22:46:48                      14
================================================================================
[2026-09-22T22:47:49.575+0000] {manager.py:1008} INFO - 
================================================================================
DAG File Processing Stats

File Path                           PID  Runtime      # DAGs    # Errors  Last Runtime    Last Run               Last # of DB Queries
--------------------------------  -----  ---------  --------  ----------  --------------  -------------------  ----------------------
/opt/airflow/dags/weather_etl.py  10325  0.01s             1           0  0.08s           2026-09-22T22:47:19                      14
================================================================================
[2026-09-22T22:48:20.038+0000] {manager.py:1008} INFO - 
================================================================================
DAG File Processing Stats

File Path                           PID  Runtime      # DAGs    # Errors  Last Runtime    Last Run               Last # of DB Queries
--------------------------------  -----  ---------  --------  ----------  --------------  -------------------  ----------------------
/opt/airflow/dags/weather_etl.py  10336  0.01s             1           0  0.07s           2026-09-22T22:47:49                      14
================================================================================
[2026-09-22T22:48:50.468+0000] {manager.py:1008} INFO - 
================================================================================
DAG File Processing Stats

File Path                           PID  Runtime      # DAGs    # Errors  Last Runtime    Last Run               Last # of DB Queries
--------------------------------  -----  ---------  --------  ----------  --------------  -------------------  ----------------------
/opt/airflow/dags/weather_etl.py  10347  0.01s             1           0  0.08s           2026-09-22T22:48:20                      14
================================================================================
[2026-09-22T22:49:20.874+0000] {manager.py:1008} INFO - 
================================================================================
DAG File Processing Stats

File Path                           PID  Runtime      # DAGs    # Errors  Last Runtime    Last Run               Last # of DB Queries
--------------------------------  -----  ---------  --------  ----------  --------------  -------------------  ----------------------
/opt/airflow/dags/weather_etl.py  10358  0.01s             1           0  0.07s           2026-09-22T22:48:50                      14
================================================================================
[2026-09-22T22:49:51.370+0000] {manager.py:1008} INFO - 
================================================================================
DAG File Processing Stats

File Path                           PID  Runtime      # DAGs    # Errors  Last Runtime    Last Run               Last # of DB Queries
--------------------------------  -----  ---------  --------  ----------  --------------  -------------------  ----------------------
/opt/airflow/dags/weather_etl.py  10369  0.01s             1           0  0.09s           2026-09-22T22:49:20                      14
================================================================================
[2026-09-22T22:50:21.780+0000] {manager.py:1008} INFO - 
================================================================================
DAG File Processing Stats

File Path                           PID  Runtime      # DAGs    # Errors  Last Runtime    Last Run               Last # of DB Queries
--------------------------------  -----  ---------  --------  ----------  --------------  -------------------  ----------------------
/opt/airflow/dags/weather_etl.py  10380  0.01s             1           0  0.08s           2026-09-22T22:49:51                      14
================================================================================
[2026-09-22T22:50:52.146+0000] {manager.py:1008} INFO - 
================================================================================
DAG File Processing Stats

File Path                           PID  Runtime      # DAGs    # Errors  Last Runtime    Last Run               Last # of DB Queries
--------------------------------  -----  ---------  --------  ----------  --------------  -------------------  ----------------------
/opt/airflow/dags/weather_etl.py  10391  0.01s             1           0  0.07s           2026-09-22T22:50:21                      14
================================================================================
[2026-09-22T22:51:22.512+0000] {manager.py:1008} INFO - 
================================================================================
DAG File Processing Stats

File Path                           PID  Runtime      # DAGs    # Errors  Last Runtime    Last Run               Last # of DB Queries
--------------------------------  -----  ---------  --------  ----------  --------------  -------------------  ----------------------
/opt/airflow/dags/weather_etl.py  10402  0.01s             1           0  0.07s           2026-09-22T22:50:52                      14
================================================================================
[2026-09-22T22:51:52.842+0000] {manager.py:1008} INFO - 
================================================================================
DAG File Processing Stats

File Path                           PID  Runtime      # DAGs    # Errors  Last Runtime    Last Run               Last # of DB Queries
--------------------------------  -----  ---------  --------  ----------  --------------  -------------------  ----------------------
/opt/airflow/dags/weather_etl.py  10413  0.01s             1           0  0.07s           2026-09-22T22:51:22                      14
================================================================================
[2026-09-22T22:52:13.081+0000] {manager.py:832} INFO - Searching for files in /opt/airflow/dags
[2026-09-22T22:52:13.090+0000] {manager.py:835} INFO - There are 1 files in /opt/airflow/dags
[2026-09-22T22:52:23.226+0000] {manager.py:1008} INFO - 
================================================================================
DAG File Processing Stats

File Path                           PID  Runtime      # DAGs    # Errors  Last Runtime    Last Run               Last # of DB Queries
--------------------------------  -----  ---------  --------  ----------  --------------  -------------------  ----------------------
/opt/airflow/dags/weather_etl.py  10424  0.01s             1           0  0.07s           2026-09-22T22:51:52                      14
================================================================================
[2026-09-22T22:52:53.585+0000] {manager.py:1008} INFO - 
================================================================================
DAG File Processing Stats

File Path                           PID  Runtime      # DAGs    # Errors  Last Runtime    Last Run               Last # of DB Queries
--------------------------------  -----  ---------  --------  ----------  --------------  -------------------  ----------------------
/opt/airflow/dags/weather_etl.py  10435  0.01s             1           0  0.07s           2026-09-22T22:52:23                      14
================================================================================
[2026-09-22T22:53:23.947+0000] {manager.py:1008} INFO - 
================================================================================
DAG File Processing Stats

File Path                           PID  Runtime      # DAGs    # Errors  Last Runtime    Last Run               Last # of DB Queries
--------------------------------  -----  ---------  --------  ----------  --------------  -------------------  ----------------------
/opt/airflow/dags/weather_etl.py  10446  0.01s             1           0  0.07s           2026-09-22T22:52:53                      14
================================================================================
[2026-09-22T22:53:54.315+0000] {manager.py:1008} INFO - 
================================================================================
DAG File Processing Stats

File Path                           PID  Runtime      # DAGs    # Errors  Last Runtime    Last Run               Last # of DB Queries
--------------------------------  -----  ---------  --------  ----------  --------------  -------------------  ----------------------
/opt/airflow/dags/weather_etl.py  10457  0.01s             1           0  0.09s           2026-09-22T22:53:24                      14
================================================================================
[2026-09-22T22:54:24.674+0000] {manager.py:1008} INFO - 
================================================================================
DAG File Processing Stats

File Path                           PID  Runtime      # DAGs    # Errors  Last Runtime    Last Run               Last # of DB Queries
--------------------------------  -----  ---------  --------  ----------  --------------  -------------------  ----------------------
/opt/airflow/dags/weather_etl.py  10468  0.01s             1           0  0.08s           2026-09-22T22:53:54                      14
================================================================================
[2026-09-22T22:54:55.038+0000] {manager.py:1008} INFO - 
================================================================================
DAG File Processing Stats

File Path                           PID  Runtime      # DAGs    # Errors  Last Runtime    Last Run               Last # of DB Queries
--------------------------------  -----  ---------  --------  ----------  --------------  -------------------  ----------------------
/opt/airflow/dags/weather_etl.py  10485  0.01s             1           0  0.07s           2026-09-22T22:54:24                      14
================================================================================
[2026-09-22T22:55:25.473+0000] {manager.py:1008} INFO - 
================================================================================
DAG File Processing Stats

File Path                           PID  Runtime      # DAGs    # Errors  Last Runtime    Last Run               Last # of DB Queries
--------------------------------  -----  ---------  --------  ----------  --------------  -------------------  ----------------------
/opt/airflow/dags/weather_etl.py  10496  0.01s             1           0  0.08s           2026-09-22T22:54:55                      14
================================================================================
[2026-09-22T22:55:55.833+0000] {manager.py:1008} INFO - 
================================================================================
DAG File Processing Stats

File Path                           PID  Runtime      # DAGs    # Errors  Last Runtime    Last Run               Last # of DB Queries
--------------------------------  -----  ---------  --------  ----------  --------------  -------------------  ----------------------
/opt/airflow/dags/weather_etl.py  10507  0.01s             1           0  0.07s           2026-09-22T22:55:25                      14
================================================================================
[2026-09-22T22:56:26.315+0000] {manager.py:1008} INFO - 
================================================================================
DAG File Processing Stats

File Path                           PID  Runtime      # DAGs    # Errors  Last Runtime    Last Run               Last # of DB Queries
--------------------------------  -----  ---------  --------  ----------  --------------  -------------------  ----------------------
/opt/airflow/dags/weather_etl.py  10518  0.01s             1           0  0.08s           2026-09-22T22:55:55                      14
================================================================================
[2026-09-22T22:56:56.683+0000] {manager.py:1008} INFO - 
================================================================================
DAG File Processing Stats

File Path                           PID  Runtime      # DAGs    # Errors  Last Runtime    Last Run               Last # of DB Queries
--------------------------------  -----  ---------  --------  ----------  --------------  -------------------  ----------------------
/opt/airflow/dags/weather_etl.py  10529  0.01s             1           0  0.07s           2026-09-22T22:56:26                      14
================================================================================
[2026-09-22T22:57:13.957+0000] {manager.py:832} INFO - Searching for files in /opt/airflow/dags
[2026-09-22T22:57:13.967+0000] {manager.py:835} INFO - There are 1 files in /opt/airflow/dags
[2026-09-22T22:57:27.168+0000] {manager.py:1008} INFO - 
================================================================================
DAG File Processing Stats

File Path                           PID  Runtime      # DAGs    # Errors  Last Runtime    Last Run               Last # of DB Queries
--------------------------------  -----  ---------  --------  ----------  --------------  -------------------  ----------------------
/opt/airflow/dags/weather_etl.py  10540  0.01s             1           0  0.08s           2026-09-22T22:56:56                      14
================================================================================
[2026-09-22T22:57:57.663+0000] {manager.py:1008} INFO - 
================================================================================
DAG File Processing Stats

File Path                           PID  Runtime      # DAGs    # Errors  Last Runtime    Last Run               Last # of DB Queries
--------------------------------  -----  ---------  --------  ----------  --------------  -------------------  ----------------------
/opt/airflow/dags/weather_etl.py  10551  0.01s             1           0  0.10s           2026-09-22T22:57:27                      14
================================================================================
[2026-09-22T22:58:28.109+0000] {manager.py:1008} INFO - 
================================================================================
DAG File Processing Stats

File Path                           PID  Runtime      # DAGs    # Errors  Last Runtime    Last Run               Last # of DB Queries
--------------------------------  -----  ---------  --------  ----------  --------------  -------------------  ----------------------
/opt/airflow/dags/weather_etl.py  10562  0.01s             1           0  0.09s           2026-09-22T22:57:57                      14
================================================================================
[2026-09-22T22:58:58.583+0000] {manager.py:1008} INFO - 
================================================================================
DAG File Processing Stats

File Path                           PID  Runtime      # DAGs    # Errors  Last Runtime    Last Run               Last # of DB Queries
--------------------------------  -----  ---------  --------  ----------  --------------  -------------------  ----------------------
/opt/airflow/dags/weather_etl.py  10573  0.01s             1           0  0.09s           2026-09-22T22:58:28                      14
================================================================================
[2026-09-22T22:59:28.956+0000] {manager.py:1008} INFO - 
================================================================================
DAG File Processing Stats

File Path                           PID  Runtime      # DAGs    # Errors  Last Runtime    Last Run               Last # of DB Queries
--------------------------------  -----  ---------  --------  ----------  --------------  -------------------  ----------------------
/opt/airflow/dags/weather_etl.py  10584  0.01s             1           0  0.07s           2026-09-22T22:58:58                      14
================================================================================
[2026-09-22T22:59:59.388+0000] {manager.py:1008} INFO - 
================================================================================
DAG File Processing Stats

File Path                           PID  Runtime      # DAGs    # Errors  Last Runtime    Last Run               Last # of DB Queries
--------------------------------  -----  ---------  --------  ----------  --------------  -------------------  ----------------------
/opt/airflow/dags/weather_etl.py  10596  0.01s             1           0  0.08s           2026-09-22T22:59:29                      14
================================================================================
[2026-09-22T23:00:29.867+0000] {manager.py:1008} INFO - 
================================================================================
DAG File Processing Stats

File Path                           PID  Runtime      # DAGs    # Errors  Last Runtime    Last Run               Last # of DB Queries
--------------------------------  -----  ---------  --------  ----------  --------------  -------------------  ----------------------
/opt/airflow/dags/weather_etl.py  10607  0.01s             1           0  0.08s           2026-09-22T22:59:59                      14
================================================================================
[2026-09-22T23:01:00.370+0000] {manager.py:1008} INFO - 
================================================================================
DAG File Processing Stats

File Path                           PID  Runtime      # DAGs    # Errors  Last Runtime    Last Run               Last # of DB Queries
--------------------------------  -----  ---------  --------  ----------  --------------  -------------------  ----------------------
/opt/airflow/dags/weather_etl.py  10618  0.01s             1           0  0.11s           2026-09-22T23:00:29                      14
================================================================================
[2026-09-22T23:01:30.818+0000] {manager.py:1008} INFO - 
================================================================================
DAG File Processing Stats

File Path                           PID  Runtime      # DAGs    # Errors  Last Runtime    Last Run               Last # of DB Queries
--------------------------------  -----  ---------  --------  ----------  --------------  -------------------  ----------------------
/opt/airflow/dags/weather_etl.py  10629  0.01s             1           0  0.08s           2026-09-22T23:01:00                      14
================================================================================
[2026-09-22T23:02:01.285+0000] {manager.py:1008} INFO - 
================================================================================
DAG File Processing Stats

File Path                           PID  Runtime      # DAGs    # Errors  Last Runtime    Last Run               Last # of DB Queries
--------------------------------  -----  ---------  --------  ----------  --------------  -------------------  ----------------------
/opt/airflow/dags/weather_etl.py  10640  0.01s             1           0  0.08s           2026-09-22T23:01:30                      14
================================================================================
[2026-09-22T23:02:14.489+0000] {manager.py:832} INFO - Searching for files in /opt/airflow/dags
[2026-09-22T23:02:14.500+0000] {manager.py:835} INFO - There are 1 files in /opt/airflow/dags
[2026-09-22T23:02:31.767+0000] {manager.py:1008} INFO - 
================================================================================
DAG File Processing Stats

File Path                           PID  Runtime      # DAGs    # Errors  Last Runtime    Last Run               Last # of DB Queries
--------------------------------  -----  ---------  --------  ----------  --------------  -------------------  ----------------------
/opt/airflow/dags/weather_etl.py  10651  0.01s             1           0  0.07s           2026-09-22T23:02:01                      14
================================================================================
[2026-09-22T23:03:02.139+0000] {manager.py:1008} INFO - 
================================================================================
DAG File Processing Stats

File Path                           PID  Runtime      # DAGs    # Errors  Last Runtime    Last Run               Last # of DB Queries
--------------------------------  -----  ---------  --------  ----------  --------------  -------------------  ----------------------
/opt/airflow/dags/weather_etl.py  10662  0.01s             1           0  0.08s           2026-09-22T23:02:31                      14
================================================================================
[2026-09-22T23:03:32.575+0000] {manager.py:1008} INFO - 
================================================================================
DAG File Processing Stats

File Path                           PID  Runtime      # DAGs    # Errors  Last Runtime    Last Run               Last # of DB Queries
--------------------------------  -----  ---------  --------  ----------  --------------  -------------------  ----------------------
/opt/airflow/dags/weather_etl.py  10673  0.01s             1           0  0.10s           2026-09-22T23:03:02                      14
================================================================================
[2026-09-22T23:04:02.973+0000] {manager.py:1008} INFO - 
================================================================================
DAG File Processing Stats

File Path                           PID  Runtime      # DAGs    # Errors  Last Runtime    Last Run               Last # of DB Queries
--------------------------------  -----  ---------  --------  ----------  --------------  -------------------  ----------------------
/opt/airflow/dags/weather_etl.py  10684  0.01s             1           0  0.08s           2026-09-22T23:03:32                      14
================================================================================
[2026-09-22T23:04:33.466+0000] {manager.py:1008} INFO - 
================================================================================
DAG File Processing Stats

File Path                           PID  Runtime      # DAGs    # Errors  Last Runtime    Last Run               Last # of DB Queries
--------------------------------  -----  ---------  --------  ----------  --------------  -------------------  ----------------------
/opt/airflow/dags/weather_etl.py  10695  0.01s             1           0  0.08s           2026-09-22T23:04:03                      14
================================================================================
[2026-09-22T23:05:03.907+0000] {manager.py:1008} INFO - 
================================================================================
DAG File Processing Stats

File Path                           PID  Runtime      # DAGs    # Errors  Last Runtime    Last Run               Last # of DB Queries
--------------------------------  -----  ---------  --------  ----------  --------------  -------------------  ----------------------
/opt/airflow/dags/weather_etl.py  10706  0.01s             1           0  0.09s           2026-09-22T23:04:33                      14
================================================================================
[2026-09-22T23:05:34.372+0000] {manager.py:1008} INFO - 
================================================================================
DAG File Processing Stats

File Path                           PID  Runtime      # DAGs    # Errors  Last Runtime    Last Run               Last # of DB Queries
--------------------------------  -----  ---------  --------  ----------  --------------  -------------------  ----------------------
/opt/airflow/dags/weather_etl.py  10717  0.01s             1           0  0.08s           2026-09-22T23:05:03                      14
================================================================================
[2026-09-22T23:06:04.820+0000] {manager.py:1008} INFO - 
================================================================================
DAG File Processing Stats

File Path                           PID  Runtime      # DAGs    # Errors  Last Runtime    Last Run               Last # of DB Queries
--------------------------------  -----  ---------  --------  ----------  --------------  -------------------  ----------------------
/opt/airflow/dags/weather_etl.py  10728  0.01s             1           0  0.08s           2026-09-22T23:05:34                      14
================================================================================
[2026-09-22T23:06:35.247+0000] {manager.py:1008} INFO - 
================================================================================
DAG File Processing Stats

File Path                           PID  Runtime      # DAGs    # Errors  Last Runtime    Last Run               Last # of DB Queries
--------------------------------  -----  ---------  --------  ----------  --------------  -------------------  ----------------------
/opt/airflow/dags/weather_etl.py  10739  0.01s             1           0  0.09s           2026-09-22T23:06:04                      14
================================================================================
[2026-09-22T23:07:05.685+0000] {manager.py:1008} INFO - 
================================================================================
DAG File Processing Stats

File Path                           PID  Runtime      # DAGs    # Errors  Last Runtime    Last Run               Last # of DB Queries
--------------------------------  -----  ---------  --------  ----------  --------------  -------------------  ----------------------
/opt/airflow/dags/weather_etl.py  10750  0.01s             1           0  0.08s           2026-09-22T23:06:35                      14
================================================================================
[2026-09-22T23:07:14.821+0000] {manager.py:832} INFO - Searching for files in /opt/airflow/dags
[2026-09-22T23:07:14.829+0000] {manager.py:835} INFO - There are 1 files in /opt/airflow/dags
[2026-09-22T23:07:36.116+0000] {manager.py:1008} INFO - 
================================================================================
DAG File Processing Stats

File Path                           PID  Runtime      # DAGs    # Errors  Last Runtime    Last Run               Last # of DB Queries
--------------------------------  -----  ---------  --------  ----------  --------------  -------------------  ----------------------
/opt/airflow/dags/weather_etl.py  10761  0.01s             1           0  0.08s           2026-09-22T23:07:05                      14
================================================================================
[2026-09-22T23:08:06.486+0000] {manager.py:1008} INFO - 
================================================================================
DAG File Processing Stats

File Path                           PID  Runtime      # DAGs    # Errors  Last Runtime    Last Run               Last # of DB Queries
--------------------------------  -----  ---------  --------  ----------  --------------  -------------------  ----------------------
/opt/airflow/dags/weather_etl.py  10772  0.01s             1           0  0.07s           2026-09-22T23:07:36                      14
================================================================================
[2026-09-22T23:08:36.839+0000] {manager.py:1008} INFO - 
================================================================================
DAG File Processing Stats

File Path                           PID  Runtime      # DAGs    # Errors  Last Runtime    Last Run               Last # of DB Queries
--------------------------------  -----  ---------  --------  ----------  --------------  -------------------  ----------------------
/opt/airflow/dags/weather_etl.py  10783  0.01s             1           0  0.08s           2026-09-22T23:08:06                      14
================================================================================
[2026-09-22T23:09:07.209+0000] {manager.py:1008} INFO - 
================================================================================
DAG File Processing Stats

File Path                           PID  Runtime      # DAGs    # Errors  Last Runtime    Last Run               Last # of DB Queries
--------------------------------  -----  ---------  --------  ----------  --------------  -------------------  ----------------------
/opt/airflow/dags/weather_etl.py  10794  0.01s             1           0  0.07s           2026-09-22T23:08:36                      14
================================================================================
[2026-09-22T23:09:37.613+0000] {manager.py:1008} INFO - 
================================================================================
DAG File Processing Stats

File Path                           PID  Runtime      # DAGs    # Errors  Last Runtime    Last Run               Last # of DB Queries
--------------------------------  -----  ---------  --------  ----------  --------------  -------------------  ----------------------
/opt/airflow/dags/weather_etl.py  10805  0.01s             1           0  0.07s           2026-09-22T23:09:07                      14
================================================================================
[2026-09-22T23:10:08.004+0000] {manager.py:1008} INFO - 
================================================================================
DAG File Processing Stats

File Path                           PID  Runtime      # DAGs    # Errors  Last Runtime    Last Run               Last # of DB Queries
--------------------------------  -----  ---------  --------  ----------  --------------  -------------------  ----------------------
/opt/airflow/dags/weather_etl.py  10816  0.01s             1           0  0.08s           2026-09-22T23:09:37                      14
================================================================================
[2026-09-22T23:10:38.341+0000] {manager.py:1008} INFO - 
================================================================================
DAG File Processing Stats

File Path                           PID  Runtime      # DAGs    # Errors  Last Runtime    Last Run               Last # of DB Queries
--------------------------------  -----  ---------  --------  ----------  --------------  -------------------  ----------------------
/opt/airflow/dags/weather_etl.py  10827  0.01s             1           0  0.07s           2026-09-22T23:10:08                      14
================================================================================
[2026-09-22T23:11:08.710+0000] {manager.py:1008} INFO - 
================================================================================
DAG File Processing Stats

File Path                           PID  Runtime      # DAGs    # Errors  Last Runtime    Last Run               Last # of DB Queries
--------------------------------  -----  ---------  --------  ----------  --------------  -------------------  ----------------------
/opt/airflow/dags/weather_etl.py  10838  0.01s             1           0  0.10s           2026-09-22T23:10:38                      14
================================================================================
[2026-09-22T23:11:39.133+0000] {manager.py:1008} INFO - 
================================================================================
DAG File Processing Stats

File Path                           PID  Runtime      # DAGs    # Errors  Last Runtime    Last Run               Last # of DB Queries
--------------------------------  -----  ---------  --------  ----------  --------------  -------------------  ----------------------
/opt/airflow/dags/weather_etl.py  10849  0.01s             1           0  0.08s           2026-09-22T23:11:08                      14
================================================================================
[2026-09-22T23:12:09.508+0000] {manager.py:1008} INFO - 
================================================================================
DAG File Processing Stats

File Path                           PID  Runtime      # DAGs    # Errors  Last Runtime    Last Run               Last # of DB Queries
--------------------------------  -----  ---------  --------  ----------  --------------  -------------------  ----------------------
/opt/airflow/dags/weather_etl.py  10860  0.01s             1           0  0.08s           2026-09-22T23:11:39                      14
================================================================================
[2026-09-22T23:12:15.584+0000] {manager.py:832} INFO - Searching for files in /opt/airflow/dags
[2026-09-22T23:12:15.593+0000] {manager.py:835} INFO - There are 1 files in /opt/airflow/dags
[2026-09-22T23:12:39.922+0000] {manager.py:1008} INFO - 
================================================================================
DAG File Processing Stats

File Path                           PID  Runtime      # DAGs    # Errors  Last Runtime    Last Run               Last # of DB Queries
--------------------------------  -----  ---------  --------  ----------  --------------  -------------------  ----------------------
/opt/airflow/dags/weather_etl.py  10871  0.01s             1           0  0.08s           2026-09-22T23:12:09                      14
================================================================================
[2026-09-22T23:13:10.424+0000] {manager.py:1008} INFO - 
================================================================================
DAG File Processing Stats

File Path                           PID  Runtime      # DAGs    # Errors  Last Runtime    Last Run               Last # of DB Queries
--------------------------------  -----  ---------  --------  ----------  --------------  -------------------  ----------------------
/opt/airflow/dags/weather_etl.py  10882  0.01s             1           0  0.07s           2026-09-22T23:12:39                      14
================================================================================
[2026-09-22T23:13:40.870+0000] {manager.py:1008} INFO - 
================================================================================
DAG File Processing Stats

File Path                           PID  Runtime      # DAGs    # Errors  Last Runtime    Last Run               Last # of DB Queries
--------------------------------  -----  ---------  --------  ----------  --------------  -------------------  ----------------------
/opt/airflow/dags/weather_etl.py  10893  0.01s             1           0  0.15s           2026-09-22T23:13:10                      14
================================================================================
[2026-09-22T23:14:11.325+0000] {manager.py:1008} INFO - 
================================================================================
DAG File Processing Stats

File Path                           PID  Runtime      # DAGs    # Errors  Last Runtime    Last Run               Last # of DB Queries
--------------------------------  -----  ---------  --------  ----------  --------------  -------------------  ----------------------
/opt/airflow/dags/weather_etl.py  10904  0.01s             1           0  0.08s           2026-09-22T23:13:40                      14
================================================================================
[2026-09-22T23:14:41.798+0000] {manager.py:1008} INFO - 
================================================================================
DAG File Processing Stats

File Path                           PID  Runtime      # DAGs    # Errors  Last Runtime    Last Run               Last # of DB Queries
--------------------------------  -----  ---------  --------  ----------  --------------  -------------------  ----------------------
/opt/airflow/dags/weather_etl.py  10915  0.01s             1           0  0.07s           2026-09-22T23:14:11                      14
================================================================================
[2026-09-22T23:15:12.253+0000] {manager.py:1008} INFO - 
================================================================================
DAG File Processing Stats

File Path                           PID  Runtime      # DAGs    # Errors  Last Runtime    Last Run               Last # of DB Queries
--------------------------------  -----  ---------  --------  ----------  --------------  -------------------  ----------------------
/opt/airflow/dags/weather_etl.py  10926  0.01s             1           0  0.08s           2026-09-22T23:14:41                      14
================================================================================
[2026-09-22T23:15:42.730+0000] {manager.py:1008} INFO - 
================================================================================
DAG File Processing Stats

File Path                           PID  Runtime      # DAGs    # Errors  Last Runtime    Last Run               Last # of DB Queries
--------------------------------  -----  ---------  --------  ----------  --------------  -------------------  ----------------------
/opt/airflow/dags/weather_etl.py  10937  0.01s             1           0  0.09s           2026-09-22T23:15:12                      14
================================================================================
[2026-09-22T23:16:13.204+0000] {manager.py:1008} INFO - 
================================================================================
DAG File Processing Stats

File Path                           PID  Runtime      # DAGs    # Errors  Last Runtime    Last Run               Last # of DB Queries
--------------------------------  -----  ---------  --------  ----------  --------------  -------------------  ----------------------
/opt/airflow/dags/weather_etl.py  10948  0.02s             1           0  0.08s           2026-09-22T23:15:42                      14
================================================================================
[2026-09-22T23:16:43.634+0000] {manager.py:1008} INFO - 
================================================================================
DAG File Processing Stats

File Path                           PID  Runtime      # DAGs    # Errors  Last Runtime    Last Run               Last # of DB Queries
--------------------------------  -----  ---------  --------  ----------  --------------  -------------------  ----------------------
/opt/airflow/dags/weather_etl.py  10959  0.01s             1           0  0.11s           2026-09-22T23:16:13                      14
================================================================================
[2026-09-22T23:17:14.101+0000] {manager.py:1008} INFO - 
================================================================================
DAG File Processing Stats

File Path                           PID  Runtime      # DAGs    # Errors  Last Runtime    Last Run               Last # of DB Queries
--------------------------------  -----  ---------  --------  ----------  --------------  -------------------  ----------------------
/opt/airflow/dags/weather_etl.py  10970  0.02s             1           0  0.07s           2026-09-22T23:16:43                      14
================================================================================
[2026-09-22T23:17:16.136+0000] {manager.py:832} INFO - Searching for files in /opt/airflow/dags
[2026-09-22T23:17:16.143+0000] {manager.py:835} INFO - There are 1 files in /opt/airflow/dags
[2026-09-22T23:17:44.540+0000] {manager.py:1008} INFO - 
================================================================================
DAG File Processing Stats

File Path                           PID  Runtime      # DAGs    # Errors  Last Runtime    Last Run               Last # of DB Queries
--------------------------------  -----  ---------  --------  ----------  --------------  -------------------  ----------------------
/opt/airflow/dags/weather_etl.py  10981  0.01s             1           0  0.18s           2026-09-22T23:17:14                      14
================================================================================
[2026-09-22T23:18:14.980+0000] {manager.py:1008} INFO - 
================================================================================
DAG File Processing Stats

File Path                           PID  Runtime      # DAGs    # Errors  Last Runtime    Last Run               Last # of DB Queries
--------------------------------  -----  ---------  --------  ----------  --------------  -------------------  ----------------------
/opt/airflow/dags/weather_etl.py  10992  0.01s             1           0  0.08s           2026-09-22T23:17:44                      14
================================================================================
[2026-09-22T23:18:45.424+0000] {manager.py:1008} INFO - 
================================================================================
DAG File Processing Stats

File Path                           PID  Runtime      # DAGs    # Errors  Last Runtime    Last Run               Last # of DB Queries
--------------------------------  -----  ---------  --------  ----------  --------------  -------------------  ----------------------
/opt/airflow/dags/weather_etl.py  11003  0.01s             1           0  0.10s           2026-09-22T23:18:15                      14
================================================================================
[2026-09-22T23:19:15.861+0000] {manager.py:1008} INFO - 
================================================================================
DAG File Processing Stats

File Path                           PID  Runtime      # DAGs    # Errors  Last Runtime    Last Run               Last # of DB Queries
--------------------------------  -----  ---------  --------  ----------  --------------  -------------------  ----------------------
/opt/airflow/dags/weather_etl.py  11014  0.01s             1           0  0.08s           2026-09-22T23:18:45                      14
================================================================================
[2026-09-22T23:19:46.323+0000] {manager.py:1008} INFO - 
================================================================================
DAG File Processing Stats

File Path                           PID  Runtime      # DAGs    # Errors  Last Runtime    Last Run               Last # of DB Queries
--------------------------------  -----  ---------  --------  ----------  --------------  -------------------  ----------------------
/opt/airflow/dags/weather_etl.py  11025  0.01s             1           0  0.08s           2026-09-22T23:19:15                      14
================================================================================
[2026-09-22T23:22:25.606+0000] {manager.py:832} INFO - Searching for files in /opt/airflow/dags
[2026-09-22T23:22:25.615+0000] {manager.py:835} INFO - There are 1 files in /opt/airflow/dags
[2026-09-22T23:22:30.726+0000] {manager.py:1008} INFO - 
================================================================================
DAG File Processing Stats

File Path                         PID    Runtime      # DAGs    # Errors  Last Runtime    Last Run               Last # of DB Queries
--------------------------------  -----  ---------  --------  ----------  --------------  -------------------  ----------------------
/opt/airflow/dags/weather_etl.py                           1           0  0.13s           2026-09-22T23:22:25                      14
================================================================================
[2026-09-22T23:40:48.424+0000] {manager.py:832} INFO - Searching for files in /opt/airflow/dags
[2026-09-22T23:40:48.430+0000] {manager.py:835} INFO - There are 1 files in /opt/airflow/dags
[2026-09-22T23:40:53.526+0000] {manager.py:1008} INFO - 
================================================================================
DAG File Processing Stats

File Path                         PID    Runtime      # DAGs    # Errors  Last Runtime    Last Run               Last # of DB Queries
--------------------------------  -----  ---------  --------  ----------  --------------  -------------------  ----------------------
/opt/airflow/dags/weather_etl.py                           1           0  0.07s           2026-09-22T23:40:48                      14
================================================================================
[2026-09-22T23:41:24.034+0000] {manager.py:1008} INFO - 
================================================================================
DAG File Processing Stats

File Path                         PID    Runtime      # DAGs    # Errors  Last Runtime    Last Run               Last # of DB Queries
--------------------------------  -----  ---------  --------  ----------  --------------  -------------------  ----------------------
/opt/airflow/dags/weather_etl.py                           1           0  0.27s           2026-09-22T23:41:19                      14
================================================================================
[2026-09-22T23:49:26.660+0000] {manager.py:832} INFO - Searching for files in /opt/airflow/dags
[2026-09-22T23:49:26.667+0000] {manager.py:835} INFO - There are 1 files in /opt/airflow/dags
[2026-09-22T23:49:32.886+0000] {manager.py:1008} INFO - 
================================================================================
DAG File Processing Stats

File Path                         PID    Runtime      # DAGs    # Errors  Last Runtime    Last Run               Last # of DB Queries
--------------------------------  -----  ---------  --------  ----------  --------------  -------------------  ----------------------
/opt/airflow/dags/weather_etl.py                           1           0  0.18s           2026-09-22T23:49:26                      14
================================================================================
[2026-09-22T23:50:03.264+0000] {manager.py:1008} INFO - 
================================================================================
DAG File Processing Stats

File Path                         PID    Runtime      # DAGs    # Errors  Last Runtime    Last Run               Last # of DB Queries
--------------------------------  -----  ---------  --------  ----------  --------------  -------------------  ----------------------
/opt/airflow/dags/weather_etl.py                           1           0  0.12s           2026-09-22T23:49:57                      14
================================================================================
[2026-09-22T23:50:33.658+0000] {manager.py:1008} INFO - 
================================================================================
DAG File Processing Stats

File Path                         PID    Runtime      # DAGs    # Errors  Last Runtime    Last Run               Last # of DB Queries
--------------------------------  -----  ---------  --------  ----------  --------------  -------------------  ----------------------
/opt/airflow/dags/weather_etl.py                           1           0  0.11s           2026-09-22T23:50:27                      14
================================================================================
[2026-09-22T23:51:04.047+0000] {manager.py:1008} INFO - 
================================================================================
DAG File Processing Stats

File Path                         PID    Runtime      # DAGs    # Errors  Last Runtime    Last Run               Last # of DB Queries
--------------------------------  -----  ---------  --------  ----------  --------------  -------------------  ----------------------
/opt/airflow/dags/weather_etl.py                           1           0  0.13s           2026-09-22T23:50:58                      14
================================================================================
[2026-09-22T23:51:34.431+0000] {manager.py:1008} INFO - 
================================================================================
DAG File Processing Stats

File Path                         PID    Runtime      # DAGs    # Errors  Last Runtime    Last Run               Last # of DB Queries
--------------------------------  -----  ---------  --------  ----------  --------------  -------------------  ----------------------
/opt/airflow/dags/weather_etl.py                           1           0  0.10s           2026-09-22T23:51:28                      14
================================================================================
[2026-09-22T23:52:04.823+0000] {manager.py:1008} INFO - 
================================================================================
DAG File Processing Stats

File Path                         PID    Runtime      # DAGs    # Errors  Last Runtime    Last Run               Last # of DB Queries
--------------------------------  -----  ---------  --------  ----------  --------------  -------------------  ----------------------
/opt/airflow/dags/weather_etl.py                           1           0  0.13s           2026-09-22T23:51:58                      14
================================================================================
[2026-09-22T23:52:35.214+0000] {manager.py:1008} INFO - 
================================================================================
DAG File Processing Stats

File Path                         PID    Runtime      # DAGs    # Errors  Last Runtime    Last Run               Last # of DB Queries
--------------------------------  -----  ---------  --------  ----------  --------------  -------------------  ----------------------
/opt/airflow/dags/weather_etl.py                           1           0  0.10s           2026-09-22T23:52:29                      14
================================================================================
[2026-09-22T23:53:05.657+0000] {manager.py:1008} INFO - 
================================================================================
DAG File Processing Stats

File Path                         PID    Runtime      # DAGs    # Errors  Last Runtime    Last Run               Last # of DB Queries
--------------------------------  -----  ---------  --------  ----------  --------------  -------------------  ----------------------
/opt/airflow/dags/weather_etl.py                           1           0  0.23s           2026-09-22T23:52:59                      14
================================================================================
[2026-09-22T23:53:36.100+0000] {manager.py:1008} INFO - 
================================================================================
DAG File Processing Stats

File Path                         PID    Runtime      # DAGs    # Errors  Last Runtime    Last Run               Last # of DB Queries
--------------------------------  -----  ---------  --------  ----------  --------------  -------------------  ----------------------
/opt/airflow/dags/weather_etl.py                           1           0  0.12s           2026-09-22T23:53:30                      14
================================================================================
[2026-09-22T23:54:06.454+0000] {manager.py:1008} INFO - 
================================================================================
DAG File Processing Stats

File Path                         PID    Runtime      # DAGs    # Errors  Last Runtime    Last Run               Last # of DB Queries
--------------------------------  -----  ---------  --------  ----------  --------------  -------------------  ----------------------
/opt/airflow/dags/weather_etl.py                           1           0  0.10s           2026-09-22T23:54:00                      14
================================================================================
[2026-09-22T23:54:26.687+0000] {manager.py:832} INFO - Searching for files in /opt/airflow/dags
[2026-09-22T23:54:26.697+0000] {manager.py:835} INFO - There are 1 files in /opt/airflow/dags
[2026-09-22T23:54:36.945+0000] {manager.py:1008} INFO - 
================================================================================
DAG File Processing Stats

File Path                         PID    Runtime      # DAGs    # Errors  Last Runtime    Last Run               Last # of DB Queries
--------------------------------  -----  ---------  --------  ----------  --------------  -------------------  ----------------------
/opt/airflow/dags/weather_etl.py                           1           0  0.12s           2026-09-22T23:54:30                      14
================================================================================
[2026-09-22T23:55:07.342+0000] {manager.py:1008} INFO - 
================================================================================
DAG File Processing Stats

File Path                         PID    Runtime      # DAGs    # Errors  Last Runtime    Last Run               Last # of DB Queries
--------------------------------  -----  ---------  --------  ----------  --------------  -------------------  ----------------------
/opt/airflow/dags/weather_etl.py                           1           0  0.16s           2026-09-22T23:55:01                      14
================================================================================
[2026-09-22T23:55:37.778+0000] {manager.py:1008} INFO - 
================================================================================
DAG File Processing Stats

File Path                         PID    Runtime      # DAGs    # Errors  Last Runtime    Last Run               Last # of DB Queries
--------------------------------  -----  ---------  --------  ----------  --------------  -------------------  ----------------------
/opt/airflow/dags/weather_etl.py                           1           0  0.08s           2026-09-22T23:55:31                      14
================================================================================
[2026-09-22T23:56:08.184+0000] {manager.py:1008} INFO - 
================================================================================
DAG File Processing Stats

File Path                         PID    Runtime      # DAGs    # Errors  Last Runtime    Last Run               Last # of DB Queries
--------------------------------  -----  ---------  --------  ----------  --------------  -------------------  ----------------------
/opt/airflow/dags/weather_etl.py                           1           0  0.10s           2026-09-22T23:56:02                      14
================================================================================
[2026-09-22T23:56:38.464+0000] {manager.py:1008} INFO - 
================================================================================
DAG File Processing Stats

File Path                         PID    Runtime      # DAGs    # Errors  Last Runtime    Last Run               Last # of DB Queries
--------------------------------  -----  ---------  --------  ----------  --------------  -------------------  ----------------------
/opt/airflow/dags/weather_etl.py                           1           0  0.08s           2026-09-22T23:56:32                      14
================================================================================
[2026-09-22T23:57:08.828+0000] {manager.py:1008} INFO - 
================================================================================
DAG File Processing Stats

File Path                         PID    Runtime      # DAGs    # Errors  Last Runtime    Last Run               Last # of DB Queries
--------------------------------  -----  ---------  --------  ----------  --------------  -------------------  ----------------------
/opt/airflow/dags/weather_etl.py                           1           0  0.08s           2026-09-22T23:57:02                      14
================================================================================
[2026-09-22T23:57:39.216+0000] {manager.py:1008} INFO - 
================================================================================
DAG File Processing Stats

File Path                         PID    Runtime      # DAGs    # Errors  Last Runtime    Last Run               Last # of DB Queries
--------------------------------  -----  ---------  --------  ----------  --------------  -------------------  ----------------------
/opt/airflow/dags/weather_etl.py                           1           0  0.07s           2026-09-22T23:57:33                      14
================================================================================
[2026-09-22T23:58:09.603+0000] {manager.py:1008} INFO - 
================================================================================
DAG File Processing Stats

File Path                         PID    Runtime      # DAGs    # Errors  Last Runtime    Last Run               Last # of DB Queries
--------------------------------  -----  ---------  --------  ----------  --------------  -------------------  ----------------------
/opt/airflow/dags/weather_etl.py                           1           0  0.08s           2026-09-22T23:58:03                      14
================================================================================
[2026-09-22T23:58:39.956+0000] {manager.py:1008} INFO - 
================================================================================
DAG File Processing Stats

File Path                         PID    Runtime      # DAGs    # Errors  Last Runtime    Last Run               Last # of DB Queries
--------------------------------  -----  ---------  --------  ----------  --------------  -------------------  ----------------------
/opt/airflow/dags/weather_etl.py                           1           0  0.08s           2026-09-22T23:58:33                      14
================================================================================
[2026-09-22T23:59:10.288+0000] {manager.py:1008} INFO - 
================================================================================
DAG File Processing Stats

File Path                         PID    Runtime      # DAGs    # Errors  Last Runtime    Last Run               Last # of DB Queries
--------------------------------  -----  ---------  --------  ----------  --------------  -------------------  ----------------------
/opt/airflow/dags/weather_etl.py                           1           0  0.08s           2026-09-22T23:59:04                      14
================================================================================
[2026-09-22T23:59:27.491+0000] {manager.py:832} INFO - Searching for files in /opt/airflow/dags
[2026-09-22T23:59:27.502+0000] {manager.py:835} INFO - There are 1 files in /opt/airflow/dags
[2026-09-22T23:59:40.680+0000] {manager.py:1008} INFO - 
================================================================================
DAG File Processing Stats

File Path                         PID    Runtime      # DAGs    # Errors  Last Runtime    Last Run               Last # of DB Queries
--------------------------------  -----  ---------  --------  ----------  --------------  -------------------  ----------------------
/opt/airflow/dags/weather_etl.py                           1           0  0.07s           2026-09-22T23:59:34                      14
================================================================================
[2026-09-23T00:00:11.028+0000] {manager.py:1008} INFO - 
================================================================================
DAG File Processing Stats

File Path                         PID    Runtime      # DAGs    # Errors  Last Runtime    Last Run               Last # of DB Queries
--------------------------------  -----  ---------  --------  ----------  --------------  -------------------  ----------------------
/opt/airflow/dags/weather_etl.py                           1           0  0.09s           2026-09-23T00:00:05                      14
================================================================================
[2026-09-23T00:00:41.384+0000] {manager.py:1008} INFO - 
================================================================================
DAG File Processing Stats

File Path                         PID    Runtime      # DAGs    # Errors  Last Runtime    Last Run               Last # of DB Queries
--------------------------------  -----  ---------  --------  ----------  --------------  -------------------  ----------------------
/opt/airflow/dags/weather_etl.py                           1           0  0.11s           2026-09-23T00:00:35                      14
================================================================================
[2026-09-23T00:01:11.773+0000] {manager.py:1008} INFO - 
================================================================================
DAG File Processing Stats

File Path                         PID    Runtime      # DAGs    # Errors  Last Runtime    Last Run               Last # of DB Queries
--------------------------------  -----  ---------  --------  ----------  --------------  -------------------  ----------------------
/opt/airflow/dags/weather_etl.py                           1           0  0.14s           2026-09-23T00:01:05                      14
================================================================================
[2026-09-23T00:01:42.183+0000] {manager.py:1008} INFO - 
================================================================================
DAG File Processing Stats

File Path                         PID    Runtime      # DAGs    # Errors  Last Runtime    Last Run               Last # of DB Queries
--------------------------------  -----  ---------  --------  ----------  --------------  -------------------  ----------------------
/opt/airflow/dags/weather_etl.py                           1           0  0.08s           2026-09-23T00:01:36                      14
================================================================================
[2026-09-23T00:02:12.536+0000] {manager.py:1008} INFO - 
================================================================================
DAG File Processing Stats

File Path                         PID    Runtime      # DAGs    # Errors  Last Runtime    Last Run               Last # of DB Queries
--------------------------------  -----  ---------  --------  ----------  --------------  -------------------  ----------------------
/opt/airflow/dags/weather_etl.py                           1           0  0.09s           2026-09-23T00:02:06                      14
================================================================================
[2026-09-23T00:02:42.929+0000] {manager.py:1008} INFO - 
================================================================================
DAG File Processing Stats

File Path                         PID    Runtime      # DAGs    # Errors  Last Runtime    Last Run               Last # of DB Queries
--------------------------------  -----  ---------  --------  ----------  --------------  -------------------  ----------------------
/opt/airflow/dags/weather_etl.py                           1           0  0.10s           2026-09-23T00:02:36                      14
================================================================================
[2026-09-23T00:03:13.231+0000] {manager.py:1008} INFO - 
================================================================================
DAG File Processing Stats

File Path                         PID    Runtime      # DAGs    # Errors  Last Runtime    Last Run               Last # of DB Queries
--------------------------------  -----  ---------  --------  ----------  --------------  -------------------  ----------------------
/opt/airflow/dags/weather_etl.py                           1           0  0.09s           2026-09-23T00:03:07                      14
================================================================================
[2026-09-23T00:03:43.628+0000] {manager.py:1008} INFO - 
================================================================================
DAG File Processing Stats

File Path                         PID    Runtime      # DAGs    # Errors  Last Runtime    Last Run               Last # of DB Queries
--------------------------------  -----  ---------  --------  ----------  --------------  -------------------  ----------------------
/opt/airflow/dags/weather_etl.py                           1           0  0.09s           2026-09-23T00:03:37                      14
================================================================================
[2026-09-23T00:04:14.002+0000] {manager.py:1008} INFO - 
================================================================================
DAG File Processing Stats

File Path                         PID    Runtime      # DAGs    # Errors  Last Runtime    Last Run               Last # of DB Queries
--------------------------------  -----  ---------  --------  ----------  --------------  -------------------  ----------------------
/opt/airflow/dags/weather_etl.py                           1           0  0.10s           2026-09-23T00:04:08                      14
================================================================================
[2026-09-23T00:04:28.152+0000] {manager.py:832} INFO - Searching for files in /opt/airflow/dags
[2026-09-23T00:04:28.163+0000] {manager.py:835} INFO - There are 1 files in /opt/airflow/dags
[2026-09-23T00:04:44.375+0000] {manager.py:1008} INFO - 
================================================================================
DAG File Processing Stats

File Path                         PID    Runtime      # DAGs    # Errors  Last Runtime    Last Run               Last # of DB Queries
--------------------------------  -----  ---------  --------  ----------  --------------  -------------------  ----------------------
/opt/airflow/dags/weather_etl.py                           1           0  0.10s           2026-09-23T00:04:38                      14
================================================================================
[2026-09-23T00:05:14.770+0000] {manager.py:1008} INFO - 
================================================================================
DAG File Processing Stats

File Path                         PID    Runtime      # DAGs    # Errors  Last Runtime    Last Run               Last # of DB Queries
--------------------------------  -----  ---------  --------  ----------  --------------  -------------------  ----------------------
/opt/airflow/dags/weather_etl.py                           1           0  0.11s           2026-09-23T00:05:08                      14
================================================================================
[2026-09-23T00:05:45.159+0000] {manager.py:1008} INFO - 
================================================================================
DAG File Processing Stats

File Path                         PID    Runtime      # DAGs    # Errors  Last Runtime    Last Run               Last # of DB Queries
--------------------------------  -----  ---------  --------  ----------  --------------  -------------------  ----------------------
/opt/airflow/dags/weather_etl.py                           1           0  0.08s           2026-09-23T00:05:39                      14
================================================================================
[2026-09-23T00:06:15.531+0000] {manager.py:1008} INFO - 
================================================================================
DAG File Processing Stats

File Path                         PID    Runtime      # DAGs    # Errors  Last Runtime    Last Run               Last # of DB Queries
--------------------------------  -----  ---------  --------  ----------  --------------  -------------------  ----------------------
/opt/airflow/dags/weather_etl.py                           1           0  0.07s           2026-09-23T00:06:09                      14
================================================================================
[2026-09-23T00:06:45.918+0000] {manager.py:1008} INFO - 
================================================================================
DAG File Processing Stats

File Path                         PID    Runtime      # DAGs    # Errors  Last Runtime    Last Run               Last # of DB Queries
--------------------------------  -----  ---------  --------  ----------  --------------  -------------------  ----------------------
/opt/airflow/dags/weather_etl.py                           1           0  0.09s           2026-09-23T00:06:39                      14
================================================================================
[2026-09-23T00:07:16.264+0000] {manager.py:1008} INFO - 
================================================================================
DAG File Processing Stats

File Path                         PID    Runtime      # DAGs    # Errors  Last Runtime    Last Run               Last # of DB Queries
--------------------------------  -----  ---------  --------  ----------  --------------  -------------------  ----------------------
/opt/airflow/dags/weather_etl.py                           1           0  0.09s           2026-09-23T00:07:10                      14
================================================================================
[2026-09-23T00:07:46.602+0000] {manager.py:1008} INFO - 
================================================================================
DAG File Processing Stats

File Path                         PID    Runtime      # DAGs    # Errors  Last Runtime    Last Run               Last # of DB Queries
--------------------------------  -----  ---------  --------  ----------  --------------  -------------------  ----------------------
/opt/airflow/dags/weather_etl.py                           1           0  0.09s           2026-09-23T00:07:40                      14
================================================================================
[2026-09-23T00:08:16.973+0000] {manager.py:1008} INFO - 
================================================================================
DAG File Processing Stats

File Path                         PID    Runtime      # DAGs    # Errors  Last Runtime    Last Run               Last # of DB Queries
--------------------------------  -----  ---------  --------  ----------  --------------  -------------------  ----------------------
/opt/airflow/dags/weather_etl.py                           1           0  0.08s           2026-09-23T00:08:10                      14
================================================================================
[2026-09-23T00:08:47.337+0000] {manager.py:1008} INFO - 
================================================================================
DAG File Processing Stats

File Path                         PID    Runtime      # DAGs    # Errors  Last Runtime    Last Run               Last # of DB Queries
--------------------------------  -----  ---------  --------  ----------  --------------  -------------------  ----------------------
/opt/airflow/dags/weather_etl.py                           1           0  0.10s           2026-09-23T00:08:41                      14
================================================================================
[2026-09-23T00:09:17.716+0000] {manager.py:1008} INFO - 
================================================================================
DAG File Processing Stats

File Path                         PID    Runtime      # DAGs    # Errors  Last Runtime    Last Run               Last # of DB Queries
--------------------------------  -----  ---------  --------  ----------  --------------  -------------------  ----------------------
/opt/airflow/dags/weather_etl.py                           1           0  0.09s           2026-09-23T00:09:11                      14
================================================================================
[2026-09-23T00:09:28.847+0000] {manager.py:832} INFO - Searching for files in /opt/airflow/dags
[2026-09-23T00:09:28.857+0000] {manager.py:835} INFO - There are 1 files in /opt/airflow/dags
[2026-09-23T00:09:48.100+0000] {manager.py:1008} INFO - 
================================================================================
DAG File Processing Stats

File Path                         PID    Runtime      # DAGs    # Errors  Last Runtime    Last Run               Last # of DB Queries
--------------------------------  -----  ---------  --------  ----------  --------------  -------------------  ----------------------
/opt/airflow/dags/weather_etl.py                           1           0  0.08s           2026-09-23T00:09:42                      14
================================================================================
[2026-09-23T00:10:18.488+0000] {manager.py:1008} INFO - 
================================================================================
DAG File Processing Stats

File Path                         PID    Runtime      # DAGs    # Errors  Last Runtime    Last Run               Last # of DB Queries
--------------------------------  -----  ---------  --------  ----------  --------------  -------------------  ----------------------
/opt/airflow/dags/weather_etl.py                           1           0  0.09s           2026-09-23T00:10:12                      14
================================================================================
[2026-09-23T00:10:48.850+0000] {manager.py:1008} INFO - 
================================================================================
DAG File Processing Stats

File Path                         PID    Runtime      # DAGs    # Errors  Last Runtime    Last Run               Last # of DB Queries
--------------------------------  -----  ---------  --------  ----------  --------------  -------------------  ----------------------
/opt/airflow/dags/weather_etl.py                           1           0  0.07s           2026-09-23T00:10:42                      14
================================================================================
[2026-09-23T00:11:19.201+0000] {manager.py:1008} INFO - 
================================================================================
DAG File Processing Stats

File Path                         PID    Runtime      # DAGs    # Errors  Last Runtime    Last Run               Last # of DB Queries
--------------------------------  -----  ---------  --------  ----------  --------------  -------------------  ----------------------
/opt/airflow/dags/weather_etl.py                           1           0  0.10s           2026-09-23T00:11:13                      14
================================================================================
[2026-09-23T00:11:49.554+0000] {manager.py:1008} INFO - 
================================================================================
DAG File Processing Stats

File Path                         PID    Runtime      # DAGs    # Errors  Last Runtime    Last Run               Last # of DB Queries
--------------------------------  -----  ---------  --------  ----------  --------------  -------------------  ----------------------
/opt/airflow/dags/weather_etl.py                           1           0  0.08s           2026-09-23T00:11:43                      14
================================================================================
[2026-09-23T00:12:19.926+0000] {manager.py:1008} INFO - 
================================================================================
DAG File Processing Stats

File Path                         PID    Runtime      # DAGs    # Errors  Last Runtime    Last Run               Last # of DB Queries
--------------------------------  -----  ---------  --------  ----------  --------------  -------------------  ----------------------
/opt/airflow/dags/weather_etl.py                           1           0  0.07s           2026-09-23T00:12:13                      14
================================================================================
[2026-09-23T00:12:50.331+0000] {manager.py:1008} INFO - 
================================================================================
DAG File Processing Stats

File Path                         PID    Runtime      # DAGs    # Errors  Last Runtime    Last Run               Last # of DB Queries
--------------------------------  -----  ---------  --------  ----------  --------------  -------------------  ----------------------
/opt/airflow/dags/weather_etl.py                           1           0  0.19s           2026-09-23T00:12:44                      14
================================================================================
[2026-09-23T00:13:20.797+0000] {manager.py:1008} INFO - 
================================================================================
DAG File Processing Stats

File Path                         PID    Runtime      # DAGs    # Errors  Last Runtime    Last Run               Last # of DB Queries
--------------------------------  -----  ---------  --------  ----------  --------------  -------------------  ----------------------
/opt/airflow/dags/weather_etl.py                           1           0  0.12s           2026-09-23T00:13:14                      14
================================================================================
[2026-09-23T00:13:51.194+0000] {manager.py:1008} INFO - 
================================================================================
DAG File Processing Stats

File Path                         PID    Runtime      # DAGs    # Errors  Last Runtime    Last Run               Last # of DB Queries
--------------------------------  -----  ---------  --------  ----------  --------------  -------------------  ----------------------
/opt/airflow/dags/weather_etl.py                           1           0  0.10s           2026-09-23T00:13:45                      14
================================================================================
[2026-09-23T00:14:21.595+0000] {manager.py:1008} INFO - 
================================================================================
DAG File Processing Stats

File Path                         PID    Runtime      # DAGs    # Errors  Last Runtime    Last Run               Last # of DB Queries
--------------------------------  -----  ---------  --------  ----------  --------------  -------------------  ----------------------
/opt/airflow/dags/weather_etl.py                           1           0  0.08s           2026-09-23T00:14:15                      14
================================================================================
[2026-09-23T00:14:29.681+0000] {manager.py:832} INFO - Searching for files in /opt/airflow/dags
[2026-09-23T00:14:29.688+0000] {manager.py:835} INFO - There are 1 files in /opt/airflow/dags
[2026-09-23T00:14:51.955+0000] {manager.py:1008} INFO - 
================================================================================
DAG File Processing Stats

File Path                         PID    Runtime      # DAGs    # Errors  Last Runtime    Last Run               Last # of DB Queries
--------------------------------  -----  ---------  --------  ----------  --------------  -------------------  ----------------------
/opt/airflow/dags/weather_etl.py                           1           0  0.07s           2026-09-23T00:14:45                      14
================================================================================
[2026-09-23T00:15:22.288+0000] {manager.py:1008} INFO - 
================================================================================
DAG File Processing Stats

File Path                         PID    Runtime      # DAGs    # Errors  Last Runtime    Last Run               Last # of DB Queries
--------------------------------  -----  ---------  --------  ----------  --------------  -------------------  ----------------------
/opt/airflow/dags/weather_etl.py                           1           0  0.10s           2026-09-23T00:15:16                      14
================================================================================
[2026-09-23T00:15:52.673+0000] {manager.py:1008} INFO - 
================================================================================
DAG File Processing Stats

File Path                         PID    Runtime      # DAGs    # Errors  Last Runtime    Last Run               Last # of DB Queries
--------------------------------  -----  ---------  --------  ----------  --------------  -------------------  ----------------------
/opt/airflow/dags/weather_etl.py                           1           0  0.08s           2026-09-23T00:15:46                      14
================================================================================
[2026-09-23T00:16:23.056+0000] {manager.py:1008} INFO - 
================================================================================
DAG File Processing Stats

File Path                         PID    Runtime      # DAGs    # Errors  Last Runtime    Last Run               Last # of DB Queries
--------------------------------  -----  ---------  --------  ----------  --------------  -------------------  ----------------------
/opt/airflow/dags/weather_etl.py                           1           0  0.11s           2026-09-23T00:16:17                      14
================================================================================
[2026-09-23T00:16:53.430+0000] {manager.py:1008} INFO - 
================================================================================
DAG File Processing Stats

File Path                         PID    Runtime      # DAGs    # Errors  Last Runtime    Last Run               Last # of DB Queries
--------------------------------  -----  ---------  --------  ----------  --------------  -------------------  ----------------------
/opt/airflow/dags/weather_etl.py                           1           0  0.07s           2026-09-23T00:16:47                      14
================================================================================
[2026-09-23T00:17:23.885+0000] {manager.py:1008} INFO - 
================================================================================
DAG File Processing Stats

File Path                         PID    Runtime      # DAGs    # Errors  Last Runtime    Last Run               Last # of DB Queries
--------------------------------  -----  ---------  --------  ----------  --------------  -------------------  ----------------------
/opt/airflow/dags/weather_etl.py                           1           0  0.12s           2026-09-23T00:17:17                      14
================================================================================
[2026-09-23T00:17:54.263+0000] {manager.py:1008} INFO - 
================================================================================
DAG File Processing Stats

File Path                         PID    Runtime      # DAGs    # Errors  Last Runtime    Last Run               Last # of DB Queries
--------------------------------  -----  ---------  --------  ----------  --------------  -------------------  ----------------------
/opt/airflow/dags/weather_etl.py                           1           0  0.09s           2026-09-23T00:17:48                      14
================================================================================
[2026-09-23T00:18:24.617+0000] {manager.py:1008} INFO - 
================================================================================
DAG File Processing Stats

File Path                         PID    Runtime      # DAGs    # Errors  Last Runtime    Last Run               Last # of DB Queries
--------------------------------  -----  ---------  --------  ----------  --------------  -------------------  ----------------------
/opt/airflow/dags/weather_etl.py                           1           0  0.08s           2026-09-23T00:18:18                      14
================================================================================
[2026-09-23T00:18:54.996+0000] {manager.py:1008} INFO - 
================================================================================
DAG File Processing Stats

File Path                         PID    Runtime      # DAGs    # Errors  Last Runtime    Last Run               Last # of DB Queries
--------------------------------  -----  ---------  --------  ----------  --------------  -------------------  ----------------------
/opt/airflow/dags/weather_etl.py                           1           0  0.08s           2026-09-23T00:18:48                      14
================================================================================
[2026-09-23T00:19:25.380+0000] {manager.py:1008} INFO - 
================================================================================
DAG File Processing Stats

File Path                         PID    Runtime      # DAGs    # Errors  Last Runtime    Last Run               Last # of DB Queries
--------------------------------  -----  ---------  --------  ----------  --------------  -------------------  ----------------------
/opt/airflow/dags/weather_etl.py                           1           0  0.10s           2026-09-23T00:19:19                      14
================================================================================
[2026-09-23T00:19:30.452+0000] {manager.py:832} INFO - Searching for files in /opt/airflow/dags
[2026-09-23T00:19:30.462+0000] {manager.py:835} INFO - There are 1 files in /opt/airflow/dags
[2026-09-23T00:19:55.791+0000] {manager.py:1008} INFO - 
================================================================================
DAG File Processing Stats

File Path                         PID    Runtime      # DAGs    # Errors  Last Runtime    Last Run               Last # of DB Queries
--------------------------------  -----  ---------  --------  ----------  --------------  -------------------  ----------------------
/opt/airflow/dags/weather_etl.py                           1           0  0.08s           2026-09-23T00:19:49                      14
================================================================================
[2026-09-23T00:20:26.144+0000] {manager.py:1008} INFO - 
================================================================================
DAG File Processing Stats

File Path                         PID    Runtime      # DAGs    # Errors  Last Runtime    Last Run               Last # of DB Queries
--------------------------------  -----  ---------  --------  ----------  --------------  -------------------  ----------------------
/opt/airflow/dags/weather_etl.py                           1           0  0.08s           2026-09-23T00:20:20                      14
================================================================================
[2026-09-23T00:20:56.477+0000] {manager.py:1008} INFO - 
================================================================================
DAG File Processing Stats

File Path                         PID    Runtime      # DAGs    # Errors  Last Runtime    Last Run               Last # of DB Queries
--------------------------------  -----  ---------  --------  ----------  --------------  -------------------  ----------------------
/opt/airflow/dags/weather_etl.py                           1           0  0.10s           2026-09-23T00:20:50                      14
================================================================================
[2026-09-23T00:21:26.855+0000] {manager.py:1008} INFO - 
================================================================================
DAG File Processing Stats

File Path                         PID    Runtime      # DAGs    # Errors  Last Runtime    Last Run               Last # of DB Queries
--------------------------------  -----  ---------  --------  ----------  --------------  -------------------  ----------------------
/opt/airflow/dags/weather_etl.py                           1           0  0.08s           2026-09-23T00:21:20                      14
================================================================================
[2026-09-23T00:21:57.176+0000] {manager.py:1008} INFO - 
================================================================================
DAG File Processing Stats

File Path                         PID    Runtime      # DAGs    # Errors  Last Runtime    Last Run               Last # of DB Queries
--------------------------------  -----  ---------  --------  ----------  --------------  -------------------  ----------------------
/opt/airflow/dags/weather_etl.py                           1           0  0.08s           2026-09-23T00:21:51                      14
================================================================================
[2026-09-23T00:22:27.495+0000] {manager.py:1008} INFO - 
================================================================================
DAG File Processing Stats

File Path                         PID    Runtime      # DAGs    # Errors  Last Runtime    Last Run               Last # of DB Queries
--------------------------------  -----  ---------  --------  ----------  --------------  -------------------  ----------------------
/opt/airflow/dags/weather_etl.py                           1           0  0.09s           2026-09-23T00:22:21                      14
================================================================================
[2026-09-23T00:22:57.857+0000] {manager.py:1008} INFO - 
================================================================================
DAG File Processing Stats

File Path                         PID    Runtime      # DAGs    # Errors  Last Runtime    Last Run               Last # of DB Queries
--------------------------------  -----  ---------  --------  ----------  --------------  -------------------  ----------------------
/opt/airflow/dags/weather_etl.py                           1           0  0.08s           2026-09-23T00:22:51                      14
================================================================================
[2026-09-23T00:23:28.215+0000] {manager.py:1008} INFO - 
================================================================================
DAG File Processing Stats

File Path                         PID    Runtime      # DAGs    # Errors  Last Runtime    Last Run               Last # of DB Queries
--------------------------------  -----  ---------  --------  ----------  --------------  -------------------  ----------------------
/opt/airflow/dags/weather_etl.py                           1           0  0.08s           2026-09-23T00:23:22                      14
================================================================================
[2026-09-23T00:23:58.585+0000] {manager.py:1008} INFO - 
================================================================================
DAG File Processing Stats

File Path                         PID    Runtime      # DAGs    # Errors  Last Runtime    Last Run               Last # of DB Queries
--------------------------------  -----  ---------  --------  ----------  --------------  -------------------  ----------------------
/opt/airflow/dags/weather_etl.py                           1           0  0.10s           2026-09-23T00:23:52                      14
================================================================================
[2026-09-23T00:24:28.941+0000] {manager.py:1008} INFO - 
================================================================================
DAG File Processing Stats

File Path                         PID    Runtime      # DAGs    # Errors  Last Runtime    Last Run               Last # of DB Queries
--------------------------------  -----  ---------  --------  ----------  --------------  -------------------  ----------------------
/opt/airflow/dags/weather_etl.py                           1           0  0.07s           2026-09-23T00:24:22                      14
================================================================================
[2026-09-23T00:24:30.968+0000] {manager.py:832} INFO - Searching for files in /opt/airflow/dags
[2026-09-23T00:24:30.978+0000] {manager.py:835} INFO - There are 1 files in /opt/airflow/dags
[2026-09-23T00:24:59.318+0000] {manager.py:1008} INFO - 
================================================================================
DAG File Processing Stats

File Path                         PID    Runtime      # DAGs    # Errors  Last Runtime    Last Run               Last # of DB Queries
--------------------------------  -----  ---------  --------  ----------  --------------  -------------------  ----------------------
/opt/airflow/dags/weather_etl.py                           1           0  0.08s           2026-09-23T00:24:53                      14
================================================================================
[2026-09-23T00:25:29.698+0000] {manager.py:1008} INFO - 
================================================================================
DAG File Processing Stats

File Path                         PID    Runtime      # DAGs    # Errors  Last Runtime    Last Run               Last # of DB Queries
--------------------------------  -----  ---------  --------  ----------  --------------  -------------------  ----------------------
/opt/airflow/dags/weather_etl.py                           1           0  0.10s           2026-09-23T00:25:23                      14
================================================================================
[2026-09-23T00:26:00.071+0000] {manager.py:1008} INFO - 
================================================================================
DAG File Processing Stats

File Path                         PID    Runtime      # DAGs    # Errors  Last Runtime    Last Run               Last # of DB Queries
--------------------------------  -----  ---------  --------  ----------  --------------  -------------------  ----------------------
/opt/airflow/dags/weather_etl.py                           1           0  0.08s           2026-09-23T00:25:54                      14
================================================================================
[2026-09-23T00:35:37.302+0000] {manager.py:832} INFO - Searching for files in /opt/airflow/dags
[2026-09-23T00:35:37.308+0000] {manager.py:835} INFO - There are 1 files in /opt/airflow/dags
[2026-09-23T00:35:40.447+0000] {manager.py:1008} INFO - 
================================================================================
DAG File Processing Stats

File Path                         PID    Runtime      # DAGs    # Errors  Last Runtime    Last Run               Last # of DB Queries
--------------------------------  -----  ---------  --------  ----------  --------------  -------------------  ----------------------
/opt/airflow/dags/weather_etl.py                           1           0  0.12s           2026-09-23T00:35:37                      14
================================================================================
[2026-09-23T00:36:10.836+0000] {manager.py:1008} INFO - 
================================================================================
DAG File Processing Stats

File Path                         PID    Runtime      # DAGs    # Errors  Last Runtime    Last Run               Last # of DB Queries
--------------------------------  -----  ---------  --------  ----------  --------------  -------------------  ----------------------
/opt/airflow/dags/weather_etl.py                           1           0  0.14s           2026-09-23T00:36:07                      14
================================================================================
[2026-09-23T00:36:41.243+0000] {manager.py:1008} INFO - 
================================================================================
DAG File Processing Stats

File Path                         PID    Runtime      # DAGs    # Errors  Last Runtime    Last Run               Last # of DB Queries
--------------------------------  -----  ---------  --------  ----------  --------------  -------------------  ----------------------
/opt/airflow/dags/weather_etl.py                           1           0  0.10s           2026-09-23T00:36:38                      14
================================================================================
[2026-09-23T00:37:11.627+0000] {manager.py:1008} INFO - 
================================================================================
DAG File Processing Stats

File Path                         PID    Runtime      # DAGs    # Errors  Last Runtime    Last Run               Last # of DB Queries
--------------------------------  -----  ---------  --------  ----------  --------------  -------------------  ----------------------
/opt/airflow/dags/weather_etl.py                           1           0  0.10s           2026-09-23T00:37:08                      14
================================================================================
[2026-09-23T00:37:42.007+0000] {manager.py:1008} INFO - 
================================================================================
DAG File Processing Stats

File Path                         PID    Runtime      # DAGs    # Errors  Last Runtime    Last Run               Last # of DB Queries
--------------------------------  -----  ---------  --------  ----------  --------------  -------------------  ----------------------
/opt/airflow/dags/weather_etl.py                           1           0  0.09s           2026-09-23T00:37:39                      14
================================================================================
[2026-09-23T00:38:12.404+0000] {manager.py:1008} INFO - 
================================================================================
DAG File Processing Stats

File Path                         PID    Runtime      # DAGs    # Errors  Last Runtime    Last Run               Last # of DB Queries
--------------------------------  -----  ---------  --------  ----------  --------------  -------------------  ----------------------
/opt/airflow/dags/weather_etl.py                           1           0  0.15s           2026-09-23T00:38:09                      14
================================================================================
[2026-09-23T00:38:42.797+0000] {manager.py:1008} INFO - 
================================================================================
DAG File Processing Stats

File Path                         PID    Runtime      # DAGs    # Errors  Last Runtime    Last Run               Last # of DB Queries
--------------------------------  -----  ---------  --------  ----------  --------------  -------------------  ----------------------
/opt/airflow/dags/weather_etl.py                           1           0  0.09s           2026-09-23T00:38:39                      14
================================================================================
[2026-09-23T00:39:13.150+0000] {manager.py:1008} INFO - 
================================================================================
DAG File Processing Stats

File Path                         PID    Runtime      # DAGs    # Errors  Last Runtime    Last Run               Last # of DB Queries
--------------------------------  -----  ---------  --------  ----------  --------------  -------------------  ----------------------
/opt/airflow/dags/weather_etl.py                           1           0  0.09s           2026-09-23T00:39:10                      14
================================================================================
[2026-09-23T00:39:43.505+0000] {manager.py:1008} INFO - 
================================================================================
DAG File Processing Stats

File Path                         PID    Runtime      # DAGs    # Errors  Last Runtime    Last Run               Last # of DB Queries
--------------------------------  -----  ---------  --------  ----------  --------------  -------------------  ----------------------
/opt/airflow/dags/weather_etl.py                           1           0  0.06s           2026-09-23T00:39:40                      14
================================================================================
[2026-09-23T00:40:13.891+0000] {manager.py:1008} INFO - 
================================================================================
DAG File Processing Stats

File Path                         PID    Runtime      # DAGs    # Errors  Last Runtime    Last Run               Last # of DB Queries
--------------------------------  -----  ---------  --------  ----------  --------------  -------------------  ----------------------
/opt/airflow/dags/weather_etl.py                           1           0  0.07s           2026-09-23T00:40:10                      14
================================================================================
[2026-09-23T00:40:38.179+0000] {manager.py:832} INFO - Searching for files in /opt/airflow/dags
[2026-09-23T00:40:38.189+0000] {manager.py:835} INFO - There are 1 files in /opt/airflow/dags
[2026-09-23T00:40:44.294+0000] {manager.py:1008} INFO - 
================================================================================
DAG File Processing Stats

File Path                         PID    Runtime      # DAGs    # Errors  Last Runtime    Last Run               Last # of DB Queries
--------------------------------  -----  ---------  --------  ----------  --------------  -------------------  ----------------------
/opt/airflow/dags/weather_etl.py                           1           0  0.07s           2026-09-23T00:40:41                      14
================================================================================
[2026-09-23T00:41:14.673+0000] {manager.py:1008} INFO - 
================================================================================
DAG File Processing Stats

File Path                         PID    Runtime      # DAGs    # Errors  Last Runtime    Last Run               Last # of DB Queries
--------------------------------  -----  ---------  --------  ----------  --------------  -------------------  ----------------------
/opt/airflow/dags/weather_etl.py                           1           0  0.08s           2026-09-23T00:41:11                      14
================================================================================
[2026-09-23T00:41:45.062+0000] {manager.py:1008} INFO - 
================================================================================
DAG File Processing Stats

File Path                         PID    Runtime      # DAGs    # Errors  Last Runtime    Last Run               Last # of DB Queries
--------------------------------  -----  ---------  --------  ----------  --------------  -------------------  ----------------------
/opt/airflow/dags/weather_etl.py                           1           0  0.08s           2026-09-23T00:41:42                      14
================================================================================
[2026-09-23T00:42:15.385+0000] {manager.py:1008} INFO - 
================================================================================
DAG File Processing Stats

File Path                         PID    Runtime      # DAGs    # Errors  Last Runtime    Last Run               Last # of DB Queries
--------------------------------  -----  ---------  --------  ----------  --------------  -------------------  ----------------------
/opt/airflow/dags/weather_etl.py                           1           0  0.07s           2026-09-23T00:42:12                      14
================================================================================
[2026-09-23T00:42:45.724+0000] {manager.py:1008} INFO - 
================================================================================
DAG File Processing Stats

File Path                         PID    Runtime      # DAGs    # Errors  Last Runtime    Last Run               Last # of DB Queries
--------------------------------  -----  ---------  --------  ----------  --------------  -------------------  ----------------------
/opt/airflow/dags/weather_etl.py                           1           0  0.07s           2026-09-23T00:42:42                      14
================================================================================
[2026-09-23T00:43:16.045+0000] {manager.py:1008} INFO - 
================================================================================
DAG File Processing Stats

File Path                         PID    Runtime      # DAGs    # Errors  Last Runtime    Last Run               Last # of DB Queries
--------------------------------  -----  ---------  --------  ----------  --------------  -------------------  ----------------------
/opt/airflow/dags/weather_etl.py                           1           0  0.06s           2026-09-23T00:43:13                      14
================================================================================
[2026-09-23T00:43:46.424+0000] {manager.py:1008} INFO - 
================================================================================
DAG File Processing Stats

File Path                         PID    Runtime      # DAGs    # Errors  Last Runtime    Last Run               Last # of DB Queries
--------------------------------  -----  ---------  --------  ----------  --------------  -------------------  ----------------------
/opt/airflow/dags/weather_etl.py                           1           0  0.07s           2026-09-23T00:43:43                      14
================================================================================
[2026-09-23T00:44:16.842+0000] {manager.py:1008} INFO - 
================================================================================
DAG File Processing Stats

File Path                         PID    Runtime      # DAGs    # Errors  Last Runtime    Last Run               Last # of DB Queries
--------------------------------  -----  ---------  --------  ----------  --------------  -------------------  ----------------------
/opt/airflow/dags/weather_etl.py                           1           0  0.08s           2026-09-23T00:44:13                      14
================================================================================
[2026-09-23T00:44:47.304+0000] {manager.py:1008} INFO - 
================================================================================
DAG File Processing Stats

File Path                         PID    Runtime      # DAGs    # Errors  Last Runtime    Last Run               Last # of DB Queries
--------------------------------  -----  ---------  --------  ----------  --------------  -------------------  ----------------------
/opt/airflow/dags/weather_etl.py                           1           0  0.07s           2026-09-23T00:44:44                      14
================================================================================
[2026-09-23T00:45:17.712+0000] {manager.py:1008} INFO - 
================================================================================
DAG File Processing Stats

File Path                         PID    Runtime      # DAGs    # Errors  Last Runtime    Last Run               Last # of DB Queries
--------------------------------  -----  ---------  --------  ----------  --------------  -------------------  ----------------------
/opt/airflow/dags/weather_etl.py                           1           0  0.08s           2026-09-23T00:45:14                      14
================================================================================
[2026-09-23T00:45:39.112+0000] {manager.py:832} INFO - Searching for files in /opt/airflow/dags
[2026-09-23T00:45:39.123+0000] {manager.py:835} INFO - There are 1 files in /opt/airflow/dags
[2026-09-23T00:45:48.276+0000] {manager.py:1008} INFO - 
================================================================================
DAG File Processing Stats

File Path                         PID    Runtime      # DAGs    # Errors  Last Runtime    Last Run               Last # of DB Queries
--------------------------------  -----  ---------  --------  ----------  --------------  -------------------  ----------------------
/opt/airflow/dags/weather_etl.py                           1           0  0.10s           2026-09-23T00:45:45                      14
================================================================================
[2026-09-23T00:46:18.573+0000] {manager.py:1008} INFO - 
================================================================================
DAG File Processing Stats

File Path                         PID    Runtime      # DAGs    # Errors  Last Runtime    Last Run               Last # of DB Queries
--------------------------------  -----  ---------  --------  ----------  --------------  -------------------  ----------------------
/opt/airflow/dags/weather_etl.py                           1           0  0.07s           2026-09-23T00:46:15                      14
================================================================================
[2026-09-23T00:46:48.913+0000] {manager.py:1008} INFO - 
================================================================================
DAG File Processing Stats

File Path                         PID    Runtime      # DAGs    # Errors  Last Runtime    Last Run               Last # of DB Queries
--------------------------------  -----  ---------  --------  ----------  --------------  -------------------  ----------------------
/opt/airflow/dags/weather_etl.py                           1           0  0.08s           2026-09-23T00:46:45                      14
================================================================================
[2026-09-23T00:47:19.331+0000] {manager.py:1008} INFO - 
================================================================================
DAG File Processing Stats

File Path                         PID    Runtime      # DAGs    # Errors  Last Runtime    Last Run               Last # of DB Queries
--------------------------------  -----  ---------  --------  ----------  --------------  -------------------  ----------------------
/opt/airflow/dags/weather_etl.py                           1           0  0.10s           2026-09-23T00:47:16                      14
================================================================================
[2026-09-23T00:47:49.710+0000] {manager.py:1008} INFO - 
================================================================================
DAG File Processing Stats

File Path                         PID    Runtime      # DAGs    # Errors  Last Runtime    Last Run               Last # of DB Queries
--------------------------------  -----  ---------  --------  ----------  --------------  -------------------  ----------------------
/opt/airflow/dags/weather_etl.py                           1           0  0.08s           2026-09-23T00:47:46                      14
================================================================================
[2026-09-23T00:48:20.076+0000] {manager.py:1008} INFO - 
================================================================================
DAG File Processing Stats

File Path                         PID    Runtime      # DAGs    # Errors  Last Runtime    Last Run               Last # of DB Queries
--------------------------------  -----  ---------  --------  ----------  --------------  -------------------  ----------------------
/opt/airflow/dags/weather_etl.py                           1           0  0.08s           2026-09-23T00:48:17                      14
================================================================================
[2026-09-23T00:48:50.450+0000] {manager.py:1008} INFO - 
================================================================================
DAG File Processing Stats

File Path                         PID    Runtime      # DAGs    # Errors  Last Runtime    Last Run               Last # of DB Queries
--------------------------------  -----  ---------  --------  ----------  --------------  -------------------  ----------------------
/opt/airflow/dags/weather_etl.py                           1           0  0.07s           2026-09-23T00:48:47                      14
================================================================================
[2026-09-23T00:49:20.801+0000] {manager.py:1008} INFO - 
================================================================================
DAG File Processing Stats

File Path                         PID    Runtime      # DAGs    # Errors  Last Runtime    Last Run               Last # of DB Queries
--------------------------------  -----  ---------  --------  ----------  --------------  -------------------  ----------------------
/opt/airflow/dags/weather_etl.py                           1           0  0.08s           2026-09-23T00:49:17                      14
================================================================================
[2026-09-23T00:49:51.180+0000] {manager.py:1008} INFO - 
================================================================================
DAG File Processing Stats

File Path                         PID    Runtime      # DAGs    # Errors  Last Runtime    Last Run               Last # of DB Queries
--------------------------------  -----  ---------  --------  ----------  --------------  -------------------  ----------------------
/opt/airflow/dags/weather_etl.py                           1           0  0.07s           2026-09-23T00:49:48                      14
================================================================================
[2026-09-23T00:50:21.533+0000] {manager.py:1008} INFO - 
================================================================================
DAG File Processing Stats

File Path                         PID    Runtime      # DAGs    # Errors  Last Runtime    Last Run               Last # of DB Queries
--------------------------------  -----  ---------  --------  ----------  --------------  -------------------  ----------------------
/opt/airflow/dags/weather_etl.py                           1           0  0.08s           2026-09-23T00:50:18                      14
================================================================================
[2026-09-23T00:50:39.714+0000] {manager.py:832} INFO - Searching for files in /opt/airflow/dags
[2026-09-23T00:50:39.723+0000] {manager.py:835} INFO - There are 1 files in /opt/airflow/dags
[2026-09-23T00:50:51.873+0000] {manager.py:1008} INFO - 
================================================================================
DAG File Processing Stats

File Path                         PID    Runtime      # DAGs    # Errors  Last Runtime    Last Run               Last # of DB Queries
--------------------------------  -----  ---------  --------  ----------  --------------  -------------------  ----------------------
/opt/airflow/dags/weather_etl.py                           1           0  0.08s           2026-09-23T00:50:48                      14
================================================================================
[2026-09-23T00:51:22.185+0000] {manager.py:1008} INFO - 
================================================================================
DAG File Processing Stats

File Path                         PID    Runtime      # DAGs    # Errors  Last Runtime    Last Run               Last # of DB Queries
--------------------------------  -----  ---------  --------  ----------  --------------  -------------------  ----------------------
/opt/airflow/dags/weather_etl.py                           1           0  0.07s           2026-09-23T00:51:19                      14
================================================================================
[2026-09-23T00:51:52.540+0000] {manager.py:1008} INFO - 
================================================================================
DAG File Processing Stats

File Path                         PID    Runtime      # DAGs    # Errors  Last Runtime    Last Run               Last # of DB Queries
--------------------------------  -----  ---------  --------  ----------  --------------  -------------------  ----------------------
/opt/airflow/dags/weather_etl.py                           1           0  0.08s           2026-09-23T00:51:49                      14
================================================================================
[2026-09-23T00:52:22.926+0000] {manager.py:1008} INFO - 
================================================================================
DAG File Processing Stats

File Path                         PID    Runtime      # DAGs    # Errors  Last Runtime    Last Run               Last # of DB Queries
--------------------------------  -----  ---------  --------  ----------  --------------  -------------------  ----------------------
/opt/airflow/dags/weather_etl.py                           1           0  0.07s           2026-09-23T00:52:19                      14
================================================================================
[2026-09-23T00:52:53.313+0000] {manager.py:1008} INFO - 
================================================================================
DAG File Processing Stats

File Path                         PID    Runtime      # DAGs    # Errors  Last Runtime    Last Run               Last # of DB Queries
--------------------------------  -----  ---------  --------  ----------  --------------  -------------------  ----------------------
/opt/airflow/dags/weather_etl.py                           1           0  0.08s           2026-09-23T00:52:50                      14
================================================================================
[2026-09-23T00:53:23.692+0000] {manager.py:1008} INFO - 
================================================================================
DAG File Processing Stats

File Path                         PID    Runtime      # DAGs    # Errors  Last Runtime    Last Run               Last # of DB Queries
--------------------------------  -----  ---------  --------  ----------  --------------  -------------------  ----------------------
/opt/airflow/dags/weather_etl.py                           1           0  0.07s           2026-09-23T00:53:20                      14
================================================================================
[2026-09-23T00:53:54.051+0000] {manager.py:1008} INFO - 
================================================================================
DAG File Processing Stats

File Path                         PID    Runtime      # DAGs    # Errors  Last Runtime    Last Run               Last # of DB Queries
--------------------------------  -----  ---------  --------  ----------  --------------  -------------------  ----------------------
/opt/airflow/dags/weather_etl.py                           1           0  0.07s           2026-09-23T00:53:51                      14
================================================================================
[2026-09-23T00:54:24.369+0000] {manager.py:1008} INFO - 
================================================================================
DAG File Processing Stats

File Path                         PID    Runtime      # DAGs    # Errors  Last Runtime    Last Run               Last # of DB Queries
--------------------------------  -----  ---------  --------  ----------  --------------  -------------------  ----------------------
/opt/airflow/dags/weather_etl.py                           1           0  0.06s           2026-09-23T00:54:21                      14
================================================================================
[2026-09-23T00:54:54.734+0000] {manager.py:1008} INFO - 
================================================================================
DAG File Processing Stats

File Path                         PID    Runtime      # DAGs    # Errors  Last Runtime    Last Run               Last # of DB Queries
--------------------------------  -----  ---------  --------  ----------  --------------  -------------------  ----------------------
/opt/airflow/dags/weather_etl.py                           1           0  0.08s           2026-09-23T00:54:51                      14
================================================================================
[2026-09-23T00:55:25.090+0000] {manager.py:1008} INFO - 
================================================================================
DAG File Processing Stats

File Path                         PID    Runtime      # DAGs    # Errors  Last Runtime    Last Run               Last # of DB Queries
--------------------------------  -----  ---------  --------  ----------  --------------  -------------------  ----------------------
/opt/airflow/dags/weather_etl.py                           1           0  0.07s           2026-09-23T00:55:22                      14
================================================================================
[2026-09-23T00:55:40.251+0000] {manager.py:832} INFO - Searching for files in /opt/airflow/dags
[2026-09-23T00:55:40.257+0000] {manager.py:835} INFO - There are 1 files in /opt/airflow/dags
[2026-09-23T00:55:55.464+0000] {manager.py:1008} INFO - 
================================================================================
DAG File Processing Stats

File Path                         PID    Runtime      # DAGs    # Errors  Last Runtime    Last Run               Last # of DB Queries
--------------------------------  -----  ---------  --------  ----------  --------------  -------------------  ----------------------
/opt/airflow/dags/weather_etl.py                           1           0  0.07s           2026-09-23T00:55:52                      14
================================================================================
[2026-09-23T00:56:25.845+0000] {manager.py:1008} INFO - 
================================================================================
DAG File Processing Stats

File Path                         PID    Runtime      # DAGs    # Errors  Last Runtime    Last Run               Last # of DB Queries
--------------------------------  -----  ---------  --------  ----------  --------------  -------------------  ----------------------
/opt/airflow/dags/weather_etl.py                           1           0  0.08s           2026-09-23T00:56:22                      14
================================================================================
[2026-09-23T00:56:56.254+0000] {manager.py:1008} INFO - 
================================================================================
DAG File Processing Stats

File Path                         PID    Runtime      # DAGs    # Errors  Last Runtime    Last Run               Last # of DB Queries
--------------------------------  -----  ---------  --------  ----------  --------------  -------------------  ----------------------
/opt/airflow/dags/weather_etl.py                           1           0  0.08s           2026-09-23T00:56:53                      14
================================================================================
[2026-09-23T00:57:26.733+0000] {manager.py:1008} INFO - 
================================================================================
DAG File Processing Stats

File Path                         PID    Runtime      # DAGs    # Errors  Last Runtime    Last Run               Last # of DB Queries
--------------------------------  -----  ---------  --------  ----------  --------------  -------------------  ----------------------
/opt/airflow/dags/weather_etl.py                           1           0  0.07s           2026-09-23T00:57:23                      14
================================================================================
[2026-09-23T00:57:57.114+0000] {manager.py:1008} INFO - 
================================================================================
DAG File Processing Stats

File Path                         PID    Runtime      # DAGs    # Errors  Last Runtime    Last Run               Last # of DB Queries
--------------------------------  -----  ---------  --------  ----------  --------------  -------------------  ----------------------
/opt/airflow/dags/weather_etl.py                           1           0  0.07s           2026-09-23T00:57:54                      14
================================================================================
[2026-09-23T00:58:27.584+0000] {manager.py:1008} INFO - 
================================================================================
DAG File Processing Stats

File Path                         PID    Runtime      # DAGs    # Errors  Last Runtime    Last Run               Last # of DB Queries
--------------------------------  -----  ---------  --------  ----------  --------------  -------------------  ----------------------
/opt/airflow/dags/weather_etl.py                           1           0  0.10s           2026-09-23T00:58:24                      14
================================================================================
[2026-09-23T00:58:57.909+0000] {manager.py:1008} INFO - 
================================================================================
DAG File Processing Stats

File Path                         PID    Runtime      # DAGs    # Errors  Last Runtime    Last Run               Last # of DB Queries
--------------------------------  -----  ---------  --------  ----------  --------------  -------------------  ----------------------
/opt/airflow/dags/weather_etl.py                           1           0  0.09s           2026-09-23T00:58:54                      14
================================================================================
[2026-09-23T00:59:28.306+0000] {manager.py:1008} INFO - 
================================================================================
DAG File Processing Stats

File Path                         PID    Runtime      # DAGs    # Errors  Last Runtime    Last Run               Last # of DB Queries
--------------------------------  -----  ---------  --------  ----------  --------------  -------------------  ----------------------
/opt/airflow/dags/weather_etl.py                           1           0  0.08s           2026-09-23T00:59:25                      14
================================================================================
[2026-09-23T00:59:58.642+0000] {manager.py:1008} INFO - 
================================================================================
DAG File Processing Stats

File Path                         PID    Runtime      # DAGs    # Errors  Last Runtime    Last Run               Last # of DB Queries
--------------------------------  -----  ---------  --------  ----------  --------------  -------------------  ----------------------
/opt/airflow/dags/weather_etl.py                           1           0  0.06s           2026-09-23T00:59:55                      14
================================================================================
[2026-09-23T01:00:29.018+0000] {manager.py:1008} INFO - 
================================================================================
DAG File Processing Stats

File Path                         PID    Runtime      # DAGs    # Errors  Last Runtime    Last Run               Last # of DB Queries
--------------------------------  -----  ---------  --------  ----------  --------------  -------------------  ----------------------
/opt/airflow/dags/weather_etl.py                           1           0  0.07s           2026-09-23T01:00:26                      14
================================================================================
[2026-09-23T01:00:41.151+0000] {manager.py:832} INFO - Searching for files in /opt/airflow/dags
[2026-09-23T01:00:41.160+0000] {manager.py:835} INFO - There are 1 files in /opt/airflow/dags
[2026-09-23T01:00:59.412+0000] {manager.py:1008} INFO - 
================================================================================
DAG File Processing Stats

File Path                         PID    Runtime      # DAGs    # Errors  Last Runtime    Last Run               Last # of DB Queries
--------------------------------  -----  ---------  --------  ----------  --------------  -------------------  ----------------------
/opt/airflow/dags/weather_etl.py                           1           0  0.08s           2026-09-23T01:00:56                      14
================================================================================
[2026-09-23T01:01:29.766+0000] {manager.py:1008} INFO - 
================================================================================
DAG File Processing Stats

File Path                         PID    Runtime      # DAGs    # Errors  Last Runtime    Last Run               Last # of DB Queries
--------------------------------  -----  ---------  --------  ----------  --------------  -------------------  ----------------------
/opt/airflow/dags/weather_etl.py                           1           0  0.07s           2026-09-23T01:01:26                      14
================================================================================
[2026-09-23T01:02:00.111+0000] {manager.py:1008} INFO - 
================================================================================
DAG File Processing Stats

File Path                         PID    Runtime      # DAGs    # Errors  Last Runtime    Last Run               Last # of DB Queries
--------------------------------  -----  ---------  --------  ----------  --------------  -------------------  ----------------------
/opt/airflow/dags/weather_etl.py                           1           0  0.08s           2026-09-23T01:01:57                      14
================================================================================
[2026-09-23T01:02:30.443+0000] {manager.py:1008} INFO - 
================================================================================
DAG File Processing Stats

File Path                         PID    Runtime      # DAGs    # Errors  Last Runtime    Last Run               Last # of DB Queries
--------------------------------  -----  ---------  --------  ----------  --------------  -------------------  ----------------------
/opt/airflow/dags/weather_etl.py                           1           0  0.07s           2026-09-23T01:02:27                      14
================================================================================
[2026-09-23T01:03:00.792+0000] {manager.py:1008} INFO - 
================================================================================
DAG File Processing Stats

File Path                         PID    Runtime      # DAGs    # Errors  Last Runtime    Last Run               Last # of DB Queries
--------------------------------  -----  ---------  --------  ----------  --------------  -------------------  ----------------------
/opt/airflow/dags/weather_etl.py                           1           0  0.07s           2026-09-23T01:02:57                      14
================================================================================
[2026-09-23T01:03:31.173+0000] {manager.py:1008} INFO - 
================================================================================
DAG File Processing Stats

File Path                         PID    Runtime      # DAGs    # Errors  Last Runtime    Last Run               Last # of DB Queries
--------------------------------  -----  ---------  --------  ----------  --------------  -------------------  ----------------------
/opt/airflow/dags/weather_etl.py                           1           0  0.08s           2026-09-23T01:03:28                      14
================================================================================
[2026-09-23T01:04:01.536+0000] {manager.py:1008} INFO - 
================================================================================
DAG File Processing Stats

File Path                         PID    Runtime      # DAGs    # Errors  Last Runtime    Last Run               Last # of DB Queries
--------------------------------  -----  ---------  --------  ----------  --------------  -------------------  ----------------------
/opt/airflow/dags/weather_etl.py                           1           0  0.09s           2026-09-23T01:03:58                      14
================================================================================
[2026-09-23T01:04:31.917+0000] {manager.py:1008} INFO - 
================================================================================
DAG File Processing Stats

File Path                         PID    Runtime      # DAGs    # Errors  Last Runtime    Last Run               Last # of DB Queries
--------------------------------  -----  ---------  --------  ----------  --------------  -------------------  ----------------------
/opt/airflow/dags/weather_etl.py                           1           0  0.08s           2026-09-23T01:04:28                      14
================================================================================
[2026-09-23T01:19:52.499+0000] {manager.py:832} INFO - Searching for files in /opt/airflow/dags
[2026-09-23T01:19:52.501+0000] {manager.py:835} INFO - There are 1 files in /opt/airflow/dags
[2026-09-23T01:20:17.870+0000] {manager.py:1008} INFO - 
================================================================================
DAG File Processing Stats

File Path                         PID    Runtime      # DAGs    # Errors  Last Runtime    Last Run               Last # of DB Queries
--------------------------------  -----  ---------  --------  ----------  --------------  -------------------  ----------------------
/opt/airflow/dags/weather_etl.py                           1           0  0.09s           2026-09-23T01:19:52                      14
================================================================================
[2026-09-23T01:20:48.304+0000] {manager.py:1008} INFO - 
================================================================================
DAG File Processing Stats

File Path                         PID    Runtime      # DAGs    # Errors  Last Runtime    Last Run               Last # of DB Queries
--------------------------------  -----  ---------  --------  ----------  --------------  -------------------  ----------------------
/opt/airflow/dags/weather_etl.py                           1           0  0.11s           2026-09-23T01:20:23                      14
================================================================================
[2026-09-23T01:27:57.672+0000] {manager.py:832} INFO - Searching for files in /opt/airflow/dags
[2026-09-23T01:27:57.683+0000] {manager.py:835} INFO - There are 1 files in /opt/airflow/dags
[2026-09-23T01:28:23.097+0000] {manager.py:1008} INFO - 
================================================================================
DAG File Processing Stats

File Path                         PID    Runtime      # DAGs    # Errors  Last Runtime    Last Run               Last # of DB Queries
--------------------------------  -----  ---------  --------  ----------  --------------  -------------------  ----------------------
/opt/airflow/dags/weather_etl.py                           1           0  0.16s           2026-09-23T01:27:57                      14
================================================================================
[2026-09-23T01:28:53.513+0000] {manager.py:1008} INFO - 
================================================================================
DAG File Processing Stats

File Path                         PID    Runtime      # DAGs    # Errors  Last Runtime    Last Run               Last # of DB Queries
--------------------------------  -----  ---------  --------  ----------  --------------  -------------------  ----------------------
/opt/airflow/dags/weather_etl.py                           1           0  0.17s           2026-09-23T01:28:28                      14
================================================================================
[2026-09-23T01:29:24.058+0000] {manager.py:1008} INFO - 
================================================================================
DAG File Processing Stats

File Path                         PID    Runtime      # DAGs    # Errors  Last Runtime    Last Run               Last # of DB Queries
--------------------------------  -----  ---------  --------  ----------  --------------  -------------------  ----------------------
/opt/airflow/dags/weather_etl.py                           1           0  0.12s           2026-09-23T01:28:58                      14
================================================================================
[2026-09-23T01:29:54.433+0000] {manager.py:1008} INFO - 
================================================================================
DAG File Processing Stats

File Path                         PID    Runtime      # DAGs    # Errors  Last Runtime    Last Run               Last # of DB Queries
--------------------------------  -----  ---------  --------  ----------  --------------  -------------------  ----------------------
/opt/airflow/dags/weather_etl.py                           1           0  0.17s           2026-09-23T01:29:29                      14
================================================================================
[2026-09-23T01:30:24.828+0000] {manager.py:1008} INFO - 
================================================================================
DAG File Processing Stats

File Path                         PID    Runtime      # DAGs    # Errors  Last Runtime    Last Run               Last # of DB Queries
--------------------------------  -----  ---------  --------  ----------  --------------  -------------------  ----------------------
/opt/airflow/dags/weather_etl.py                           1           0  0.08s           2026-09-23T01:29:59                      14
================================================================================
[2026-09-23T01:30:55.222+0000] {manager.py:1008} INFO - 
================================================================================
DAG File Processing Stats

File Path                         PID    Runtime      # DAGs    # Errors  Last Runtime    Last Run               Last # of DB Queries
--------------------------------  -----  ---------  --------  ----------  --------------  -------------------  ----------------------
/opt/airflow/dags/weather_etl.py                           1           0  0.15s           2026-09-23T01:30:30                      14
================================================================================
[2026-09-23T01:31:25.613+0000] {manager.py:1008} INFO - 
================================================================================
DAG File Processing Stats

File Path                         PID    Runtime      # DAGs    # Errors  Last Runtime    Last Run               Last # of DB Queries
--------------------------------  -----  ---------  --------  ----------  --------------  -------------------  ----------------------
/opt/airflow/dags/weather_etl.py                           1           0  0.08s           2026-09-23T01:31:00                      14
================================================================================
[2026-09-23T01:31:56.009+0000] {manager.py:1008} INFO - 
================================================================================
DAG File Processing Stats

File Path                         PID    Runtime      # DAGs    # Errors  Last Runtime    Last Run               Last # of DB Queries
--------------------------------  -----  ---------  --------  ----------  --------------  -------------------  ----------------------
/opt/airflow/dags/weather_etl.py                           1           0  0.10s           2026-09-23T01:31:30                      14
================================================================================
[2026-09-23T01:32:26.382+0000] {manager.py:1008} INFO - 
================================================================================
DAG File Processing Stats

File Path                         PID    Runtime      # DAGs    # Errors  Last Runtime    Last Run               Last # of DB Queries
--------------------------------  -----  ---------  --------  ----------  --------------  -------------------  ----------------------
/opt/airflow/dags/weather_etl.py                           1           0  0.14s           2026-09-23T01:32:01                      14
================================================================================
[2026-09-23T01:32:56.823+0000] {manager.py:1008} INFO - 
================================================================================
DAG File Processing Stats

File Path                         PID    Runtime      # DAGs    # Errors  Last Runtime    Last Run               Last # of DB Queries
--------------------------------  -----  ---------  --------  ----------  --------------  -------------------  ----------------------
/opt/airflow/dags/weather_etl.py                           1           0  0.11s           2026-09-23T01:32:31                      14
================================================================================
[2026-09-23T01:32:57.835+0000] {manager.py:832} INFO - Searching for files in /opt/airflow/dags
[2026-09-23T01:32:57.846+0000] {manager.py:835} INFO - There are 1 files in /opt/airflow/dags
[2026-09-23T01:33:27.195+0000] {manager.py:1008} INFO - 
================================================================================
DAG File Processing Stats

File Path                         PID    Runtime      # DAGs    # Errors  Last Runtime    Last Run               Last # of DB Queries
--------------------------------  -----  ---------  --------  ----------  --------------  -------------------  ----------------------
/opt/airflow/dags/weather_etl.py                           1           0  0.06s           2026-09-23T01:33:01                      14
================================================================================
[2026-09-23T01:33:57.565+0000] {manager.py:1008} INFO - 
================================================================================
DAG File Processing Stats

File Path                         PID    Runtime      # DAGs    # Errors  Last Runtime    Last Run               Last # of DB Queries
--------------------------------  -----  ---------  --------  ----------  --------------  -------------------  ----------------------
/opt/airflow/dags/weather_etl.py                           1           0  0.10s           2026-09-23T01:33:32                      14
================================================================================
[2026-09-23T01:34:27.914+0000] {manager.py:1008} INFO - 
================================================================================
DAG File Processing Stats

File Path                         PID    Runtime      # DAGs    # Errors  Last Runtime    Last Run               Last # of DB Queries
--------------------------------  -----  ---------  --------  ----------  --------------  -------------------  ----------------------
/opt/airflow/dags/weather_etl.py                           1           0  0.07s           2026-09-23T01:34:02                      14
================================================================================
[2026-09-23T01:34:58.299+0000] {manager.py:1008} INFO - 
================================================================================
DAG File Processing Stats

File Path                         PID    Runtime      # DAGs    # Errors  Last Runtime    Last Run               Last # of DB Queries
--------------------------------  -----  ---------  --------  ----------  --------------  -------------------  ----------------------
/opt/airflow/dags/weather_etl.py                           1           0  0.10s           2026-09-23T01:34:33                      14
================================================================================
[2026-09-23T01:35:28.670+0000] {manager.py:1008} INFO - 
================================================================================
DAG File Processing Stats

File Path                         PID    Runtime      # DAGs    # Errors  Last Runtime    Last Run               Last # of DB Queries
--------------------------------  -----  ---------  --------  ----------  --------------  -------------------  ----------------------
/opt/airflow/dags/weather_etl.py                           1           0  0.07s           2026-09-23T01:35:03                      14
================================================================================
[2026-09-23T01:35:58.977+0000] {manager.py:1008} INFO - 
================================================================================
DAG File Processing Stats

File Path                         PID    Runtime      # DAGs    # Errors  Last Runtime    Last Run               Last # of DB Queries
--------------------------------  -----  ---------  --------  ----------  --------------  -------------------  ----------------------
/opt/airflow/dags/weather_etl.py                           1           0  0.07s           2026-09-23T01:35:33                      14
================================================================================
[2026-09-23T01:36:29.344+0000] {manager.py:1008} INFO - 
================================================================================
DAG File Processing Stats

File Path                         PID    Runtime      # DAGs    # Errors  Last Runtime    Last Run               Last # of DB Queries
--------------------------------  -----  ---------  --------  ----------  --------------  -------------------  ----------------------
/opt/airflow/dags/weather_etl.py                           1           0  0.08s           2026-09-23T01:36:04                      14
================================================================================
[2026-09-23T01:36:59.715+0000] {manager.py:1008} INFO - 
================================================================================
DAG File Processing Stats

File Path                         PID    Runtime      # DAGs    # Errors  Last Runtime    Last Run               Last # of DB Queries
--------------------------------  -----  ---------  --------  ----------  --------------  -------------------  ----------------------
/opt/airflow/dags/weather_etl.py                           1           0  0.10s           2026-09-23T01:36:34                      14
================================================================================
[2026-09-23T01:37:30.111+0000] {manager.py:1008} INFO - 
================================================================================
DAG File Processing Stats

File Path                         PID    Runtime      # DAGs    # Errors  Last Runtime    Last Run               Last # of DB Queries
--------------------------------  -----  ---------  --------  ----------  --------------  -------------------  ----------------------
/opt/airflow/dags/weather_etl.py                           1           0  0.08s           2026-09-23T01:37:04                      14
================================================================================
[2026-09-23T01:37:58.437+0000] {manager.py:832} INFO - Searching for files in /opt/airflow/dags
[2026-09-23T01:37:58.449+0000] {manager.py:835} INFO - There are 1 files in /opt/airflow/dags
[2026-09-23T01:38:00.491+0000] {manager.py:1008} INFO - 
================================================================================
DAG File Processing Stats

File Path                         PID    Runtime      # DAGs    # Errors  Last Runtime    Last Run               Last # of DB Queries
--------------------------------  -----  ---------  --------  ----------  --------------  -------------------  ----------------------
/opt/airflow/dags/weather_etl.py                           1           0  0.11s           2026-09-23T01:37:35                      14
================================================================================
[2026-09-23T01:38:30.851+0000] {manager.py:1008} INFO - 
================================================================================
DAG File Processing Stats

File Path                         PID    Runtime      # DAGs    # Errors  Last Runtime    Last Run               Last # of DB Queries
--------------------------------  -----  ---------  --------  ----------  --------------  -------------------  ----------------------
/opt/airflow/dags/weather_etl.py                           1           0  0.15s           2026-09-23T01:38:05                      14
================================================================================
[2026-09-23T01:39:01.186+0000] {manager.py:1008} INFO - 
================================================================================
DAG File Processing Stats

File Path                         PID    Runtime      # DAGs    # Errors  Last Runtime    Last Run               Last # of DB Queries
--------------------------------  -----  ---------  --------  ----------  --------------  -------------------  ----------------------
/opt/airflow/dags/weather_etl.py                           1           0  0.09s           2026-09-23T01:38:35                      14
================================================================================
[2026-09-23T01:39:31.525+0000] {manager.py:1008} INFO - 
================================================================================
DAG File Processing Stats

File Path                         PID    Runtime      # DAGs    # Errors  Last Runtime    Last Run               Last # of DB Queries
--------------------------------  -----  ---------  --------  ----------  --------------  -------------------  ----------------------
/opt/airflow/dags/weather_etl.py                           1           0  0.08s           2026-09-23T01:39:06                      14
================================================================================
[2026-09-23T01:40:01.911+0000] {manager.py:1008} INFO - 
================================================================================
DAG File Processing Stats

File Path                         PID    Runtime      # DAGs    # Errors  Last Runtime    Last Run               Last # of DB Queries
--------------------------------  -----  ---------  --------  ----------  --------------  -------------------  ----------------------
/opt/airflow/dags/weather_etl.py                           1           0  0.08s           2026-09-23T01:39:36                      14
================================================================================
[2026-09-23T01:40:32.299+0000] {manager.py:1008} INFO - 
================================================================================
DAG File Processing Stats

File Path                         PID    Runtime      # DAGs    # Errors  Last Runtime    Last Run               Last # of DB Queries
--------------------------------  -----  ---------  --------  ----------  --------------  -------------------  ----------------------
/opt/airflow/dags/weather_etl.py                           1           0  0.11s           2026-09-23T01:40:07                      14
================================================================================
[2026-09-23T01:41:02.665+0000] {manager.py:1008} INFO - 
================================================================================
DAG File Processing Stats

File Path                         PID    Runtime      # DAGs    # Errors  Last Runtime    Last Run               Last # of DB Queries
--------------------------------  -----  ---------  --------  ----------  --------------  -------------------  ----------------------
/opt/airflow/dags/weather_etl.py                           1           0  0.07s           2026-09-23T01:40:37                      14
================================================================================
[2026-09-23T01:41:33.040+0000] {manager.py:1008} INFO - 
================================================================================
DAG File Processing Stats

File Path                         PID    Runtime      # DAGs    # Errors  Last Runtime    Last Run               Last # of DB Queries
--------------------------------  -----  ---------  --------  ----------  --------------  -------------------  ----------------------
/opt/airflow/dags/weather_etl.py                           1           0  0.08s           2026-09-23T01:41:07                      14
================================================================================
[2026-09-23T01:42:03.429+0000] {manager.py:1008} INFO - 
================================================================================
DAG File Processing Stats

File Path                         PID    Runtime      # DAGs    # Errors  Last Runtime    Last Run               Last # of DB Queries
--------------------------------  -----  ---------  --------  ----------  --------------  -------------------  ----------------------
/opt/airflow/dags/weather_etl.py                           1           0  0.09s           2026-09-23T01:41:38                      14
================================================================================
[2026-09-23T01:42:33.804+0000] {manager.py:1008} INFO - 
================================================================================
DAG File Processing Stats

File Path                         PID    Runtime      # DAGs    # Errors  Last Runtime    Last Run               Last # of DB Queries
--------------------------------  -----  ---------  --------  ----------  --------------  -------------------  ----------------------
/opt/airflow/dags/weather_etl.py                           1           0  0.10s           2026-09-23T01:42:08                      14
================================================================================
[2026-09-23T01:42:59.082+0000] {manager.py:832} INFO - Searching for files in /opt/airflow/dags
[2026-09-23T01:42:59.086+0000] {manager.py:835} INFO - There are 1 files in /opt/airflow/dags
[2026-09-23T01:43:04.147+0000] {manager.py:1008} INFO - 
================================================================================
DAG File Processing Stats

File Path                         PID    Runtime      # DAGs    # Errors  Last Runtime    Last Run               Last # of DB Queries
--------------------------------  -----  ---------  --------  ----------  --------------  -------------------  ----------------------
/opt/airflow/dags/weather_etl.py                           1           0  0.08s           2026-09-23T01:42:38                      14
================================================================================
[2026-09-23T01:43:34.514+0000] {manager.py:1008} INFO - 
================================================================================
DAG File Processing Stats

File Path                         PID    Runtime      # DAGs    # Errors  Last Runtime    Last Run               Last # of DB Queries
--------------------------------  -----  ---------  --------  ----------  --------------  -------------------  ----------------------
/opt/airflow/dags/weather_etl.py                           1           0  0.08s           2026-09-23T01:43:09                      14
================================================================================
[2026-09-23T01:44:04.878+0000] {manager.py:1008} INFO - 
================================================================================
DAG File Processing Stats

File Path                         PID    Runtime      # DAGs    # Errors  Last Runtime    Last Run               Last # of DB Queries
--------------------------------  -----  ---------  --------  ----------  --------------  -------------------  ----------------------
/opt/airflow/dags/weather_etl.py                           1           0  0.08s           2026-09-23T01:43:39                      14
================================================================================
[2026-09-23T01:44:35.293+0000] {manager.py:1008} INFO - 
================================================================================
DAG File Processing Stats

File Path                         PID    Runtime      # DAGs    # Errors  Last Runtime    Last Run               Last # of DB Queries
--------------------------------  -----  ---------  --------  ----------  --------------  -------------------  ----------------------
/opt/airflow/dags/weather_etl.py                           1           0  0.10s           2026-09-23T01:44:10                      14
================================================================================
[2026-09-23T01:45:05.675+0000] {manager.py:1008} INFO - 
================================================================================
DAG File Processing Stats

File Path                         PID    Runtime      # DAGs    # Errors  Last Runtime    Last Run               Last # of DB Queries
--------------------------------  -----  ---------  --------  ----------  --------------  -------------------  ----------------------
/opt/airflow/dags/weather_etl.py                           1           0  0.09s           2026-09-23T01:44:40                      14
================================================================================
[2026-09-23T01:45:36.056+0000] {manager.py:1008} INFO - 
================================================================================
DAG File Processing Stats

File Path                         PID    Runtime      # DAGs    # Errors  Last Runtime    Last Run               Last # of DB Queries
--------------------------------  -----  ---------  --------  ----------  --------------  -------------------  ----------------------
/opt/airflow/dags/weather_etl.py                           1           0  0.10s           2026-09-23T01:45:10                      14
================================================================================
[2026-09-23T01:46:06.419+0000] {manager.py:1008} INFO - 
================================================================================
DAG File Processing Stats

File Path                         PID    Runtime      # DAGs    # Errors  Last Runtime    Last Run               Last # of DB Queries
--------------------------------  -----  ---------  --------  ----------  --------------  -------------------  ----------------------
/opt/airflow/dags/weather_etl.py                           1           0  0.08s           2026-09-23T01:45:41                      14
================================================================================
[2026-09-23T01:46:36.769+0000] {manager.py:1008} INFO - 
================================================================================
DAG File Processing Stats

File Path                         PID    Runtime      # DAGs    # Errors  Last Runtime    Last Run               Last # of DB Queries
--------------------------------  -----  ---------  --------  ----------  --------------  -------------------  ----------------------
/opt/airflow/dags/weather_etl.py                           1           0  0.08s           2026-09-23T01:46:11                      14
================================================================================
[2026-09-23T01:47:07.096+0000] {manager.py:1008} INFO - 
================================================================================
DAG File Processing Stats

File Path                         PID    Runtime      # DAGs    # Errors  Last Runtime    Last Run               Last # of DB Queries
--------------------------------  -----  ---------  --------  ----------  --------------  -------------------  ----------------------
/opt/airflow/dags/weather_etl.py                           1           0  0.08s           2026-09-23T01:46:41                      14
================================================================================
[2026-09-23T01:47:37.464+0000] {manager.py:1008} INFO - 
================================================================================
DAG File Processing Stats

File Path                         PID    Runtime      # DAGs    # Errors  Last Runtime    Last Run               Last # of DB Queries
--------------------------------  -----  ---------  --------  ----------  --------------  -------------------  ----------------------
/opt/airflow/dags/weather_etl.py                           1           0  0.09s           2026-09-23T01:47:12                      14
================================================================================
[2026-09-23T01:47:59.730+0000] {manager.py:832} INFO - Searching for files in /opt/airflow/dags
[2026-09-23T01:47:59.739+0000] {manager.py:835} INFO - There are 1 files in /opt/airflow/dags
[2026-09-23T01:48:07.843+0000] {manager.py:1008} INFO - 
================================================================================
DAG File Processing Stats

File Path                         PID    Runtime      # DAGs    # Errors  Last Runtime    Last Run               Last # of DB Queries
--------------------------------  -----  ---------  --------  ----------  --------------  -------------------  ----------------------
/opt/airflow/dags/weather_etl.py                           1           0  0.08s           2026-09-23T01:47:42                      14
================================================================================
[2026-09-23T01:48:38.227+0000] {manager.py:1008} INFO - 
================================================================================
DAG File Processing Stats

File Path                         PID    Runtime      # DAGs    # Errors  Last Runtime    Last Run               Last # of DB Queries
--------------------------------  -----  ---------  --------  ----------  --------------  -------------------  ----------------------
/opt/airflow/dags/weather_etl.py                           1           0  0.10s           2026-09-23T01:48:13                      14
================================================================================
[2026-09-23T01:49:08.617+0000] {manager.py:1008} INFO - 
================================================================================
DAG File Processing Stats

File Path                         PID    Runtime      # DAGs    # Errors  Last Runtime    Last Run               Last # of DB Queries
--------------------------------  -----  ---------  --------  ----------  --------------  -------------------  ----------------------
/opt/airflow/dags/weather_etl.py                           1           0  0.09s           2026-09-23T01:48:43                      14
================================================================================
[2026-09-23T01:49:38.982+0000] {manager.py:1008} INFO - 
================================================================================
DAG File Processing Stats

File Path                         PID    Runtime      # DAGs    # Errors  Last Runtime    Last Run               Last # of DB Queries
--------------------------------  -----  ---------  --------  ----------  --------------  -------------------  ----------------------
/opt/airflow/dags/weather_etl.py                           1           0  0.08s           2026-09-23T01:49:13                      14
================================================================================
[2026-09-23T01:50:09.350+0000] {manager.py:1008} INFO - 
================================================================================
DAG File Processing Stats

File Path                         PID    Runtime      # DAGs    # Errors  Last Runtime    Last Run               Last # of DB Queries
--------------------------------  -----  ---------  --------  ----------  --------------  -------------------  ----------------------
/opt/airflow/dags/weather_etl.py                           1           0  0.08s           2026-09-23T01:49:44                      14
================================================================================
[2026-09-23T01:50:39.719+0000] {manager.py:1008} INFO - 
================================================================================
DAG File Processing Stats

File Path                         PID    Runtime      # DAGs    # Errors  Last Runtime    Last Run               Last # of DB Queries
--------------------------------  -----  ---------  --------  ----------  --------------  -------------------  ----------------------
/opt/airflow/dags/weather_etl.py                           1           0  0.09s           2026-09-23T01:50:14                      14
================================================================================
[2026-09-23T01:51:10.077+0000] {manager.py:1008} INFO - 
================================================================================
DAG File Processing Stats

File Path                         PID    Runtime      # DAGs    # Errors  Last Runtime    Last Run               Last # of DB Queries
--------------------------------  -----  ---------  --------  ----------  --------------  -------------------  ----------------------
/opt/airflow/dags/weather_etl.py                           1           0  0.08s           2026-09-23T01:50:44                      14
================================================================================
[2026-09-23T01:51:40.398+0000] {manager.py:1008} INFO - 
================================================================================
DAG File Processing Stats

File Path                         PID    Runtime      # DAGs    # Errors  Last Runtime    Last Run               Last # of DB Queries
--------------------------------  -----  ---------  --------  ----------  --------------  -------------------  ----------------------
/opt/airflow/dags/weather_etl.py                           1           0  0.09s           2026-09-23T01:51:15                      14
================================================================================
[2026-09-23T01:52:10.752+0000] {manager.py:1008} INFO - 
================================================================================
DAG File Processing Stats

File Path                         PID    Runtime      # DAGs    # Errors  Last Runtime    Last Run               Last # of DB Queries
--------------------------------  -----  ---------  --------  ----------  --------------  -------------------  ----------------------
/opt/airflow/dags/weather_etl.py                           1           0  0.08s           2026-09-23T01:51:45                      14
================================================================================
[2026-09-23T01:52:41.156+0000] {manager.py:1008} INFO - 
================================================================================
DAG File Processing Stats

File Path                         PID    Runtime      # DAGs    # Errors  Last Runtime    Last Run               Last # of DB Queries
--------------------------------  -----  ---------  --------  ----------  --------------  -------------------  ----------------------
/opt/airflow/dags/weather_etl.py                           1           0  0.12s           2026-09-23T01:52:15                      14
================================================================================
[2026-09-23T01:53:00.402+0000] {manager.py:832} INFO - Searching for files in /opt/airflow/dags
[2026-09-23T01:53:00.412+0000] {manager.py:835} INFO - There are 1 files in /opt/airflow/dags
[2026-09-23T01:53:11.565+0000] {manager.py:1008} INFO - 
================================================================================
DAG File Processing Stats

File Path                         PID    Runtime      # DAGs    # Errors  Last Runtime    Last Run               Last # of DB Queries
--------------------------------  -----  ---------  --------  ----------  --------------  -------------------  ----------------------
/opt/airflow/dags/weather_etl.py                           1           0  0.08s           2026-09-23T01:52:46                      14
================================================================================
[2026-09-23T01:53:41.976+0000] {manager.py:1008} INFO - 
================================================================================
DAG File Processing Stats

File Path                         PID    Runtime      # DAGs    # Errors  Last Runtime    Last Run               Last # of DB Queries
--------------------------------  -----  ---------  --------  ----------  --------------  -------------------  ----------------------
/opt/airflow/dags/weather_etl.py                           1           0  0.12s           2026-09-23T01:53:16                      14
================================================================================
[2026-09-23T01:54:12.369+0000] {manager.py:1008} INFO - 
================================================================================
DAG File Processing Stats

File Path                         PID    Runtime      # DAGs    # Errors  Last Runtime    Last Run               Last # of DB Queries
--------------------------------  -----  ---------  --------  ----------  --------------  -------------------  ----------------------
/opt/airflow/dags/weather_etl.py                           1           0  0.08s           2026-09-23T01:53:47                      14
================================================================================
[2026-09-23T01:54:42.781+0000] {manager.py:1008} INFO - 
================================================================================
DAG File Processing Stats

File Path                         PID    Runtime      # DAGs    # Errors  Last Runtime    Last Run               Last # of DB Queries
--------------------------------  -----  ---------  --------  ----------  --------------  -------------------  ----------------------
/opt/airflow/dags/weather_etl.py                           1           0  0.08s           2026-09-23T01:54:17                      14
================================================================================
[2026-09-23T01:55:13.168+0000] {manager.py:1008} INFO - 
================================================================================
DAG File Processing Stats

File Path                         PID    Runtime      # DAGs    # Errors  Last Runtime    Last Run               Last # of DB Queries
--------------------------------  -----  ---------  --------  ----------  --------------  -------------------  ----------------------
/opt/airflow/dags/weather_etl.py                           1           0  0.09s           2026-09-23T01:54:47                      14
================================================================================
[2026-09-23T01:55:43.500+0000] {manager.py:1008} INFO - 
================================================================================
DAG File Processing Stats

File Path                         PID    Runtime      # DAGs    # Errors  Last Runtime    Last Run               Last # of DB Queries
--------------------------------  -----  ---------  --------  ----------  --------------  -------------------  ----------------------
/opt/airflow/dags/weather_etl.py                           1           0  0.08s           2026-09-23T01:55:18                      14
================================================================================
[2026-09-23T01:56:13.815+0000] {manager.py:1008} INFO - 
================================================================================
DAG File Processing Stats

File Path                         PID    Runtime      # DAGs    # Errors  Last Runtime    Last Run               Last # of DB Queries
--------------------------------  -----  ---------  --------  ----------  --------------  -------------------  ----------------------
/opt/airflow/dags/weather_etl.py                           1           0  0.08s           2026-09-23T01:55:48                      14
================================================================================
[2026-09-23T01:56:44.147+0000] {manager.py:1008} INFO - 
================================================================================
DAG File Processing Stats

File Path                         PID    Runtime      # DAGs    # Errors  Last Runtime    Last Run               Last # of DB Queries
--------------------------------  -----  ---------  --------  ----------  --------------  -------------------  ----------------------
/opt/airflow/dags/weather_etl.py                           1           0  0.09s           2026-09-23T01:56:18                      14
================================================================================
[2026-09-23T01:57:14.548+0000] {manager.py:1008} INFO - 
================================================================================
DAG File Processing Stats

File Path                         PID    Runtime      # DAGs    # Errors  Last Runtime    Last Run               Last # of DB Queries
--------------------------------  -----  ---------  --------  ----------  --------------  -------------------  ----------------------
/opt/airflow/dags/weather_etl.py                           1           0  0.09s           2026-09-23T01:56:49                      14
================================================================================
[2026-09-23T01:57:44.946+0000] {manager.py:1008} INFO - 
================================================================================
DAG File Processing Stats

File Path                         PID    Runtime      # DAGs    # Errors  Last Runtime    Last Run               Last # of DB Queries
--------------------------------  -----  ---------  --------  ----------  --------------  -------------------  ----------------------
/opt/airflow/dags/weather_etl.py                           1           0  0.13s           2026-09-23T01:57:19                      14
================================================================================
[2026-09-23T01:58:01.178+0000] {manager.py:832} INFO - Searching for files in /opt/airflow/dags
[2026-09-23T01:58:01.186+0000] {manager.py:835} INFO - There are 1 files in /opt/airflow/dags
[2026-09-23T01:58:15.377+0000] {manager.py:1008} INFO - 
================================================================================
DAG File Processing Stats

File Path                         PID    Runtime      # DAGs    # Errors  Last Runtime    Last Run               Last # of DB Queries
--------------------------------  -----  ---------  --------  ----------  --------------  -------------------  ----------------------
/opt/airflow/dags/weather_etl.py                           1           0  0.10s           2026-09-23T01:57:50                      14
================================================================================
[2026-09-23T01:58:45.769+0000] {manager.py:1008} INFO - 
================================================================================
DAG File Processing Stats

File Path                         PID    Runtime      # DAGs    # Errors  Last Runtime    Last Run               Last # of DB Queries
--------------------------------  -----  ---------  --------  ----------  --------------  -------------------  ----------------------
/opt/airflow/dags/weather_etl.py                           1           0  0.09s           2026-09-23T01:58:20                      14
================================================================================
[2026-09-23T01:59:16.092+0000] {manager.py:1008} INFO - 
================================================================================
DAG File Processing Stats

File Path                         PID    Runtime      # DAGs    # Errors  Last Runtime    Last Run               Last # of DB Queries
--------------------------------  -----  ---------  --------  ----------  --------------  -------------------  ----------------------
/opt/airflow/dags/weather_etl.py                           1           0  0.16s           2026-09-23T01:58:50                      14
================================================================================
[2026-09-23T01:59:46.553+0000] {manager.py:1008} INFO - 
================================================================================
DAG File Processing Stats

File Path                         PID    Runtime      # DAGs    # Errors  Last Runtime    Last Run               Last # of DB Queries
--------------------------------  -----  ---------  --------  ----------  --------------  -------------------  ----------------------
/opt/airflow/dags/weather_etl.py                           1           0  0.17s           2026-09-23T01:59:21                      14
================================================================================
[2026-09-23T02:00:16.885+0000] {manager.py:1008} INFO - 
================================================================================
DAG File Processing Stats

File Path                         PID    Runtime      # DAGs    # Errors  Last Runtime    Last Run               Last # of DB Queries
--------------------------------  -----  ---------  --------  ----------  --------------  -------------------  ----------------------
/opt/airflow/dags/weather_etl.py                           1           0  0.13s           2026-09-23T01:59:51                      14
================================================================================
[2026-09-23T02:00:47.292+0000] {manager.py:1008} INFO - 
================================================================================
DAG File Processing Stats

File Path                         PID    Runtime      # DAGs    # Errors  Last Runtime    Last Run               Last # of DB Queries
--------------------------------  -----  ---------  --------  ----------  --------------  -------------------  ----------------------
/opt/airflow/dags/weather_etl.py                           1           0  0.08s           2026-09-23T02:00:22                      14
================================================================================
[2026-09-23T02:01:17.689+0000] {manager.py:1008} INFO - 
================================================================================
DAG File Processing Stats

File Path                         PID    Runtime      # DAGs    # Errors  Last Runtime    Last Run               Last # of DB Queries
--------------------------------  -----  ---------  --------  ----------  --------------  -------------------  ----------------------
/opt/airflow/dags/weather_etl.py                           1           0  0.11s           2026-09-23T02:00:52                      14
================================================================================
[2026-09-23T02:01:48.073+0000] {manager.py:1008} INFO - 
================================================================================
DAG File Processing Stats

File Path                         PID    Runtime      # DAGs    # Errors  Last Runtime    Last Run               Last # of DB Queries
--------------------------------  -----  ---------  --------  ----------  --------------  -------------------  ----------------------
/opt/airflow/dags/weather_etl.py                           1           0  0.08s           2026-09-23T02:01:22                      14
================================================================================
[2026-09-23T02:02:18.438+0000] {manager.py:1008} INFO - 
================================================================================
DAG File Processing Stats

File Path                         PID    Runtime      # DAGs    # Errors  Last Runtime    Last Run               Last # of DB Queries
--------------------------------  -----  ---------  --------  ----------  --------------  -------------------  ----------------------
/opt/airflow/dags/weather_etl.py                           1           0  0.10s           2026-09-23T02:01:53                      14
================================================================================
[2026-09-23T02:02:48.832+0000] {manager.py:1008} INFO - 
================================================================================
DAG File Processing Stats

File Path                         PID    Runtime      # DAGs    # Errors  Last Runtime    Last Run               Last # of DB Queries
--------------------------------  -----  ---------  --------  ----------  --------------  -------------------  ----------------------
/opt/airflow/dags/weather_etl.py                           1           0  0.13s           2026-09-23T02:02:23                      14
================================================================================
[2026-09-23T02:03:01.994+0000] {manager.py:832} INFO - Searching for files in /opt/airflow/dags
[2026-09-23T02:03:02.000+0000] {manager.py:835} INFO - There are 1 files in /opt/airflow/dags
[2026-09-23T02:03:19.204+0000] {manager.py:1008} INFO - 
================================================================================
DAG File Processing Stats

File Path                         PID    Runtime      # DAGs    # Errors  Last Runtime    Last Run               Last # of DB Queries
--------------------------------  -----  ---------  --------  ----------  --------------  -------------------  ----------------------
/opt/airflow/dags/weather_etl.py                           1           0  0.07s           2026-09-23T02:02:53                      14
================================================================================
[2026-09-23T02:03:49.555+0000] {manager.py:1008} INFO - 
================================================================================
DAG File Processing Stats

File Path                         PID    Runtime      # DAGs    # Errors  Last Runtime    Last Run               Last # of DB Queries
--------------------------------  -----  ---------  --------  ----------  --------------  -------------------  ----------------------
/opt/airflow/dags/weather_etl.py                           1           0  0.08s           2026-09-23T02:03:24                      14
================================================================================
[2026-09-23T02:04:19.902+0000] {manager.py:1008} INFO - 
================================================================================
DAG File Processing Stats

File Path                         PID    Runtime      # DAGs    # Errors  Last Runtime    Last Run               Last # of DB Queries
--------------------------------  -----  ---------  --------  ----------  --------------  -------------------  ----------------------
/opt/airflow/dags/weather_etl.py                           1           0  0.13s           2026-09-23T02:03:54                      14
================================================================================
[2026-09-23T02:04:50.343+0000] {manager.py:1008} INFO - 
================================================================================
DAG File Processing Stats

File Path                         PID    Runtime      # DAGs    # Errors  Last Runtime    Last Run               Last # of DB Queries
--------------------------------  -----  ---------  --------  ----------  --------------  -------------------  ----------------------
/opt/airflow/dags/weather_etl.py                           1           0  0.07s           2026-09-23T02:04:25                      14
================================================================================
[2026-09-23T02:05:20.711+0000] {manager.py:1008} INFO - 
================================================================================
DAG File Processing Stats

File Path                         PID    Runtime      # DAGs    # Errors  Last Runtime    Last Run               Last # of DB Queries
--------------------------------  -----  ---------  --------  ----------  --------------  -------------------  ----------------------
/opt/airflow/dags/weather_etl.py                           1           0  0.09s           2026-09-23T02:04:55                      14
================================================================================
[2026-09-23T02:05:51.048+0000] {manager.py:1008} INFO - 
================================================================================
DAG File Processing Stats

File Path                         PID    Runtime      # DAGs    # Errors  Last Runtime    Last Run               Last # of DB Queries
--------------------------------  -----  ---------  --------  ----------  --------------  -------------------  ----------------------
/opt/airflow/dags/weather_etl.py                           1           0  0.09s           2026-09-23T02:05:25                      14
================================================================================
[2026-09-23T02:06:21.424+0000] {manager.py:1008} INFO - 
================================================================================
DAG File Processing Stats

File Path                         PID    Runtime      # DAGs    # Errors  Last Runtime    Last Run               Last # of DB Queries
--------------------------------  -----  ---------  --------  ----------  --------------  -------------------  ----------------------
/opt/airflow/dags/weather_etl.py                           1           0  0.10s           2026-09-23T02:05:56                      14
================================================================================
[2026-09-23T02:06:51.788+0000] {manager.py:1008} INFO - 
================================================================================
DAG File Processing Stats

File Path                         PID    Runtime      # DAGs    # Errors  Last Runtime    Last Run               Last # of DB Queries
--------------------------------  -----  ---------  --------  ----------  --------------  -------------------  ----------------------
/opt/airflow/dags/weather_etl.py                           1           0  0.13s           2026-09-23T02:06:26                      14
================================================================================
[2026-09-23T02:07:22.121+0000] {manager.py:1008} INFO - 
================================================================================
DAG File Processing Stats

File Path                         PID    Runtime      # DAGs    # Errors  Last Runtime    Last Run               Last # of DB Queries
--------------------------------  -----  ---------  --------  ----------  --------------  -------------------  ----------------------
/opt/airflow/dags/weather_etl.py                           1           0  0.11s           2026-09-23T02:06:56                      14
================================================================================
[2026-09-23T02:07:52.537+0000] {manager.py:1008} INFO - 
================================================================================
DAG File Processing Stats

File Path                         PID    Runtime      # DAGs    # Errors  Last Runtime    Last Run               Last # of DB Queries
--------------------------------  -----  ---------  --------  ----------  --------------  -------------------  ----------------------
/opt/airflow/dags/weather_etl.py                           1           0  0.14s           2026-09-23T02:07:27                      14
================================================================================
[2026-09-23T02:08:02.688+0000] {manager.py:832} INFO - Searching for files in /opt/airflow/dags
[2026-09-23T02:08:02.698+0000] {manager.py:835} INFO - There are 1 files in /opt/airflow/dags
[2026-09-23T02:08:22.954+0000] {manager.py:1008} INFO - 
================================================================================
DAG File Processing Stats

File Path                         PID    Runtime      # DAGs    # Errors  Last Runtime    Last Run               Last # of DB Queries
--------------------------------  -----  ---------  --------  ----------  --------------  -------------------  ----------------------
/opt/airflow/dags/weather_etl.py                           1           0  0.11s           2026-09-23T02:07:57                      14
================================================================================
[2026-09-23T02:08:53.343+0000] {manager.py:1008} INFO - 
================================================================================
DAG File Processing Stats

File Path                         PID    Runtime      # DAGs    # Errors  Last Runtime    Last Run               Last # of DB Queries
--------------------------------  -----  ---------  --------  ----------  --------------  -------------------  ----------------------
/opt/airflow/dags/weather_etl.py                           1           0  0.19s           2026-09-23T02:08:28                      14
================================================================================
[2026-09-23T02:09:23.715+0000] {manager.py:1008} INFO - 
================================================================================
DAG File Processing Stats

File Path                         PID    Runtime      # DAGs    # Errors  Last Runtime    Last Run               Last # of DB Queries
--------------------------------  -----  ---------  --------  ----------  --------------  -------------------  ----------------------
/opt/airflow/dags/weather_etl.py                           1           0  0.16s           2026-09-23T02:08:58                      14
================================================================================
[2026-09-23T02:09:54.122+0000] {manager.py:1008} INFO - 
================================================================================
DAG File Processing Stats

File Path                         PID    Runtime      # DAGs    # Errors  Last Runtime    Last Run               Last # of DB Queries
--------------------------------  -----  ---------  --------  ----------  --------------  -------------------  ----------------------
/opt/airflow/dags/weather_etl.py                           1           0  0.12s           2026-09-23T02:09:28                      14
================================================================================
[2026-09-23T02:10:24.500+0000] {manager.py:1008} INFO - 
================================================================================
DAG File Processing Stats

File Path                         PID    Runtime      # DAGs    # Errors  Last Runtime    Last Run               Last # of DB Queries
--------------------------------  -----  ---------  --------  ----------  --------------  -------------------  ----------------------
/opt/airflow/dags/weather_etl.py                           1           0  0.07s           2026-09-23T02:09:59                      14
================================================================================
[2026-09-23T02:10:54.857+0000] {manager.py:1008} INFO - 
================================================================================
DAG File Processing Stats

File Path                         PID    Runtime      # DAGs    # Errors  Last Runtime    Last Run               Last # of DB Queries
--------------------------------  -----  ---------  --------  ----------  --------------  -------------------  ----------------------
/opt/airflow/dags/weather_etl.py                           1           0  0.07s           2026-09-23T02:10:29                      14
================================================================================
[2026-09-23T02:11:25.218+0000] {manager.py:1008} INFO - 
================================================================================
DAG File Processing Stats

File Path                         PID    Runtime      # DAGs    # Errors  Last Runtime    Last Run               Last # of DB Queries
--------------------------------  -----  ---------  --------  ----------  --------------  -------------------  ----------------------
/opt/airflow/dags/weather_etl.py                           1           0  0.12s           2026-09-23T02:11:00                      14
================================================================================
[2026-09-23T02:11:55.621+0000] {manager.py:1008} INFO - 
================================================================================
DAG File Processing Stats

File Path                         PID    Runtime      # DAGs    # Errors  Last Runtime    Last Run               Last # of DB Queries
--------------------------------  -----  ---------  --------  ----------  --------------  -------------------  ----------------------
/opt/airflow/dags/weather_etl.py                           1           0  0.07s           2026-09-23T02:11:30                      14
================================================================================
[2026-09-23T02:12:26.542+0000] {manager.py:1008} INFO - 
================================================================================
DAG File Processing Stats

File Path                         PID    Runtime      # DAGs    # Errors  Last Runtime    Last Run               Last # of DB Queries
--------------------------------  -----  ---------  --------  ----------  --------------  -------------------  ----------------------
/opt/airflow/dags/weather_etl.py                           1           0  0.07s           2026-09-23T02:12:00                      14
================================================================================
[2026-09-23T02:12:56.911+0000] {manager.py:1008} INFO - 
================================================================================
DAG File Processing Stats

File Path                         PID    Runtime      # DAGs    # Errors  Last Runtime    Last Run               Last # of DB Queries
--------------------------------  -----  ---------  --------  ----------  --------------  -------------------  ----------------------
/opt/airflow/dags/weather_etl.py                           1           0  0.12s           2026-09-23T02:12:31                      14
================================================================================
[2026-09-23T02:13:03.001+0000] {manager.py:832} INFO - Searching for files in /opt/airflow/dags
[2026-09-23T02:13:03.009+0000] {manager.py:835} INFO - There are 1 files in /opt/airflow/dags
[2026-09-23T02:13:27.287+0000] {manager.py:1008} INFO - 
================================================================================
DAG File Processing Stats

File Path                         PID    Runtime      # DAGs    # Errors  Last Runtime    Last Run               Last # of DB Queries
--------------------------------  -----  ---------  --------  ----------  --------------  -------------------  ----------------------
/opt/airflow/dags/weather_etl.py                           1           0  0.11s           2026-09-23T02:13:02                      14
================================================================================
[2026-09-23T02:13:57.662+0000] {manager.py:1008} INFO - 
================================================================================
DAG File Processing Stats

File Path                         PID    Runtime      # DAGs    # Errors  Last Runtime    Last Run               Last # of DB Queries
--------------------------------  -----  ---------  --------  ----------  --------------  -------------------  ----------------------
/opt/airflow/dags/weather_etl.py                           1           0  0.17s           2026-09-23T02:13:32                      14
================================================================================
[2026-09-23T02:14:28.009+0000] {manager.py:1008} INFO - 
================================================================================
DAG File Processing Stats

File Path                         PID    Runtime      # DAGs    # Errors  Last Runtime    Last Run               Last # of DB Queries
--------------------------------  -----  ---------  --------  ----------  --------------  -------------------  ----------------------
/opt/airflow/dags/weather_etl.py                           1           0  0.08s           2026-09-23T02:14:02                      14
================================================================================
[2026-09-23T02:14:58.413+0000] {manager.py:1008} INFO - 
================================================================================
DAG File Processing Stats

File Path                         PID    Runtime      # DAGs    # Errors  Last Runtime    Last Run               Last # of DB Queries
--------------------------------  -----  ---------  --------  ----------  --------------  -------------------  ----------------------
/opt/airflow/dags/weather_etl.py                           1           0  0.10s           2026-09-23T02:14:33                      14
================================================================================
[2026-09-23T02:15:28.814+0000] {manager.py:1008} INFO - 
================================================================================
DAG File Processing Stats

File Path                         PID    Runtime      # DAGs    # Errors  Last Runtime    Last Run               Last # of DB Queries
--------------------------------  -----  ---------  --------  ----------  --------------  -------------------  ----------------------
/opt/airflow/dags/weather_etl.py                           1           0  0.11s           2026-09-23T02:15:03                      14
================================================================================
[2026-09-23T02:15:59.176+0000] {manager.py:1008} INFO - 
================================================================================
DAG File Processing Stats

File Path                         PID    Runtime      # DAGs    # Errors  Last Runtime    Last Run               Last # of DB Queries
--------------------------------  -----  ---------  --------  ----------  --------------  -------------------  ----------------------
/opt/airflow/dags/weather_etl.py                           1           0  0.10s           2026-09-23T02:15:33                      14
================================================================================
[2026-09-23T02:16:29.652+0000] {manager.py:1008} INFO - 
================================================================================
DAG File Processing Stats

File Path                         PID    Runtime      # DAGs    # Errors  Last Runtime    Last Run               Last # of DB Queries
--------------------------------  -----  ---------  --------  ----------  --------------  -------------------  ----------------------
/opt/airflow/dags/weather_etl.py                           1           0  0.09s           2026-09-23T02:16:04                      14
================================================================================
[2026-09-23T02:17:00.112+0000] {manager.py:1008} INFO - 
================================================================================
DAG File Processing Stats

File Path                         PID    Runtime      # DAGs    # Errors  Last Runtime    Last Run               Last # of DB Queries
--------------------------------  -----  ---------  --------  ----------  --------------  -------------------  ----------------------
/opt/airflow/dags/weather_etl.py                           1           0  0.21s           2026-09-23T02:16:34                      14
================================================================================
[2026-09-23T02:17:30.529+0000] {manager.py:1008} INFO - 
================================================================================
DAG File Processing Stats

File Path                         PID    Runtime      # DAGs    # Errors  Last Runtime    Last Run               Last # of DB Queries
--------------------------------  -----  ---------  --------  ----------  --------------  -------------------  ----------------------
/opt/airflow/dags/weather_etl.py                           1           0  0.10s           2026-09-23T02:17:05                      14
================================================================================
[2026-09-23T02:18:00.961+0000] {manager.py:1008} INFO - 
================================================================================
DAG File Processing Stats

File Path                         PID    Runtime      # DAGs    # Errors  Last Runtime    Last Run               Last # of DB Queries
--------------------------------  -----  ---------  --------  ----------  --------------  -------------------  ----------------------
/opt/airflow/dags/weather_etl.py                           1           0  0.26s           2026-09-23T02:17:35                      14
================================================================================
[2026-09-23T02:18:03.135+0000] {manager.py:832} INFO - Searching for files in /opt/airflow/dags
[2026-09-23T02:18:03.148+0000] {manager.py:835} INFO - There are 1 files in /opt/airflow/dags
[2026-09-23T02:18:31.315+0000] {manager.py:1008} INFO - 
================================================================================
DAG File Processing Stats

File Path                         PID    Runtime      # DAGs    # Errors  Last Runtime    Last Run               Last # of DB Queries
--------------------------------  -----  ---------  --------  ----------  --------------  -------------------  ----------------------
/opt/airflow/dags/weather_etl.py                           1           0  0.12s           2026-09-23T02:18:06                      14
================================================================================
[2026-09-23T02:19:01.738+0000] {manager.py:1008} INFO - 
================================================================================
DAG File Processing Stats

File Path                         PID    Runtime      # DAGs    # Errors  Last Runtime    Last Run               Last # of DB Queries
--------------------------------  -----  ---------  --------  ----------  --------------  -------------------  ----------------------
/opt/airflow/dags/weather_etl.py                           1           0  0.08s           2026-09-23T02:18:36                      14
================================================================================
[2026-09-23T02:19:32.132+0000] {manager.py:1008} INFO - 
================================================================================
DAG File Processing Stats

File Path                         PID    Runtime      # DAGs    # Errors  Last Runtime    Last Run               Last # of DB Queries
--------------------------------  -----  ---------  --------  ----------  --------------  -------------------  ----------------------
/opt/airflow/dags/weather_etl.py                           1           0  0.10s           2026-09-23T02:19:06                      14
================================================================================
[2026-09-23T02:20:02.552+0000] {manager.py:1008} INFO - 
================================================================================
DAG File Processing Stats

File Path                         PID    Runtime      # DAGs    # Errors  Last Runtime    Last Run               Last # of DB Queries
--------------------------------  -----  ---------  --------  ----------  --------------  -------------------  ----------------------
/opt/airflow/dags/weather_etl.py                           1           0  0.08s           2026-09-23T02:19:37                      14
================================================================================
[2026-09-23T02:20:32.982+0000] {manager.py:1008} INFO - 
================================================================================
DAG File Processing Stats

File Path                         PID    Runtime      # DAGs    # Errors  Last Runtime    Last Run               Last # of DB Queries
--------------------------------  -----  ---------  --------  ----------  --------------  -------------------  ----------------------
/opt/airflow/dags/weather_etl.py                           1           0  0.22s           2026-09-23T02:20:07                      14
================================================================================
[2026-09-23T02:21:03.426+0000] {manager.py:1008} INFO - 
================================================================================
DAG File Processing Stats

File Path                         PID    Runtime      # DAGs    # Errors  Last Runtime    Last Run               Last # of DB Queries
--------------------------------  -----  ---------  --------  ----------  --------------  -------------------  ----------------------
/opt/airflow/dags/weather_etl.py                           1           0  0.14s           2026-09-23T02:20:38                      14
================================================================================
[2026-09-23T02:21:33.779+0000] {manager.py:1008} INFO - 
================================================================================
DAG File Processing Stats

File Path                         PID    Runtime      # DAGs    # Errors  Last Runtime    Last Run               Last # of DB Queries
--------------------------------  -----  ---------  --------  ----------  --------------  -------------------  ----------------------
/opt/airflow/dags/weather_etl.py                           1           0  0.10s           2026-09-23T02:21:08                      14
================================================================================
[2026-09-23T02:22:04.178+0000] {manager.py:1008} INFO - 
================================================================================
DAG File Processing Stats

File Path                         PID    Runtime      # DAGs    # Errors  Last Runtime    Last Run               Last # of DB Queries
--------------------------------  -----  ---------  --------  ----------  --------------  -------------------  ----------------------
/opt/airflow/dags/weather_etl.py                           1           0  0.16s           2026-09-23T02:21:38                      14
================================================================================
[2026-09-23T02:22:34.585+0000] {manager.py:1008} INFO - 
================================================================================
DAG File Processing Stats

File Path                         PID    Runtime      # DAGs    # Errors  Last Runtime    Last Run               Last # of DB Queries
--------------------------------  -----  ---------  --------  ----------  --------------  -------------------  ----------------------
/opt/airflow/dags/weather_etl.py                           1           0  0.14s           2026-09-23T02:22:09                      14
================================================================================
[2026-09-23T02:23:03.914+0000] {manager.py:832} INFO - Searching for files in /opt/airflow/dags
[2026-09-23T02:23:03.926+0000] {manager.py:835} INFO - There are 1 files in /opt/airflow/dags
[2026-09-23T02:23:04.964+0000] {manager.py:1008} INFO - 
================================================================================
DAG File Processing Stats

File Path                         PID    Runtime      # DAGs    # Errors  Last Runtime    Last Run               Last # of DB Queries
--------------------------------  -----  ---------  --------  ----------  --------------  -------------------  ----------------------
/opt/airflow/dags/weather_etl.py                           1           0  0.09s           2026-09-23T02:22:39                      14
================================================================================
[2026-09-23T02:23:35.303+0000] {manager.py:1008} INFO - 
================================================================================
DAG File Processing Stats

File Path                         PID    Runtime      # DAGs    # Errors  Last Runtime    Last Run               Last # of DB Queries
--------------------------------  -----  ---------  --------  ----------  --------------  -------------------  ----------------------
/opt/airflow/dags/weather_etl.py                           1           0  0.09s           2026-09-23T02:23:10                      14
================================================================================
[2026-09-23T02:24:05.642+0000] {manager.py:1008} INFO - 
================================================================================
DAG File Processing Stats

File Path                         PID    Runtime      # DAGs    # Errors  Last Runtime    Last Run               Last # of DB Queries
--------------------------------  -----  ---------  --------  ----------  --------------  -------------------  ----------------------
/opt/airflow/dags/weather_etl.py                           1           0  0.12s           2026-09-23T02:23:40                      14
================================================================================
[2026-09-23T02:24:36.058+0000] {manager.py:1008} INFO - 
================================================================================
DAG File Processing Stats

File Path                         PID    Runtime      # DAGs    # Errors  Last Runtime    Last Run               Last # of DB Queries
--------------------------------  -----  ---------  --------  ----------  --------------  -------------------  ----------------------
/opt/airflow/dags/weather_etl.py                           1           0  0.10s           2026-09-23T02:24:10                      14
================================================================================
[2026-09-23T02:25:06.442+0000] {manager.py:1008} INFO - 
================================================================================
DAG File Processing Stats

File Path                         PID    Runtime      # DAGs    # Errors  Last Runtime    Last Run               Last # of DB Queries
--------------------------------  -----  ---------  --------  ----------  --------------  -------------------  ----------------------
/opt/airflow/dags/weather_etl.py                           1           0  0.07s           2026-09-23T02:24:41                      14
================================================================================
[2026-09-23T02:25:36.834+0000] {manager.py:1008} INFO - 
================================================================================
DAG File Processing Stats

File Path                         PID    Runtime      # DAGs    # Errors  Last Runtime    Last Run               Last # of DB Queries
--------------------------------  -----  ---------  --------  ----------  --------------  -------------------  ----------------------
/opt/airflow/dags/weather_etl.py                           1           0  0.08s           2026-09-23T02:25:11                      14
================================================================================
[2026-09-23T02:26:07.219+0000] {manager.py:1008} INFO - 
================================================================================
DAG File Processing Stats

File Path                         PID    Runtime      # DAGs    # Errors  Last Runtime    Last Run               Last # of DB Queries
--------------------------------  -----  ---------  --------  ----------  --------------  -------------------  ----------------------
/opt/airflow/dags/weather_etl.py                           1           0  0.10s           2026-09-23T02:25:41                      14
================================================================================
[2026-09-23T02:26:37.588+0000] {manager.py:1008} INFO - 
================================================================================
DAG File Processing Stats

File Path                         PID    Runtime      # DAGs    # Errors  Last Runtime    Last Run               Last # of DB Queries
--------------------------------  -----  ---------  --------  ----------  --------------  -------------------  ----------------------
/opt/airflow/dags/weather_etl.py                           1           0  0.07s           2026-09-23T02:26:12                      14
================================================================================
[2026-09-23T02:27:07.997+0000] {manager.py:1008} INFO - 
================================================================================
DAG File Processing Stats

File Path                         PID    Runtime      # DAGs    # Errors  Last Runtime    Last Run               Last # of DB Queries
--------------------------------  -----  ---------  --------  ----------  --------------  -------------------  ----------------------
/opt/airflow/dags/weather_etl.py                           1           0  0.08s           2026-09-23T02:26:42                      14
================================================================================
[2026-09-23T02:27:38.360+0000] {manager.py:1008} INFO - 
================================================================================
DAG File Processing Stats

File Path                         PID    Runtime      # DAGs    # Errors  Last Runtime    Last Run               Last # of DB Queries
--------------------------------  -----  ---------  --------  ----------  --------------  -------------------  ----------------------
/opt/airflow/dags/weather_etl.py                           1           0  0.09s           2026-09-23T02:27:13                      14
================================================================================
[2026-09-23T02:28:04.655+0000] {manager.py:832} INFO - Searching for files in /opt/airflow/dags
[2026-09-23T02:28:04.664+0000] {manager.py:835} INFO - There are 1 files in /opt/airflow/dags
[2026-09-23T02:28:08.720+0000] {manager.py:1008} INFO - 
================================================================================
DAG File Processing Stats

File Path                         PID    Runtime      # DAGs    # Errors  Last Runtime    Last Run               Last # of DB Queries
--------------------------------  -----  ---------  --------  ----------  --------------  -------------------  ----------------------
/opt/airflow/dags/weather_etl.py                           1           0  0.08s           2026-09-23T02:27:43                      14
================================================================================
[2026-09-23T02:28:39.098+0000] {manager.py:1008} INFO - 
================================================================================
DAG File Processing Stats

File Path                         PID    Runtime      # DAGs    # Errors  Last Runtime    Last Run               Last # of DB Queries
--------------------------------  -----  ---------  --------  ----------  --------------  -------------------  ----------------------
/opt/airflow/dags/weather_etl.py                           1           0  0.11s           2026-09-23T02:28:13                      14
================================================================================
[2026-09-23T02:29:09.478+0000] {manager.py:1008} INFO - 
================================================================================
DAG File Processing Stats

File Path                         PID    Runtime      # DAGs    # Errors  Last Runtime    Last Run               Last # of DB Queries
--------------------------------  -----  ---------  --------  ----------  --------------  -------------------  ----------------------
/opt/airflow/dags/weather_etl.py                           1           0  0.12s           2026-09-23T02:28:44                      14
================================================================================
[2026-09-23T02:29:39.856+0000] {manager.py:1008} INFO - 
================================================================================
DAG File Processing Stats

File Path                         PID    Runtime      # DAGs    # Errors  Last Runtime    Last Run               Last # of DB Queries
--------------------------------  -----  ---------  --------  ----------  --------------  -------------------  ----------------------
/opt/airflow/dags/weather_etl.py                           1           0  0.15s           2026-09-23T02:29:14                      14
================================================================================
[2026-09-23T02:30:10.225+0000] {manager.py:1008} INFO - 
================================================================================
DAG File Processing Stats

File Path                         PID    Runtime      # DAGs    # Errors  Last Runtime    Last Run               Last # of DB Queries
--------------------------------  -----  ---------  --------  ----------  --------------  -------------------  ----------------------
/opt/airflow/dags/weather_etl.py                           1           0  0.08s           2026-09-23T02:29:45                      14
================================================================================
[2026-09-23T02:30:40.590+0000] {manager.py:1008} INFO - 
================================================================================
DAG File Processing Stats

File Path                         PID    Runtime      # DAGs    # Errors  Last Runtime    Last Run               Last # of DB Queries
--------------------------------  -----  ---------  --------  ----------  --------------  -------------------  ----------------------
/opt/airflow/dags/weather_etl.py                           1           0  0.09s           2026-09-23T02:30:15                      14
================================================================================
[2026-09-23T02:31:10.980+0000] {manager.py:1008} INFO - 
================================================================================
DAG File Processing Stats

File Path                         PID    Runtime      # DAGs    # Errors  Last Runtime    Last Run               Last # of DB Queries
--------------------------------  -----  ---------  --------  ----------  --------------  -------------------  ----------------------
/opt/airflow/dags/weather_etl.py                           1           0  0.09s           2026-09-23T02:30:45                      14
================================================================================
[2026-09-23T02:31:41.374+0000] {manager.py:1008} INFO - 
================================================================================
DAG File Processing Stats

File Path                         PID    Runtime      # DAGs    # Errors  Last Runtime    Last Run               Last # of DB Queries
--------------------------------  -----  ---------  --------  ----------  --------------  -------------------  ----------------------
/opt/airflow/dags/weather_etl.py                           1           0  0.10s           2026-09-23T02:31:16                      14
================================================================================
[2026-09-23T02:32:11.797+0000] {manager.py:1008} INFO - 
================================================================================
DAG File Processing Stats

File Path                         PID    Runtime      # DAGs    # Errors  Last Runtime    Last Run               Last # of DB Queries
--------------------------------  -----  ---------  --------  ----------  --------------  -------------------  ----------------------
/opt/airflow/dags/weather_etl.py                           1           0  0.12s           2026-09-23T02:31:46                      14
================================================================================
[2026-09-23T02:32:42.202+0000] {manager.py:1008} INFO - 
================================================================================
DAG File Processing Stats

File Path                         PID    Runtime      # DAGs    # Errors  Last Runtime    Last Run               Last # of DB Queries
--------------------------------  -----  ---------  --------  ----------  --------------  -------------------  ----------------------
/opt/airflow/dags/weather_etl.py                           1           0  0.09s           2026-09-23T02:32:16                      14
================================================================================
[2026-09-23T02:33:05.508+0000] {manager.py:832} INFO - Searching for files in /opt/airflow/dags
[2026-09-23T02:33:05.520+0000] {manager.py:835} INFO - There are 1 files in /opt/airflow/dags
[2026-09-23T02:33:12.610+0000] {manager.py:1008} INFO - 
================================================================================
DAG File Processing Stats

File Path                         PID    Runtime      # DAGs    # Errors  Last Runtime    Last Run               Last # of DB Queries
--------------------------------  -----  ---------  --------  ----------  --------------  -------------------  ----------------------
/opt/airflow/dags/weather_etl.py                           1           0  0.08s           2026-09-23T02:32:47                      14
================================================================================
[2026-09-23T02:33:43.014+0000] {manager.py:1008} INFO - 
================================================================================
DAG File Processing Stats

File Path                         PID    Runtime      # DAGs    # Errors  Last Runtime    Last Run               Last # of DB Queries
--------------------------------  -----  ---------  --------  ----------  --------------  -------------------  ----------------------
/opt/airflow/dags/weather_etl.py                           1           0  0.19s           2026-09-23T02:33:17                      14
================================================================================
[2026-09-23T02:34:13.428+0000] {manager.py:1008} INFO - 
================================================================================
DAG File Processing Stats

File Path                         PID    Runtime      # DAGs    # Errors  Last Runtime    Last Run               Last # of DB Queries
--------------------------------  -----  ---------  --------  ----------  --------------  -------------------  ----------------------
/opt/airflow/dags/weather_etl.py                           1           0  0.10s           2026-09-23T02:33:48                      14
================================================================================
[2026-09-23T02:34:43.866+0000] {manager.py:1008} INFO - 
================================================================================
DAG File Processing Stats

File Path                         PID    Runtime      # DAGs    # Errors  Last Runtime    Last Run               Last # of DB Queries
--------------------------------  -----  ---------  --------  ----------  --------------  -------------------  ----------------------
/opt/airflow/dags/weather_etl.py                           1           0  0.14s           2026-09-23T02:34:18                      14
================================================================================
[2026-09-23T02:35:14.235+0000] {manager.py:1008} INFO - 
================================================================================
DAG File Processing Stats

File Path                         PID    Runtime      # DAGs    # Errors  Last Runtime    Last Run               Last # of DB Queries
--------------------------------  -----  ---------  --------  ----------  --------------  -------------------  ----------------------
/opt/airflow/dags/weather_etl.py                           1           0  0.09s           2026-09-23T02:34:49                      14
================================================================================
[2026-09-23T02:35:44.690+0000] {manager.py:1008} INFO - 
================================================================================
DAG File Processing Stats

File Path                         PID    Runtime      # DAGs    # Errors  Last Runtime    Last Run               Last # of DB Queries
--------------------------------  -----  ---------  --------  ----------  --------------  -------------------  ----------------------
/opt/airflow/dags/weather_etl.py                           1           0  0.19s           2026-09-23T02:35:19                      14
================================================================================
[2026-09-23T02:36:15.087+0000] {manager.py:1008} INFO - 
================================================================================
DAG File Processing Stats

File Path                         PID    Runtime      # DAGs    # Errors  Last Runtime    Last Run               Last # of DB Queries
--------------------------------  -----  ---------  --------  ----------  --------------  -------------------  ----------------------
/opt/airflow/dags/weather_etl.py                           1           0  0.16s           2026-09-23T02:35:49                      14
================================================================================
[2026-09-23T02:36:45.451+0000] {manager.py:1008} INFO - 
================================================================================
DAG File Processing Stats

File Path                         PID    Runtime      # DAGs    # Errors  Last Runtime    Last Run               Last # of DB Queries
--------------------------------  -----  ---------  --------  ----------  --------------  -------------------  ----------------------
/opt/airflow/dags/weather_etl.py                           1           0  0.10s           2026-09-23T02:36:20                      14
================================================================================
[2026-09-23T02:37:15.839+0000] {manager.py:1008} INFO - 
================================================================================
DAG File Processing Stats

File Path                         PID    Runtime      # DAGs    # Errors  Last Runtime    Last Run               Last # of DB Queries
--------------------------------  -----  ---------  --------  ----------  --------------  -------------------  ----------------------
/opt/airflow/dags/weather_etl.py                           1           0  0.08s           2026-09-23T02:36:50                      14
================================================================================
[2026-09-23T02:37:46.211+0000] {manager.py:1008} INFO - 
================================================================================
DAG File Processing Stats

File Path                         PID    Runtime      # DAGs    # Errors  Last Runtime    Last Run               Last # of DB Queries
--------------------------------  -----  ---------  --------  ----------  --------------  -------------------  ----------------------
/opt/airflow/dags/weather_etl.py                           1           0  0.10s           2026-09-23T02:37:21                      14
================================================================================
[2026-09-23T02:38:05.530+0000] {manager.py:832} INFO - Searching for files in /opt/airflow/dags
[2026-09-23T02:38:05.545+0000] {manager.py:835} INFO - There are 1 files in /opt/airflow/dags
[2026-09-23T02:38:16.605+0000] {manager.py:1008} INFO - 
================================================================================
DAG File Processing Stats

File Path                         PID    Runtime      # DAGs    # Errors  Last Runtime    Last Run               Last # of DB Queries
--------------------------------  -----  ---------  --------  ----------  --------------  -------------------  ----------------------
/opt/airflow/dags/weather_etl.py                           1           0  0.12s           2026-09-23T02:37:51                      14
================================================================================
[2026-09-23T02:38:46.993+0000] {manager.py:1008} INFO - 
================================================================================
DAG File Processing Stats

File Path                         PID    Runtime      # DAGs    # Errors  Last Runtime    Last Run               Last # of DB Queries
--------------------------------  -----  ---------  --------  ----------  --------------  -------------------  ----------------------
/opt/airflow/dags/weather_etl.py                           1           0  0.11s           2026-09-23T02:38:21                      14
================================================================================
[2026-09-23T02:39:17.402+0000] {manager.py:1008} INFO - 
================================================================================
DAG File Processing Stats

File Path                         PID    Runtime      # DAGs    # Errors  Last Runtime    Last Run               Last # of DB Queries
--------------------------------  -----  ---------  --------  ----------  --------------  -------------------  ----------------------
/opt/airflow/dags/weather_etl.py                           1           0  0.11s           2026-09-23T02:38:52                      14
================================================================================
[2026-09-23T02:39:47.756+0000] {manager.py:1008} INFO - 
================================================================================
DAG File Processing Stats

File Path                         PID    Runtime      # DAGs    # Errors  Last Runtime    Last Run               Last # of DB Queries
--------------------------------  -----  ---------  --------  ----------  --------------  -------------------  ----------------------
/opt/airflow/dags/weather_etl.py                           1           0  0.13s           2026-09-23T02:39:22                      14
================================================================================
[2026-09-23T02:40:18.225+0000] {manager.py:1008} INFO - 
================================================================================
DAG File Processing Stats

File Path                         PID    Runtime      # DAGs    # Errors  Last Runtime    Last Run               Last # of DB Queries
--------------------------------  -----  ---------  --------  ----------  --------------  -------------------  ----------------------
/opt/airflow/dags/weather_etl.py                           1           0  0.13s           2026-09-23T02:39:52                      14
================================================================================
[2026-09-23T02:40:48.605+0000] {manager.py:1008} INFO - 
================================================================================
DAG File Processing Stats

File Path                         PID    Runtime      # DAGs    # Errors  Last Runtime    Last Run               Last # of DB Queries
--------------------------------  -----  ---------  --------  ----------  --------------  -------------------  ----------------------
/opt/airflow/dags/weather_etl.py                           1           0  0.11s           2026-09-23T02:40:23                      14
================================================================================
[2026-09-23T02:41:19.027+0000] {manager.py:1008} INFO - 
================================================================================
DAG File Processing Stats

File Path                         PID    Runtime      # DAGs    # Errors  Last Runtime    Last Run               Last # of DB Queries
--------------------------------  -----  ---------  --------  ----------  --------------  -------------------  ----------------------
/opt/airflow/dags/weather_etl.py                           1           0  0.07s           2026-09-23T02:40:53                      14
================================================================================
[2026-09-23T02:41:49.418+0000] {manager.py:1008} INFO - 
================================================================================
DAG File Processing Stats

File Path                         PID    Runtime      # DAGs    # Errors  Last Runtime    Last Run               Last # of DB Queries
--------------------------------  -----  ---------  --------  ----------  --------------  -------------------  ----------------------
/opt/airflow/dags/weather_etl.py                           1           0  0.13s           2026-09-23T02:41:24                      14
================================================================================
[2026-09-23T02:42:19.837+0000] {manager.py:1008} INFO - 
================================================================================
DAG File Processing Stats

File Path                         PID    Runtime      # DAGs    # Errors  Last Runtime    Last Run               Last # of DB Queries
--------------------------------  -----  ---------  --------  ----------  --------------  -------------------  ----------------------
/opt/airflow/dags/weather_etl.py                           1           0  0.09s           2026-09-23T02:41:54                      14
================================================================================
[2026-09-23T02:42:50.159+0000] {manager.py:1008} INFO - 
================================================================================
DAG File Processing Stats

File Path                         PID    Runtime      # DAGs    # Errors  Last Runtime    Last Run               Last # of DB Queries
--------------------------------  -----  ---------  --------  ----------  --------------  -------------------  ----------------------
/opt/airflow/dags/weather_etl.py                           1           0  0.10s           2026-09-23T02:42:24                      14
================================================================================
[2026-09-23T02:43:06.339+0000] {manager.py:832} INFO - Searching for files in /opt/airflow/dags
[2026-09-23T02:43:06.353+0000] {manager.py:835} INFO - There are 1 files in /opt/airflow/dags
[2026-09-23T02:43:20.518+0000] {manager.py:1008} INFO - 
================================================================================
DAG File Processing Stats

File Path                         PID    Runtime      # DAGs    # Errors  Last Runtime    Last Run               Last # of DB Queries
--------------------------------  -----  ---------  --------  ----------  --------------  -------------------  ----------------------
/opt/airflow/dags/weather_etl.py                           1           0  0.09s           2026-09-23T02:42:55                      14
================================================================================
[2026-09-23T02:43:50.929+0000] {manager.py:1008} INFO - 
================================================================================
DAG File Processing Stats

File Path                         PID    Runtime      # DAGs    # Errors  Last Runtime    Last Run               Last # of DB Queries
--------------------------------  -----  ---------  --------  ----------  --------------  -------------------  ----------------------
/opt/airflow/dags/weather_etl.py                           1           0  0.12s           2026-09-23T02:43:25                      14
================================================================================
[2026-09-23T02:44:21.447+0000] {manager.py:1008} INFO - 
================================================================================
DAG File Processing Stats

File Path                         PID    Runtime      # DAGs    # Errors  Last Runtime    Last Run               Last # of DB Queries
--------------------------------  -----  ---------  --------  ----------  --------------  -------------------  ----------------------
/opt/airflow/dags/weather_etl.py                           1           0  0.10s           2026-09-23T02:43:56                      14
================================================================================
[2026-09-23T02:44:51.964+0000] {manager.py:1008} INFO - 
================================================================================
DAG File Processing Stats

File Path                         PID    Runtime      # DAGs    # Errors  Last Runtime    Last Run               Last # of DB Queries
--------------------------------  -----  ---------  --------  ----------  --------------  -------------------  ----------------------
/opt/airflow/dags/weather_etl.py                           1           0  0.14s           2026-09-23T02:44:26                      14
================================================================================
[2026-09-23T02:45:22.487+0000] {manager.py:1008} INFO - 
================================================================================
DAG File Processing Stats

File Path                         PID    Runtime      # DAGs    # Errors  Last Runtime    Last Run               Last # of DB Queries
--------------------------------  -----  ---------  --------  ----------  --------------  -------------------  ----------------------
/opt/airflow/dags/weather_etl.py                           1           0  0.19s           2026-09-23T02:44:57                      14
================================================================================
[2026-09-23T02:45:53.264+0000] {manager.py:1008} INFO - 
================================================================================
DAG File Processing Stats

File Path                         PID    Runtime      # DAGs    # Errors  Last Runtime    Last Run               Last # of DB Queries
--------------------------------  -----  ---------  --------  ----------  --------------  -------------------  ----------------------
/opt/airflow/dags/weather_etl.py                           1           0  0.12s           2026-09-23T02:45:27                      14
================================================================================
[2026-09-23T02:46:59.130+0000] {manager.py:1008} INFO - 
================================================================================
DAG File Processing Stats

File Path                         PID    Runtime      # DAGs    # Errors  Last Runtime    Last Run               Last # of DB Queries
--------------------------------  -----  ---------  --------  ----------  --------------  -------------------  ----------------------
/opt/airflow/dags/weather_etl.py                           1           0  35.43s          2026-09-23T02:46:33                      14
================================================================================
[2026-09-23T02:47:29.506+0000] {manager.py:1008} INFO - 
================================================================================
DAG File Processing Stats

File Path                         PID    Runtime      # DAGs    # Errors  Last Runtime    Last Run               Last # of DB Queries
--------------------------------  -----  ---------  --------  ----------  --------------  -------------------  ----------------------
/opt/airflow/dags/weather_etl.py                           1           0  0.15s           2026-09-23T02:47:04                      14
================================================================================
[2026-09-23T02:47:59.889+0000] {manager.py:1008} INFO - 
================================================================================
DAG File Processing Stats

File Path                         PID    Runtime      # DAGs    # Errors  Last Runtime    Last Run               Last # of DB Queries
--------------------------------  -----  ---------  --------  ----------  --------------  -------------------  ----------------------
/opt/airflow/dags/weather_etl.py                           1           0  0.08s           2026-09-23T02:47:34                      14
================================================================================
[2026-09-23T02:48:06.988+0000] {manager.py:832} INFO - Searching for files in /opt/airflow/dags
[2026-09-23T02:48:06.998+0000] {manager.py:835} INFO - There are 1 files in /opt/airflow/dags
[2026-09-23T02:48:30.283+0000] {manager.py:1008} INFO - 
================================================================================
DAG File Processing Stats

File Path                         PID    Runtime      # DAGs    # Errors  Last Runtime    Last Run               Last # of DB Queries
--------------------------------  -----  ---------  --------  ----------  --------------  -------------------  ----------------------
/opt/airflow/dags/weather_etl.py                           1           0  0.07s           2026-09-23T02:48:05                      14
================================================================================
[2026-09-23T02:49:00.615+0000] {manager.py:1008} INFO - 
================================================================================
DAG File Processing Stats

File Path                         PID    Runtime      # DAGs    # Errors  Last Runtime    Last Run               Last # of DB Queries
--------------------------------  -----  ---------  --------  ----------  --------------  -------------------  ----------------------
/opt/airflow/dags/weather_etl.py                           1           0  0.06s           2026-09-23T02:48:35                      14
================================================================================
[2026-09-23T02:49:30.901+0000] {manager.py:1008} INFO - 
================================================================================
DAG File Processing Stats

File Path                         PID    Runtime      # DAGs    # Errors  Last Runtime    Last Run               Last # of DB Queries
--------------------------------  -----  ---------  --------  ----------  --------------  -------------------  ----------------------
/opt/airflow/dags/weather_etl.py                           1           0  0.06s           2026-09-23T02:49:05                      14
================================================================================
[2026-09-23T02:50:01.217+0000] {manager.py:1008} INFO - 
================================================================================
DAG File Processing Stats

File Path                         PID    Runtime      # DAGs    # Errors  Last Runtime    Last Run               Last # of DB Queries
--------------------------------  -----  ---------  --------  ----------  --------------  -------------------  ----------------------
/opt/airflow/dags/weather_etl.py                           1           0  0.08s           2026-09-23T02:49:36                      14
================================================================================
[2026-09-23T02:50:31.585+0000] {manager.py:1008} INFO - 
================================================================================
DAG File Processing Stats

File Path                         PID    Runtime      # DAGs    # Errors  Last Runtime    Last Run               Last # of DB Queries
--------------------------------  -----  ---------  --------  ----------  --------------  -------------------  ----------------------
/opt/airflow/dags/weather_etl.py                           1           0  0.06s           2026-09-23T02:50:06                      14
================================================================================
[2026-09-23T02:51:01.938+0000] {manager.py:1008} INFO - 
================================================================================
DAG File Processing Stats

File Path                         PID    Runtime      # DAGs    # Errors  Last Runtime    Last Run               Last # of DB Queries
--------------------------------  -----  ---------  --------  ----------  --------------  -------------------  ----------------------
/opt/airflow/dags/weather_etl.py                           1           0  0.06s           2026-09-23T02:50:36                      14
================================================================================
[2026-09-23T02:51:32.321+0000] {manager.py:1008} INFO - 
================================================================================
DAG File Processing Stats

File Path                         PID    Runtime      # DAGs    # Errors  Last Runtime    Last Run               Last # of DB Queries
--------------------------------  -----  ---------  --------  ----------  --------------  -------------------  ----------------------
/opt/airflow/dags/weather_etl.py                           1           0  0.08s           2026-09-23T02:51:07                      14
================================================================================
[2026-09-23T02:52:02.687+0000] {manager.py:1008} INFO - 
================================================================================
DAG File Processing Stats

File Path                         PID    Runtime      # DAGs    # Errors  Last Runtime    Last Run               Last # of DB Queries
--------------------------------  -----  ---------  --------  ----------  --------------  -------------------  ----------------------
/opt/airflow/dags/weather_etl.py                           1           0  0.07s           2026-09-23T02:51:37                      14
================================================================================
[2026-09-23T02:52:33.078+0000] {manager.py:1008} INFO - 
================================================================================
DAG File Processing Stats

File Path                         PID    Runtime      # DAGs    # Errors  Last Runtime    Last Run               Last # of DB Queries
--------------------------------  -----  ---------  --------  ----------  --------------  -------------------  ----------------------
/opt/airflow/dags/weather_etl.py                           1           0  0.07s           2026-09-23T02:52:07                      14
================================================================================
[2026-09-23T02:53:03.546+0000] {manager.py:1008} INFO - 
================================================================================
DAG File Processing Stats

File Path                         PID    Runtime      # DAGs    # Errors  Last Runtime    Last Run               Last # of DB Queries
--------------------------------  -----  ---------  --------  ----------  --------------  -------------------  ----------------------
/opt/airflow/dags/weather_etl.py                           1           0  0.13s           2026-09-23T02:52:38                      14
================================================================================
[2026-09-23T02:53:07.598+0000] {manager.py:832} INFO - Searching for files in /opt/airflow/dags
[2026-09-23T02:53:07.607+0000] {manager.py:835} INFO - There are 1 files in /opt/airflow/dags
[2026-09-23T02:53:33.918+0000] {manager.py:1008} INFO - 
================================================================================
DAG File Processing Stats

File Path                         PID    Runtime      # DAGs    # Errors  Last Runtime    Last Run               Last # of DB Queries
--------------------------------  -----  ---------  --------  ----------  --------------  -------------------  ----------------------
/opt/airflow/dags/weather_etl.py                           1           0  0.08s           2026-09-23T02:53:08                      14
================================================================================
[2026-09-23T02:54:04.320+0000] {manager.py:1008} INFO - 
================================================================================
DAG File Processing Stats

File Path                         PID    Runtime      # DAGs    # Errors  Last Runtime    Last Run               Last # of DB Queries
--------------------------------  -----  ---------  --------  ----------  --------------  -------------------  ----------------------
/opt/airflow/dags/weather_etl.py                           1           0  0.07s           2026-09-23T02:53:39                      14
================================================================================
[2026-09-23T02:54:34.754+0000] {manager.py:1008} INFO - 
================================================================================
DAG File Processing Stats

File Path                         PID    Runtime      # DAGs    # Errors  Last Runtime    Last Run               Last # of DB Queries
--------------------------------  -----  ---------  --------  ----------  --------------  -------------------  ----------------------
/opt/airflow/dags/weather_etl.py                           1           0  0.12s           2026-09-23T02:54:09                      14
================================================================================
[2026-09-23T02:55:05.255+0000] {manager.py:1008} INFO - 
================================================================================
DAG File Processing Stats

File Path                         PID    Runtime      # DAGs    # Errors  Last Runtime    Last Run               Last # of DB Queries
--------------------------------  -----  ---------  --------  ----------  --------------  -------------------  ----------------------
/opt/airflow/dags/weather_etl.py                           1           0  0.10s           2026-09-23T02:54:39                      14
================================================================================
[2026-09-23T02:55:35.657+0000] {manager.py:1008} INFO - 
================================================================================
DAG File Processing Stats

File Path                         PID    Runtime      # DAGs    # Errors  Last Runtime    Last Run               Last # of DB Queries
--------------------------------  -----  ---------  --------  ----------  --------------  -------------------  ----------------------
/opt/airflow/dags/weather_etl.py                           1           0  0.10s           2026-09-23T02:55:10                      14
================================================================================
[2026-09-23T02:56:06.092+0000] {manager.py:1008} INFO - 
================================================================================
DAG File Processing Stats

File Path                         PID    Runtime      # DAGs    # Errors  Last Runtime    Last Run               Last # of DB Queries
--------------------------------  -----  ---------  --------  ----------  --------------  -------------------  ----------------------
/opt/airflow/dags/weather_etl.py                           1           0  0.09s           2026-09-23T02:55:40                      14
================================================================================
[2026-09-23T02:56:36.508+0000] {manager.py:1008} INFO - 
================================================================================
DAG File Processing Stats

File Path                         PID    Runtime      # DAGs    # Errors  Last Runtime    Last Run               Last # of DB Queries
--------------------------------  -----  ---------  --------  ----------  --------------  -------------------  ----------------------
/opt/airflow/dags/weather_etl.py                           1           0  0.10s           2026-09-23T02:56:11                      14
================================================================================
[2026-09-23T02:57:06.975+0000] {manager.py:1008} INFO - 
================================================================================
DAG File Processing Stats

File Path                         PID    Runtime      # DAGs    # Errors  Last Runtime    Last Run               Last # of DB Queries
--------------------------------  -----  ---------  --------  ----------  --------------  -------------------  ----------------------
/opt/airflow/dags/weather_etl.py                           1           0  0.10s           2026-09-23T02:56:41                      14
================================================================================
[2026-09-23T02:57:37.461+0000] {manager.py:1008} INFO - 
================================================================================
DAG File Processing Stats

File Path                         PID    Runtime      # DAGs    # Errors  Last Runtime    Last Run               Last # of DB Queries
--------------------------------  -----  ---------  --------  ----------  --------------  -------------------  ----------------------
/opt/airflow/dags/weather_etl.py                           1           0  0.17s           2026-09-23T02:57:12                      14
================================================================================
[2026-09-23T02:58:07.955+0000] {manager.py:832} INFO - Searching for files in /opt/airflow/dags
[2026-09-23T02:58:07.970+0000] {manager.py:835} INFO - There are 1 files in /opt/airflow/dags
[2026-09-23T02:58:07.989+0000] {manager.py:1008} INFO - 
================================================================================
DAG File Processing Stats

File Path                         PID    Runtime      # DAGs    # Errors  Last Runtime    Last Run               Last # of DB Queries
--------------------------------  -----  ---------  --------  ----------  --------------  -------------------  ----------------------
/opt/airflow/dags/weather_etl.py                           1           0  0.13s           2026-09-23T02:57:42                      14
================================================================================
[2026-09-23T02:58:38.373+0000] {manager.py:1008} INFO - 
================================================================================
DAG File Processing Stats

File Path                         PID    Runtime      # DAGs    # Errors  Last Runtime    Last Run               Last # of DB Queries
--------------------------------  -----  ---------  --------  ----------  --------------  -------------------  ----------------------
/opt/airflow/dags/weather_etl.py                           1           0  0.11s           2026-09-23T02:58:13                      14
================================================================================
[2026-09-23T02:59:08.706+0000] {manager.py:1008} INFO - 
================================================================================
DAG File Processing Stats

File Path                         PID    Runtime      # DAGs    # Errors  Last Runtime    Last Run               Last # of DB Queries
--------------------------------  -----  ---------  --------  ----------  --------------  -------------------  ----------------------
/opt/airflow/dags/weather_etl.py                           1           0  0.07s           2026-09-23T02:58:43                      14
================================================================================
[2026-09-23T02:59:39.040+0000] {manager.py:1008} INFO - 
================================================================================
DAG File Processing Stats

File Path                         PID    Runtime      # DAGs    # Errors  Last Runtime    Last Run               Last # of DB Queries
--------------------------------  -----  ---------  --------  ----------  --------------  -------------------  ----------------------
/opt/airflow/dags/weather_etl.py                           1           0  0.08s           2026-09-23T02:59:13                      14
================================================================================
[2026-09-23T03:00:09.354+0000] {manager.py:1008} INFO - 
================================================================================
DAG File Processing Stats

File Path                         PID    Runtime      # DAGs    # Errors  Last Runtime    Last Run               Last # of DB Queries
--------------------------------  -----  ---------  --------  ----------  --------------  -------------------  ----------------------
/opt/airflow/dags/weather_etl.py                           1           0  0.07s           2026-09-23T02:59:44                      14
================================================================================
[2026-09-23T03:00:39.719+0000] {manager.py:1008} INFO - 
================================================================================
DAG File Processing Stats

File Path                         PID    Runtime      # DAGs    # Errors  Last Runtime    Last Run               Last # of DB Queries
--------------------------------  -----  ---------  --------  ----------  --------------  -------------------  ----------------------
/opt/airflow/dags/weather_etl.py                           1           0  0.07s           2026-09-23T03:00:14                      14
================================================================================
[2026-09-23T03:01:10.096+0000] {manager.py:1008} INFO - 
================================================================================
DAG File Processing Stats

File Path                         PID    Runtime      # DAGs    # Errors  Last Runtime    Last Run               Last # of DB Queries
--------------------------------  -----  ---------  --------  ----------  --------------  -------------------  ----------------------
/opt/airflow/dags/weather_etl.py                           1           0  0.07s           2026-09-23T03:00:44                      14
================================================================================
[2026-09-23T03:01:40.474+0000] {manager.py:1008} INFO - 
================================================================================
DAG File Processing Stats

File Path                         PID    Runtime      # DAGs    # Errors  Last Runtime    Last Run               Last # of DB Queries
--------------------------------  -----  ---------  --------  ----------  --------------  -------------------  ----------------------
/opt/airflow/dags/weather_etl.py                           1           0  0.08s           2026-09-23T03:01:15                      14
================================================================================
[2026-09-23T03:02:10.865+0000] {manager.py:1008} INFO - 
================================================================================
DAG File Processing Stats

File Path                         PID    Runtime      # DAGs    # Errors  Last Runtime    Last Run               Last # of DB Queries
--------------------------------  -----  ---------  --------  ----------  --------------  -------------------  ----------------------
/opt/airflow/dags/weather_etl.py                           1           0  0.09s           2026-09-23T03:01:45                      14
================================================================================
[2026-09-23T03:02:41.231+0000] {manager.py:1008} INFO - 
================================================================================
DAG File Processing Stats

File Path                         PID    Runtime      # DAGs    # Errors  Last Runtime    Last Run               Last # of DB Queries
--------------------------------  -----  ---------  --------  ----------  --------------  -------------------  ----------------------
/opt/airflow/dags/weather_etl.py                           1           0  0.07s           2026-09-23T03:02:15                      14
================================================================================
[2026-09-23T03:03:08.525+0000] {manager.py:832} INFO - Searching for files in /opt/airflow/dags
[2026-09-23T03:03:08.532+0000] {manager.py:835} INFO - There are 1 files in /opt/airflow/dags
[2026-09-23T03:03:11.574+0000] {manager.py:1008} INFO - 
================================================================================
DAG File Processing Stats

File Path                         PID    Runtime      # DAGs    # Errors  Last Runtime    Last Run               Last # of DB Queries
--------------------------------  -----  ---------  --------  ----------  --------------  -------------------  ----------------------
/opt/airflow/dags/weather_etl.py                           1           0  0.07s           2026-09-23T03:02:46                      14
================================================================================
[2026-09-23T03:03:41.937+0000] {manager.py:1008} INFO - 
================================================================================
DAG File Processing Stats

File Path                         PID    Runtime      # DAGs    # Errors  Last Runtime    Last Run               Last # of DB Queries
--------------------------------  -----  ---------  --------  ----------  --------------  -------------------  ----------------------
/opt/airflow/dags/weather_etl.py                           1           0  0.07s           2026-09-23T03:03:16                      14
================================================================================
[2026-09-23T03:04:12.264+0000] {manager.py:1008} INFO - 
================================================================================
DAG File Processing Stats

File Path                         PID    Runtime      # DAGs    # Errors  Last Runtime    Last Run               Last # of DB Queries
--------------------------------  -----  ---------  --------  ----------  --------------  -------------------  ----------------------
/opt/airflow/dags/weather_etl.py                           1           0  0.08s           2026-09-23T03:03:47                      14
================================================================================
[2026-09-23T03:04:42.679+0000] {manager.py:1008} INFO - 
================================================================================
DAG File Processing Stats

File Path                         PID    Runtime      # DAGs    # Errors  Last Runtime    Last Run               Last # of DB Queries
--------------------------------  -----  ---------  --------  ----------  --------------  -------------------  ----------------------
/opt/airflow/dags/weather_etl.py                           1           0  0.09s           2026-09-23T03:04:17                      14
================================================================================
[2026-09-23T03:05:13.045+0000] {manager.py:1008} INFO - 
================================================================================
DAG File Processing Stats

File Path                         PID    Runtime      # DAGs    # Errors  Last Runtime    Last Run               Last # of DB Queries
--------------------------------  -----  ---------  --------  ----------  --------------  -------------------  ----------------------
/opt/airflow/dags/weather_etl.py                           1           0  0.08s           2026-09-23T03:04:47                      14
================================================================================
[2026-09-23T03:05:43.411+0000] {manager.py:1008} INFO - 
================================================================================
DAG File Processing Stats

File Path                         PID    Runtime      # DAGs    # Errors  Last Runtime    Last Run               Last # of DB Queries
--------------------------------  -----  ---------  --------  ----------  --------------  -------------------  ----------------------
/opt/airflow/dags/weather_etl.py                           1           0  0.07s           2026-09-23T03:05:18                      14
================================================================================
[2026-09-23T03:06:13.777+0000] {manager.py:1008} INFO - 
================================================================================
DAG File Processing Stats

File Path                         PID    Runtime      # DAGs    # Errors  Last Runtime    Last Run               Last # of DB Queries
--------------------------------  -----  ---------  --------  ----------  --------------  -------------------  ----------------------
/opt/airflow/dags/weather_etl.py                           1           0  0.08s           2026-09-23T03:05:48                      14
================================================================================
[2026-09-23T03:06:44.139+0000] {manager.py:1008} INFO - 
================================================================================
DAG File Processing Stats

File Path                         PID    Runtime      # DAGs    # Errors  Last Runtime    Last Run               Last # of DB Queries
--------------------------------  -----  ---------  --------  ----------  --------------  -------------------  ----------------------
/opt/airflow/dags/weather_etl.py                           1           0  0.07s           2026-09-23T03:06:18                      14
================================================================================
[2026-09-23T03:07:14.491+0000] {manager.py:1008} INFO - 
================================================================================
DAG File Processing Stats

File Path                         PID    Runtime      # DAGs    # Errors  Last Runtime    Last Run               Last # of DB Queries
--------------------------------  -----  ---------  --------  ----------  --------------  -------------------  ----------------------
/opt/airflow/dags/weather_etl.py                           1           0  0.07s           2026-09-23T03:06:49                      14
================================================================================
[2026-09-23T03:07:44.864+0000] {manager.py:1008} INFO - 
================================================================================
DAG File Processing Stats

File Path                         PID    Runtime      # DAGs    # Errors  Last Runtime    Last Run               Last # of DB Queries
--------------------------------  -----  ---------  --------  ----------  --------------  -------------------  ----------------------
/opt/airflow/dags/weather_etl.py                           1           0  0.08s           2026-09-23T03:07:19                      14
================================================================================
[2026-09-23T03:08:09.125+0000] {manager.py:832} INFO - Searching for files in /opt/airflow/dags
[2026-09-23T03:08:09.135+0000] {manager.py:835} INFO - There are 1 files in /opt/airflow/dags
[2026-09-23T03:08:15.203+0000] {manager.py:1008} INFO - 
================================================================================
DAG File Processing Stats

File Path                         PID    Runtime      # DAGs    # Errors  Last Runtime    Last Run               Last # of DB Queries
--------------------------------  -----  ---------  --------  ----------  --------------  -------------------  ----------------------
/opt/airflow/dags/weather_etl.py                           1           0  0.07s           2026-09-23T03:07:49                      14
================================================================================
[2026-09-23T03:08:45.566+0000] {manager.py:1008} INFO - 
================================================================================
DAG File Processing Stats

File Path                         PID    Runtime      # DAGs    # Errors  Last Runtime    Last Run               Last # of DB Queries
--------------------------------  -----  ---------  --------  ----------  --------------  -------------------  ----------------------
/opt/airflow/dags/weather_etl.py                           1           0  0.08s           2026-09-23T03:08:20                      14
================================================================================
[2026-09-23T03:09:15.896+0000] {manager.py:1008} INFO - 
================================================================================
DAG File Processing Stats

File Path                         PID    Runtime      # DAGs    # Errors  Last Runtime    Last Run               Last # of DB Queries
--------------------------------  -----  ---------  --------  ----------  --------------  -------------------  ----------------------
/opt/airflow/dags/weather_etl.py                           1           0  0.08s           2026-09-23T03:08:50                      14
================================================================================
[2026-09-23T03:09:46.267+0000] {manager.py:1008} INFO - 
================================================================================
DAG File Processing Stats

File Path                         PID    Runtime      # DAGs    # Errors  Last Runtime    Last Run               Last # of DB Queries
--------------------------------  -----  ---------  --------  ----------  --------------  -------------------  ----------------------
/opt/airflow/dags/weather_etl.py                           1           0  0.07s           2026-09-23T03:09:21                      14
================================================================================
[2026-09-23T03:10:16.642+0000] {manager.py:1008} INFO - 
================================================================================
DAG File Processing Stats

File Path                         PID    Runtime      # DAGs    # Errors  Last Runtime    Last Run               Last # of DB Queries
--------------------------------  -----  ---------  --------  ----------  --------------  -------------------  ----------------------
/opt/airflow/dags/weather_etl.py                           1           0  0.07s           2026-09-23T03:09:51                      14
================================================================================
[2026-09-23T03:10:46.987+0000] {manager.py:1008} INFO - 
================================================================================
DAG File Processing Stats

File Path                         PID    Runtime      # DAGs    # Errors  Last Runtime    Last Run               Last # of DB Queries
--------------------------------  -----  ---------  --------  ----------  --------------  -------------------  ----------------------
/opt/airflow/dags/weather_etl.py                           1           0  0.07s           2026-09-23T03:10:21                      14
================================================================================
[2026-09-23T03:11:17.322+0000] {manager.py:1008} INFO - 
================================================================================
DAG File Processing Stats

File Path                         PID    Runtime      # DAGs    # Errors  Last Runtime    Last Run               Last # of DB Queries
--------------------------------  -----  ---------  --------  ----------  --------------  -------------------  ----------------------
/opt/airflow/dags/weather_etl.py                           1           0  0.09s           2026-09-23T03:10:52                      14
================================================================================
[2026-09-23T03:11:47.678+0000] {manager.py:1008} INFO - 
================================================================================
DAG File Processing Stats

File Path                         PID    Runtime      # DAGs    # Errors  Last Runtime    Last Run               Last # of DB Queries
--------------------------------  -----  ---------  --------  ----------  --------------  -------------------  ----------------------
/opt/airflow/dags/weather_etl.py                           1           0  0.07s           2026-09-23T03:11:22                      14
================================================================================
[2026-09-23T03:12:18.067+0000] {manager.py:1008} INFO - 
================================================================================
DAG File Processing Stats

File Path                         PID    Runtime      # DAGs    # Errors  Last Runtime    Last Run               Last # of DB Queries
--------------------------------  -----  ---------  --------  ----------  --------------  -------------------  ----------------------
/opt/airflow/dags/weather_etl.py                           1           0  0.09s           2026-09-23T03:11:52                      14
================================================================================
[2026-09-23T03:12:48.406+0000] {manager.py:1008} INFO - 
================================================================================
DAG File Processing Stats

File Path                         PID    Runtime      # DAGs    # Errors  Last Runtime    Last Run               Last # of DB Queries
--------------------------------  -----  ---------  --------  ----------  --------------  -------------------  ----------------------
/opt/airflow/dags/weather_etl.py                           1           0  0.07s           2026-09-23T03:12:23                      14
================================================================================
[2026-09-23T03:13:09.629+0000] {manager.py:832} INFO - Searching for files in /opt/airflow/dags
[2026-09-23T03:13:09.633+0000] {manager.py:835} INFO - There are 1 files in /opt/airflow/dags
[2026-09-23T03:13:18.741+0000] {manager.py:1008} INFO - 
================================================================================
DAG File Processing Stats

File Path                         PID    Runtime      # DAGs    # Errors  Last Runtime    Last Run               Last # of DB Queries
--------------------------------  -----  ---------  --------  ----------  --------------  -------------------  ----------------------
/opt/airflow/dags/weather_etl.py                           1           0  0.08s           2026-09-23T03:12:53                      14
================================================================================
[2026-09-23T03:13:49.110+0000] {manager.py:1008} INFO - 
================================================================================
DAG File Processing Stats

File Path                         PID    Runtime      # DAGs    # Errors  Last Runtime    Last Run               Last # of DB Queries
--------------------------------  -----  ---------  --------  ----------  --------------  -------------------  ----------------------
/opt/airflow/dags/weather_etl.py                           1           0  0.07s           2026-09-23T03:13:23                      14
================================================================================
[2026-09-23T03:14:19.435+0000] {manager.py:1008} INFO - 
================================================================================
DAG File Processing Stats

File Path                         PID    Runtime      # DAGs    # Errors  Last Runtime    Last Run               Last # of DB Queries
--------------------------------  -----  ---------  --------  ----------  --------------  -------------------  ----------------------
/opt/airflow/dags/weather_etl.py                           1           0  0.06s           2026-09-23T03:13:54                      14
================================================================================
[2026-09-23T03:14:49.797+0000] {manager.py:1008} INFO - 
================================================================================
DAG File Processing Stats

File Path                         PID    Runtime      # DAGs    # Errors  Last Runtime    Last Run               Last # of DB Queries
--------------------------------  -----  ---------  --------  ----------  --------------  -------------------  ----------------------
/opt/airflow/dags/weather_etl.py                           1           0  0.08s           2026-09-23T03:14:24                      14
================================================================================
[2026-09-23T03:15:20.131+0000] {manager.py:1008} INFO - 
================================================================================
DAG File Processing Stats

File Path                         PID    Runtime      # DAGs    # Errors  Last Runtime    Last Run               Last # of DB Queries
--------------------------------  -----  ---------  --------  ----------  --------------  -------------------  ----------------------
/opt/airflow/dags/weather_etl.py                           1           0  0.07s           2026-09-23T03:14:54                      14
================================================================================
[2026-09-23T03:15:50.500+0000] {manager.py:1008} INFO - 
================================================================================
DAG File Processing Stats

File Path                         PID    Runtime      # DAGs    # Errors  Last Runtime    Last Run               Last # of DB Queries
--------------------------------  -----  ---------  --------  ----------  --------------  -------------------  ----------------------
/opt/airflow/dags/weather_etl.py                           1           0  0.06s           2026-09-23T03:15:25                      14
================================================================================
[2026-09-23T03:16:20.936+0000] {manager.py:1008} INFO - 
================================================================================
DAG File Processing Stats

File Path                         PID    Runtime      # DAGs    # Errors  Last Runtime    Last Run               Last # of DB Queries
--------------------------------  -----  ---------  --------  ----------  --------------  -------------------  ----------------------
/opt/airflow/dags/weather_etl.py                           1           0  0.16s           2026-09-23T03:15:55                      14
================================================================================
[2026-09-23T03:16:51.370+0000] {manager.py:1008} INFO - 
================================================================================
DAG File Processing Stats

File Path                         PID    Runtime      # DAGs    # Errors  Last Runtime    Last Run               Last # of DB Queries
--------------------------------  -----  ---------  --------  ----------  --------------  -------------------  ----------------------
/opt/airflow/dags/weather_etl.py                           1           0  0.08s           2026-09-23T03:16:26                      14
================================================================================
[2026-09-23T03:17:21.779+0000] {manager.py:1008} INFO - 
================================================================================
DAG File Processing Stats

File Path                         PID    Runtime      # DAGs    # Errors  Last Runtime    Last Run               Last # of DB Queries
--------------------------------  -----  ---------  --------  ----------  --------------  -------------------  ----------------------
/opt/airflow/dags/weather_etl.py                           1           0  0.08s           2026-09-23T03:16:56                      14
================================================================================
[2026-09-23T03:17:52.177+0000] {manager.py:1008} INFO - 
================================================================================
DAG File Processing Stats

File Path                         PID    Runtime      # DAGs    # Errors  Last Runtime    Last Run               Last # of DB Queries
--------------------------------  -----  ---------  --------  ----------  --------------  -------------------  ----------------------
/opt/airflow/dags/weather_etl.py                           1           0  0.10s           2026-09-23T03:17:26                      14
================================================================================
[2026-09-23T03:18:10.434+0000] {manager.py:832} INFO - Searching for files in /opt/airflow/dags
[2026-09-23T03:18:10.445+0000] {manager.py:835} INFO - There are 1 files in /opt/airflow/dags
[2026-09-23T03:18:22.604+0000] {manager.py:1008} INFO - 
================================================================================
DAG File Processing Stats

File Path                         PID    Runtime      # DAGs    # Errors  Last Runtime    Last Run               Last # of DB Queries
--------------------------------  -----  ---------  --------  ----------  --------------  -------------------  ----------------------
/opt/airflow/dags/weather_etl.py                           1           0  0.12s           2026-09-23T03:17:57                      14
================================================================================
[2026-09-23T03:18:52.988+0000] {manager.py:1008} INFO - 
================================================================================
DAG File Processing Stats

File Path                         PID    Runtime      # DAGs    # Errors  Last Runtime    Last Run               Last # of DB Queries
--------------------------------  -----  ---------  --------  ----------  --------------  -------------------  ----------------------
/opt/airflow/dags/weather_etl.py                           1           0  0.10s           2026-09-23T03:18:27                      14
================================================================================
[2026-09-23T03:19:23.382+0000] {manager.py:1008} INFO - 
================================================================================
DAG File Processing Stats

File Path                         PID    Runtime      # DAGs    # Errors  Last Runtime    Last Run               Last # of DB Queries
--------------------------------  -----  ---------  --------  ----------  --------------  -------------------  ----------------------
/opt/airflow/dags/weather_etl.py                           1           0  0.08s           2026-09-23T03:18:58                      14
================================================================================
[2026-09-23T03:19:53.760+0000] {manager.py:1008} INFO - 
================================================================================
DAG File Processing Stats

File Path                         PID    Runtime      # DAGs    # Errors  Last Runtime    Last Run               Last # of DB Queries
--------------------------------  -----  ---------  --------  ----------  --------------  -------------------  ----------------------
/opt/airflow/dags/weather_etl.py                           1           0  0.13s           2026-09-23T03:19:28                      14
================================================================================
[2026-09-23T03:20:24.177+0000] {manager.py:1008} INFO - 
================================================================================
DAG File Processing Stats

File Path                         PID    Runtime      # DAGs    # Errors  Last Runtime    Last Run               Last # of DB Queries
--------------------------------  -----  ---------  --------  ----------  --------------  -------------------  ----------------------
/opt/airflow/dags/weather_etl.py                           1           0  0.09s           2026-09-23T03:19:58                      14
================================================================================
[2026-09-23T03:20:54.521+0000] {manager.py:1008} INFO - 
================================================================================
DAG File Processing Stats

File Path                         PID    Runtime      # DAGs    # Errors  Last Runtime    Last Run               Last # of DB Queries
--------------------------------  -----  ---------  --------  ----------  --------------  -------------------  ----------------------
/opt/airflow/dags/weather_etl.py                           1           0  0.10s           2026-09-23T03:20:29                      14
================================================================================
