[2026-09-25T22:08:17.724+0000] {processor.py:186} INFO - Started process (PID=393) to work on /opt/airflow/dags/build_elt_with_dbt.py
[2026-09-25T22:08:17.724+0000] {processor.py:914} INFO - Processing file /opt/airflow/dags/build_elt_with_dbt.py for tasks to queue
[2026-09-25T22:08:17.727+0000] {logging_mixin.py:190} INFO - [2026-09-25T22:08:17.726+0000] {dagbag.py:587} INFO - Filling up the DagBag from /opt/airflow/dags/build_elt_with_dbt.py
[2026-09-25T22:08:17.747+0000] {logging_mixin.py:190} INFO - [2026-09-25T22:08:17.747+0000] {base.py:84} INFO - Retrieving connection 'snowflake_conn'
[2026-09-25T22:08:17.756+0000] {processor.py:925} INFO - DAG(s) 'dbt_weather_analytics' retrieved from /opt/airflow/dags/build_elt_with_dbt.py
[2026-09-25T22:08:17.829+0000] {logging_mixin.py:190} INFO - [2026-09-25T22:08:17.828+0000] {override.py:1900} INFO - Created Permission View: can edit on DAG:dbt_weather_analytics
[2026-09-25T22:08:17.832+0000] {logging_mixin.py:190} INFO - [2026-09-25T22:08:17.832+0000] {override.py:1900} INFO - Created Permission View: can read on DAG:dbt_weather_analytics
[2026-09-25T22:08:17.833+0000] {logging_mixin.py:190} INFO - [2026-09-25T22:08:17.833+0000] {override.py:1900} INFO - Created Permission View: can delete on DAG:dbt_weather_analytics
[2026-09-25T22:08:17.834+0000] {logging_mixin.py:190} INFO - [2026-09-25T22:08:17.834+0000] {override.py:1900} INFO - Created Permission View: can delete on DAG Run:dbt_weather_analytics
[2026-09-25T22:08:17.835+0000] {logging_mixin.py:190} INFO - [2026-09-25T22:08:17.835+0000] {override.py:1900} INFO - Created Permission View: menu access on DAG Run:dbt_weather_analytics
[2026-09-25T22:08:17.837+0000] {logging_mixin.py:190} INFO - [2026-09-25T22:08:17.837+0000] {override.py:1900} INFO - Created Permission View: can read on DAG Run:dbt_weather_analytics
[2026-09-25T22:08:17.838+0000] {logging_mixin.py:190} INFO - [2026-09-25T22:08:17.838+0000] {override.py:1900} INFO - Created Permission View: can create on DAG Run:dbt_weather_analytics
[2026-09-25T22:08:17.838+0000] {logging_mixin.py:190} INFO - [2026-09-25T22:08:17.838+0000] {dag.py:3229} INFO - Sync 1 DAGs
[2026-09-25T22:08:17.848+0000] {logging_mixin.py:190} INFO - [2026-09-25T22:08:17.848+0000] {dag.py:3252} INFO - Creating ORM DAG for dbt_weather_analytics
[2026-09-25T22:08:17.848+0000] {logging_mixin.py:190} INFO - [2026-09-25T22:08:17.848+0000] {dag.py:4156} INFO - Setting next_dagrun for dbt_weather_analytics to None, run_after=None
[2026-09-25T22:08:17.854+0000] {processor.py:208} INFO - Processing /opt/airflow/dags/build_elt_with_dbt.py took 0.136 seconds
[2026-09-25T22:08:48.176+0000] {processor.py:186} INFO - Started process (PID=415) to work on /opt/airflow/dags/build_elt_with_dbt.py
[2026-09-25T22:08:48.179+0000] {processor.py:914} INFO - Processing file /opt/airflow/dags/build_elt_with_dbt.py for tasks to queue
[2026-09-25T22:08:48.185+0000] {logging_mixin.py:190} INFO - [2026-09-25T22:08:48.185+0000] {dagbag.py:587} INFO - Filling up the DagBag from /opt/airflow/dags/build_elt_with_dbt.py
[2026-09-25T22:08:48.205+0000] {logging_mixin.py:190} INFO - [2026-09-25T22:08:48.205+0000] {base.py:84} INFO - Retrieving connection 'snowflake_conn'
[2026-09-25T22:08:48.215+0000] {processor.py:925} INFO - DAG(s) 'dbt_weather_analytics' retrieved from /opt/airflow/dags/build_elt_with_dbt.py
[2026-09-25T22:08:48.229+0000] {logging_mixin.py:190} INFO - [2026-09-25T22:08:48.229+0000] {dag.py:3229} INFO - Sync 1 DAGs
[2026-09-25T22:08:48.237+0000] {logging_mixin.py:190} INFO - [2026-09-25T22:08:48.236+0000] {dag.py:4156} INFO - Setting next_dagrun for dbt_weather_analytics to None, run_after=None
[2026-09-25T22:08:48.244+0000] {processor.py:208} INFO - Processing /opt/airflow/dags/build_elt_with_dbt.py took 0.075 seconds
[2026-09-25T22:09:18.649+0000] {processor.py:186} INFO - Started process (PID=431) to work on /opt/airflow/dags/build_elt_with_dbt.py
[2026-09-25T22:09:18.651+0000] {processor.py:914} INFO - Processing file /opt/airflow/dags/build_elt_with_dbt.py for tasks to queue
[2026-09-25T22:09:18.659+0000] {logging_mixin.py:190} INFO - [2026-09-25T22:09:18.659+0000] {dagbag.py:587} INFO - Filling up the DagBag from /opt/airflow/dags/build_elt_with_dbt.py
[2026-09-25T22:09:18.686+0000] {logging_mixin.py:190} INFO - [2026-09-25T22:09:18.686+0000] {base.py:84} INFO - Retrieving connection 'snowflake_conn'
[2026-09-25T22:09:18.696+0000] {processor.py:925} INFO - DAG(s) 'dbt_weather_analytics' retrieved from /opt/airflow/dags/build_elt_with_dbt.py
[2026-09-25T22:09:18.711+0000] {logging_mixin.py:190} INFO - [2026-09-25T22:09:18.711+0000] {dag.py:3229} INFO - Sync 1 DAGs
[2026-09-25T22:09:18.719+0000] {logging_mixin.py:190} INFO - [2026-09-25T22:09:18.719+0000] {dag.py:4156} INFO - Setting next_dagrun for dbt_weather_analytics to None, run_after=None
[2026-09-25T22:09:18.727+0000] {processor.py:208} INFO - Processing /opt/airflow/dags/build_elt_with_dbt.py took 0.089 seconds
[2026-09-25T22:09:49.074+0000] {processor.py:186} INFO - Started process (PID=447) to work on /opt/airflow/dags/build_elt_with_dbt.py
[2026-09-25T22:09:49.076+0000] {processor.py:914} INFO - Processing file /opt/airflow/dags/build_elt_with_dbt.py for tasks to queue
[2026-09-25T22:09:49.079+0000] {logging_mixin.py:190} INFO - [2026-09-25T22:09:49.079+0000] {dagbag.py:587} INFO - Filling up the DagBag from /opt/airflow/dags/build_elt_with_dbt.py
[2026-09-25T22:09:49.097+0000] {logging_mixin.py:190} INFO - [2026-09-25T22:09:49.097+0000] {base.py:84} INFO - Retrieving connection 'snowflake_conn'
[2026-09-25T22:09:49.104+0000] {processor.py:925} INFO - DAG(s) 'dbt_weather_analytics' retrieved from /opt/airflow/dags/build_elt_with_dbt.py
[2026-09-25T22:09:49.115+0000] {logging_mixin.py:190} INFO - [2026-09-25T22:09:49.115+0000] {dag.py:3229} INFO - Sync 1 DAGs
[2026-09-25T22:09:49.123+0000] {logging_mixin.py:190} INFO - [2026-09-25T22:09:49.123+0000] {dag.py:4156} INFO - Setting next_dagrun for dbt_weather_analytics to None, run_after=None
[2026-09-25T22:09:49.131+0000] {processor.py:208} INFO - Processing /opt/airflow/dags/build_elt_with_dbt.py took 0.064 seconds
[2026-09-25T22:10:19.404+0000] {processor.py:186} INFO - Started process (PID=463) to work on /opt/airflow/dags/build_elt_with_dbt.py
[2026-09-25T22:10:19.405+0000] {processor.py:914} INFO - Processing file /opt/airflow/dags/build_elt_with_dbt.py for tasks to queue
[2026-09-25T22:10:19.409+0000] {logging_mixin.py:190} INFO - [2026-09-25T22:10:19.409+0000] {dagbag.py:587} INFO - Filling up the DagBag from /opt/airflow/dags/build_elt_with_dbt.py
[2026-09-25T22:10:19.429+0000] {logging_mixin.py:190} INFO - [2026-09-25T22:10:19.429+0000] {base.py:84} INFO - Retrieving connection 'snowflake_conn'
[2026-09-25T22:10:19.435+0000] {processor.py:925} INFO - DAG(s) 'dbt_weather_analytics' retrieved from /opt/airflow/dags/build_elt_with_dbt.py
[2026-09-25T22:10:19.445+0000] {logging_mixin.py:190} INFO - [2026-09-25T22:10:19.445+0000] {dag.py:3229} INFO - Sync 1 DAGs
[2026-09-25T22:10:19.455+0000] {logging_mixin.py:190} INFO - [2026-09-25T22:10:19.454+0000] {dag.py:4156} INFO - Setting next_dagrun for dbt_weather_analytics to None, run_after=None
[2026-09-25T22:10:19.462+0000] {processor.py:208} INFO - Processing /opt/airflow/dags/build_elt_with_dbt.py took 0.066 seconds
[2026-09-25T22:10:49.860+0000] {processor.py:186} INFO - Started process (PID=479) to work on /opt/airflow/dags/build_elt_with_dbt.py
[2026-09-25T22:10:49.862+0000] {processor.py:914} INFO - Processing file /opt/airflow/dags/build_elt_with_dbt.py for tasks to queue
[2026-09-25T22:10:49.867+0000] {logging_mixin.py:190} INFO - [2026-09-25T22:10:49.867+0000] {dagbag.py:587} INFO - Filling up the DagBag from /opt/airflow/dags/build_elt_with_dbt.py
[2026-09-25T22:10:49.898+0000] {logging_mixin.py:190} INFO - [2026-09-25T22:10:49.898+0000] {base.py:84} INFO - Retrieving connection 'snowflake_conn'
[2026-09-25T22:10:49.912+0000] {processor.py:925} INFO - DAG(s) 'dbt_weather_analytics' retrieved from /opt/airflow/dags/build_elt_with_dbt.py
[2026-09-25T22:10:49.928+0000] {logging_mixin.py:190} INFO - [2026-09-25T22:10:49.927+0000] {dag.py:3229} INFO - Sync 1 DAGs
[2026-09-25T22:10:49.937+0000] {logging_mixin.py:190} INFO - [2026-09-25T22:10:49.937+0000] {dag.py:4156} INFO - Setting next_dagrun for dbt_weather_analytics to None, run_after=None
[2026-09-25T22:10:49.944+0000] {processor.py:208} INFO - Processing /opt/airflow/dags/build_elt_with_dbt.py took 0.097 seconds
[2026-09-25T22:11:20.229+0000] {processor.py:186} INFO - Started process (PID=495) to work on /opt/airflow/dags/build_elt_with_dbt.py
[2026-09-25T22:11:20.230+0000] {processor.py:914} INFO - Processing file /opt/airflow/dags/build_elt_with_dbt.py for tasks to queue
[2026-09-25T22:11:20.233+0000] {logging_mixin.py:190} INFO - [2026-09-25T22:11:20.232+0000] {dagbag.py:587} INFO - Filling up the DagBag from /opt/airflow/dags/build_elt_with_dbt.py
[2026-09-25T22:11:20.251+0000] {logging_mixin.py:190} INFO - [2026-09-25T22:11:20.250+0000] {base.py:84} INFO - Retrieving connection 'snowflake_conn'
[2026-09-25T22:11:20.255+0000] {processor.py:925} INFO - DAG(s) 'dbt_weather_analytics' retrieved from /opt/airflow/dags/build_elt_with_dbt.py
[2026-09-25T22:11:20.264+0000] {logging_mixin.py:190} INFO - [2026-09-25T22:11:20.264+0000] {dag.py:3229} INFO - Sync 1 DAGs
[2026-09-25T22:11:20.271+0000] {logging_mixin.py:190} INFO - [2026-09-25T22:11:20.271+0000] {dag.py:4156} INFO - Setting next_dagrun for dbt_weather_analytics to None, run_after=None
[2026-09-25T22:11:20.278+0000] {processor.py:208} INFO - Processing /opt/airflow/dags/build_elt_with_dbt.py took 0.055 seconds
[2026-09-25T22:11:50.670+0000] {processor.py:186} INFO - Started process (PID=511) to work on /opt/airflow/dags/build_elt_with_dbt.py
[2026-09-25T22:11:50.671+0000] {processor.py:914} INFO - Processing file /opt/airflow/dags/build_elt_with_dbt.py for tasks to queue
[2026-09-25T22:11:50.675+0000] {logging_mixin.py:190} INFO - [2026-09-25T22:11:50.674+0000] {dagbag.py:587} INFO - Filling up the DagBag from /opt/airflow/dags/build_elt_with_dbt.py
[2026-09-25T22:11:50.694+0000] {logging_mixin.py:190} INFO - [2026-09-25T22:11:50.693+0000] {base.py:84} INFO - Retrieving connection 'snowflake_conn'
[2026-09-25T22:11:50.700+0000] {processor.py:925} INFO - DAG(s) 'dbt_weather_analytics' retrieved from /opt/airflow/dags/build_elt_with_dbt.py
[2026-09-25T22:11:50.713+0000] {logging_mixin.py:190} INFO - [2026-09-25T22:11:50.713+0000] {dag.py:3229} INFO - Sync 1 DAGs
[2026-09-25T22:11:50.721+0000] {logging_mixin.py:190} INFO - [2026-09-25T22:11:50.720+0000] {dag.py:4156} INFO - Setting next_dagrun for dbt_weather_analytics to None, run_after=None
[2026-09-25T22:11:50.732+0000] {processor.py:208} INFO - Processing /opt/airflow/dags/build_elt_with_dbt.py took 0.070 seconds
[2026-09-25T22:12:21.122+0000] {processor.py:186} INFO - Started process (PID=527) to work on /opt/airflow/dags/build_elt_with_dbt.py
[2026-09-25T22:12:21.124+0000] {processor.py:914} INFO - Processing file /opt/airflow/dags/build_elt_with_dbt.py for tasks to queue
[2026-09-25T22:12:21.128+0000] {logging_mixin.py:190} INFO - [2026-09-25T22:12:21.128+0000] {dagbag.py:587} INFO - Filling up the DagBag from /opt/airflow/dags/build_elt_with_dbt.py
[2026-09-25T22:12:21.153+0000] {logging_mixin.py:190} INFO - [2026-09-25T22:12:21.153+0000] {base.py:84} INFO - Retrieving connection 'snowflake_conn'
[2026-09-25T22:12:21.161+0000] {processor.py:925} INFO - DAG(s) 'dbt_weather_analytics' retrieved from /opt/airflow/dags/build_elt_with_dbt.py
[2026-09-25T22:12:21.175+0000] {logging_mixin.py:190} INFO - [2026-09-25T22:12:21.174+0000] {dag.py:3229} INFO - Sync 1 DAGs
[2026-09-25T22:12:21.183+0000] {logging_mixin.py:190} INFO - [2026-09-25T22:12:21.183+0000] {dag.py:4156} INFO - Setting next_dagrun for dbt_weather_analytics to None, run_after=None
[2026-09-25T22:12:21.191+0000] {processor.py:208} INFO - Processing /opt/airflow/dags/build_elt_with_dbt.py took 0.077 seconds
[2026-09-25T22:12:51.571+0000] {processor.py:186} INFO - Started process (PID=543) to work on /opt/airflow/dags/build_elt_with_dbt.py
[2026-09-25T22:12:51.576+0000] {processor.py:914} INFO - Processing file /opt/airflow/dags/build_elt_with_dbt.py for tasks to queue
[2026-09-25T22:12:51.580+0000] {logging_mixin.py:190} INFO - [2026-09-25T22:12:51.580+0000] {dagbag.py:587} INFO - Filling up the DagBag from /opt/airflow/dags/build_elt_with_dbt.py
[2026-09-25T22:12:51.612+0000] {logging_mixin.py:190} INFO - [2026-09-25T22:12:51.612+0000] {base.py:84} INFO - Retrieving connection 'snowflake_conn'
[2026-09-25T22:12:51.621+0000] {processor.py:925} INFO - DAG(s) 'dbt_weather_analytics' retrieved from /opt/airflow/dags/build_elt_with_dbt.py
[2026-09-25T22:12:51.637+0000] {logging_mixin.py:190} INFO - [2026-09-25T22:12:51.636+0000] {dag.py:3229} INFO - Sync 1 DAGs
[2026-09-25T22:12:51.656+0000] {logging_mixin.py:190} INFO - [2026-09-25T22:12:51.656+0000] {dag.py:4156} INFO - Setting next_dagrun for dbt_weather_analytics to None, run_after=None
[2026-09-25T22:12:51.666+0000] {processor.py:208} INFO - Processing /opt/airflow/dags/build_elt_with_dbt.py took 0.104 seconds
[2026-09-25T22:13:22.004+0000] {processor.py:186} INFO - Started process (PID=559) to work on /opt/airflow/dags/build_elt_with_dbt.py
[2026-09-25T22:13:22.005+0000] {processor.py:914} INFO - Processing file /opt/airflow/dags/build_elt_with_dbt.py for tasks to queue
[2026-09-25T22:13:22.010+0000] {logging_mixin.py:190} INFO - [2026-09-25T22:13:22.010+0000] {dagbag.py:587} INFO - Filling up the DagBag from /opt/airflow/dags/build_elt_with_dbt.py
[2026-09-25T22:13:22.039+0000] {logging_mixin.py:190} INFO - [2026-09-25T22:13:22.038+0000] {base.py:84} INFO - Retrieving connection 'snowflake_conn'
[2026-09-25T22:13:22.046+0000] {processor.py:925} INFO - DAG(s) 'dbt_weather_analytics' retrieved from /opt/airflow/dags/build_elt_with_dbt.py
[2026-09-25T22:13:22.060+0000] {logging_mixin.py:190} INFO - [2026-09-25T22:13:22.060+0000] {dag.py:3229} INFO - Sync 1 DAGs
[2026-09-25T22:13:22.070+0000] {logging_mixin.py:190} INFO - [2026-09-25T22:13:22.070+0000] {dag.py:4156} INFO - Setting next_dagrun for dbt_weather_analytics to None, run_after=None
[2026-09-25T22:13:22.081+0000] {processor.py:208} INFO - Processing /opt/airflow/dags/build_elt_with_dbt.py took 0.084 seconds
[2026-09-25T22:13:52.470+0000] {processor.py:186} INFO - Started process (PID=575) to work on /opt/airflow/dags/build_elt_with_dbt.py
[2026-09-25T22:13:52.473+0000] {processor.py:914} INFO - Processing file /opt/airflow/dags/build_elt_with_dbt.py for tasks to queue
[2026-09-25T22:13:52.478+0000] {logging_mixin.py:190} INFO - [2026-09-25T22:13:52.477+0000] {dagbag.py:587} INFO - Filling up the DagBag from /opt/airflow/dags/build_elt_with_dbt.py
[2026-09-25T22:13:52.501+0000] {logging_mixin.py:190} INFO - [2026-09-25T22:13:52.501+0000] {base.py:84} INFO - Retrieving connection 'snowflake_conn'
[2026-09-25T22:13:52.510+0000] {processor.py:925} INFO - DAG(s) 'dbt_weather_analytics' retrieved from /opt/airflow/dags/build_elt_with_dbt.py
[2026-09-25T22:13:52.522+0000] {logging_mixin.py:190} INFO - [2026-09-25T22:13:52.522+0000] {dag.py:3229} INFO - Sync 1 DAGs
[2026-09-25T22:13:52.530+0000] {logging_mixin.py:190} INFO - [2026-09-25T22:13:52.530+0000] {dag.py:4156} INFO - Setting next_dagrun for dbt_weather_analytics to None, run_after=None
[2026-09-25T22:13:52.538+0000] {processor.py:208} INFO - Processing /opt/airflow/dags/build_elt_with_dbt.py took 0.076 seconds
[2026-09-25T22:14:22.932+0000] {processor.py:186} INFO - Started process (PID=591) to work on /opt/airflow/dags/build_elt_with_dbt.py
[2026-09-25T22:14:22.933+0000] {processor.py:914} INFO - Processing file /opt/airflow/dags/build_elt_with_dbt.py for tasks to queue
[2026-09-25T22:14:22.937+0000] {logging_mixin.py:190} INFO - [2026-09-25T22:14:22.937+0000] {dagbag.py:587} INFO - Filling up the DagBag from /opt/airflow/dags/build_elt_with_dbt.py
[2026-09-25T22:14:22.957+0000] {logging_mixin.py:190} INFO - [2026-09-25T22:14:22.957+0000] {base.py:84} INFO - Retrieving connection 'snowflake_conn'
[2026-09-25T22:14:22.964+0000] {processor.py:925} INFO - DAG(s) 'dbt_weather_analytics' retrieved from /opt/airflow/dags/build_elt_with_dbt.py
[2026-09-25T22:14:22.977+0000] {logging_mixin.py:190} INFO - [2026-09-25T22:14:22.977+0000] {dag.py:3229} INFO - Sync 1 DAGs
[2026-09-25T22:14:22.986+0000] {logging_mixin.py:190} INFO - [2026-09-25T22:14:22.986+0000] {dag.py:4156} INFO - Setting next_dagrun for dbt_weather_analytics to None, run_after=None
[2026-09-25T22:14:22.995+0000] {processor.py:208} INFO - Processing /opt/airflow/dags/build_elt_with_dbt.py took 0.071 seconds
[2026-09-25T22:14:53.384+0000] {processor.py:186} INFO - Started process (PID=607) to work on /opt/airflow/dags/build_elt_with_dbt.py
[2026-09-25T22:14:53.386+0000] {processor.py:914} INFO - Processing file /opt/airflow/dags/build_elt_with_dbt.py for tasks to queue
[2026-09-25T22:14:53.396+0000] {logging_mixin.py:190} INFO - [2026-09-25T22:14:53.396+0000] {dagbag.py:587} INFO - Filling up the DagBag from /opt/airflow/dags/build_elt_with_dbt.py
[2026-09-25T22:14:53.426+0000] {logging_mixin.py:190} INFO - [2026-09-25T22:14:53.425+0000] {base.py:84} INFO - Retrieving connection 'snowflake_conn'
[2026-09-25T22:14:53.436+0000] {processor.py:925} INFO - DAG(s) 'dbt_weather_analytics' retrieved from /opt/airflow/dags/build_elt_with_dbt.py
[2026-09-25T22:14:53.449+0000] {logging_mixin.py:190} INFO - [2026-09-25T22:14:53.449+0000] {dag.py:3229} INFO - Sync 1 DAGs
[2026-09-25T22:14:53.461+0000] {logging_mixin.py:190} INFO - [2026-09-25T22:14:53.460+0000] {dag.py:4156} INFO - Setting next_dagrun for dbt_weather_analytics to None, run_after=None
[2026-09-25T22:14:53.470+0000] {processor.py:208} INFO - Processing /opt/airflow/dags/build_elt_with_dbt.py took 0.104 seconds
[2026-09-25T22:15:23.760+0000] {processor.py:186} INFO - Started process (PID=623) to work on /opt/airflow/dags/build_elt_with_dbt.py
[2026-09-25T22:15:23.763+0000] {processor.py:914} INFO - Processing file /opt/airflow/dags/build_elt_with_dbt.py for tasks to queue
[2026-09-25T22:15:23.768+0000] {logging_mixin.py:190} INFO - [2026-09-25T22:15:23.767+0000] {dagbag.py:587} INFO - Filling up the DagBag from /opt/airflow/dags/build_elt_with_dbt.py
[2026-09-25T22:15:23.792+0000] {logging_mixin.py:190} INFO - [2026-09-25T22:15:23.792+0000] {base.py:84} INFO - Retrieving connection 'snowflake_conn'
[2026-09-25T22:15:23.799+0000] {processor.py:925} INFO - DAG(s) 'dbt_weather_analytics' retrieved from /opt/airflow/dags/build_elt_with_dbt.py
[2026-09-25T22:15:23.811+0000] {logging_mixin.py:190} INFO - [2026-09-25T22:15:23.811+0000] {dag.py:3229} INFO - Sync 1 DAGs
[2026-09-25T22:15:23.820+0000] {logging_mixin.py:190} INFO - [2026-09-25T22:15:23.820+0000] {dag.py:4156} INFO - Setting next_dagrun for dbt_weather_analytics to None, run_after=None
[2026-09-25T22:15:23.827+0000] {processor.py:208} INFO - Processing /opt/airflow/dags/build_elt_with_dbt.py took 0.077 seconds
[2026-09-25T22:15:54.174+0000] {processor.py:186} INFO - Started process (PID=639) to work on /opt/airflow/dags/build_elt_with_dbt.py
[2026-09-25T22:15:54.177+0000] {processor.py:914} INFO - Processing file /opt/airflow/dags/build_elt_with_dbt.py for tasks to queue
[2026-09-25T22:15:54.182+0000] {logging_mixin.py:190} INFO - [2026-09-25T22:15:54.182+0000] {dagbag.py:587} INFO - Filling up the DagBag from /opt/airflow/dags/build_elt_with_dbt.py
[2026-09-25T22:15:54.219+0000] {logging_mixin.py:190} INFO - [2026-09-25T22:15:54.218+0000] {base.py:84} INFO - Retrieving connection 'snowflake_conn'
[2026-09-25T22:15:54.232+0000] {processor.py:925} INFO - DAG(s) 'dbt_weather_analytics' retrieved from /opt/airflow/dags/build_elt_with_dbt.py
[2026-09-25T22:15:54.248+0000] {logging_mixin.py:190} INFO - [2026-09-25T22:15:54.248+0000] {dag.py:3229} INFO - Sync 1 DAGs
[2026-09-25T22:15:54.257+0000] {logging_mixin.py:190} INFO - [2026-09-25T22:15:54.257+0000] {dag.py:4156} INFO - Setting next_dagrun for dbt_weather_analytics to None, run_after=None
[2026-09-25T22:15:54.265+0000] {processor.py:208} INFO - Processing /opt/airflow/dags/build_elt_with_dbt.py took 0.101 seconds
[2026-09-25T22:16:24.575+0000] {processor.py:186} INFO - Started process (PID=655) to work on /opt/airflow/dags/build_elt_with_dbt.py
[2026-09-25T22:16:24.576+0000] {processor.py:914} INFO - Processing file /opt/airflow/dags/build_elt_with_dbt.py for tasks to queue
[2026-09-25T22:16:24.578+0000] {logging_mixin.py:190} INFO - [2026-09-25T22:16:24.578+0000] {dagbag.py:587} INFO - Filling up the DagBag from /opt/airflow/dags/build_elt_with_dbt.py
[2026-09-25T22:16:24.595+0000] {logging_mixin.py:190} INFO - [2026-09-25T22:16:24.595+0000] {base.py:84} INFO - Retrieving connection 'snowflake_conn'
[2026-09-25T22:16:24.600+0000] {processor.py:925} INFO - DAG(s) 'dbt_weather_analytics' retrieved from /opt/airflow/dags/build_elt_with_dbt.py
[2026-09-25T22:16:24.609+0000] {logging_mixin.py:190} INFO - [2026-09-25T22:16:24.609+0000] {dag.py:3229} INFO - Sync 1 DAGs
[2026-09-25T22:16:24.616+0000] {logging_mixin.py:190} INFO - [2026-09-25T22:16:24.616+0000] {dag.py:4156} INFO - Setting next_dagrun for dbt_weather_analytics to None, run_after=None
[2026-09-25T22:16:24.622+0000] {processor.py:208} INFO - Processing /opt/airflow/dags/build_elt_with_dbt.py took 0.054 seconds
[2026-09-25T22:16:55.029+0000] {processor.py:186} INFO - Started process (PID=677) to work on /opt/airflow/dags/build_elt_with_dbt.py
[2026-09-25T22:16:55.030+0000] {processor.py:914} INFO - Processing file /opt/airflow/dags/build_elt_with_dbt.py for tasks to queue
[2026-09-25T22:16:55.034+0000] {logging_mixin.py:190} INFO - [2026-09-25T22:16:55.034+0000] {dagbag.py:587} INFO - Filling up the DagBag from /opt/airflow/dags/build_elt_with_dbt.py
[2026-09-25T22:16:55.055+0000] {logging_mixin.py:190} INFO - [2026-09-25T22:16:55.055+0000] {base.py:84} INFO - Retrieving connection 'snowflake_conn'
[2026-09-25T22:16:55.062+0000] {processor.py:925} INFO - DAG(s) 'dbt_weather_analytics' retrieved from /opt/airflow/dags/build_elt_with_dbt.py
[2026-09-25T22:16:55.078+0000] {logging_mixin.py:190} INFO - [2026-09-25T22:16:55.078+0000] {dag.py:3229} INFO - Sync 1 DAGs
[2026-09-25T22:16:55.086+0000] {logging_mixin.py:190} INFO - [2026-09-25T22:16:55.086+0000] {dag.py:4156} INFO - Setting next_dagrun for dbt_weather_analytics to None, run_after=None
[2026-09-25T22:16:55.095+0000] {processor.py:208} INFO - Processing /opt/airflow/dags/build_elt_with_dbt.py took 0.079 seconds
[2026-09-25T22:17:25.441+0000] {processor.py:186} INFO - Started process (PID=705) to work on /opt/airflow/dags/build_elt_with_dbt.py
[2026-09-25T22:17:25.443+0000] {processor.py:914} INFO - Processing file /opt/airflow/dags/build_elt_with_dbt.py for tasks to queue
[2026-09-25T22:17:25.452+0000] {logging_mixin.py:190} INFO - [2026-09-25T22:17:25.452+0000] {dagbag.py:587} INFO - Filling up the DagBag from /opt/airflow/dags/build_elt_with_dbt.py
[2026-09-25T22:17:25.473+0000] {logging_mixin.py:190} INFO - [2026-09-25T22:17:25.473+0000] {base.py:84} INFO - Retrieving connection 'snowflake_conn'
[2026-09-25T22:17:25.480+0000] {processor.py:925} INFO - DAG(s) 'dbt_weather_analytics' retrieved from /opt/airflow/dags/build_elt_with_dbt.py
[2026-09-25T22:17:25.493+0000] {logging_mixin.py:190} INFO - [2026-09-25T22:17:25.493+0000] {dag.py:3229} INFO - Sync 1 DAGs
[2026-09-25T22:17:25.501+0000] {logging_mixin.py:190} INFO - [2026-09-25T22:17:25.501+0000] {dag.py:4156} INFO - Setting next_dagrun for dbt_weather_analytics to None, run_after=None
[2026-09-25T22:17:25.508+0000] {processor.py:208} INFO - Processing /opt/airflow/dags/build_elt_with_dbt.py took 0.075 seconds
[2026-09-25T22:17:55.921+0000] {processor.py:186} INFO - Started process (PID=746) to work on /opt/airflow/dags/build_elt_with_dbt.py
[2026-09-25T22:17:55.925+0000] {processor.py:914} INFO - Processing file /opt/airflow/dags/build_elt_with_dbt.py for tasks to queue
[2026-09-25T22:17:55.937+0000] {logging_mixin.py:190} INFO - [2026-09-25T22:17:55.936+0000] {dagbag.py:587} INFO - Filling up the DagBag from /opt/airflow/dags/build_elt_with_dbt.py
[2026-09-25T22:17:55.976+0000] {logging_mixin.py:190} INFO - [2026-09-25T22:17:55.976+0000] {base.py:84} INFO - Retrieving connection 'snowflake_conn'
[2026-09-25T22:17:55.985+0000] {processor.py:925} INFO - DAG(s) 'dbt_weather_analytics' retrieved from /opt/airflow/dags/build_elt_with_dbt.py
[2026-09-25T22:17:56.010+0000] {logging_mixin.py:190} INFO - [2026-09-25T22:17:56.010+0000] {dag.py:3229} INFO - Sync 1 DAGs
[2026-09-25T22:17:56.023+0000] {logging_mixin.py:190} INFO - [2026-09-25T22:17:56.023+0000] {dag.py:4156} INFO - Setting next_dagrun for dbt_weather_analytics to None, run_after=None
[2026-09-25T22:17:56.031+0000] {processor.py:208} INFO - Processing /opt/airflow/dags/build_elt_with_dbt.py took 0.130 seconds
[2026-09-25T22:18:26.343+0000] {processor.py:186} INFO - Started process (PID=762) to work on /opt/airflow/dags/build_elt_with_dbt.py
[2026-09-25T22:18:26.345+0000] {processor.py:914} INFO - Processing file /opt/airflow/dags/build_elt_with_dbt.py for tasks to queue
[2026-09-25T22:18:26.349+0000] {logging_mixin.py:190} INFO - [2026-09-25T22:18:26.348+0000] {dagbag.py:587} INFO - Filling up the DagBag from /opt/airflow/dags/build_elt_with_dbt.py
[2026-09-25T22:18:26.387+0000] {logging_mixin.py:190} INFO - [2026-09-25T22:18:26.387+0000] {base.py:84} INFO - Retrieving connection 'snowflake_conn'
[2026-09-25T22:18:26.398+0000] {processor.py:925} INFO - DAG(s) 'dbt_weather_analytics' retrieved from /opt/airflow/dags/build_elt_with_dbt.py
[2026-09-25T22:18:26.415+0000] {logging_mixin.py:190} INFO - [2026-09-25T22:18:26.414+0000] {dag.py:3229} INFO - Sync 1 DAGs
[2026-09-25T22:18:26.424+0000] {logging_mixin.py:190} INFO - [2026-09-25T22:18:26.424+0000] {dag.py:4156} INFO - Setting next_dagrun for dbt_weather_analytics to None, run_after=None
[2026-09-25T22:18:26.431+0000] {processor.py:208} INFO - Processing /opt/airflow/dags/build_elt_with_dbt.py took 0.100 seconds
[2026-09-25T22:18:56.805+0000] {processor.py:186} INFO - Started process (PID=795) to work on /opt/airflow/dags/build_elt_with_dbt.py
[2026-09-25T22:18:56.807+0000] {processor.py:914} INFO - Processing file /opt/airflow/dags/build_elt_with_dbt.py for tasks to queue
[2026-09-25T22:18:56.810+0000] {logging_mixin.py:190} INFO - [2026-09-25T22:18:56.809+0000] {dagbag.py:587} INFO - Filling up the DagBag from /opt/airflow/dags/build_elt_with_dbt.py
[2026-09-25T22:18:56.831+0000] {logging_mixin.py:190} INFO - [2026-09-25T22:18:56.830+0000] {base.py:84} INFO - Retrieving connection 'snowflake_conn'
[2026-09-25T22:18:56.841+0000] {processor.py:925} INFO - DAG(s) 'dbt_weather_analytics' retrieved from /opt/airflow/dags/build_elt_with_dbt.py
[2026-09-25T22:18:56.859+0000] {logging_mixin.py:190} INFO - [2026-09-25T22:18:56.859+0000] {dag.py:3229} INFO - Sync 1 DAGs
[2026-09-25T22:18:56.867+0000] {logging_mixin.py:190} INFO - [2026-09-25T22:18:56.866+0000] {dag.py:4156} INFO - Setting next_dagrun for dbt_weather_analytics to None, run_after=None
[2026-09-25T22:18:56.874+0000] {processor.py:208} INFO - Processing /opt/airflow/dags/build_elt_with_dbt.py took 0.075 seconds
[2026-09-25T22:19:27.219+0000] {processor.py:186} INFO - Started process (PID=811) to work on /opt/airflow/dags/build_elt_with_dbt.py
[2026-09-25T22:19:27.222+0000] {processor.py:914} INFO - Processing file /opt/airflow/dags/build_elt_with_dbt.py for tasks to queue
[2026-09-25T22:19:27.226+0000] {logging_mixin.py:190} INFO - [2026-09-25T22:19:27.226+0000] {dagbag.py:587} INFO - Filling up the DagBag from /opt/airflow/dags/build_elt_with_dbt.py
[2026-09-25T22:19:27.250+0000] {logging_mixin.py:190} INFO - [2026-09-25T22:19:27.250+0000] {base.py:84} INFO - Retrieving connection 'snowflake_conn'
[2026-09-25T22:19:27.257+0000] {processor.py:925} INFO - DAG(s) 'dbt_weather_analytics' retrieved from /opt/airflow/dags/build_elt_with_dbt.py
[2026-09-25T22:19:27.268+0000] {logging_mixin.py:190} INFO - [2026-09-25T22:19:27.268+0000] {dag.py:3229} INFO - Sync 1 DAGs
[2026-09-25T22:19:27.276+0000] {logging_mixin.py:190} INFO - [2026-09-25T22:19:27.276+0000] {dag.py:4156} INFO - Setting next_dagrun for dbt_weather_analytics to None, run_after=None
[2026-09-25T22:19:27.283+0000] {processor.py:208} INFO - Processing /opt/airflow/dags/build_elt_with_dbt.py took 0.074 seconds
[2026-09-25T22:19:57.652+0000] {processor.py:186} INFO - Started process (PID=827) to work on /opt/airflow/dags/build_elt_with_dbt.py
[2026-09-25T22:19:57.653+0000] {processor.py:914} INFO - Processing file /opt/airflow/dags/build_elt_with_dbt.py for tasks to queue
[2026-09-25T22:19:57.657+0000] {logging_mixin.py:190} INFO - [2026-09-25T22:19:57.657+0000] {dagbag.py:587} INFO - Filling up the DagBag from /opt/airflow/dags/build_elt_with_dbt.py
[2026-09-25T22:19:57.681+0000] {logging_mixin.py:190} INFO - [2026-09-25T22:19:57.681+0000] {base.py:84} INFO - Retrieving connection 'snowflake_conn'
[2026-09-25T22:19:57.688+0000] {processor.py:925} INFO - DAG(s) 'dbt_weather_analytics' retrieved from /opt/airflow/dags/build_elt_with_dbt.py
[2026-09-25T22:19:57.705+0000] {logging_mixin.py:190} INFO - [2026-09-25T22:19:57.704+0000] {dag.py:3229} INFO - Sync 1 DAGs
[2026-09-25T22:19:57.716+0000] {logging_mixin.py:190} INFO - [2026-09-25T22:19:57.716+0000] {dag.py:4156} INFO - Setting next_dagrun for dbt_weather_analytics to None, run_after=None
[2026-09-25T22:19:57.728+0000] {processor.py:208} INFO - Processing /opt/airflow/dags/build_elt_with_dbt.py took 0.085 seconds
[2026-09-25T22:20:28.098+0000] {processor.py:186} INFO - Started process (PID=843) to work on /opt/airflow/dags/build_elt_with_dbt.py
[2026-09-25T22:20:28.099+0000] {processor.py:914} INFO - Processing file /opt/airflow/dags/build_elt_with_dbt.py for tasks to queue
[2026-09-25T22:20:28.102+0000] {logging_mixin.py:190} INFO - [2026-09-25T22:20:28.101+0000] {dagbag.py:587} INFO - Filling up the DagBag from /opt/airflow/dags/build_elt_with_dbt.py
[2026-09-25T22:20:28.116+0000] {logging_mixin.py:190} INFO - [2026-09-25T22:20:28.116+0000] {base.py:84} INFO - Retrieving connection 'snowflake_conn'
[2026-09-25T22:20:28.121+0000] {processor.py:925} INFO - DAG(s) 'dbt_weather_analytics' retrieved from /opt/airflow/dags/build_elt_with_dbt.py
[2026-09-25T22:20:28.129+0000] {logging_mixin.py:190} INFO - [2026-09-25T22:20:28.129+0000] {dag.py:3229} INFO - Sync 1 DAGs
[2026-09-25T22:20:28.136+0000] {logging_mixin.py:190} INFO - [2026-09-25T22:20:28.136+0000] {dag.py:4156} INFO - Setting next_dagrun for dbt_weather_analytics to None, run_after=None
[2026-09-25T22:20:28.143+0000] {processor.py:208} INFO - Processing /opt/airflow/dags/build_elt_with_dbt.py took 0.051 seconds
[2026-09-25T22:20:58.502+0000] {processor.py:186} INFO - Started process (PID=864) to work on /opt/airflow/dags/build_elt_with_dbt.py
[2026-09-25T22:20:58.504+0000] {processor.py:914} INFO - Processing file /opt/airflow/dags/build_elt_with_dbt.py for tasks to queue
[2026-09-25T22:20:58.508+0000] {logging_mixin.py:190} INFO - [2026-09-25T22:20:58.507+0000] {dagbag.py:587} INFO - Filling up the DagBag from /opt/airflow/dags/build_elt_with_dbt.py
[2026-09-25T22:20:58.542+0000] {logging_mixin.py:190} INFO - [2026-09-25T22:20:58.542+0000] {base.py:84} INFO - Retrieving connection 'snowflake_conn'
[2026-09-25T22:20:58.554+0000] {processor.py:925} INFO - DAG(s) 'dbt_weather_analytics' retrieved from /opt/airflow/dags/build_elt_with_dbt.py
[2026-09-25T22:20:58.572+0000] {logging_mixin.py:190} INFO - [2026-09-25T22:20:58.572+0000] {dag.py:3229} INFO - Sync 1 DAGs
[2026-09-25T22:20:58.582+0000] {logging_mixin.py:190} INFO - [2026-09-25T22:20:58.582+0000] {dag.py:4156} INFO - Setting next_dagrun for dbt_weather_analytics to None, run_after=None
[2026-09-25T22:20:58.590+0000] {processor.py:208} INFO - Processing /opt/airflow/dags/build_elt_with_dbt.py took 0.094 seconds
[2026-09-25T22:21:28.954+0000] {processor.py:186} INFO - Started process (PID=880) to work on /opt/airflow/dags/build_elt_with_dbt.py
[2026-09-25T22:21:28.957+0000] {processor.py:914} INFO - Processing file /opt/airflow/dags/build_elt_with_dbt.py for tasks to queue
[2026-09-25T22:21:28.964+0000] {logging_mixin.py:190} INFO - [2026-09-25T22:21:28.963+0000] {dagbag.py:587} INFO - Filling up the DagBag from /opt/airflow/dags/build_elt_with_dbt.py
[2026-09-25T22:21:29.026+0000] {logging_mixin.py:190} INFO - [2026-09-25T22:21:29.025+0000] {base.py:84} INFO - Retrieving connection 'snowflake_conn'
[2026-09-25T22:21:29.035+0000] {processor.py:925} INFO - DAG(s) 'dbt_weather_analytics' retrieved from /opt/airflow/dags/build_elt_with_dbt.py
[2026-09-25T22:21:29.062+0000] {logging_mixin.py:190} INFO - [2026-09-25T22:21:29.062+0000] {dag.py:3229} INFO - Sync 1 DAGs
[2026-09-25T22:21:29.071+0000] {logging_mixin.py:190} INFO - [2026-09-25T22:21:29.071+0000] {dag.py:4156} INFO - Setting next_dagrun for dbt_weather_analytics to None, run_after=None
[2026-09-25T22:21:29.081+0000] {processor.py:208} INFO - Processing /opt/airflow/dags/build_elt_with_dbt.py took 0.140 seconds
[2026-09-25T22:21:54.303+0000] {processor.py:186} INFO - Started process (PID=896) to work on /opt/airflow/dags/build_elt_with_dbt.py
[2026-09-25T22:21:54.305+0000] {processor.py:914} INFO - Processing file /opt/airflow/dags/build_elt_with_dbt.py for tasks to queue
[2026-09-25T22:21:54.311+0000] {logging_mixin.py:190} INFO - [2026-09-25T22:21:54.310+0000] {dagbag.py:587} INFO - Filling up the DagBag from /opt/airflow/dags/build_elt_with_dbt.py
[2026-09-25T22:21:54.349+0000] {logging_mixin.py:190} INFO - [2026-09-25T22:21:54.349+0000] {base.py:84} INFO - Retrieving connection 'snowflake_conn'
[2026-09-25T22:21:54.358+0000] {processor.py:925} INFO - DAG(s) 'dbt_weather_analytics' retrieved from /opt/airflow/dags/build_elt_with_dbt.py
[2026-09-25T22:21:54.433+0000] {logging_mixin.py:190} INFO - [2026-09-25T22:21:54.433+0000] {dag.py:3229} INFO - Sync 1 DAGs
[2026-09-25T22:21:54.442+0000] {logging_mixin.py:190} INFO - [2026-09-25T22:21:54.442+0000] {dag.py:4156} INFO - Setting next_dagrun for dbt_weather_analytics to None, run_after=None
[2026-09-25T22:21:54.452+0000] {processor.py:208} INFO - Processing /opt/airflow/dags/build_elt_with_dbt.py took 0.161 seconds
[2026-09-25T22:22:24.606+0000] {processor.py:186} INFO - Started process (PID=947) to work on /opt/airflow/dags/build_elt_with_dbt.py
[2026-09-25T22:22:24.607+0000] {processor.py:914} INFO - Processing file /opt/airflow/dags/build_elt_with_dbt.py for tasks to queue
[2026-09-25T22:22:24.608+0000] {logging_mixin.py:190} INFO - [2026-09-25T22:22:24.608+0000] {dagbag.py:587} INFO - Filling up the DagBag from /opt/airflow/dags/build_elt_with_dbt.py
[2026-09-25T22:22:24.621+0000] {logging_mixin.py:190} INFO - [2026-09-25T22:22:24.621+0000] {base.py:84} INFO - Retrieving connection 'snowflake_conn'
[2026-09-25T22:22:24.625+0000] {processor.py:925} INFO - DAG(s) 'dbt_weather_analytics' retrieved from /opt/airflow/dags/build_elt_with_dbt.py
[2026-09-25T22:22:24.645+0000] {logging_mixin.py:190} INFO - [2026-09-25T22:22:24.645+0000] {dag.py:3229} INFO - Sync 1 DAGs
[2026-09-25T22:22:24.652+0000] {logging_mixin.py:190} INFO - [2026-09-25T22:22:24.652+0000] {dag.py:4156} INFO - Setting next_dagrun for dbt_weather_analytics to None, run_after=None
[2026-09-25T22:22:24.660+0000] {processor.py:208} INFO - Processing /opt/airflow/dags/build_elt_with_dbt.py took 0.058 seconds
[2026-09-25T22:22:54.997+0000] {processor.py:186} INFO - Started process (PID=987) to work on /opt/airflow/dags/build_elt_with_dbt.py
[2026-09-25T22:22:54.998+0000] {processor.py:914} INFO - Processing file /opt/airflow/dags/build_elt_with_dbt.py for tasks to queue
[2026-09-25T22:22:55.001+0000] {logging_mixin.py:190} INFO - [2026-09-25T22:22:55.001+0000] {dagbag.py:587} INFO - Filling up the DagBag from /opt/airflow/dags/build_elt_with_dbt.py
[2026-09-25T22:22:55.041+0000] {logging_mixin.py:190} INFO - [2026-09-25T22:22:55.041+0000] {base.py:84} INFO - Retrieving connection 'snowflake_conn'
[2026-09-25T22:22:55.053+0000] {processor.py:925} INFO - DAG(s) 'dbt_weather_analytics' retrieved from /opt/airflow/dags/build_elt_with_dbt.py
[2026-09-25T22:22:55.078+0000] {logging_mixin.py:190} INFO - [2026-09-25T22:22:55.078+0000] {dag.py:3229} INFO - Sync 1 DAGs
[2026-09-25T22:22:55.088+0000] {logging_mixin.py:190} INFO - [2026-09-25T22:22:55.088+0000] {dag.py:4156} INFO - Setting next_dagrun for dbt_weather_analytics to None, run_after=None
[2026-09-25T22:22:55.099+0000] {processor.py:208} INFO - Processing /opt/airflow/dags/build_elt_with_dbt.py took 0.117 seconds
[2026-09-25T22:23:25.456+0000] {processor.py:186} INFO - Started process (PID=1003) to work on /opt/airflow/dags/build_elt_with_dbt.py
[2026-09-25T22:23:25.459+0000] {processor.py:914} INFO - Processing file /opt/airflow/dags/build_elt_with_dbt.py for tasks to queue
[2026-09-25T22:23:25.464+0000] {logging_mixin.py:190} INFO - [2026-09-25T22:23:25.464+0000] {dagbag.py:587} INFO - Filling up the DagBag from /opt/airflow/dags/build_elt_with_dbt.py
[2026-09-25T22:23:25.486+0000] {logging_mixin.py:190} INFO - [2026-09-25T22:23:25.486+0000] {base.py:84} INFO - Retrieving connection 'snowflake_conn'
[2026-09-25T22:23:25.493+0000] {processor.py:925} INFO - DAG(s) 'dbt_weather_analytics' retrieved from /opt/airflow/dags/build_elt_with_dbt.py
[2026-09-25T22:23:25.504+0000] {logging_mixin.py:190} INFO - [2026-09-25T22:23:25.504+0000] {dag.py:3229} INFO - Sync 1 DAGs
[2026-09-25T22:23:25.513+0000] {logging_mixin.py:190} INFO - [2026-09-25T22:23:25.513+0000] {dag.py:4156} INFO - Setting next_dagrun for dbt_weather_analytics to None, run_after=None
[2026-09-25T22:23:25.520+0000] {processor.py:208} INFO - Processing /opt/airflow/dags/build_elt_with_dbt.py took 0.073 seconds
[2026-09-25T22:23:55.952+0000] {processor.py:186} INFO - Started process (PID=1019) to work on /opt/airflow/dags/build_elt_with_dbt.py
[2026-09-25T22:23:55.956+0000] {processor.py:914} INFO - Processing file /opt/airflow/dags/build_elt_with_dbt.py for tasks to queue
[2026-09-25T22:23:55.962+0000] {logging_mixin.py:190} INFO - [2026-09-25T22:23:55.960+0000] {dagbag.py:587} INFO - Filling up the DagBag from /opt/airflow/dags/build_elt_with_dbt.py
[2026-09-25T22:23:55.991+0000] {logging_mixin.py:190} INFO - [2026-09-25T22:23:55.991+0000] {base.py:84} INFO - Retrieving connection 'snowflake_conn'
[2026-09-25T22:23:56.000+0000] {processor.py:925} INFO - DAG(s) 'dbt_weather_analytics' retrieved from /opt/airflow/dags/build_elt_with_dbt.py
[2026-09-25T22:23:56.018+0000] {logging_mixin.py:190} INFO - [2026-09-25T22:23:56.017+0000] {dag.py:3229} INFO - Sync 1 DAGs
[2026-09-25T22:23:56.028+0000] {logging_mixin.py:190} INFO - [2026-09-25T22:23:56.028+0000] {dag.py:4156} INFO - Setting next_dagrun for dbt_weather_analytics to None, run_after=None
[2026-09-25T22:23:56.037+0000] {processor.py:208} INFO - Processing /opt/airflow/dags/build_elt_with_dbt.py took 0.103 seconds
[2026-09-25T22:24:26.401+0000] {processor.py:186} INFO - Started process (PID=1035) to work on /opt/airflow/dags/build_elt_with_dbt.py
[2026-09-25T22:24:26.403+0000] {processor.py:914} INFO - Processing file /opt/airflow/dags/build_elt_with_dbt.py for tasks to queue
[2026-09-25T22:24:26.406+0000] {logging_mixin.py:190} INFO - [2026-09-25T22:24:26.406+0000] {dagbag.py:587} INFO - Filling up the DagBag from /opt/airflow/dags/build_elt_with_dbt.py
[2026-09-25T22:24:26.425+0000] {logging_mixin.py:190} INFO - [2026-09-25T22:24:26.425+0000] {base.py:84} INFO - Retrieving connection 'snowflake_conn'
[2026-09-25T22:24:26.432+0000] {processor.py:925} INFO - DAG(s) 'dbt_weather_analytics' retrieved from /opt/airflow/dags/build_elt_with_dbt.py
[2026-09-25T22:24:26.443+0000] {logging_mixin.py:190} INFO - [2026-09-25T22:24:26.443+0000] {dag.py:3229} INFO - Sync 1 DAGs
[2026-09-25T22:24:26.451+0000] {logging_mixin.py:190} INFO - [2026-09-25T22:24:26.451+0000] {dag.py:4156} INFO - Setting next_dagrun for dbt_weather_analytics to None, run_after=None
[2026-09-25T22:24:26.458+0000] {processor.py:208} INFO - Processing /opt/airflow/dags/build_elt_with_dbt.py took 0.067 seconds
[2026-09-25T22:24:56.868+0000] {processor.py:186} INFO - Started process (PID=1051) to work on /opt/airflow/dags/build_elt_with_dbt.py
[2026-09-25T22:24:56.870+0000] {processor.py:914} INFO - Processing file /opt/airflow/dags/build_elt_with_dbt.py for tasks to queue
[2026-09-25T22:24:56.875+0000] {logging_mixin.py:190} INFO - [2026-09-25T22:24:56.875+0000] {dagbag.py:587} INFO - Filling up the DagBag from /opt/airflow/dags/build_elt_with_dbt.py
[2026-09-25T22:24:56.901+0000] {logging_mixin.py:190} INFO - [2026-09-25T22:24:56.901+0000] {base.py:84} INFO - Retrieving connection 'snowflake_conn'
[2026-09-25T22:24:56.911+0000] {processor.py:925} INFO - DAG(s) 'dbt_weather_analytics' retrieved from /opt/airflow/dags/build_elt_with_dbt.py
[2026-09-25T22:24:56.928+0000] {logging_mixin.py:190} INFO - [2026-09-25T22:24:56.928+0000] {dag.py:3229} INFO - Sync 1 DAGs
[2026-09-25T22:24:56.937+0000] {logging_mixin.py:190} INFO - [2026-09-25T22:24:56.936+0000] {dag.py:4156} INFO - Setting next_dagrun for dbt_weather_analytics to None, run_after=None
[2026-09-25T22:24:56.947+0000] {processor.py:208} INFO - Processing /opt/airflow/dags/build_elt_with_dbt.py took 0.090 seconds
[2026-09-25T22:25:27.322+0000] {processor.py:186} INFO - Started process (PID=1067) to work on /opt/airflow/dags/build_elt_with_dbt.py
[2026-09-25T22:25:27.323+0000] {processor.py:914} INFO - Processing file /opt/airflow/dags/build_elt_with_dbt.py for tasks to queue
[2026-09-25T22:25:27.325+0000] {logging_mixin.py:190} INFO - [2026-09-25T22:25:27.325+0000] {dagbag.py:587} INFO - Filling up the DagBag from /opt/airflow/dags/build_elt_with_dbt.py
[2026-09-25T22:25:27.345+0000] {logging_mixin.py:190} INFO - [2026-09-25T22:25:27.345+0000] {base.py:84} INFO - Retrieving connection 'snowflake_conn'
[2026-09-25T22:25:27.349+0000] {processor.py:925} INFO - DAG(s) 'dbt_weather_analytics' retrieved from /opt/airflow/dags/build_elt_with_dbt.py
[2026-09-25T22:25:27.358+0000] {logging_mixin.py:190} INFO - [2026-09-25T22:25:27.358+0000] {dag.py:3229} INFO - Sync 1 DAGs
[2026-09-25T22:25:27.364+0000] {logging_mixin.py:190} INFO - [2026-09-25T22:25:27.364+0000] {dag.py:4156} INFO - Setting next_dagrun for dbt_weather_analytics to None, run_after=None
[2026-09-25T22:25:27.370+0000] {processor.py:208} INFO - Processing /opt/airflow/dags/build_elt_with_dbt.py took 0.056 seconds
[2026-09-25T22:25:57.648+0000] {processor.py:186} INFO - Started process (PID=1112) to work on /opt/airflow/dags/build_elt_with_dbt.py
[2026-09-25T22:25:57.649+0000] {processor.py:914} INFO - Processing file /opt/airflow/dags/build_elt_with_dbt.py for tasks to queue
[2026-09-25T22:25:57.652+0000] {logging_mixin.py:190} INFO - [2026-09-25T22:25:57.652+0000] {dagbag.py:587} INFO - Filling up the DagBag from /opt/airflow/dags/build_elt_with_dbt.py
[2026-09-25T22:25:57.666+0000] {logging_mixin.py:190} INFO - [2026-09-25T22:25:57.666+0000] {base.py:84} INFO - Retrieving connection 'snowflake_conn'
[2026-09-25T22:25:57.676+0000] {processor.py:925} INFO - DAG(s) 'dbt_weather_analytics' retrieved from /opt/airflow/dags/build_elt_with_dbt.py
[2026-09-25T22:25:57.696+0000] {logging_mixin.py:190} INFO - [2026-09-25T22:25:57.695+0000] {dag.py:3229} INFO - Sync 1 DAGs
[2026-09-25T22:25:57.711+0000] {logging_mixin.py:190} INFO - [2026-09-25T22:25:57.710+0000] {dag.py:4156} INFO - Setting next_dagrun for dbt_weather_analytics to None, run_after=None
[2026-09-25T22:25:57.720+0000] {processor.py:208} INFO - Processing /opt/airflow/dags/build_elt_with_dbt.py took 0.079 seconds
[2026-09-25T22:26:28.110+0000] {processor.py:186} INFO - Started process (PID=1128) to work on /opt/airflow/dags/build_elt_with_dbt.py
[2026-09-25T22:26:28.111+0000] {processor.py:914} INFO - Processing file /opt/airflow/dags/build_elt_with_dbt.py for tasks to queue
[2026-09-25T22:26:28.114+0000] {logging_mixin.py:190} INFO - [2026-09-25T22:26:28.114+0000] {dagbag.py:587} INFO - Filling up the DagBag from /opt/airflow/dags/build_elt_with_dbt.py
[2026-09-25T22:26:28.135+0000] {logging_mixin.py:190} INFO - [2026-09-25T22:26:28.135+0000] {base.py:84} INFO - Retrieving connection 'snowflake_conn'
[2026-09-25T22:26:28.142+0000] {processor.py:925} INFO - DAG(s) 'dbt_weather_analytics' retrieved from /opt/airflow/dags/build_elt_with_dbt.py
[2026-09-25T22:26:28.155+0000] {logging_mixin.py:190} INFO - [2026-09-25T22:26:28.154+0000] {dag.py:3229} INFO - Sync 1 DAGs
[2026-09-25T22:26:28.163+0000] {logging_mixin.py:190} INFO - [2026-09-25T22:26:28.163+0000] {dag.py:4156} INFO - Setting next_dagrun for dbt_weather_analytics to None, run_after=None
[2026-09-25T22:26:28.171+0000] {processor.py:208} INFO - Processing /opt/airflow/dags/build_elt_with_dbt.py took 0.069 seconds
[2026-09-25T22:26:58.591+0000] {processor.py:186} INFO - Started process (PID=1144) to work on /opt/airflow/dags/build_elt_with_dbt.py
[2026-09-25T22:26:58.595+0000] {processor.py:914} INFO - Processing file /opt/airflow/dags/build_elt_with_dbt.py for tasks to queue
[2026-09-25T22:26:58.601+0000] {logging_mixin.py:190} INFO - [2026-09-25T22:26:58.600+0000] {dagbag.py:587} INFO - Filling up the DagBag from /opt/airflow/dags/build_elt_with_dbt.py
[2026-09-25T22:26:58.631+0000] {logging_mixin.py:190} INFO - [2026-09-25T22:26:58.631+0000] {base.py:84} INFO - Retrieving connection 'snowflake_conn'
[2026-09-25T22:26:58.639+0000] {processor.py:925} INFO - DAG(s) 'dbt_weather_analytics' retrieved from /opt/airflow/dags/build_elt_with_dbt.py
[2026-09-25T22:26:58.655+0000] {logging_mixin.py:190} INFO - [2026-09-25T22:26:58.654+0000] {dag.py:3229} INFO - Sync 1 DAGs
[2026-09-25T22:26:58.664+0000] {logging_mixin.py:190} INFO - [2026-09-25T22:26:58.664+0000] {dag.py:4156} INFO - Setting next_dagrun for dbt_weather_analytics to None, run_after=None
[2026-09-25T22:26:58.674+0000] {processor.py:208} INFO - Processing /opt/airflow/dags/build_elt_with_dbt.py took 0.094 seconds
[2026-09-25T22:27:29.212+0000] {processor.py:186} INFO - Started process (PID=1160) to work on /opt/airflow/dags/build_elt_with_dbt.py
[2026-09-25T22:27:29.214+0000] {processor.py:914} INFO - Processing file /opt/airflow/dags/build_elt_with_dbt.py for tasks to queue
[2026-09-25T22:27:29.220+0000] {logging_mixin.py:190} INFO - [2026-09-25T22:27:29.220+0000] {dagbag.py:587} INFO - Filling up the DagBag from /opt/airflow/dags/build_elt_with_dbt.py
[2026-09-25T22:27:29.247+0000] {logging_mixin.py:190} INFO - [2026-09-25T22:27:29.247+0000] {base.py:84} INFO - Retrieving connection 'snowflake_conn'
[2026-09-25T22:27:29.256+0000] {processor.py:925} INFO - DAG(s) 'dbt_weather_analytics' retrieved from /opt/airflow/dags/build_elt_with_dbt.py
[2026-09-25T22:27:29.283+0000] {logging_mixin.py:190} INFO - [2026-09-25T22:27:29.283+0000] {dag.py:3229} INFO - Sync 1 DAGs
[2026-09-25T22:27:29.293+0000] {logging_mixin.py:190} INFO - [2026-09-25T22:27:29.293+0000] {dag.py:4156} INFO - Setting next_dagrun for dbt_weather_analytics to None, run_after=None
[2026-09-25T22:27:29.302+0000] {processor.py:208} INFO - Processing /opt/airflow/dags/build_elt_with_dbt.py took 0.103 seconds
[2026-09-25T22:27:59.644+0000] {processor.py:186} INFO - Started process (PID=1192) to work on /opt/airflow/dags/build_elt_with_dbt.py
[2026-09-25T22:27:59.646+0000] {processor.py:914} INFO - Processing file /opt/airflow/dags/build_elt_with_dbt.py for tasks to queue
[2026-09-25T22:27:59.649+0000] {logging_mixin.py:190} INFO - [2026-09-25T22:27:59.649+0000] {dagbag.py:587} INFO - Filling up the DagBag from /opt/airflow/dags/build_elt_with_dbt.py
[2026-09-25T22:27:59.682+0000] {logging_mixin.py:190} INFO - [2026-09-25T22:27:59.681+0000] {base.py:84} INFO - Retrieving connection 'snowflake_conn'
[2026-09-25T22:27:59.689+0000] {processor.py:925} INFO - DAG(s) 'dbt_weather_analytics' retrieved from /opt/airflow/dags/build_elt_with_dbt.py
[2026-09-25T22:27:59.705+0000] {logging_mixin.py:190} INFO - [2026-09-25T22:27:59.705+0000] {dag.py:3229} INFO - Sync 1 DAGs
[2026-09-25T22:27:59.714+0000] {logging_mixin.py:190} INFO - [2026-09-25T22:27:59.714+0000] {dag.py:4156} INFO - Setting next_dagrun for dbt_weather_analytics to None, run_after=None
[2026-09-25T22:27:59.721+0000] {processor.py:208} INFO - Processing /opt/airflow/dags/build_elt_with_dbt.py took 0.086 seconds
[2026-09-25T22:28:30.128+0000] {processor.py:186} INFO - Started process (PID=1214) to work on /opt/airflow/dags/build_elt_with_dbt.py
[2026-09-25T22:28:30.130+0000] {processor.py:914} INFO - Processing file /opt/airflow/dags/build_elt_with_dbt.py for tasks to queue
[2026-09-25T22:28:30.134+0000] {logging_mixin.py:190} INFO - [2026-09-25T22:28:30.134+0000] {dagbag.py:587} INFO - Filling up the DagBag from /opt/airflow/dags/build_elt_with_dbt.py
[2026-09-25T22:28:30.157+0000] {logging_mixin.py:190} INFO - [2026-09-25T22:28:30.157+0000] {base.py:84} INFO - Retrieving connection 'snowflake_conn'
[2026-09-25T22:28:30.165+0000] {processor.py:925} INFO - DAG(s) 'dbt_weather_analytics' retrieved from /opt/airflow/dags/build_elt_with_dbt.py
[2026-09-25T22:28:30.184+0000] {logging_mixin.py:190} INFO - [2026-09-25T22:28:30.184+0000] {dag.py:3229} INFO - Sync 1 DAGs
[2026-09-25T22:28:30.197+0000] {logging_mixin.py:190} INFO - [2026-09-25T22:28:30.197+0000] {dag.py:4156} INFO - Setting next_dagrun for dbt_weather_analytics to None, run_after=None
[2026-09-25T22:28:30.208+0000] {processor.py:208} INFO - Processing /opt/airflow/dags/build_elt_with_dbt.py took 0.087 seconds
[2026-09-25T22:29:00.667+0000] {processor.py:186} INFO - Started process (PID=1230) to work on /opt/airflow/dags/build_elt_with_dbt.py
[2026-09-25T22:29:00.669+0000] {processor.py:914} INFO - Processing file /opt/airflow/dags/build_elt_with_dbt.py for tasks to queue
[2026-09-25T22:29:00.684+0000] {logging_mixin.py:190} INFO - [2026-09-25T22:29:00.684+0000] {dagbag.py:587} INFO - Filling up the DagBag from /opt/airflow/dags/build_elt_with_dbt.py
[2026-09-25T22:29:00.723+0000] {logging_mixin.py:190} INFO - [2026-09-25T22:29:00.723+0000] {base.py:84} INFO - Retrieving connection 'snowflake_conn'
[2026-09-25T22:29:00.740+0000] {processor.py:925} INFO - DAG(s) 'dbt_weather_analytics' retrieved from /opt/airflow/dags/build_elt_with_dbt.py
[2026-09-25T22:29:00.770+0000] {logging_mixin.py:190} INFO - [2026-09-25T22:29:00.769+0000] {dag.py:3229} INFO - Sync 1 DAGs
[2026-09-25T22:29:00.788+0000] {logging_mixin.py:190} INFO - [2026-09-25T22:29:00.788+0000] {dag.py:4156} INFO - Setting next_dagrun for dbt_weather_analytics to None, run_after=None
[2026-09-25T22:29:00.799+0000] {processor.py:208} INFO - Processing /opt/airflow/dags/build_elt_with_dbt.py took 0.158 seconds
[2026-09-25T22:29:31.094+0000] {processor.py:186} INFO - Started process (PID=1252) to work on /opt/airflow/dags/build_elt_with_dbt.py
[2026-09-25T22:29:31.097+0000] {processor.py:914} INFO - Processing file /opt/airflow/dags/build_elt_with_dbt.py for tasks to queue
[2026-09-25T22:29:31.102+0000] {logging_mixin.py:190} INFO - [2026-09-25T22:29:31.101+0000] {dagbag.py:587} INFO - Filling up the DagBag from /opt/airflow/dags/build_elt_with_dbt.py
[2026-09-25T22:29:31.135+0000] {logging_mixin.py:190} INFO - [2026-09-25T22:29:31.135+0000] {base.py:84} INFO - Retrieving connection 'snowflake_conn'
[2026-09-25T22:29:31.144+0000] {processor.py:925} INFO - DAG(s) 'dbt_weather_analytics' retrieved from /opt/airflow/dags/build_elt_with_dbt.py
[2026-09-25T22:29:31.159+0000] {logging_mixin.py:190} INFO - [2026-09-25T22:29:31.159+0000] {dag.py:3229} INFO - Sync 1 DAGs
[2026-09-25T22:29:31.169+0000] {logging_mixin.py:190} INFO - [2026-09-25T22:29:31.169+0000] {dag.py:4156} INFO - Setting next_dagrun for dbt_weather_analytics to None, run_after=None
[2026-09-25T22:29:31.178+0000] {processor.py:208} INFO - Processing /opt/airflow/dags/build_elt_with_dbt.py took 0.100 seconds
[2026-09-25T22:30:01.549+0000] {processor.py:186} INFO - Started process (PID=1268) to work on /opt/airflow/dags/build_elt_with_dbt.py
[2026-09-25T22:30:01.554+0000] {processor.py:914} INFO - Processing file /opt/airflow/dags/build_elt_with_dbt.py for tasks to queue
[2026-09-25T22:30:01.557+0000] {logging_mixin.py:190} INFO - [2026-09-25T22:30:01.557+0000] {dagbag.py:587} INFO - Filling up the DagBag from /opt/airflow/dags/build_elt_with_dbt.py
[2026-09-25T22:30:01.595+0000] {logging_mixin.py:190} INFO - [2026-09-25T22:30:01.594+0000] {base.py:84} INFO - Retrieving connection 'snowflake_conn'
[2026-09-25T22:30:01.608+0000] {processor.py:925} INFO - DAG(s) 'dbt_weather_analytics' retrieved from /opt/airflow/dags/build_elt_with_dbt.py
[2026-09-25T22:30:01.626+0000] {logging_mixin.py:190} INFO - [2026-09-25T22:30:01.626+0000] {dag.py:3229} INFO - Sync 1 DAGs
[2026-09-25T22:30:01.642+0000] {logging_mixin.py:190} INFO - [2026-09-25T22:30:01.642+0000] {dag.py:4156} INFO - Setting next_dagrun for dbt_weather_analytics to None, run_after=None
[2026-09-25T22:30:01.651+0000] {processor.py:208} INFO - Processing /opt/airflow/dags/build_elt_with_dbt.py took 0.109 seconds
[2026-09-25T22:30:31.924+0000] {processor.py:186} INFO - Started process (PID=1284) to work on /opt/airflow/dags/build_elt_with_dbt.py
[2026-09-25T22:30:31.926+0000] {processor.py:914} INFO - Processing file /opt/airflow/dags/build_elt_with_dbt.py for tasks to queue
[2026-09-25T22:30:31.929+0000] {logging_mixin.py:190} INFO - [2026-09-25T22:30:31.929+0000] {dagbag.py:587} INFO - Filling up the DagBag from /opt/airflow/dags/build_elt_with_dbt.py
[2026-09-25T22:30:31.951+0000] {logging_mixin.py:190} INFO - [2026-09-25T22:30:31.950+0000] {base.py:84} INFO - Retrieving connection 'snowflake_conn'
[2026-09-25T22:30:31.957+0000] {processor.py:925} INFO - DAG(s) 'dbt_weather_analytics' retrieved from /opt/airflow/dags/build_elt_with_dbt.py
[2026-09-25T22:30:31.969+0000] {logging_mixin.py:190} INFO - [2026-09-25T22:30:31.969+0000] {dag.py:3229} INFO - Sync 1 DAGs
[2026-09-25T22:30:31.978+0000] {logging_mixin.py:190} INFO - [2026-09-25T22:30:31.978+0000] {dag.py:4156} INFO - Setting next_dagrun for dbt_weather_analytics to None, run_after=None
[2026-09-25T22:30:31.985+0000] {processor.py:208} INFO - Processing /opt/airflow/dags/build_elt_with_dbt.py took 0.068 seconds
[2026-09-25T22:31:02.368+0000] {processor.py:186} INFO - Started process (PID=1323) to work on /opt/airflow/dags/build_elt_with_dbt.py
[2026-09-25T22:31:02.370+0000] {processor.py:914} INFO - Processing file /opt/airflow/dags/build_elt_with_dbt.py for tasks to queue
[2026-09-25T22:31:02.373+0000] {logging_mixin.py:190} INFO - [2026-09-25T22:31:02.373+0000] {dagbag.py:587} INFO - Filling up the DagBag from /opt/airflow/dags/build_elt_with_dbt.py
[2026-09-25T22:31:02.395+0000] {logging_mixin.py:190} INFO - [2026-09-25T22:31:02.394+0000] {base.py:84} INFO - Retrieving connection 'snowflake_conn'
[2026-09-25T22:31:02.402+0000] {processor.py:925} INFO - DAG(s) 'dbt_weather_analytics' retrieved from /opt/airflow/dags/build_elt_with_dbt.py
[2026-09-25T22:31:02.414+0000] {logging_mixin.py:190} INFO - [2026-09-25T22:31:02.414+0000] {dag.py:3229} INFO - Sync 1 DAGs
[2026-09-25T22:31:02.423+0000] {logging_mixin.py:190} INFO - [2026-09-25T22:31:02.423+0000] {dag.py:4156} INFO - Setting next_dagrun for dbt_weather_analytics to None, run_after=None
[2026-09-25T22:31:02.431+0000] {processor.py:208} INFO - Processing /opt/airflow/dags/build_elt_with_dbt.py took 0.071 seconds
[2026-09-25T22:31:33.015+0000] {processor.py:186} INFO - Started process (PID=1339) to work on /opt/airflow/dags/build_elt_with_dbt.py
[2026-09-25T22:31:33.021+0000] {processor.py:914} INFO - Processing file /opt/airflow/dags/build_elt_with_dbt.py for tasks to queue
[2026-09-25T22:31:33.030+0000] {logging_mixin.py:190} INFO - [2026-09-25T22:31:33.029+0000] {dagbag.py:587} INFO - Filling up the DagBag from /opt/airflow/dags/build_elt_with_dbt.py
[2026-09-25T22:31:33.076+0000] {logging_mixin.py:190} INFO - [2026-09-25T22:31:33.075+0000] {base.py:84} INFO - Retrieving connection 'snowflake_conn'
[2026-09-25T22:31:33.087+0000] {processor.py:925} INFO - DAG(s) 'dbt_weather_analytics' retrieved from /opt/airflow/dags/build_elt_with_dbt.py
[2026-09-25T22:31:33.111+0000] {logging_mixin.py:190} INFO - [2026-09-25T22:31:33.110+0000] {dag.py:3229} INFO - Sync 1 DAGs
[2026-09-25T22:31:33.127+0000] {logging_mixin.py:190} INFO - [2026-09-25T22:31:33.127+0000] {dag.py:4156} INFO - Setting next_dagrun for dbt_weather_analytics to None, run_after=None
[2026-09-25T22:31:33.136+0000] {processor.py:208} INFO - Processing /opt/airflow/dags/build_elt_with_dbt.py took 0.131 seconds
[2026-09-25T22:32:03.483+0000] {processor.py:186} INFO - Started process (PID=1355) to work on /opt/airflow/dags/build_elt_with_dbt.py
[2026-09-25T22:32:03.484+0000] {processor.py:914} INFO - Processing file /opt/airflow/dags/build_elt_with_dbt.py for tasks to queue
[2026-09-25T22:32:03.486+0000] {logging_mixin.py:190} INFO - [2026-09-25T22:32:03.486+0000] {dagbag.py:587} INFO - Filling up the DagBag from /opt/airflow/dags/build_elt_with_dbt.py
[2026-09-25T22:32:03.505+0000] {logging_mixin.py:190} INFO - [2026-09-25T22:32:03.505+0000] {base.py:84} INFO - Retrieving connection 'snowflake_conn'
[2026-09-25T22:32:03.510+0000] {processor.py:925} INFO - DAG(s) 'dbt_weather_analytics' retrieved from /opt/airflow/dags/build_elt_with_dbt.py
[2026-09-25T22:32:03.523+0000] {logging_mixin.py:190} INFO - [2026-09-25T22:32:03.522+0000] {dag.py:3229} INFO - Sync 1 DAGs
[2026-09-25T22:32:03.532+0000] {logging_mixin.py:190} INFO - [2026-09-25T22:32:03.532+0000] {dag.py:4156} INFO - Setting next_dagrun for dbt_weather_analytics to None, run_after=None
[2026-09-25T22:32:03.540+0000] {processor.py:208} INFO - Processing /opt/airflow/dags/build_elt_with_dbt.py took 0.062 seconds
[2026-09-25T22:32:33.921+0000] {processor.py:186} INFO - Started process (PID=1371) to work on /opt/airflow/dags/build_elt_with_dbt.py
[2026-09-25T22:32:33.923+0000] {processor.py:914} INFO - Processing file /opt/airflow/dags/build_elt_with_dbt.py for tasks to queue
[2026-09-25T22:32:33.927+0000] {logging_mixin.py:190} INFO - [2026-09-25T22:32:33.927+0000] {dagbag.py:587} INFO - Filling up the DagBag from /opt/airflow/dags/build_elt_with_dbt.py
[2026-09-25T22:32:33.952+0000] {logging_mixin.py:190} INFO - [2026-09-25T22:32:33.952+0000] {base.py:84} INFO - Retrieving connection 'snowflake_conn'
[2026-09-25T22:32:33.960+0000] {processor.py:925} INFO - DAG(s) 'dbt_weather_analytics' retrieved from /opt/airflow/dags/build_elt_with_dbt.py
[2026-09-25T22:32:33.972+0000] {logging_mixin.py:190} INFO - [2026-09-25T22:32:33.972+0000] {dag.py:3229} INFO - Sync 1 DAGs
[2026-09-25T22:32:33.983+0000] {logging_mixin.py:190} INFO - [2026-09-25T22:32:33.983+0000] {dag.py:4156} INFO - Setting next_dagrun for dbt_weather_analytics to None, run_after=None
[2026-09-25T22:32:33.991+0000] {processor.py:208} INFO - Processing /opt/airflow/dags/build_elt_with_dbt.py took 0.079 seconds
[2026-09-25T22:33:04.429+0000] {processor.py:186} INFO - Started process (PID=1387) to work on /opt/airflow/dags/build_elt_with_dbt.py
[2026-09-25T22:33:04.436+0000] {processor.py:914} INFO - Processing file /opt/airflow/dags/build_elt_with_dbt.py for tasks to queue
[2026-09-25T22:33:04.442+0000] {logging_mixin.py:190} INFO - [2026-09-25T22:33:04.441+0000] {dagbag.py:587} INFO - Filling up the DagBag from /opt/airflow/dags/build_elt_with_dbt.py
[2026-09-25T22:33:04.473+0000] {logging_mixin.py:190} INFO - [2026-09-25T22:33:04.473+0000] {base.py:84} INFO - Retrieving connection 'snowflake_conn'
[2026-09-25T22:33:04.480+0000] {processor.py:925} INFO - DAG(s) 'dbt_weather_analytics' retrieved from /opt/airflow/dags/build_elt_with_dbt.py
[2026-09-25T22:33:04.493+0000] {logging_mixin.py:190} INFO - [2026-09-25T22:33:04.493+0000] {dag.py:3229} INFO - Sync 1 DAGs
[2026-09-25T22:33:04.509+0000] {logging_mixin.py:190} INFO - [2026-09-25T22:33:04.509+0000] {dag.py:4156} INFO - Setting next_dagrun for dbt_weather_analytics to None, run_after=None
[2026-09-25T22:33:04.518+0000] {processor.py:208} INFO - Processing /opt/airflow/dags/build_elt_with_dbt.py took 0.100 seconds
[2026-09-25T22:33:34.880+0000] {processor.py:186} INFO - Started process (PID=1403) to work on /opt/airflow/dags/build_elt_with_dbt.py
[2026-09-25T22:33:34.882+0000] {processor.py:914} INFO - Processing file /opt/airflow/dags/build_elt_with_dbt.py for tasks to queue
[2026-09-25T22:33:34.884+0000] {logging_mixin.py:190} INFO - [2026-09-25T22:33:34.884+0000] {dagbag.py:587} INFO - Filling up the DagBag from /opt/airflow/dags/build_elt_with_dbt.py
[2026-09-25T22:33:34.899+0000] {logging_mixin.py:190} INFO - [2026-09-25T22:33:34.899+0000] {base.py:84} INFO - Retrieving connection 'snowflake_conn'
[2026-09-25T22:33:34.903+0000] {processor.py:925} INFO - DAG(s) 'dbt_weather_analytics' retrieved from /opt/airflow/dags/build_elt_with_dbt.py
[2026-09-25T22:33:34.911+0000] {logging_mixin.py:190} INFO - [2026-09-25T22:33:34.911+0000] {dag.py:3229} INFO - Sync 1 DAGs
[2026-09-25T22:33:34.917+0000] {logging_mixin.py:190} INFO - [2026-09-25T22:33:34.917+0000] {dag.py:4156} INFO - Setting next_dagrun for dbt_weather_analytics to None, run_after=None
[2026-09-25T22:33:34.923+0000] {processor.py:208} INFO - Processing /opt/airflow/dags/build_elt_with_dbt.py took 0.048 seconds
[2026-09-25T22:34:05.308+0000] {processor.py:186} INFO - Started process (PID=1419) to work on /opt/airflow/dags/build_elt_with_dbt.py
[2026-09-25T22:34:05.310+0000] {processor.py:914} INFO - Processing file /opt/airflow/dags/build_elt_with_dbt.py for tasks to queue
[2026-09-25T22:34:05.313+0000] {logging_mixin.py:190} INFO - [2026-09-25T22:34:05.313+0000] {dagbag.py:587} INFO - Filling up the DagBag from /opt/airflow/dags/build_elt_with_dbt.py
[2026-09-25T22:34:05.333+0000] {logging_mixin.py:190} INFO - [2026-09-25T22:34:05.333+0000] {base.py:84} INFO - Retrieving connection 'snowflake_conn'
[2026-09-25T22:34:05.339+0000] {processor.py:925} INFO - DAG(s) 'dbt_weather_analytics' retrieved from /opt/airflow/dags/build_elt_with_dbt.py
[2026-09-25T22:34:05.349+0000] {logging_mixin.py:190} INFO - [2026-09-25T22:34:05.349+0000] {dag.py:3229} INFO - Sync 1 DAGs
[2026-09-25T22:34:05.356+0000] {logging_mixin.py:190} INFO - [2026-09-25T22:34:05.356+0000] {dag.py:4156} INFO - Setting next_dagrun for dbt_weather_analytics to None, run_after=None
[2026-09-25T22:34:05.363+0000] {processor.py:208} INFO - Processing /opt/airflow/dags/build_elt_with_dbt.py took 0.063 seconds
[2026-09-25T22:34:35.723+0000] {processor.py:186} INFO - Started process (PID=1435) to work on /opt/airflow/dags/build_elt_with_dbt.py
[2026-09-25T22:34:35.725+0000] {processor.py:914} INFO - Processing file /opt/airflow/dags/build_elt_with_dbt.py for tasks to queue
[2026-09-25T22:34:35.727+0000] {logging_mixin.py:190} INFO - [2026-09-25T22:34:35.727+0000] {dagbag.py:587} INFO - Filling up the DagBag from /opt/airflow/dags/build_elt_with_dbt.py
[2026-09-25T22:34:35.742+0000] {logging_mixin.py:190} INFO - [2026-09-25T22:34:35.741+0000] {base.py:84} INFO - Retrieving connection 'snowflake_conn'
[2026-09-25T22:34:35.746+0000] {processor.py:925} INFO - DAG(s) 'dbt_weather_analytics' retrieved from /opt/airflow/dags/build_elt_with_dbt.py
[2026-09-25T22:34:35.753+0000] {logging_mixin.py:190} INFO - [2026-09-25T22:34:35.753+0000] {dag.py:3229} INFO - Sync 1 DAGs
[2026-09-25T22:34:35.760+0000] {logging_mixin.py:190} INFO - [2026-09-25T22:34:35.760+0000] {dag.py:4156} INFO - Setting next_dagrun for dbt_weather_analytics to None, run_after=None
[2026-09-25T22:34:35.766+0000] {processor.py:208} INFO - Processing /opt/airflow/dags/build_elt_with_dbt.py took 0.050 seconds
[2026-09-25T22:35:06.075+0000] {processor.py:186} INFO - Started process (PID=1451) to work on /opt/airflow/dags/build_elt_with_dbt.py
[2026-09-25T22:35:06.076+0000] {processor.py:914} INFO - Processing file /opt/airflow/dags/build_elt_with_dbt.py for tasks to queue
[2026-09-25T22:35:06.077+0000] {logging_mixin.py:190} INFO - [2026-09-25T22:35:06.077+0000] {dagbag.py:587} INFO - Filling up the DagBag from /opt/airflow/dags/build_elt_with_dbt.py
[2026-09-25T22:35:06.099+0000] {logging_mixin.py:190} INFO - [2026-09-25T22:35:06.099+0000] {base.py:84} INFO - Retrieving connection 'snowflake_conn'
[2026-09-25T22:35:06.103+0000] {processor.py:925} INFO - DAG(s) 'dbt_weather_analytics' retrieved from /opt/airflow/dags/build_elt_with_dbt.py
[2026-09-25T22:35:06.114+0000] {logging_mixin.py:190} INFO - [2026-09-25T22:35:06.114+0000] {dag.py:3229} INFO - Sync 1 DAGs
[2026-09-25T22:35:06.122+0000] {logging_mixin.py:190} INFO - [2026-09-25T22:35:06.122+0000] {dag.py:4156} INFO - Setting next_dagrun for dbt_weather_analytics to None, run_after=None
[2026-09-25T22:35:06.129+0000] {processor.py:208} INFO - Processing /opt/airflow/dags/build_elt_with_dbt.py took 0.059 seconds
[2026-09-25T22:35:36.512+0000] {processor.py:186} INFO - Started process (PID=1467) to work on /opt/airflow/dags/build_elt_with_dbt.py
[2026-09-25T22:35:36.514+0000] {processor.py:914} INFO - Processing file /opt/airflow/dags/build_elt_with_dbt.py for tasks to queue
[2026-09-25T22:35:36.518+0000] {logging_mixin.py:190} INFO - [2026-09-25T22:35:36.517+0000] {dagbag.py:587} INFO - Filling up the DagBag from /opt/airflow/dags/build_elt_with_dbt.py
[2026-09-25T22:35:36.538+0000] {logging_mixin.py:190} INFO - [2026-09-25T22:35:36.538+0000] {base.py:84} INFO - Retrieving connection 'snowflake_conn'
[2026-09-25T22:35:36.546+0000] {processor.py:925} INFO - DAG(s) 'dbt_weather_analytics' retrieved from /opt/airflow/dags/build_elt_with_dbt.py
[2026-09-25T22:35:36.558+0000] {logging_mixin.py:190} INFO - [2026-09-25T22:35:36.557+0000] {dag.py:3229} INFO - Sync 1 DAGs
[2026-09-25T22:35:36.566+0000] {logging_mixin.py:190} INFO - [2026-09-25T22:35:36.566+0000] {dag.py:4156} INFO - Setting next_dagrun for dbt_weather_analytics to None, run_after=None
[2026-09-25T22:35:36.574+0000] {processor.py:208} INFO - Processing /opt/airflow/dags/build_elt_with_dbt.py took 0.069 seconds
[2026-09-25T22:36:06.935+0000] {processor.py:186} INFO - Started process (PID=1483) to work on /opt/airflow/dags/build_elt_with_dbt.py
[2026-09-25T22:36:06.937+0000] {processor.py:914} INFO - Processing file /opt/airflow/dags/build_elt_with_dbt.py for tasks to queue
[2026-09-25T22:36:06.941+0000] {logging_mixin.py:190} INFO - [2026-09-25T22:36:06.940+0000] {dagbag.py:587} INFO - Filling up the DagBag from /opt/airflow/dags/build_elt_with_dbt.py
[2026-09-25T22:36:06.961+0000] {logging_mixin.py:190} INFO - [2026-09-25T22:36:06.961+0000] {base.py:84} INFO - Retrieving connection 'snowflake_conn'
[2026-09-25T22:36:06.968+0000] {processor.py:925} INFO - DAG(s) 'dbt_weather_analytics' retrieved from /opt/airflow/dags/build_elt_with_dbt.py
[2026-09-25T22:36:06.979+0000] {logging_mixin.py:190} INFO - [2026-09-25T22:36:06.979+0000] {dag.py:3229} INFO - Sync 1 DAGs
[2026-09-25T22:36:06.987+0000] {logging_mixin.py:190} INFO - [2026-09-25T22:36:06.987+0000] {dag.py:4156} INFO - Setting next_dagrun for dbt_weather_analytics to None, run_after=None
[2026-09-25T22:36:06.994+0000] {processor.py:208} INFO - Processing /opt/airflow/dags/build_elt_with_dbt.py took 0.068 seconds
[2026-09-25T22:36:37.374+0000] {processor.py:186} INFO - Started process (PID=1499) to work on /opt/airflow/dags/build_elt_with_dbt.py
[2026-09-25T22:36:37.375+0000] {processor.py:914} INFO - Processing file /opt/airflow/dags/build_elt_with_dbt.py for tasks to queue
[2026-09-25T22:36:37.377+0000] {logging_mixin.py:190} INFO - [2026-09-25T22:36:37.377+0000] {dagbag.py:587} INFO - Filling up the DagBag from /opt/airflow/dags/build_elt_with_dbt.py
[2026-09-25T22:36:37.390+0000] {logging_mixin.py:190} INFO - [2026-09-25T22:36:37.390+0000] {base.py:84} INFO - Retrieving connection 'snowflake_conn'
[2026-09-25T22:36:37.394+0000] {processor.py:925} INFO - DAG(s) 'dbt_weather_analytics' retrieved from /opt/airflow/dags/build_elt_with_dbt.py
[2026-09-25T22:36:37.402+0000] {logging_mixin.py:190} INFO - [2026-09-25T22:36:37.402+0000] {dag.py:3229} INFO - Sync 1 DAGs
[2026-09-25T22:36:37.409+0000] {logging_mixin.py:190} INFO - [2026-09-25T22:36:37.409+0000] {dag.py:4156} INFO - Setting next_dagrun for dbt_weather_analytics to None, run_after=None
[2026-09-25T22:36:37.415+0000] {processor.py:208} INFO - Processing /opt/airflow/dags/build_elt_with_dbt.py took 0.050 seconds
[2026-09-25T22:37:07.788+0000] {processor.py:186} INFO - Started process (PID=1515) to work on /opt/airflow/dags/build_elt_with_dbt.py
[2026-09-25T22:37:07.790+0000] {processor.py:914} INFO - Processing file /opt/airflow/dags/build_elt_with_dbt.py for tasks to queue
[2026-09-25T22:37:07.794+0000] {logging_mixin.py:190} INFO - [2026-09-25T22:37:07.793+0000] {dagbag.py:587} INFO - Filling up the DagBag from /opt/airflow/dags/build_elt_with_dbt.py
[2026-09-25T22:37:07.809+0000] {logging_mixin.py:190} INFO - [2026-09-25T22:37:07.808+0000] {base.py:84} INFO - Retrieving connection 'snowflake_conn'
[2026-09-25T22:37:07.813+0000] {processor.py:925} INFO - DAG(s) 'dbt_weather_analytics' retrieved from /opt/airflow/dags/build_elt_with_dbt.py
[2026-09-25T22:37:07.821+0000] {logging_mixin.py:190} INFO - [2026-09-25T22:37:07.821+0000] {dag.py:3229} INFO - Sync 1 DAGs
[2026-09-25T22:37:07.827+0000] {logging_mixin.py:190} INFO - [2026-09-25T22:37:07.827+0000] {dag.py:4156} INFO - Setting next_dagrun for dbt_weather_analytics to None, run_after=None
[2026-09-25T22:37:07.836+0000] {processor.py:208} INFO - Processing /opt/airflow/dags/build_elt_with_dbt.py took 0.052 seconds
[2026-09-25T22:37:38.213+0000] {processor.py:186} INFO - Started process (PID=1531) to work on /opt/airflow/dags/build_elt_with_dbt.py
[2026-09-25T22:37:38.216+0000] {processor.py:914} INFO - Processing file /opt/airflow/dags/build_elt_with_dbt.py for tasks to queue
[2026-09-25T22:37:38.220+0000] {logging_mixin.py:190} INFO - [2026-09-25T22:37:38.220+0000] {dagbag.py:587} INFO - Filling up the DagBag from /opt/airflow/dags/build_elt_with_dbt.py
[2026-09-25T22:37:38.249+0000] {logging_mixin.py:190} INFO - [2026-09-25T22:37:38.249+0000] {base.py:84} INFO - Retrieving connection 'snowflake_conn'
[2026-09-25T22:37:38.256+0000] {processor.py:925} INFO - DAG(s) 'dbt_weather_analytics' retrieved from /opt/airflow/dags/build_elt_with_dbt.py
[2026-09-25T22:37:38.271+0000] {logging_mixin.py:190} INFO - [2026-09-25T22:37:38.271+0000] {dag.py:3229} INFO - Sync 1 DAGs
[2026-09-25T22:37:38.279+0000] {logging_mixin.py:190} INFO - [2026-09-25T22:37:38.279+0000] {dag.py:4156} INFO - Setting next_dagrun for dbt_weather_analytics to None, run_after=None
[2026-09-25T22:37:38.287+0000] {processor.py:208} INFO - Processing /opt/airflow/dags/build_elt_with_dbt.py took 0.089 seconds
[2026-09-25T22:38:08.659+0000] {processor.py:186} INFO - Started process (PID=1547) to work on /opt/airflow/dags/build_elt_with_dbt.py
[2026-09-25T22:38:08.660+0000] {processor.py:914} INFO - Processing file /opt/airflow/dags/build_elt_with_dbt.py for tasks to queue
[2026-09-25T22:38:08.663+0000] {logging_mixin.py:190} INFO - [2026-09-25T22:38:08.662+0000] {dagbag.py:587} INFO - Filling up the DagBag from /opt/airflow/dags/build_elt_with_dbt.py
[2026-09-25T22:38:08.679+0000] {logging_mixin.py:190} INFO - [2026-09-25T22:38:08.679+0000] {base.py:84} INFO - Retrieving connection 'snowflake_conn'
[2026-09-25T22:38:08.683+0000] {processor.py:925} INFO - DAG(s) 'dbt_weather_analytics' retrieved from /opt/airflow/dags/build_elt_with_dbt.py
[2026-09-25T22:38:08.691+0000] {logging_mixin.py:190} INFO - [2026-09-25T22:38:08.691+0000] {dag.py:3229} INFO - Sync 1 DAGs
[2026-09-25T22:38:08.697+0000] {logging_mixin.py:190} INFO - [2026-09-25T22:38:08.697+0000] {dag.py:4156} INFO - Setting next_dagrun for dbt_weather_analytics to None, run_after=None
[2026-09-25T22:38:08.705+0000] {processor.py:208} INFO - Processing /opt/airflow/dags/build_elt_with_dbt.py took 0.051 seconds
[2026-09-25T22:38:39.107+0000] {processor.py:186} INFO - Started process (PID=1563) to work on /opt/airflow/dags/build_elt_with_dbt.py
[2026-09-25T22:38:39.109+0000] {processor.py:914} INFO - Processing file /opt/airflow/dags/build_elt_with_dbt.py for tasks to queue
[2026-09-25T22:38:39.113+0000] {logging_mixin.py:190} INFO - [2026-09-25T22:38:39.113+0000] {dagbag.py:587} INFO - Filling up the DagBag from /opt/airflow/dags/build_elt_with_dbt.py
[2026-09-25T22:38:39.132+0000] {logging_mixin.py:190} INFO - [2026-09-25T22:38:39.132+0000] {base.py:84} INFO - Retrieving connection 'snowflake_conn'
[2026-09-25T22:38:39.138+0000] {processor.py:925} INFO - DAG(s) 'dbt_weather_analytics' retrieved from /opt/airflow/dags/build_elt_with_dbt.py
[2026-09-25T22:38:39.148+0000] {logging_mixin.py:190} INFO - [2026-09-25T22:38:39.148+0000] {dag.py:3229} INFO - Sync 1 DAGs
[2026-09-25T22:38:39.156+0000] {logging_mixin.py:190} INFO - [2026-09-25T22:38:39.156+0000] {dag.py:4156} INFO - Setting next_dagrun for dbt_weather_analytics to None, run_after=None
[2026-09-25T22:38:39.163+0000] {processor.py:208} INFO - Processing /opt/airflow/dags/build_elt_with_dbt.py took 0.065 seconds
[2026-09-25T22:39:09.491+0000] {processor.py:186} INFO - Started process (PID=1579) to work on /opt/airflow/dags/build_elt_with_dbt.py
[2026-09-25T22:39:09.493+0000] {processor.py:914} INFO - Processing file /opt/airflow/dags/build_elt_with_dbt.py for tasks to queue
[2026-09-25T22:39:09.495+0000] {logging_mixin.py:190} INFO - [2026-09-25T22:39:09.495+0000] {dagbag.py:587} INFO - Filling up the DagBag from /opt/airflow/dags/build_elt_with_dbt.py
[2026-09-25T22:39:09.513+0000] {logging_mixin.py:190} INFO - [2026-09-25T22:39:09.513+0000] {base.py:84} INFO - Retrieving connection 'snowflake_conn'
[2026-09-25T22:39:09.517+0000] {processor.py:925} INFO - DAG(s) 'dbt_weather_analytics' retrieved from /opt/airflow/dags/build_elt_with_dbt.py
[2026-09-25T22:39:09.525+0000] {logging_mixin.py:190} INFO - [2026-09-25T22:39:09.525+0000] {dag.py:3229} INFO - Sync 1 DAGs
[2026-09-25T22:39:09.531+0000] {logging_mixin.py:190} INFO - [2026-09-25T22:39:09.531+0000] {dag.py:4156} INFO - Setting next_dagrun for dbt_weather_analytics to None, run_after=None
[2026-09-25T22:39:09.538+0000] {processor.py:208} INFO - Processing /opt/airflow/dags/build_elt_with_dbt.py took 0.054 seconds
[2026-09-25T22:39:39.913+0000] {processor.py:186} INFO - Started process (PID=1595) to work on /opt/airflow/dags/build_elt_with_dbt.py
[2026-09-25T22:39:39.917+0000] {processor.py:914} INFO - Processing file /opt/airflow/dags/build_elt_with_dbt.py for tasks to queue
[2026-09-25T22:39:39.927+0000] {logging_mixin.py:190} INFO - [2026-09-25T22:39:39.926+0000] {dagbag.py:587} INFO - Filling up the DagBag from /opt/airflow/dags/build_elt_with_dbt.py
[2026-09-25T22:39:39.962+0000] {logging_mixin.py:190} INFO - [2026-09-25T22:39:39.962+0000] {base.py:84} INFO - Retrieving connection 'snowflake_conn'
[2026-09-25T22:39:39.969+0000] {processor.py:925} INFO - DAG(s) 'dbt_weather_analytics' retrieved from /opt/airflow/dags/build_elt_with_dbt.py
[2026-09-25T22:39:39.986+0000] {logging_mixin.py:190} INFO - [2026-09-25T22:39:39.986+0000] {dag.py:3229} INFO - Sync 1 DAGs
[2026-09-25T22:39:39.995+0000] {logging_mixin.py:190} INFO - [2026-09-25T22:39:39.995+0000] {dag.py:4156} INFO - Setting next_dagrun for dbt_weather_analytics to None, run_after=None
[2026-09-25T22:39:40.004+0000] {processor.py:208} INFO - Processing /opt/airflow/dags/build_elt_with_dbt.py took 0.105 seconds
[2026-09-25T22:40:10.364+0000] {processor.py:186} INFO - Started process (PID=1611) to work on /opt/airflow/dags/build_elt_with_dbt.py
[2026-09-25T22:40:10.366+0000] {processor.py:914} INFO - Processing file /opt/airflow/dags/build_elt_with_dbt.py for tasks to queue
[2026-09-25T22:40:10.369+0000] {logging_mixin.py:190} INFO - [2026-09-25T22:40:10.369+0000] {dagbag.py:587} INFO - Filling up the DagBag from /opt/airflow/dags/build_elt_with_dbt.py
[2026-09-25T22:40:10.390+0000] {logging_mixin.py:190} INFO - [2026-09-25T22:40:10.390+0000] {base.py:84} INFO - Retrieving connection 'snowflake_conn'
[2026-09-25T22:40:10.396+0000] {processor.py:925} INFO - DAG(s) 'dbt_weather_analytics' retrieved from /opt/airflow/dags/build_elt_with_dbt.py
[2026-09-25T22:40:10.406+0000] {logging_mixin.py:190} INFO - [2026-09-25T22:40:10.406+0000] {dag.py:3229} INFO - Sync 1 DAGs
[2026-09-25T22:40:10.413+0000] {logging_mixin.py:190} INFO - [2026-09-25T22:40:10.413+0000] {dag.py:4156} INFO - Setting next_dagrun for dbt_weather_analytics to None, run_after=None
[2026-09-25T22:40:10.420+0000] {processor.py:208} INFO - Processing /opt/airflow/dags/build_elt_with_dbt.py took 0.063 seconds
[2026-09-25T22:40:40.826+0000] {processor.py:186} INFO - Started process (PID=1627) to work on /opt/airflow/dags/build_elt_with_dbt.py
[2026-09-25T22:40:40.829+0000] {processor.py:914} INFO - Processing file /opt/airflow/dags/build_elt_with_dbt.py for tasks to queue
[2026-09-25T22:40:40.837+0000] {logging_mixin.py:190} INFO - [2026-09-25T22:40:40.836+0000] {dagbag.py:587} INFO - Filling up the DagBag from /opt/airflow/dags/build_elt_with_dbt.py
[2026-09-25T22:40:40.865+0000] {logging_mixin.py:190} INFO - [2026-09-25T22:40:40.865+0000] {base.py:84} INFO - Retrieving connection 'snowflake_conn'
[2026-09-25T22:40:40.872+0000] {processor.py:925} INFO - DAG(s) 'dbt_weather_analytics' retrieved from /opt/airflow/dags/build_elt_with_dbt.py
[2026-09-25T22:40:40.890+0000] {logging_mixin.py:190} INFO - [2026-09-25T22:40:40.890+0000] {dag.py:3229} INFO - Sync 1 DAGs
[2026-09-25T22:40:40.900+0000] {logging_mixin.py:190} INFO - [2026-09-25T22:40:40.900+0000] {dag.py:4156} INFO - Setting next_dagrun for dbt_weather_analytics to None, run_after=None
[2026-09-25T22:40:40.908+0000] {processor.py:208} INFO - Processing /opt/airflow/dags/build_elt_with_dbt.py took 0.094 seconds
[2026-09-25T22:41:11.207+0000] {processor.py:186} INFO - Started process (PID=1643) to work on /opt/airflow/dags/build_elt_with_dbt.py
[2026-09-25T22:41:11.209+0000] {processor.py:914} INFO - Processing file /opt/airflow/dags/build_elt_with_dbt.py for tasks to queue
[2026-09-25T22:41:11.211+0000] {logging_mixin.py:190} INFO - [2026-09-25T22:41:11.211+0000] {dagbag.py:587} INFO - Filling up the DagBag from /opt/airflow/dags/build_elt_with_dbt.py
[2026-09-25T22:41:11.227+0000] {logging_mixin.py:190} INFO - [2026-09-25T22:41:11.227+0000] {base.py:84} INFO - Retrieving connection 'snowflake_conn'
[2026-09-25T22:41:11.230+0000] {processor.py:925} INFO - DAG(s) 'dbt_weather_analytics' retrieved from /opt/airflow/dags/build_elt_with_dbt.py
[2026-09-25T22:41:11.239+0000] {logging_mixin.py:190} INFO - [2026-09-25T22:41:11.238+0000] {dag.py:3229} INFO - Sync 1 DAGs
[2026-09-25T22:41:11.244+0000] {logging_mixin.py:190} INFO - [2026-09-25T22:41:11.244+0000] {dag.py:4156} INFO - Setting next_dagrun for dbt_weather_analytics to None, run_after=None
[2026-09-25T22:41:11.250+0000] {processor.py:208} INFO - Processing /opt/airflow/dags/build_elt_with_dbt.py took 0.049 seconds
[2026-09-25T22:41:41.634+0000] {processor.py:186} INFO - Started process (PID=1659) to work on /opt/airflow/dags/build_elt_with_dbt.py
[2026-09-25T22:41:41.637+0000] {processor.py:914} INFO - Processing file /opt/airflow/dags/build_elt_with_dbt.py for tasks to queue
[2026-09-25T22:41:41.648+0000] {logging_mixin.py:190} INFO - [2026-09-25T22:41:41.648+0000] {dagbag.py:587} INFO - Filling up the DagBag from /opt/airflow/dags/build_elt_with_dbt.py
[2026-09-25T22:41:41.674+0000] {logging_mixin.py:190} INFO - [2026-09-25T22:41:41.674+0000] {base.py:84} INFO - Retrieving connection 'snowflake_conn'
[2026-09-25T22:41:41.682+0000] {processor.py:925} INFO - DAG(s) 'dbt_weather_analytics' retrieved from /opt/airflow/dags/build_elt_with_dbt.py
[2026-09-25T22:41:41.695+0000] {logging_mixin.py:190} INFO - [2026-09-25T22:41:41.695+0000] {dag.py:3229} INFO - Sync 1 DAGs
[2026-09-25T22:41:41.704+0000] {logging_mixin.py:190} INFO - [2026-09-25T22:41:41.704+0000] {dag.py:4156} INFO - Setting next_dagrun for dbt_weather_analytics to None, run_after=None
[2026-09-25T22:41:41.712+0000] {processor.py:208} INFO - Processing /opt/airflow/dags/build_elt_with_dbt.py took 0.093 seconds
[2026-09-25T22:42:12.072+0000] {processor.py:186} INFO - Started process (PID=1675) to work on /opt/airflow/dags/build_elt_with_dbt.py
[2026-09-25T22:42:12.073+0000] {processor.py:914} INFO - Processing file /opt/airflow/dags/build_elt_with_dbt.py for tasks to queue
[2026-09-25T22:42:12.075+0000] {logging_mixin.py:190} INFO - [2026-09-25T22:42:12.075+0000] {dagbag.py:587} INFO - Filling up the DagBag from /opt/airflow/dags/build_elt_with_dbt.py
[2026-09-25T22:42:12.089+0000] {logging_mixin.py:190} INFO - [2026-09-25T22:42:12.089+0000] {base.py:84} INFO - Retrieving connection 'snowflake_conn'
[2026-09-25T22:42:12.093+0000] {processor.py:925} INFO - DAG(s) 'dbt_weather_analytics' retrieved from /opt/airflow/dags/build_elt_with_dbt.py
[2026-09-25T22:42:12.100+0000] {logging_mixin.py:190} INFO - [2026-09-25T22:42:12.100+0000] {dag.py:3229} INFO - Sync 1 DAGs
[2026-09-25T22:42:12.106+0000] {logging_mixin.py:190} INFO - [2026-09-25T22:42:12.106+0000] {dag.py:4156} INFO - Setting next_dagrun for dbt_weather_analytics to None, run_after=None
[2026-09-25T22:42:12.112+0000] {processor.py:208} INFO - Processing /opt/airflow/dags/build_elt_with_dbt.py took 0.047 seconds
[2026-09-25T22:42:42.489+0000] {processor.py:186} INFO - Started process (PID=1691) to work on /opt/airflow/dags/build_elt_with_dbt.py
[2026-09-25T22:42:42.491+0000] {processor.py:914} INFO - Processing file /opt/airflow/dags/build_elt_with_dbt.py for tasks to queue
[2026-09-25T22:42:42.494+0000] {logging_mixin.py:190} INFO - [2026-09-25T22:42:42.494+0000] {dagbag.py:587} INFO - Filling up the DagBag from /opt/airflow/dags/build_elt_with_dbt.py
[2026-09-25T22:42:42.512+0000] {logging_mixin.py:190} INFO - [2026-09-25T22:42:42.512+0000] {base.py:84} INFO - Retrieving connection 'snowflake_conn'
[2026-09-25T22:42:42.518+0000] {processor.py:925} INFO - DAG(s) 'dbt_weather_analytics' retrieved from /opt/airflow/dags/build_elt_with_dbt.py
[2026-09-25T22:42:42.529+0000] {logging_mixin.py:190} INFO - [2026-09-25T22:42:42.528+0000] {dag.py:3229} INFO - Sync 1 DAGs
[2026-09-25T22:42:42.537+0000] {logging_mixin.py:190} INFO - [2026-09-25T22:42:42.537+0000] {dag.py:4156} INFO - Setting next_dagrun for dbt_weather_analytics to None, run_after=None
[2026-09-25T22:42:42.544+0000] {processor.py:208} INFO - Processing /opt/airflow/dags/build_elt_with_dbt.py took 0.062 seconds
[2026-09-25T22:43:12.883+0000] {processor.py:186} INFO - Started process (PID=1707) to work on /opt/airflow/dags/build_elt_with_dbt.py
[2026-09-25T22:43:12.886+0000] {processor.py:914} INFO - Processing file /opt/airflow/dags/build_elt_with_dbt.py for tasks to queue
[2026-09-25T22:43:12.888+0000] {logging_mixin.py:190} INFO - [2026-09-25T22:43:12.887+0000] {dagbag.py:587} INFO - Filling up the DagBag from /opt/airflow/dags/build_elt_with_dbt.py
[2026-09-25T22:43:12.903+0000] {logging_mixin.py:190} INFO - [2026-09-25T22:43:12.903+0000] {base.py:84} INFO - Retrieving connection 'snowflake_conn'
[2026-09-25T22:43:12.906+0000] {processor.py:925} INFO - DAG(s) 'dbt_weather_analytics' retrieved from /opt/airflow/dags/build_elt_with_dbt.py
[2026-09-25T22:43:12.914+0000] {logging_mixin.py:190} INFO - [2026-09-25T22:43:12.914+0000] {dag.py:3229} INFO - Sync 1 DAGs
[2026-09-25T22:43:12.920+0000] {logging_mixin.py:190} INFO - [2026-09-25T22:43:12.920+0000] {dag.py:4156} INFO - Setting next_dagrun for dbt_weather_analytics to None, run_after=None
[2026-09-25T22:43:12.926+0000] {processor.py:208} INFO - Processing /opt/airflow/dags/build_elt_with_dbt.py took 0.048 seconds
[2026-09-25T22:43:43.286+0000] {processor.py:186} INFO - Started process (PID=1723) to work on /opt/airflow/dags/build_elt_with_dbt.py
[2026-09-25T22:43:43.288+0000] {processor.py:914} INFO - Processing file /opt/airflow/dags/build_elt_with_dbt.py for tasks to queue
[2026-09-25T22:43:43.289+0000] {logging_mixin.py:190} INFO - [2026-09-25T22:43:43.289+0000] {dagbag.py:587} INFO - Filling up the DagBag from /opt/airflow/dags/build_elt_with_dbt.py
[2026-09-25T22:43:43.305+0000] {logging_mixin.py:190} INFO - [2026-09-25T22:43:43.304+0000] {base.py:84} INFO - Retrieving connection 'snowflake_conn'
[2026-09-25T22:43:43.308+0000] {processor.py:925} INFO - DAG(s) 'dbt_weather_analytics' retrieved from /opt/airflow/dags/build_elt_with_dbt.py
[2026-09-25T22:43:43.316+0000] {logging_mixin.py:190} INFO - [2026-09-25T22:43:43.316+0000] {dag.py:3229} INFO - Sync 1 DAGs
[2026-09-25T22:43:43.322+0000] {logging_mixin.py:190} INFO - [2026-09-25T22:43:43.322+0000] {dag.py:4156} INFO - Setting next_dagrun for dbt_weather_analytics to None, run_after=None
[2026-09-25T22:43:43.329+0000] {processor.py:208} INFO - Processing /opt/airflow/dags/build_elt_with_dbt.py took 0.048 seconds
[2026-09-25T22:44:13.711+0000] {processor.py:186} INFO - Started process (PID=1739) to work on /opt/airflow/dags/build_elt_with_dbt.py
[2026-09-25T22:44:13.712+0000] {processor.py:914} INFO - Processing file /opt/airflow/dags/build_elt_with_dbt.py for tasks to queue
[2026-09-25T22:44:13.714+0000] {logging_mixin.py:190} INFO - [2026-09-25T22:44:13.714+0000] {dagbag.py:587} INFO - Filling up the DagBag from /opt/airflow/dags/build_elt_with_dbt.py
[2026-09-25T22:44:13.731+0000] {logging_mixin.py:190} INFO - [2026-09-25T22:44:13.731+0000] {base.py:84} INFO - Retrieving connection 'snowflake_conn'
[2026-09-25T22:44:13.735+0000] {processor.py:925} INFO - DAG(s) 'dbt_weather_analytics' retrieved from /opt/airflow/dags/build_elt_with_dbt.py
[2026-09-25T22:44:13.743+0000] {logging_mixin.py:190} INFO - [2026-09-25T22:44:13.743+0000] {dag.py:3229} INFO - Sync 1 DAGs
[2026-09-25T22:44:13.751+0000] {logging_mixin.py:190} INFO - [2026-09-25T22:44:13.751+0000] {dag.py:4156} INFO - Setting next_dagrun for dbt_weather_analytics to None, run_after=None
[2026-09-25T22:44:13.759+0000] {processor.py:208} INFO - Processing /opt/airflow/dags/build_elt_with_dbt.py took 0.055 seconds
[2026-09-25T22:44:44.095+0000] {processor.py:186} INFO - Started process (PID=1755) to work on /opt/airflow/dags/build_elt_with_dbt.py
[2026-09-25T22:44:44.097+0000] {processor.py:914} INFO - Processing file /opt/airflow/dags/build_elt_with_dbt.py for tasks to queue
[2026-09-25T22:44:44.099+0000] {logging_mixin.py:190} INFO - [2026-09-25T22:44:44.098+0000] {dagbag.py:587} INFO - Filling up the DagBag from /opt/airflow/dags/build_elt_with_dbt.py
[2026-09-25T22:44:44.114+0000] {logging_mixin.py:190} INFO - [2026-09-25T22:44:44.114+0000] {base.py:84} INFO - Retrieving connection 'snowflake_conn'
[2026-09-25T22:44:44.118+0000] {processor.py:925} INFO - DAG(s) 'dbt_weather_analytics' retrieved from /opt/airflow/dags/build_elt_with_dbt.py
[2026-09-25T22:44:44.126+0000] {logging_mixin.py:190} INFO - [2026-09-25T22:44:44.126+0000] {dag.py:3229} INFO - Sync 1 DAGs
[2026-09-25T22:44:44.132+0000] {logging_mixin.py:190} INFO - [2026-09-25T22:44:44.132+0000] {dag.py:4156} INFO - Setting next_dagrun for dbt_weather_analytics to None, run_after=None
[2026-09-25T22:44:44.139+0000] {processor.py:208} INFO - Processing /opt/airflow/dags/build_elt_with_dbt.py took 0.050 seconds
[2026-09-25T22:45:14.467+0000] {processor.py:186} INFO - Started process (PID=1771) to work on /opt/airflow/dags/build_elt_with_dbt.py
[2026-09-25T22:45:14.469+0000] {processor.py:914} INFO - Processing file /opt/airflow/dags/build_elt_with_dbt.py for tasks to queue
[2026-09-25T22:45:14.470+0000] {logging_mixin.py:190} INFO - [2026-09-25T22:45:14.470+0000] {dagbag.py:587} INFO - Filling up the DagBag from /opt/airflow/dags/build_elt_with_dbt.py
[2026-09-25T22:45:14.483+0000] {logging_mixin.py:190} INFO - [2026-09-25T22:45:14.483+0000] {base.py:84} INFO - Retrieving connection 'snowflake_conn'
[2026-09-25T22:45:14.487+0000] {processor.py:925} INFO - DAG(s) 'dbt_weather_analytics' retrieved from /opt/airflow/dags/build_elt_with_dbt.py
[2026-09-25T22:45:14.495+0000] {logging_mixin.py:190} INFO - [2026-09-25T22:45:14.495+0000] {dag.py:3229} INFO - Sync 1 DAGs
[2026-09-25T22:45:14.501+0000] {logging_mixin.py:190} INFO - [2026-09-25T22:45:14.501+0000] {dag.py:4156} INFO - Setting next_dagrun for dbt_weather_analytics to None, run_after=None
[2026-09-25T22:45:14.508+0000] {processor.py:208} INFO - Processing /opt/airflow/dags/build_elt_with_dbt.py took 0.048 seconds
[2026-09-25T22:45:44.854+0000] {processor.py:186} INFO - Started process (PID=1787) to work on /opt/airflow/dags/build_elt_with_dbt.py
[2026-09-25T22:45:44.856+0000] {processor.py:914} INFO - Processing file /opt/airflow/dags/build_elt_with_dbt.py for tasks to queue
[2026-09-25T22:45:44.860+0000] {logging_mixin.py:190} INFO - [2026-09-25T22:45:44.859+0000] {dagbag.py:587} INFO - Filling up the DagBag from /opt/airflow/dags/build_elt_with_dbt.py
[2026-09-25T22:45:44.889+0000] {logging_mixin.py:190} INFO - [2026-09-25T22:45:44.889+0000] {base.py:84} INFO - Retrieving connection 'snowflake_conn'
[2026-09-25T22:45:44.896+0000] {processor.py:925} INFO - DAG(s) 'dbt_weather_analytics' retrieved from /opt/airflow/dags/build_elt_with_dbt.py
[2026-09-25T22:45:44.908+0000] {logging_mixin.py:190} INFO - [2026-09-25T22:45:44.908+0000] {dag.py:3229} INFO - Sync 1 DAGs
[2026-09-25T22:45:44.915+0000] {logging_mixin.py:190} INFO - [2026-09-25T22:45:44.915+0000] {dag.py:4156} INFO - Setting next_dagrun for dbt_weather_analytics to None, run_after=None
[2026-09-25T22:45:44.923+0000] {processor.py:208} INFO - Processing /opt/airflow/dags/build_elt_with_dbt.py took 0.077 seconds
[2026-09-25T22:46:15.284+0000] {processor.py:186} INFO - Started process (PID=1803) to work on /opt/airflow/dags/build_elt_with_dbt.py
[2026-09-25T22:46:15.285+0000] {processor.py:914} INFO - Processing file /opt/airflow/dags/build_elt_with_dbt.py for tasks to queue
[2026-09-25T22:46:15.287+0000] {logging_mixin.py:190} INFO - [2026-09-25T22:46:15.287+0000] {dagbag.py:587} INFO - Filling up the DagBag from /opt/airflow/dags/build_elt_with_dbt.py
[2026-09-25T22:46:15.304+0000] {logging_mixin.py:190} INFO - [2026-09-25T22:46:15.304+0000] {base.py:84} INFO - Retrieving connection 'snowflake_conn'
[2026-09-25T22:46:15.308+0000] {processor.py:925} INFO - DAG(s) 'dbt_weather_analytics' retrieved from /opt/airflow/dags/build_elt_with_dbt.py
[2026-09-25T22:46:15.316+0000] {logging_mixin.py:190} INFO - [2026-09-25T22:46:15.316+0000] {dag.py:3229} INFO - Sync 1 DAGs
[2026-09-25T22:46:15.323+0000] {logging_mixin.py:190} INFO - [2026-09-25T22:46:15.323+0000] {dag.py:4156} INFO - Setting next_dagrun for dbt_weather_analytics to None, run_after=None
[2026-09-25T22:46:15.329+0000] {processor.py:208} INFO - Processing /opt/airflow/dags/build_elt_with_dbt.py took 0.052 seconds
[2026-09-25T22:46:45.686+0000] {processor.py:186} INFO - Started process (PID=1819) to work on /opt/airflow/dags/build_elt_with_dbt.py
[2026-09-25T22:46:45.688+0000] {processor.py:914} INFO - Processing file /opt/airflow/dags/build_elt_with_dbt.py for tasks to queue
[2026-09-25T22:46:45.691+0000] {logging_mixin.py:190} INFO - [2026-09-25T22:46:45.690+0000] {dagbag.py:587} INFO - Filling up the DagBag from /opt/airflow/dags/build_elt_with_dbt.py
[2026-09-25T22:46:45.707+0000] {logging_mixin.py:190} INFO - [2026-09-25T22:46:45.706+0000] {base.py:84} INFO - Retrieving connection 'snowflake_conn'
[2026-09-25T22:46:45.711+0000] {processor.py:925} INFO - DAG(s) 'dbt_weather_analytics' retrieved from /opt/airflow/dags/build_elt_with_dbt.py
[2026-09-25T22:46:45.720+0000] {logging_mixin.py:190} INFO - [2026-09-25T22:46:45.720+0000] {dag.py:3229} INFO - Sync 1 DAGs
[2026-09-25T22:46:45.727+0000] {logging_mixin.py:190} INFO - [2026-09-25T22:46:45.727+0000] {dag.py:4156} INFO - Setting next_dagrun for dbt_weather_analytics to None, run_after=None
[2026-09-25T22:46:45.734+0000] {processor.py:208} INFO - Processing /opt/airflow/dags/build_elt_with_dbt.py took 0.053 seconds
[2026-09-25T22:47:16.176+0000] {processor.py:186} INFO - Started process (PID=1835) to work on /opt/airflow/dags/build_elt_with_dbt.py
[2026-09-25T22:47:16.183+0000] {processor.py:914} INFO - Processing file /opt/airflow/dags/build_elt_with_dbt.py for tasks to queue
[2026-09-25T22:47:16.186+0000] {logging_mixin.py:190} INFO - [2026-09-25T22:47:16.186+0000] {dagbag.py:587} INFO - Filling up the DagBag from /opt/airflow/dags/build_elt_with_dbt.py
[2026-09-25T22:47:16.208+0000] {logging_mixin.py:190} INFO - [2026-09-25T22:47:16.207+0000] {base.py:84} INFO - Retrieving connection 'snowflake_conn'
[2026-09-25T22:47:16.215+0000] {processor.py:925} INFO - DAG(s) 'dbt_weather_analytics' retrieved from /opt/airflow/dags/build_elt_with_dbt.py
[2026-09-25T22:47:16.230+0000] {logging_mixin.py:190} INFO - [2026-09-25T22:47:16.230+0000] {dag.py:3229} INFO - Sync 1 DAGs
[2026-09-25T22:47:16.239+0000] {logging_mixin.py:190} INFO - [2026-09-25T22:47:16.239+0000] {dag.py:4156} INFO - Setting next_dagrun for dbt_weather_analytics to None, run_after=None
[2026-09-25T22:47:16.251+0000] {processor.py:208} INFO - Processing /opt/airflow/dags/build_elt_with_dbt.py took 0.081 seconds
[2026-09-25T22:47:46.632+0000] {processor.py:186} INFO - Started process (PID=1851) to work on /opt/airflow/dags/build_elt_with_dbt.py
[2026-09-25T22:47:46.635+0000] {processor.py:914} INFO - Processing file /opt/airflow/dags/build_elt_with_dbt.py for tasks to queue
[2026-09-25T22:47:46.641+0000] {logging_mixin.py:190} INFO - [2026-09-25T22:47:46.640+0000] {dagbag.py:587} INFO - Filling up the DagBag from /opt/airflow/dags/build_elt_with_dbt.py
[2026-09-25T22:47:46.666+0000] {logging_mixin.py:190} INFO - [2026-09-25T22:47:46.666+0000] {base.py:84} INFO - Retrieving connection 'snowflake_conn'
[2026-09-25T22:47:46.675+0000] {processor.py:925} INFO - DAG(s) 'dbt_weather_analytics' retrieved from /opt/airflow/dags/build_elt_with_dbt.py
[2026-09-25T22:47:46.690+0000] {logging_mixin.py:190} INFO - [2026-09-25T22:47:46.690+0000] {dag.py:3229} INFO - Sync 1 DAGs
[2026-09-25T22:47:46.701+0000] {logging_mixin.py:190} INFO - [2026-09-25T22:47:46.701+0000] {dag.py:4156} INFO - Setting next_dagrun for dbt_weather_analytics to None, run_after=None
[2026-09-25T22:47:46.711+0000] {processor.py:208} INFO - Processing /opt/airflow/dags/build_elt_with_dbt.py took 0.090 seconds
[2026-09-25T22:48:16.938+0000] {processor.py:186} INFO - Started process (PID=1867) to work on /opt/airflow/dags/build_elt_with_dbt.py
[2026-09-25T22:48:16.940+0000] {processor.py:914} INFO - Processing file /opt/airflow/dags/build_elt_with_dbt.py for tasks to queue
[2026-09-25T22:48:16.942+0000] {logging_mixin.py:190} INFO - [2026-09-25T22:48:16.942+0000] {dagbag.py:587} INFO - Filling up the DagBag from /opt/airflow/dags/build_elt_with_dbt.py
[2026-09-25T22:48:16.962+0000] {logging_mixin.py:190} INFO - [2026-09-25T22:48:16.961+0000] {base.py:84} INFO - Retrieving connection 'snowflake_conn'
[2026-09-25T22:48:16.968+0000] {processor.py:925} INFO - DAG(s) 'dbt_weather_analytics' retrieved from /opt/airflow/dags/build_elt_with_dbt.py
[2026-09-25T22:48:16.980+0000] {logging_mixin.py:190} INFO - [2026-09-25T22:48:16.980+0000] {dag.py:3229} INFO - Sync 1 DAGs
[2026-09-25T22:48:16.990+0000] {logging_mixin.py:190} INFO - [2026-09-25T22:48:16.990+0000] {dag.py:4156} INFO - Setting next_dagrun for dbt_weather_analytics to None, run_after=None
[2026-09-25T22:48:16.998+0000] {processor.py:208} INFO - Processing /opt/airflow/dags/build_elt_with_dbt.py took 0.065 seconds
[2026-09-25T22:48:47.430+0000] {processor.py:186} INFO - Started process (PID=1883) to work on /opt/airflow/dags/build_elt_with_dbt.py
[2026-09-25T22:48:47.432+0000] {processor.py:914} INFO - Processing file /opt/airflow/dags/build_elt_with_dbt.py for tasks to queue
[2026-09-25T22:48:47.434+0000] {logging_mixin.py:190} INFO - [2026-09-25T22:48:47.434+0000] {dagbag.py:587} INFO - Filling up the DagBag from /opt/airflow/dags/build_elt_with_dbt.py
[2026-09-25T22:48:47.449+0000] {logging_mixin.py:190} INFO - [2026-09-25T22:48:47.449+0000] {base.py:84} INFO - Retrieving connection 'snowflake_conn'
[2026-09-25T22:48:47.454+0000] {processor.py:925} INFO - DAG(s) 'dbt_weather_analytics' retrieved from /opt/airflow/dags/build_elt_with_dbt.py
[2026-09-25T22:48:47.464+0000] {logging_mixin.py:190} INFO - [2026-09-25T22:48:47.464+0000] {dag.py:3229} INFO - Sync 1 DAGs
[2026-09-25T22:48:47.471+0000] {logging_mixin.py:190} INFO - [2026-09-25T22:48:47.471+0000] {dag.py:4156} INFO - Setting next_dagrun for dbt_weather_analytics to None, run_after=None
[2026-09-25T22:48:47.478+0000] {processor.py:208} INFO - Processing /opt/airflow/dags/build_elt_with_dbt.py took 0.056 seconds
[2026-09-25T22:49:17.956+0000] {processor.py:186} INFO - Started process (PID=1899) to work on /opt/airflow/dags/build_elt_with_dbt.py
[2026-09-25T22:49:17.959+0000] {processor.py:914} INFO - Processing file /opt/airflow/dags/build_elt_with_dbt.py for tasks to queue
[2026-09-25T22:49:17.961+0000] {logging_mixin.py:190} INFO - [2026-09-25T22:49:17.961+0000] {dagbag.py:587} INFO - Filling up the DagBag from /opt/airflow/dags/build_elt_with_dbt.py
[2026-09-25T22:49:17.974+0000] {logging_mixin.py:190} INFO - [2026-09-25T22:49:17.974+0000] {base.py:84} INFO - Retrieving connection 'snowflake_conn'
[2026-09-25T22:49:17.978+0000] {processor.py:925} INFO - DAG(s) 'dbt_weather_analytics' retrieved from /opt/airflow/dags/build_elt_with_dbt.py
[2026-09-25T22:49:17.987+0000] {logging_mixin.py:190} INFO - [2026-09-25T22:49:17.987+0000] {dag.py:3229} INFO - Sync 1 DAGs
[2026-09-25T22:49:17.993+0000] {logging_mixin.py:190} INFO - [2026-09-25T22:49:17.993+0000] {dag.py:4156} INFO - Setting next_dagrun for dbt_weather_analytics to None, run_after=None
[2026-09-25T22:49:17.999+0000] {processor.py:208} INFO - Processing /opt/airflow/dags/build_elt_with_dbt.py took 0.050 seconds
[2026-09-25T22:49:48.481+0000] {processor.py:186} INFO - Started process (PID=1915) to work on /opt/airflow/dags/build_elt_with_dbt.py
[2026-09-25T22:49:48.484+0000] {processor.py:914} INFO - Processing file /opt/airflow/dags/build_elt_with_dbt.py for tasks to queue
[2026-09-25T22:49:48.487+0000] {logging_mixin.py:190} INFO - [2026-09-25T22:49:48.486+0000] {dagbag.py:587} INFO - Filling up the DagBag from /opt/airflow/dags/build_elt_with_dbt.py
[2026-09-25T22:49:48.504+0000] {logging_mixin.py:190} INFO - [2026-09-25T22:49:48.504+0000] {base.py:84} INFO - Retrieving connection 'snowflake_conn'
[2026-09-25T22:49:48.508+0000] {processor.py:925} INFO - DAG(s) 'dbt_weather_analytics' retrieved from /opt/airflow/dags/build_elt_with_dbt.py
[2026-09-25T22:49:48.517+0000] {logging_mixin.py:190} INFO - [2026-09-25T22:49:48.517+0000] {dag.py:3229} INFO - Sync 1 DAGs
[2026-09-25T22:49:48.524+0000] {logging_mixin.py:190} INFO - [2026-09-25T22:49:48.524+0000] {dag.py:4156} INFO - Setting next_dagrun for dbt_weather_analytics to None, run_after=None
[2026-09-25T22:49:48.532+0000] {processor.py:208} INFO - Processing /opt/airflow/dags/build_elt_with_dbt.py took 0.057 seconds
[2026-09-25T22:50:18.925+0000] {processor.py:186} INFO - Started process (PID=1931) to work on /opt/airflow/dags/build_elt_with_dbt.py
[2026-09-25T22:50:18.927+0000] {processor.py:914} INFO - Processing file /opt/airflow/dags/build_elt_with_dbt.py for tasks to queue
[2026-09-25T22:50:18.933+0000] {logging_mixin.py:190} INFO - [2026-09-25T22:50:18.932+0000] {dagbag.py:587} INFO - Filling up the DagBag from /opt/airflow/dags/build_elt_with_dbt.py
[2026-09-25T22:50:18.956+0000] {logging_mixin.py:190} INFO - [2026-09-25T22:50:18.956+0000] {base.py:84} INFO - Retrieving connection 'snowflake_conn'
[2026-09-25T22:50:18.963+0000] {processor.py:925} INFO - DAG(s) 'dbt_weather_analytics' retrieved from /opt/airflow/dags/build_elt_with_dbt.py
[2026-09-25T22:50:18.975+0000] {logging_mixin.py:190} INFO - [2026-09-25T22:50:18.975+0000] {dag.py:3229} INFO - Sync 1 DAGs
[2026-09-25T22:50:18.983+0000] {logging_mixin.py:190} INFO - [2026-09-25T22:50:18.983+0000] {dag.py:4156} INFO - Setting next_dagrun for dbt_weather_analytics to None, run_after=None
[2026-09-25T22:50:18.991+0000] {processor.py:208} INFO - Processing /opt/airflow/dags/build_elt_with_dbt.py took 0.077 seconds
[2026-09-25T22:50:49.516+0000] {processor.py:186} INFO - Started process (PID=1947) to work on /opt/airflow/dags/build_elt_with_dbt.py
[2026-09-25T22:50:49.519+0000] {processor.py:914} INFO - Processing file /opt/airflow/dags/build_elt_with_dbt.py for tasks to queue
[2026-09-25T22:50:49.521+0000] {logging_mixin.py:190} INFO - [2026-09-25T22:50:49.521+0000] {dagbag.py:587} INFO - Filling up the DagBag from /opt/airflow/dags/build_elt_with_dbt.py
[2026-09-25T22:50:49.543+0000] {logging_mixin.py:190} INFO - [2026-09-25T22:50:49.543+0000] {base.py:84} INFO - Retrieving connection 'snowflake_conn'
[2026-09-25T22:50:49.548+0000] {processor.py:925} INFO - DAG(s) 'dbt_weather_analytics' retrieved from /opt/airflow/dags/build_elt_with_dbt.py
[2026-09-25T22:50:49.557+0000] {logging_mixin.py:190} INFO - [2026-09-25T22:50:49.557+0000] {dag.py:3229} INFO - Sync 1 DAGs
[2026-09-25T22:50:49.565+0000] {logging_mixin.py:190} INFO - [2026-09-25T22:50:49.565+0000] {dag.py:4156} INFO - Setting next_dagrun for dbt_weather_analytics to None, run_after=None
[2026-09-25T22:50:49.572+0000] {processor.py:208} INFO - Processing /opt/airflow/dags/build_elt_with_dbt.py took 0.063 seconds
[2026-09-25T22:51:20.013+0000] {processor.py:186} INFO - Started process (PID=1963) to work on /opt/airflow/dags/build_elt_with_dbt.py
[2026-09-25T22:51:20.015+0000] {processor.py:914} INFO - Processing file /opt/airflow/dags/build_elt_with_dbt.py for tasks to queue
[2026-09-25T22:51:20.017+0000] {logging_mixin.py:190} INFO - [2026-09-25T22:51:20.017+0000] {dagbag.py:587} INFO - Filling up the DagBag from /opt/airflow/dags/build_elt_with_dbt.py
[2026-09-25T22:51:20.039+0000] {logging_mixin.py:190} INFO - [2026-09-25T22:51:20.038+0000] {base.py:84} INFO - Retrieving connection 'snowflake_conn'
[2026-09-25T22:51:20.045+0000] {processor.py:925} INFO - DAG(s) 'dbt_weather_analytics' retrieved from /opt/airflow/dags/build_elt_with_dbt.py
[2026-09-25T22:51:20.055+0000] {logging_mixin.py:190} INFO - [2026-09-25T22:51:20.054+0000] {dag.py:3229} INFO - Sync 1 DAGs
[2026-09-25T22:51:20.062+0000] {logging_mixin.py:190} INFO - [2026-09-25T22:51:20.062+0000] {dag.py:4156} INFO - Setting next_dagrun for dbt_weather_analytics to None, run_after=None
[2026-09-25T22:51:20.069+0000] {processor.py:208} INFO - Processing /opt/airflow/dags/build_elt_with_dbt.py took 0.064 seconds
[2026-09-25T22:51:50.528+0000] {processor.py:186} INFO - Started process (PID=1979) to work on /opt/airflow/dags/build_elt_with_dbt.py
[2026-09-25T22:51:50.529+0000] {processor.py:914} INFO - Processing file /opt/airflow/dags/build_elt_with_dbt.py for tasks to queue
[2026-09-25T22:51:50.533+0000] {logging_mixin.py:190} INFO - [2026-09-25T22:51:50.533+0000] {dagbag.py:587} INFO - Filling up the DagBag from /opt/airflow/dags/build_elt_with_dbt.py
[2026-09-25T22:51:50.559+0000] {logging_mixin.py:190} INFO - [2026-09-25T22:51:50.559+0000] {base.py:84} INFO - Retrieving connection 'snowflake_conn'
[2026-09-25T22:51:50.567+0000] {processor.py:925} INFO - DAG(s) 'dbt_weather_analytics' retrieved from /opt/airflow/dags/build_elt_with_dbt.py
[2026-09-25T22:51:50.581+0000] {logging_mixin.py:190} INFO - [2026-09-25T22:51:50.581+0000] {dag.py:3229} INFO - Sync 1 DAGs
[2026-09-25T22:51:50.591+0000] {logging_mixin.py:190} INFO - [2026-09-25T22:51:50.591+0000] {dag.py:4156} INFO - Setting next_dagrun for dbt_weather_analytics to None, run_after=None
[2026-09-25T22:51:50.599+0000] {processor.py:208} INFO - Processing /opt/airflow/dags/build_elt_with_dbt.py took 0.080 seconds
[2026-09-25T22:52:20.957+0000] {processor.py:186} INFO - Started process (PID=1995) to work on /opt/airflow/dags/build_elt_with_dbt.py
[2026-09-25T22:52:20.959+0000] {processor.py:914} INFO - Processing file /opt/airflow/dags/build_elt_with_dbt.py for tasks to queue
[2026-09-25T22:52:20.960+0000] {logging_mixin.py:190} INFO - [2026-09-25T22:52:20.960+0000] {dagbag.py:587} INFO - Filling up the DagBag from /opt/airflow/dags/build_elt_with_dbt.py
[2026-09-25T22:52:20.976+0000] {logging_mixin.py:190} INFO - [2026-09-25T22:52:20.976+0000] {base.py:84} INFO - Retrieving connection 'snowflake_conn'
[2026-09-25T22:52:20.981+0000] {processor.py:925} INFO - DAG(s) 'dbt_weather_analytics' retrieved from /opt/airflow/dags/build_elt_with_dbt.py
[2026-09-25T22:52:20.990+0000] {logging_mixin.py:190} INFO - [2026-09-25T22:52:20.990+0000] {dag.py:3229} INFO - Sync 1 DAGs
[2026-09-25T22:52:20.996+0000] {logging_mixin.py:190} INFO - [2026-09-25T22:52:20.996+0000] {dag.py:4156} INFO - Setting next_dagrun for dbt_weather_analytics to None, run_after=None
[2026-09-25T22:52:21.003+0000] {processor.py:208} INFO - Processing /opt/airflow/dags/build_elt_with_dbt.py took 0.052 seconds
[2026-09-25T22:52:51.347+0000] {processor.py:186} INFO - Started process (PID=2011) to work on /opt/airflow/dags/build_elt_with_dbt.py
[2026-09-25T22:52:51.349+0000] {processor.py:914} INFO - Processing file /opt/airflow/dags/build_elt_with_dbt.py for tasks to queue
[2026-09-25T22:52:51.353+0000] {logging_mixin.py:190} INFO - [2026-09-25T22:52:51.352+0000] {dagbag.py:587} INFO - Filling up the DagBag from /opt/airflow/dags/build_elt_with_dbt.py
[2026-09-25T22:52:51.372+0000] {logging_mixin.py:190} INFO - [2026-09-25T22:52:51.372+0000] {base.py:84} INFO - Retrieving connection 'snowflake_conn'
[2026-09-25T22:52:51.378+0000] {processor.py:925} INFO - DAG(s) 'dbt_weather_analytics' retrieved from /opt/airflow/dags/build_elt_with_dbt.py
[2026-09-25T22:52:51.389+0000] {logging_mixin.py:190} INFO - [2026-09-25T22:52:51.388+0000] {dag.py:3229} INFO - Sync 1 DAGs
[2026-09-25T22:52:51.397+0000] {logging_mixin.py:190} INFO - [2026-09-25T22:52:51.397+0000] {dag.py:4156} INFO - Setting next_dagrun for dbt_weather_analytics to None, run_after=None
[2026-09-25T22:52:51.404+0000] {processor.py:208} INFO - Processing /opt/airflow/dags/build_elt_with_dbt.py took 0.065 seconds
[2026-09-25T22:53:21.752+0000] {processor.py:186} INFO - Started process (PID=2027) to work on /opt/airflow/dags/build_elt_with_dbt.py
[2026-09-25T22:53:21.753+0000] {processor.py:914} INFO - Processing file /opt/airflow/dags/build_elt_with_dbt.py for tasks to queue
[2026-09-25T22:53:21.756+0000] {logging_mixin.py:190} INFO - [2026-09-25T22:53:21.756+0000] {dagbag.py:587} INFO - Filling up the DagBag from /opt/airflow/dags/build_elt_with_dbt.py
[2026-09-25T22:53:21.770+0000] {logging_mixin.py:190} INFO - [2026-09-25T22:53:21.770+0000] {base.py:84} INFO - Retrieving connection 'snowflake_conn'
[2026-09-25T22:53:21.774+0000] {processor.py:925} INFO - DAG(s) 'dbt_weather_analytics' retrieved from /opt/airflow/dags/build_elt_with_dbt.py
[2026-09-25T22:53:21.782+0000] {logging_mixin.py:190} INFO - [2026-09-25T22:53:21.782+0000] {dag.py:3229} INFO - Sync 1 DAGs
[2026-09-25T22:53:21.788+0000] {logging_mixin.py:190} INFO - [2026-09-25T22:53:21.788+0000] {dag.py:4156} INFO - Setting next_dagrun for dbt_weather_analytics to None, run_after=None
[2026-09-25T22:53:21.795+0000] {processor.py:208} INFO - Processing /opt/airflow/dags/build_elt_with_dbt.py took 0.051 seconds
[2026-09-25T22:53:52.160+0000] {processor.py:186} INFO - Started process (PID=2043) to work on /opt/airflow/dags/build_elt_with_dbt.py
[2026-09-25T22:53:52.162+0000] {processor.py:914} INFO - Processing file /opt/airflow/dags/build_elt_with_dbt.py for tasks to queue
[2026-09-25T22:53:52.164+0000] {logging_mixin.py:190} INFO - [2026-09-25T22:53:52.164+0000] {dagbag.py:587} INFO - Filling up the DagBag from /opt/airflow/dags/build_elt_with_dbt.py
[2026-09-25T22:53:52.179+0000] {logging_mixin.py:190} INFO - [2026-09-25T22:53:52.179+0000] {base.py:84} INFO - Retrieving connection 'snowflake_conn'
[2026-09-25T22:53:52.183+0000] {processor.py:925} INFO - DAG(s) 'dbt_weather_analytics' retrieved from /opt/airflow/dags/build_elt_with_dbt.py
[2026-09-25T22:53:52.191+0000] {logging_mixin.py:190} INFO - [2026-09-25T22:53:52.191+0000] {dag.py:3229} INFO - Sync 1 DAGs
[2026-09-25T22:53:52.197+0000] {logging_mixin.py:190} INFO - [2026-09-25T22:53:52.197+0000] {dag.py:4156} INFO - Setting next_dagrun for dbt_weather_analytics to None, run_after=None
[2026-09-25T22:53:52.204+0000] {processor.py:208} INFO - Processing /opt/airflow/dags/build_elt_with_dbt.py took 0.049 seconds
[2026-09-25T22:54:22.573+0000] {processor.py:186} INFO - Started process (PID=2059) to work on /opt/airflow/dags/build_elt_with_dbt.py
[2026-09-25T22:54:22.574+0000] {processor.py:914} INFO - Processing file /opt/airflow/dags/build_elt_with_dbt.py for tasks to queue
[2026-09-25T22:54:22.576+0000] {logging_mixin.py:190} INFO - [2026-09-25T22:54:22.576+0000] {dagbag.py:587} INFO - Filling up the DagBag from /opt/airflow/dags/build_elt_with_dbt.py
[2026-09-25T22:54:22.591+0000] {logging_mixin.py:190} INFO - [2026-09-25T22:54:22.591+0000] {base.py:84} INFO - Retrieving connection 'snowflake_conn'
[2026-09-25T22:54:22.596+0000] {processor.py:925} INFO - DAG(s) 'dbt_weather_analytics' retrieved from /opt/airflow/dags/build_elt_with_dbt.py
[2026-09-25T22:54:22.603+0000] {logging_mixin.py:190} INFO - [2026-09-25T22:54:22.603+0000] {dag.py:3229} INFO - Sync 1 DAGs
[2026-09-25T22:54:22.609+0000] {logging_mixin.py:190} INFO - [2026-09-25T22:54:22.609+0000] {dag.py:4156} INFO - Setting next_dagrun for dbt_weather_analytics to None, run_after=None
[2026-09-25T22:54:22.616+0000] {processor.py:208} INFO - Processing /opt/airflow/dags/build_elt_with_dbt.py took 0.048 seconds
[2026-09-25T22:54:53.027+0000] {processor.py:186} INFO - Started process (PID=2078) to work on /opt/airflow/dags/build_elt_with_dbt.py
[2026-09-25T22:54:53.029+0000] {processor.py:914} INFO - Processing file /opt/airflow/dags/build_elt_with_dbt.py for tasks to queue
[2026-09-25T22:54:53.031+0000] {logging_mixin.py:190} INFO - [2026-09-25T22:54:53.031+0000] {dagbag.py:587} INFO - Filling up the DagBag from /opt/airflow/dags/build_elt_with_dbt.py
[2026-09-25T22:54:53.059+0000] {logging_mixin.py:190} INFO - [2026-09-25T22:54:53.059+0000] {base.py:84} INFO - Retrieving connection 'snowflake_conn'
[2026-09-25T22:54:53.067+0000] {processor.py:925} INFO - DAG(s) 'dbt_weather_analytics' retrieved from /opt/airflow/dags/build_elt_with_dbt.py
[2026-09-25T22:54:53.077+0000] {logging_mixin.py:190} INFO - [2026-09-25T22:54:53.077+0000] {dag.py:3229} INFO - Sync 1 DAGs
[2026-09-25T22:54:53.093+0000] {logging_mixin.py:190} INFO - [2026-09-25T22:54:53.093+0000] {dag.py:4156} INFO - Setting next_dagrun for dbt_weather_analytics to None, run_after=None
[2026-09-25T22:54:53.100+0000] {processor.py:208} INFO - Processing /opt/airflow/dags/build_elt_with_dbt.py took 0.079 seconds
[2026-09-25T22:55:23.590+0000] {processor.py:186} INFO - Started process (PID=2094) to work on /opt/airflow/dags/build_elt_with_dbt.py
[2026-09-25T22:55:23.595+0000] {processor.py:914} INFO - Processing file /opt/airflow/dags/build_elt_with_dbt.py for tasks to queue
[2026-09-25T22:55:23.600+0000] {logging_mixin.py:190} INFO - [2026-09-25T22:55:23.600+0000] {dagbag.py:587} INFO - Filling up the DagBag from /opt/airflow/dags/build_elt_with_dbt.py
[2026-09-25T22:55:23.630+0000] {logging_mixin.py:190} INFO - [2026-09-25T22:55:23.630+0000] {base.py:84} INFO - Retrieving connection 'snowflake_conn'
[2026-09-25T22:55:23.637+0000] {processor.py:925} INFO - DAG(s) 'dbt_weather_analytics' retrieved from /opt/airflow/dags/build_elt_with_dbt.py
[2026-09-25T22:55:23.652+0000] {logging_mixin.py:190} INFO - [2026-09-25T22:55:23.649+0000] {dag.py:3229} INFO - Sync 1 DAGs
[2026-09-25T22:55:23.659+0000] {logging_mixin.py:190} INFO - [2026-09-25T22:55:23.658+0000] {dag.py:4156} INFO - Setting next_dagrun for dbt_weather_analytics to None, run_after=None
[2026-09-25T22:55:23.665+0000] {processor.py:208} INFO - Processing /opt/airflow/dags/build_elt_with_dbt.py took 0.081 seconds
[2026-09-25T22:55:54.102+0000] {processor.py:186} INFO - Started process (PID=2110) to work on /opt/airflow/dags/build_elt_with_dbt.py
[2026-09-25T22:55:54.106+0000] {processor.py:914} INFO - Processing file /opt/airflow/dags/build_elt_with_dbt.py for tasks to queue
[2026-09-25T22:55:54.110+0000] {logging_mixin.py:190} INFO - [2026-09-25T22:55:54.110+0000] {dagbag.py:587} INFO - Filling up the DagBag from /opt/airflow/dags/build_elt_with_dbt.py
[2026-09-25T22:55:54.138+0000] {logging_mixin.py:190} INFO - [2026-09-25T22:55:54.138+0000] {base.py:84} INFO - Retrieving connection 'snowflake_conn'
[2026-09-25T22:55:54.145+0000] {processor.py:925} INFO - DAG(s) 'dbt_weather_analytics' retrieved from /opt/airflow/dags/build_elt_with_dbt.py
[2026-09-25T22:55:54.157+0000] {logging_mixin.py:190} INFO - [2026-09-25T22:55:54.157+0000] {dag.py:3229} INFO - Sync 1 DAGs
[2026-09-25T22:55:54.166+0000] {logging_mixin.py:190} INFO - [2026-09-25T22:55:54.166+0000] {dag.py:4156} INFO - Setting next_dagrun for dbt_weather_analytics to None, run_after=None
[2026-09-25T22:55:54.174+0000] {processor.py:208} INFO - Processing /opt/airflow/dags/build_elt_with_dbt.py took 0.078 seconds
[2026-09-25T22:56:24.604+0000] {processor.py:186} INFO - Started process (PID=2128) to work on /opt/airflow/dags/build_elt_with_dbt.py
[2026-09-25T22:56:24.605+0000] {processor.py:914} INFO - Processing file /opt/airflow/dags/build_elt_with_dbt.py for tasks to queue
[2026-09-25T22:56:24.609+0000] {logging_mixin.py:190} INFO - [2026-09-25T22:56:24.609+0000] {dagbag.py:587} INFO - Filling up the DagBag from /opt/airflow/dags/build_elt_with_dbt.py
[2026-09-25T22:56:24.633+0000] {logging_mixin.py:190} INFO - [2026-09-25T22:56:24.633+0000] {base.py:84} INFO - Retrieving connection 'snowflake_conn'
[2026-09-25T22:56:24.642+0000] {processor.py:925} INFO - DAG(s) 'dbt_weather_analytics' retrieved from /opt/airflow/dags/build_elt_with_dbt.py
[2026-09-25T22:56:24.651+0000] {logging_mixin.py:190} INFO - [2026-09-25T22:56:24.651+0000] {dag.py:3229} INFO - Sync 1 DAGs
[2026-09-25T22:56:24.666+0000] {logging_mixin.py:190} INFO - [2026-09-25T22:56:24.666+0000] {dag.py:4156} INFO - Setting next_dagrun for dbt_weather_analytics to None, run_after=None
[2026-09-25T22:56:24.676+0000] {processor.py:208} INFO - Processing /opt/airflow/dags/build_elt_with_dbt.py took 0.079 seconds
[2026-09-25T22:56:54.979+0000] {processor.py:186} INFO - Started process (PID=2144) to work on /opt/airflow/dags/build_elt_with_dbt.py
[2026-09-25T22:56:54.981+0000] {processor.py:914} INFO - Processing file /opt/airflow/dags/build_elt_with_dbt.py for tasks to queue
[2026-09-25T22:56:54.983+0000] {logging_mixin.py:190} INFO - [2026-09-25T22:56:54.982+0000] {dagbag.py:587} INFO - Filling up the DagBag from /opt/airflow/dags/build_elt_with_dbt.py
[2026-09-25T22:56:54.998+0000] {logging_mixin.py:190} INFO - [2026-09-25T22:56:54.998+0000] {base.py:84} INFO - Retrieving connection 'snowflake_conn'
[2026-09-25T22:56:55.002+0000] {processor.py:925} INFO - DAG(s) 'dbt_weather_analytics' retrieved from /opt/airflow/dags/build_elt_with_dbt.py
[2026-09-25T22:56:55.008+0000] {logging_mixin.py:190} INFO - [2026-09-25T22:56:55.008+0000] {dag.py:3229} INFO - Sync 1 DAGs
[2026-09-25T22:56:55.015+0000] {logging_mixin.py:190} INFO - [2026-09-25T22:56:55.015+0000] {dag.py:4156} INFO - Setting next_dagrun for dbt_weather_analytics to None, run_after=None
[2026-09-25T22:56:55.021+0000] {processor.py:208} INFO - Processing /opt/airflow/dags/build_elt_with_dbt.py took 0.050 seconds
[2026-09-25T22:57:25.411+0000] {processor.py:186} INFO - Started process (PID=2160) to work on /opt/airflow/dags/build_elt_with_dbt.py
[2026-09-25T22:57:25.413+0000] {processor.py:914} INFO - Processing file /opt/airflow/dags/build_elt_with_dbt.py for tasks to queue
[2026-09-25T22:57:25.416+0000] {logging_mixin.py:190} INFO - [2026-09-25T22:57:25.415+0000] {dagbag.py:587} INFO - Filling up the DagBag from /opt/airflow/dags/build_elt_with_dbt.py
[2026-09-25T22:57:25.468+0000] {logging_mixin.py:190} INFO - [2026-09-25T22:57:25.468+0000] {base.py:84} INFO - Retrieving connection 'snowflake_conn'
[2026-09-25T22:57:25.483+0000] {processor.py:925} INFO - DAG(s) 'dbt_weather_analytics' retrieved from /opt/airflow/dags/build_elt_with_dbt.py
[2026-09-25T22:57:25.506+0000] {logging_mixin.py:190} INFO - [2026-09-25T22:57:25.505+0000] {dag.py:3229} INFO - Sync 1 DAGs
[2026-09-25T22:57:25.519+0000] {logging_mixin.py:190} INFO - [2026-09-25T22:57:25.518+0000] {dag.py:4156} INFO - Setting next_dagrun for dbt_weather_analytics to None, run_after=None
[2026-09-25T22:57:25.529+0000] {processor.py:208} INFO - Processing /opt/airflow/dags/build_elt_with_dbt.py took 0.126 seconds
[2026-09-25T22:57:55.745+0000] {processor.py:186} INFO - Started process (PID=2176) to work on /opt/airflow/dags/build_elt_with_dbt.py
[2026-09-25T22:57:55.747+0000] {processor.py:914} INFO - Processing file /opt/airflow/dags/build_elt_with_dbt.py for tasks to queue
[2026-09-25T22:57:55.749+0000] {logging_mixin.py:190} INFO - [2026-09-25T22:57:55.749+0000] {dagbag.py:587} INFO - Filling up the DagBag from /opt/airflow/dags/build_elt_with_dbt.py
[2026-09-25T22:57:55.765+0000] {logging_mixin.py:190} INFO - [2026-09-25T22:57:55.765+0000] {base.py:84} INFO - Retrieving connection 'snowflake_conn'
[2026-09-25T22:57:55.768+0000] {processor.py:925} INFO - DAG(s) 'dbt_weather_analytics' retrieved from /opt/airflow/dags/build_elt_with_dbt.py
[2026-09-25T22:57:55.774+0000] {logging_mixin.py:190} INFO - [2026-09-25T22:57:55.774+0000] {dag.py:3229} INFO - Sync 1 DAGs
[2026-09-25T22:57:55.781+0000] {logging_mixin.py:190} INFO - [2026-09-25T22:57:55.781+0000] {dag.py:4156} INFO - Setting next_dagrun for dbt_weather_analytics to None, run_after=None
[2026-09-25T22:57:55.788+0000] {processor.py:208} INFO - Processing /opt/airflow/dags/build_elt_with_dbt.py took 0.050 seconds
[2026-09-25T22:58:26.182+0000] {processor.py:186} INFO - Started process (PID=2192) to work on /opt/airflow/dags/build_elt_with_dbt.py
[2026-09-25T22:58:26.184+0000] {processor.py:914} INFO - Processing file /opt/airflow/dags/build_elt_with_dbt.py for tasks to queue
[2026-09-25T22:58:26.184+0000] {logging_mixin.py:190} INFO - [2026-09-25T22:58:26.184+0000] {dagbag.py:587} INFO - Filling up the DagBag from /opt/airflow/dags/build_elt_with_dbt.py
[2026-09-25T22:58:26.199+0000] {logging_mixin.py:190} INFO - [2026-09-25T22:58:26.199+0000] {base.py:84} INFO - Retrieving connection 'snowflake_conn'
[2026-09-25T22:58:26.202+0000] {processor.py:925} INFO - DAG(s) 'dbt_weather_analytics' retrieved from /opt/airflow/dags/build_elt_with_dbt.py
[2026-09-25T22:58:26.208+0000] {logging_mixin.py:190} INFO - [2026-09-25T22:58:26.208+0000] {dag.py:3229} INFO - Sync 1 DAGs
[2026-09-25T22:58:26.214+0000] {logging_mixin.py:190} INFO - [2026-09-25T22:58:26.214+0000] {dag.py:4156} INFO - Setting next_dagrun for dbt_weather_analytics to None, run_after=None
[2026-09-25T22:58:26.221+0000] {processor.py:208} INFO - Processing /opt/airflow/dags/build_elt_with_dbt.py took 0.044 seconds
[2026-09-25T22:58:56.645+0000] {processor.py:186} INFO - Started process (PID=2208) to work on /opt/airflow/dags/build_elt_with_dbt.py
[2026-09-25T22:58:56.647+0000] {processor.py:914} INFO - Processing file /opt/airflow/dags/build_elt_with_dbt.py for tasks to queue
[2026-09-25T22:58:56.649+0000] {logging_mixin.py:190} INFO - [2026-09-25T22:58:56.649+0000] {dagbag.py:587} INFO - Filling up the DagBag from /opt/airflow/dags/build_elt_with_dbt.py
[2026-09-25T22:58:56.670+0000] {logging_mixin.py:190} INFO - [2026-09-25T22:58:56.670+0000] {base.py:84} INFO - Retrieving connection 'snowflake_conn'
[2026-09-25T22:58:56.678+0000] {processor.py:925} INFO - DAG(s) 'dbt_weather_analytics' retrieved from /opt/airflow/dags/build_elt_with_dbt.py
[2026-09-25T22:58:56.687+0000] {logging_mixin.py:190} INFO - [2026-09-25T22:58:56.687+0000] {dag.py:3229} INFO - Sync 1 DAGs
[2026-09-25T22:58:56.698+0000] {logging_mixin.py:190} INFO - [2026-09-25T22:58:56.698+0000] {dag.py:4156} INFO - Setting next_dagrun for dbt_weather_analytics to None, run_after=None
[2026-09-25T22:58:56.714+0000] {processor.py:208} INFO - Processing /opt/airflow/dags/build_elt_with_dbt.py took 0.080 seconds
[2026-09-25T22:59:27.022+0000] {processor.py:186} INFO - Started process (PID=2224) to work on /opt/airflow/dags/build_elt_with_dbt.py
[2026-09-25T22:59:27.023+0000] {processor.py:914} INFO - Processing file /opt/airflow/dags/build_elt_with_dbt.py for tasks to queue
[2026-09-25T22:59:27.025+0000] {logging_mixin.py:190} INFO - [2026-09-25T22:59:27.024+0000] {dagbag.py:587} INFO - Filling up the DagBag from /opt/airflow/dags/build_elt_with_dbt.py
[2026-09-25T22:59:27.039+0000] {logging_mixin.py:190} INFO - [2026-09-25T22:59:27.039+0000] {base.py:84} INFO - Retrieving connection 'snowflake_conn'
[2026-09-25T22:59:27.043+0000] {processor.py:925} INFO - DAG(s) 'dbt_weather_analytics' retrieved from /opt/airflow/dags/build_elt_with_dbt.py
[2026-09-25T22:59:27.049+0000] {logging_mixin.py:190} INFO - [2026-09-25T22:59:27.049+0000] {dag.py:3229} INFO - Sync 1 DAGs
[2026-09-25T22:59:27.055+0000] {logging_mixin.py:190} INFO - [2026-09-25T22:59:27.055+0000] {dag.py:4156} INFO - Setting next_dagrun for dbt_weather_analytics to None, run_after=None
[2026-09-25T22:59:27.062+0000] {processor.py:208} INFO - Processing /opt/airflow/dags/build_elt_with_dbt.py took 0.045 seconds
[2026-09-25T22:59:57.396+0000] {processor.py:186} INFO - Started process (PID=2240) to work on /opt/airflow/dags/build_elt_with_dbt.py
[2026-09-25T22:59:57.399+0000] {processor.py:914} INFO - Processing file /opt/airflow/dags/build_elt_with_dbt.py for tasks to queue
[2026-09-25T22:59:57.401+0000] {logging_mixin.py:190} INFO - [2026-09-25T22:59:57.401+0000] {dagbag.py:587} INFO - Filling up the DagBag from /opt/airflow/dags/build_elt_with_dbt.py
[2026-09-25T22:59:57.421+0000] {logging_mixin.py:190} INFO - [2026-09-25T22:59:57.420+0000] {base.py:84} INFO - Retrieving connection 'snowflake_conn'
[2026-09-25T22:59:57.426+0000] {processor.py:925} INFO - DAG(s) 'dbt_weather_analytics' retrieved from /opt/airflow/dags/build_elt_with_dbt.py
[2026-09-25T22:59:57.434+0000] {logging_mixin.py:190} INFO - [2026-09-25T22:59:57.434+0000] {dag.py:3229} INFO - Sync 1 DAGs
[2026-09-25T22:59:57.444+0000] {logging_mixin.py:190} INFO - [2026-09-25T22:59:57.443+0000] {dag.py:4156} INFO - Setting next_dagrun for dbt_weather_analytics to None, run_after=None
[2026-09-25T22:59:57.451+0000] {processor.py:208} INFO - Processing /opt/airflow/dags/build_elt_with_dbt.py took 0.063 seconds
[2026-09-25T23:00:27.815+0000] {processor.py:186} INFO - Started process (PID=2256) to work on /opt/airflow/dags/build_elt_with_dbt.py
[2026-09-25T23:00:27.816+0000] {processor.py:914} INFO - Processing file /opt/airflow/dags/build_elt_with_dbt.py for tasks to queue
[2026-09-25T23:00:27.818+0000] {logging_mixin.py:190} INFO - [2026-09-25T23:00:27.818+0000] {dagbag.py:587} INFO - Filling up the DagBag from /opt/airflow/dags/build_elt_with_dbt.py
[2026-09-25T23:00:27.833+0000] {logging_mixin.py:190} INFO - [2026-09-25T23:00:27.833+0000] {base.py:84} INFO - Retrieving connection 'snowflake_conn'
[2026-09-25T23:00:27.837+0000] {processor.py:925} INFO - DAG(s) 'dbt_weather_analytics' retrieved from /opt/airflow/dags/build_elt_with_dbt.py
[2026-09-25T23:00:27.843+0000] {logging_mixin.py:190} INFO - [2026-09-25T23:00:27.843+0000] {dag.py:3229} INFO - Sync 1 DAGs
[2026-09-25T23:00:27.849+0000] {logging_mixin.py:190} INFO - [2026-09-25T23:00:27.849+0000] {dag.py:4156} INFO - Setting next_dagrun for dbt_weather_analytics to None, run_after=None
[2026-09-25T23:00:27.856+0000] {processor.py:208} INFO - Processing /opt/airflow/dags/build_elt_with_dbt.py took 0.047 seconds
[2026-09-25T23:00:58.238+0000] {processor.py:186} INFO - Started process (PID=2272) to work on /opt/airflow/dags/build_elt_with_dbt.py
[2026-09-25T23:00:58.241+0000] {processor.py:914} INFO - Processing file /opt/airflow/dags/build_elt_with_dbt.py for tasks to queue
[2026-09-25T23:00:58.242+0000] {logging_mixin.py:190} INFO - [2026-09-25T23:00:58.242+0000] {dagbag.py:587} INFO - Filling up the DagBag from /opt/airflow/dags/build_elt_with_dbt.py
[2026-09-25T23:00:58.259+0000] {logging_mixin.py:190} INFO - [2026-09-25T23:00:58.259+0000] {base.py:84} INFO - Retrieving connection 'snowflake_conn'
[2026-09-25T23:00:58.263+0000] {processor.py:925} INFO - DAG(s) 'dbt_weather_analytics' retrieved from /opt/airflow/dags/build_elt_with_dbt.py
[2026-09-25T23:00:58.269+0000] {logging_mixin.py:190} INFO - [2026-09-25T23:00:58.269+0000] {dag.py:3229} INFO - Sync 1 DAGs
[2026-09-25T23:00:58.276+0000] {logging_mixin.py:190} INFO - [2026-09-25T23:00:58.276+0000] {dag.py:4156} INFO - Setting next_dagrun for dbt_weather_analytics to None, run_after=None
[2026-09-25T23:00:58.283+0000] {processor.py:208} INFO - Processing /opt/airflow/dags/build_elt_with_dbt.py took 0.051 seconds
[2026-09-25T23:01:28.661+0000] {processor.py:186} INFO - Started process (PID=2288) to work on /opt/airflow/dags/build_elt_with_dbt.py
[2026-09-25T23:01:28.663+0000] {processor.py:914} INFO - Processing file /opt/airflow/dags/build_elt_with_dbt.py for tasks to queue
[2026-09-25T23:01:28.665+0000] {logging_mixin.py:190} INFO - [2026-09-25T23:01:28.665+0000] {dagbag.py:587} INFO - Filling up the DagBag from /opt/airflow/dags/build_elt_with_dbt.py
[2026-09-25T23:01:28.684+0000] {logging_mixin.py:190} INFO - [2026-09-25T23:01:28.684+0000] {base.py:84} INFO - Retrieving connection 'snowflake_conn'
[2026-09-25T23:01:28.690+0000] {processor.py:925} INFO - DAG(s) 'dbt_weather_analytics' retrieved from /opt/airflow/dags/build_elt_with_dbt.py
[2026-09-25T23:01:28.698+0000] {logging_mixin.py:190} INFO - [2026-09-25T23:01:28.698+0000] {dag.py:3229} INFO - Sync 1 DAGs
[2026-09-25T23:01:28.706+0000] {logging_mixin.py:190} INFO - [2026-09-25T23:01:28.706+0000] {dag.py:4156} INFO - Setting next_dagrun for dbt_weather_analytics to None, run_after=None
[2026-09-25T23:01:28.713+0000] {processor.py:208} INFO - Processing /opt/airflow/dags/build_elt_with_dbt.py took 0.061 seconds
[2026-09-25T23:01:59.092+0000] {processor.py:186} INFO - Started process (PID=2304) to work on /opt/airflow/dags/build_elt_with_dbt.py
[2026-09-25T23:01:59.094+0000] {processor.py:914} INFO - Processing file /opt/airflow/dags/build_elt_with_dbt.py for tasks to queue
[2026-09-25T23:01:59.096+0000] {logging_mixin.py:190} INFO - [2026-09-25T23:01:59.096+0000] {dagbag.py:587} INFO - Filling up the DagBag from /opt/airflow/dags/build_elt_with_dbt.py
[2026-09-25T23:01:59.119+0000] {logging_mixin.py:190} INFO - [2026-09-25T23:01:59.119+0000] {base.py:84} INFO - Retrieving connection 'snowflake_conn'
[2026-09-25T23:01:59.127+0000] {processor.py:925} INFO - DAG(s) 'dbt_weather_analytics' retrieved from /opt/airflow/dags/build_elt_with_dbt.py
[2026-09-25T23:01:59.137+0000] {logging_mixin.py:190} INFO - [2026-09-25T23:01:59.136+0000] {dag.py:3229} INFO - Sync 1 DAGs
[2026-09-25T23:01:59.144+0000] {logging_mixin.py:190} INFO - [2026-09-25T23:01:59.144+0000] {dag.py:4156} INFO - Setting next_dagrun for dbt_weather_analytics to None, run_after=None
[2026-09-25T23:01:59.151+0000] {processor.py:208} INFO - Processing /opt/airflow/dags/build_elt_with_dbt.py took 0.066 seconds
[2026-09-25T23:02:29.539+0000] {processor.py:186} INFO - Started process (PID=2320) to work on /opt/airflow/dags/build_elt_with_dbt.py
[2026-09-25T23:02:29.540+0000] {processor.py:914} INFO - Processing file /opt/airflow/dags/build_elt_with_dbt.py for tasks to queue
[2026-09-25T23:02:29.542+0000] {logging_mixin.py:190} INFO - [2026-09-25T23:02:29.542+0000] {dagbag.py:587} INFO - Filling up the DagBag from /opt/airflow/dags/build_elt_with_dbt.py
[2026-09-25T23:02:29.558+0000] {logging_mixin.py:190} INFO - [2026-09-25T23:02:29.558+0000] {base.py:84} INFO - Retrieving connection 'snowflake_conn'
[2026-09-25T23:02:29.562+0000] {processor.py:925} INFO - DAG(s) 'dbt_weather_analytics' retrieved from /opt/airflow/dags/build_elt_with_dbt.py
[2026-09-25T23:02:29.569+0000] {logging_mixin.py:190} INFO - [2026-09-25T23:02:29.568+0000] {dag.py:3229} INFO - Sync 1 DAGs
[2026-09-25T23:02:29.576+0000] {logging_mixin.py:190} INFO - [2026-09-25T23:02:29.576+0000] {dag.py:4156} INFO - Setting next_dagrun for dbt_weather_analytics to None, run_after=None
[2026-09-25T23:02:29.583+0000] {processor.py:208} INFO - Processing /opt/airflow/dags/build_elt_with_dbt.py took 0.050 seconds
[2026-09-25T23:02:59.941+0000] {processor.py:186} INFO - Started process (PID=2336) to work on /opt/airflow/dags/build_elt_with_dbt.py
[2026-09-25T23:02:59.943+0000] {processor.py:914} INFO - Processing file /opt/airflow/dags/build_elt_with_dbt.py for tasks to queue
[2026-09-25T23:02:59.945+0000] {logging_mixin.py:190} INFO - [2026-09-25T23:02:59.944+0000] {dagbag.py:587} INFO - Filling up the DagBag from /opt/airflow/dags/build_elt_with_dbt.py
[2026-09-25T23:02:59.961+0000] {logging_mixin.py:190} INFO - [2026-09-25T23:02:59.961+0000] {base.py:84} INFO - Retrieving connection 'snowflake_conn'
[2026-09-25T23:02:59.965+0000] {processor.py:925} INFO - DAG(s) 'dbt_weather_analytics' retrieved from /opt/airflow/dags/build_elt_with_dbt.py
[2026-09-25T23:02:59.972+0000] {logging_mixin.py:190} INFO - [2026-09-25T23:02:59.972+0000] {dag.py:3229} INFO - Sync 1 DAGs
[2026-09-25T23:02:59.981+0000] {logging_mixin.py:190} INFO - [2026-09-25T23:02:59.981+0000] {dag.py:4156} INFO - Setting next_dagrun for dbt_weather_analytics to None, run_after=None
[2026-09-25T23:02:59.988+0000] {processor.py:208} INFO - Processing /opt/airflow/dags/build_elt_with_dbt.py took 0.053 seconds
[2026-09-25T23:03:30.401+0000] {processor.py:186} INFO - Started process (PID=2352) to work on /opt/airflow/dags/build_elt_with_dbt.py
[2026-09-25T23:03:30.404+0000] {processor.py:914} INFO - Processing file /opt/airflow/dags/build_elt_with_dbt.py for tasks to queue
[2026-09-25T23:03:30.405+0000] {logging_mixin.py:190} INFO - [2026-09-25T23:03:30.404+0000] {dagbag.py:587} INFO - Filling up the DagBag from /opt/airflow/dags/build_elt_with_dbt.py
[2026-09-25T23:03:30.421+0000] {logging_mixin.py:190} INFO - [2026-09-25T23:03:30.421+0000] {base.py:84} INFO - Retrieving connection 'snowflake_conn'
[2026-09-25T23:03:30.425+0000] {processor.py:925} INFO - DAG(s) 'dbt_weather_analytics' retrieved from /opt/airflow/dags/build_elt_with_dbt.py
[2026-09-25T23:03:30.432+0000] {logging_mixin.py:190} INFO - [2026-09-25T23:03:30.432+0000] {dag.py:3229} INFO - Sync 1 DAGs
[2026-09-25T23:03:30.439+0000] {logging_mixin.py:190} INFO - [2026-09-25T23:03:30.439+0000] {dag.py:4156} INFO - Setting next_dagrun for dbt_weather_analytics to None, run_after=None
[2026-09-25T23:03:30.445+0000] {processor.py:208} INFO - Processing /opt/airflow/dags/build_elt_with_dbt.py took 0.050 seconds
[2026-09-25T23:04:00.835+0000] {processor.py:186} INFO - Started process (PID=2368) to work on /opt/airflow/dags/build_elt_with_dbt.py
[2026-09-25T23:04:00.838+0000] {processor.py:914} INFO - Processing file /opt/airflow/dags/build_elt_with_dbt.py for tasks to queue
[2026-09-25T23:04:00.839+0000] {logging_mixin.py:190} INFO - [2026-09-25T23:04:00.839+0000] {dagbag.py:587} INFO - Filling up the DagBag from /opt/airflow/dags/build_elt_with_dbt.py
[2026-09-25T23:04:00.857+0000] {logging_mixin.py:190} INFO - [2026-09-25T23:04:00.856+0000] {base.py:84} INFO - Retrieving connection 'snowflake_conn'
[2026-09-25T23:04:00.860+0000] {processor.py:925} INFO - DAG(s) 'dbt_weather_analytics' retrieved from /opt/airflow/dags/build_elt_with_dbt.py
[2026-09-25T23:04:00.867+0000] {logging_mixin.py:190} INFO - [2026-09-25T23:04:00.867+0000] {dag.py:3229} INFO - Sync 1 DAGs
[2026-09-25T23:04:00.874+0000] {logging_mixin.py:190} INFO - [2026-09-25T23:04:00.874+0000] {dag.py:4156} INFO - Setting next_dagrun for dbt_weather_analytics to None, run_after=None
[2026-09-25T23:04:00.881+0000] {processor.py:208} INFO - Processing /opt/airflow/dags/build_elt_with_dbt.py took 0.051 seconds
[2026-09-25T23:04:31.262+0000] {processor.py:186} INFO - Started process (PID=2389) to work on /opt/airflow/dags/build_elt_with_dbt.py
[2026-09-25T23:04:31.263+0000] {processor.py:914} INFO - Processing file /opt/airflow/dags/build_elt_with_dbt.py for tasks to queue
[2026-09-25T23:04:31.265+0000] {logging_mixin.py:190} INFO - [2026-09-25T23:04:31.264+0000] {dagbag.py:587} INFO - Filling up the DagBag from /opt/airflow/dags/build_elt_with_dbt.py
[2026-09-25T23:04:31.283+0000] {logging_mixin.py:190} INFO - [2026-09-25T23:04:31.283+0000] {base.py:84} INFO - Retrieving connection 'snowflake_conn'
[2026-09-25T23:04:31.287+0000] {processor.py:925} INFO - DAG(s) 'dbt_weather_analytics' retrieved from /opt/airflow/dags/build_elt_with_dbt.py
[2026-09-25T23:04:31.293+0000] {logging_mixin.py:190} INFO - [2026-09-25T23:04:31.293+0000] {dag.py:3229} INFO - Sync 1 DAGs
[2026-09-25T23:04:31.301+0000] {logging_mixin.py:190} INFO - [2026-09-25T23:04:31.301+0000] {dag.py:4156} INFO - Setting next_dagrun for dbt_weather_analytics to None, run_after=None
[2026-09-25T23:04:31.308+0000] {processor.py:208} INFO - Processing /opt/airflow/dags/build_elt_with_dbt.py took 0.053 seconds
[2026-09-25T23:05:01.640+0000] {processor.py:186} INFO - Started process (PID=2405) to work on /opt/airflow/dags/build_elt_with_dbt.py
[2026-09-25T23:05:01.643+0000] {processor.py:914} INFO - Processing file /opt/airflow/dags/build_elt_with_dbt.py for tasks to queue
[2026-09-25T23:05:01.644+0000] {logging_mixin.py:190} INFO - [2026-09-25T23:05:01.643+0000] {dagbag.py:587} INFO - Filling up the DagBag from /opt/airflow/dags/build_elt_with_dbt.py
[2026-09-25T23:05:01.661+0000] {logging_mixin.py:190} INFO - [2026-09-25T23:05:01.661+0000] {base.py:84} INFO - Retrieving connection 'snowflake_conn'
[2026-09-25T23:05:01.665+0000] {processor.py:925} INFO - DAG(s) 'dbt_weather_analytics' retrieved from /opt/airflow/dags/build_elt_with_dbt.py
[2026-09-25T23:05:01.671+0000] {logging_mixin.py:190} INFO - [2026-09-25T23:05:01.671+0000] {dag.py:3229} INFO - Sync 1 DAGs
[2026-09-25T23:05:01.678+0000] {logging_mixin.py:190} INFO - [2026-09-25T23:05:01.678+0000] {dag.py:4156} INFO - Setting next_dagrun for dbt_weather_analytics to None, run_after=None
[2026-09-25T23:05:01.684+0000] {processor.py:208} INFO - Processing /opt/airflow/dags/build_elt_with_dbt.py took 0.050 seconds
[2026-09-25T23:05:32.053+0000] {processor.py:186} INFO - Started process (PID=2421) to work on /opt/airflow/dags/build_elt_with_dbt.py
[2026-09-25T23:05:32.055+0000] {processor.py:914} INFO - Processing file /opt/airflow/dags/build_elt_with_dbt.py for tasks to queue
[2026-09-25T23:05:32.055+0000] {logging_mixin.py:190} INFO - [2026-09-25T23:05:32.055+0000] {dagbag.py:587} INFO - Filling up the DagBag from /opt/airflow/dags/build_elt_with_dbt.py
[2026-09-25T23:05:32.070+0000] {logging_mixin.py:190} INFO - [2026-09-25T23:05:32.069+0000] {base.py:84} INFO - Retrieving connection 'snowflake_conn'
[2026-09-25T23:05:32.073+0000] {processor.py:925} INFO - DAG(s) 'dbt_weather_analytics' retrieved from /opt/airflow/dags/build_elt_with_dbt.py
[2026-09-25T23:05:32.079+0000] {logging_mixin.py:190} INFO - [2026-09-25T23:05:32.079+0000] {dag.py:3229} INFO - Sync 1 DAGs
[2026-09-25T23:05:32.086+0000] {logging_mixin.py:190} INFO - [2026-09-25T23:05:32.086+0000] {dag.py:4156} INFO - Setting next_dagrun for dbt_weather_analytics to None, run_after=None
[2026-09-25T23:05:32.092+0000] {processor.py:208} INFO - Processing /opt/airflow/dags/build_elt_with_dbt.py took 0.045 seconds
[2026-09-25T23:06:02.486+0000] {processor.py:186} INFO - Started process (PID=2437) to work on /opt/airflow/dags/build_elt_with_dbt.py
[2026-09-25T23:06:02.488+0000] {processor.py:914} INFO - Processing file /opt/airflow/dags/build_elt_with_dbt.py for tasks to queue
[2026-09-25T23:06:02.489+0000] {logging_mixin.py:190} INFO - [2026-09-25T23:06:02.489+0000] {dagbag.py:587} INFO - Filling up the DagBag from /opt/airflow/dags/build_elt_with_dbt.py
[2026-09-25T23:06:02.505+0000] {logging_mixin.py:190} INFO - [2026-09-25T23:06:02.505+0000] {base.py:84} INFO - Retrieving connection 'snowflake_conn'
[2026-09-25T23:06:02.511+0000] {processor.py:925} INFO - DAG(s) 'dbt_weather_analytics' retrieved from /opt/airflow/dags/build_elt_with_dbt.py
[2026-09-25T23:06:02.518+0000] {logging_mixin.py:190} INFO - [2026-09-25T23:06:02.518+0000] {dag.py:3229} INFO - Sync 1 DAGs
[2026-09-25T23:06:02.525+0000] {logging_mixin.py:190} INFO - [2026-09-25T23:06:02.525+0000] {dag.py:4156} INFO - Setting next_dagrun for dbt_weather_analytics to None, run_after=None
[2026-09-25T23:06:02.531+0000] {processor.py:208} INFO - Processing /opt/airflow/dags/build_elt_with_dbt.py took 0.051 seconds
[2026-09-25T23:06:32.880+0000] {processor.py:186} INFO - Started process (PID=2453) to work on /opt/airflow/dags/build_elt_with_dbt.py
[2026-09-25T23:06:32.881+0000] {processor.py:914} INFO - Processing file /opt/airflow/dags/build_elt_with_dbt.py for tasks to queue
[2026-09-25T23:06:32.882+0000] {logging_mixin.py:190} INFO - [2026-09-25T23:06:32.882+0000] {dagbag.py:587} INFO - Filling up the DagBag from /opt/airflow/dags/build_elt_with_dbt.py
[2026-09-25T23:06:32.902+0000] {logging_mixin.py:190} INFO - [2026-09-25T23:06:32.901+0000] {base.py:84} INFO - Retrieving connection 'snowflake_conn'
[2026-09-25T23:06:32.905+0000] {processor.py:925} INFO - DAG(s) 'dbt_weather_analytics' retrieved from /opt/airflow/dags/build_elt_with_dbt.py
[2026-09-25T23:06:32.911+0000] {logging_mixin.py:190} INFO - [2026-09-25T23:06:32.911+0000] {dag.py:3229} INFO - Sync 1 DAGs
[2026-09-25T23:06:32.917+0000] {logging_mixin.py:190} INFO - [2026-09-25T23:06:32.917+0000] {dag.py:4156} INFO - Setting next_dagrun for dbt_weather_analytics to None, run_after=None
[2026-09-25T23:06:32.923+0000] {processor.py:208} INFO - Processing /opt/airflow/dags/build_elt_with_dbt.py took 0.050 seconds
[2026-09-25T23:07:03.285+0000] {processor.py:186} INFO - Started process (PID=2469) to work on /opt/airflow/dags/build_elt_with_dbt.py
[2026-09-25T23:07:03.287+0000] {processor.py:914} INFO - Processing file /opt/airflow/dags/build_elt_with_dbt.py for tasks to queue
[2026-09-25T23:07:03.290+0000] {logging_mixin.py:190} INFO - [2026-09-25T23:07:03.289+0000] {dagbag.py:587} INFO - Filling up the DagBag from /opt/airflow/dags/build_elt_with_dbt.py
[2026-09-25T23:07:03.306+0000] {logging_mixin.py:190} INFO - [2026-09-25T23:07:03.306+0000] {base.py:84} INFO - Retrieving connection 'snowflake_conn'
[2026-09-25T23:07:03.310+0000] {processor.py:925} INFO - DAG(s) 'dbt_weather_analytics' retrieved from /opt/airflow/dags/build_elt_with_dbt.py
[2026-09-25T23:07:03.315+0000] {logging_mixin.py:190} INFO - [2026-09-25T23:07:03.315+0000] {dag.py:3229} INFO - Sync 1 DAGs
[2026-09-25T23:07:03.322+0000] {logging_mixin.py:190} INFO - [2026-09-25T23:07:03.322+0000] {dag.py:4156} INFO - Setting next_dagrun for dbt_weather_analytics to None, run_after=None
[2026-09-25T23:07:03.328+0000] {processor.py:208} INFO - Processing /opt/airflow/dags/build_elt_with_dbt.py took 0.049 seconds
[2026-09-25T23:07:33.649+0000] {processor.py:186} INFO - Started process (PID=2485) to work on /opt/airflow/dags/build_elt_with_dbt.py
[2026-09-25T23:07:33.651+0000] {processor.py:914} INFO - Processing file /opt/airflow/dags/build_elt_with_dbt.py for tasks to queue
[2026-09-25T23:07:33.652+0000] {logging_mixin.py:190} INFO - [2026-09-25T23:07:33.651+0000] {dagbag.py:587} INFO - Filling up the DagBag from /opt/airflow/dags/build_elt_with_dbt.py
[2026-09-25T23:07:33.669+0000] {logging_mixin.py:190} INFO - [2026-09-25T23:07:33.669+0000] {base.py:84} INFO - Retrieving connection 'snowflake_conn'
[2026-09-25T23:07:33.672+0000] {processor.py:925} INFO - DAG(s) 'dbt_weather_analytics' retrieved from /opt/airflow/dags/build_elt_with_dbt.py
[2026-09-25T23:07:33.678+0000] {logging_mixin.py:190} INFO - [2026-09-25T23:07:33.678+0000] {dag.py:3229} INFO - Sync 1 DAGs
[2026-09-25T23:07:33.684+0000] {logging_mixin.py:190} INFO - [2026-09-25T23:07:33.684+0000] {dag.py:4156} INFO - Setting next_dagrun for dbt_weather_analytics to None, run_after=None
[2026-09-25T23:07:33.691+0000] {processor.py:208} INFO - Processing /opt/airflow/dags/build_elt_with_dbt.py took 0.047 seconds
[2026-09-25T23:08:04.080+0000] {processor.py:186} INFO - Started process (PID=2501) to work on /opt/airflow/dags/build_elt_with_dbt.py
[2026-09-25T23:08:04.083+0000] {processor.py:914} INFO - Processing file /opt/airflow/dags/build_elt_with_dbt.py for tasks to queue
[2026-09-25T23:08:04.084+0000] {logging_mixin.py:190} INFO - [2026-09-25T23:08:04.084+0000] {dagbag.py:587} INFO - Filling up the DagBag from /opt/airflow/dags/build_elt_with_dbt.py
[2026-09-25T23:08:04.101+0000] {logging_mixin.py:190} INFO - [2026-09-25T23:08:04.101+0000] {base.py:84} INFO - Retrieving connection 'snowflake_conn'
[2026-09-25T23:08:04.105+0000] {processor.py:925} INFO - DAG(s) 'dbt_weather_analytics' retrieved from /opt/airflow/dags/build_elt_with_dbt.py
[2026-09-25T23:08:04.112+0000] {logging_mixin.py:190} INFO - [2026-09-25T23:08:04.112+0000] {dag.py:3229} INFO - Sync 1 DAGs
[2026-09-25T23:08:04.119+0000] {logging_mixin.py:190} INFO - [2026-09-25T23:08:04.119+0000] {dag.py:4156} INFO - Setting next_dagrun for dbt_weather_analytics to None, run_after=None
[2026-09-25T23:08:04.126+0000] {processor.py:208} INFO - Processing /opt/airflow/dags/build_elt_with_dbt.py took 0.052 seconds
[2026-09-25T23:08:34.524+0000] {processor.py:186} INFO - Started process (PID=2517) to work on /opt/airflow/dags/build_elt_with_dbt.py
[2026-09-25T23:08:34.525+0000] {processor.py:914} INFO - Processing file /opt/airflow/dags/build_elt_with_dbt.py for tasks to queue
[2026-09-25T23:08:34.526+0000] {logging_mixin.py:190} INFO - [2026-09-25T23:08:34.526+0000] {dagbag.py:587} INFO - Filling up the DagBag from /opt/airflow/dags/build_elt_with_dbt.py
[2026-09-25T23:08:34.542+0000] {logging_mixin.py:190} INFO - [2026-09-25T23:08:34.542+0000] {base.py:84} INFO - Retrieving connection 'snowflake_conn'
[2026-09-25T23:08:34.546+0000] {processor.py:925} INFO - DAG(s) 'dbt_weather_analytics' retrieved from /opt/airflow/dags/build_elt_with_dbt.py
[2026-09-25T23:08:34.553+0000] {logging_mixin.py:190} INFO - [2026-09-25T23:08:34.553+0000] {dag.py:3229} INFO - Sync 1 DAGs
[2026-09-25T23:08:34.560+0000] {logging_mixin.py:190} INFO - [2026-09-25T23:08:34.560+0000] {dag.py:4156} INFO - Setting next_dagrun for dbt_weather_analytics to None, run_after=None
[2026-09-25T23:08:34.566+0000] {processor.py:208} INFO - Processing /opt/airflow/dags/build_elt_with_dbt.py took 0.048 seconds
[2026-09-25T23:09:04.943+0000] {processor.py:186} INFO - Started process (PID=2533) to work on /opt/airflow/dags/build_elt_with_dbt.py
[2026-09-25T23:09:04.946+0000] {processor.py:914} INFO - Processing file /opt/airflow/dags/build_elt_with_dbt.py for tasks to queue
[2026-09-25T23:09:04.947+0000] {logging_mixin.py:190} INFO - [2026-09-25T23:09:04.947+0000] {dagbag.py:587} INFO - Filling up the DagBag from /opt/airflow/dags/build_elt_with_dbt.py
[2026-09-25T23:09:04.973+0000] {logging_mixin.py:190} INFO - [2026-09-25T23:09:04.973+0000] {base.py:84} INFO - Retrieving connection 'snowflake_conn'
[2026-09-25T23:09:04.980+0000] {processor.py:925} INFO - DAG(s) 'dbt_weather_analytics' retrieved from /opt/airflow/dags/build_elt_with_dbt.py
[2026-09-25T23:09:04.990+0000] {logging_mixin.py:190} INFO - [2026-09-25T23:09:04.990+0000] {dag.py:3229} INFO - Sync 1 DAGs
[2026-09-25T23:09:05.009+0000] {logging_mixin.py:190} INFO - [2026-09-25T23:09:05.009+0000] {dag.py:4156} INFO - Setting next_dagrun for dbt_weather_analytics to None, run_after=None
[2026-09-25T23:09:05.017+0000] {processor.py:208} INFO - Processing /opt/airflow/dags/build_elt_with_dbt.py took 0.084 seconds
[2026-09-25T23:09:35.409+0000] {processor.py:186} INFO - Started process (PID=2549) to work on /opt/airflow/dags/build_elt_with_dbt.py
[2026-09-25T23:09:35.411+0000] {processor.py:914} INFO - Processing file /opt/airflow/dags/build_elt_with_dbt.py for tasks to queue
[2026-09-25T23:09:35.412+0000] {logging_mixin.py:190} INFO - [2026-09-25T23:09:35.411+0000] {dagbag.py:587} INFO - Filling up the DagBag from /opt/airflow/dags/build_elt_with_dbt.py
[2026-09-25T23:09:35.425+0000] {logging_mixin.py:190} INFO - [2026-09-25T23:09:35.425+0000] {base.py:84} INFO - Retrieving connection 'snowflake_conn'
[2026-09-25T23:09:35.429+0000] {processor.py:925} INFO - DAG(s) 'dbt_weather_analytics' retrieved from /opt/airflow/dags/build_elt_with_dbt.py
[2026-09-25T23:09:35.435+0000] {logging_mixin.py:190} INFO - [2026-09-25T23:09:35.434+0000] {dag.py:3229} INFO - Sync 1 DAGs
[2026-09-25T23:09:35.441+0000] {logging_mixin.py:190} INFO - [2026-09-25T23:09:35.441+0000] {dag.py:4156} INFO - Setting next_dagrun for dbt_weather_analytics to None, run_after=None
[2026-09-25T23:09:35.448+0000] {processor.py:208} INFO - Processing /opt/airflow/dags/build_elt_with_dbt.py took 0.045 seconds
[2026-09-25T23:10:05.814+0000] {processor.py:186} INFO - Started process (PID=2565) to work on /opt/airflow/dags/build_elt_with_dbt.py
[2026-09-25T23:10:05.815+0000] {processor.py:914} INFO - Processing file /opt/airflow/dags/build_elt_with_dbt.py for tasks to queue
[2026-09-25T23:10:05.816+0000] {logging_mixin.py:190} INFO - [2026-09-25T23:10:05.816+0000] {dagbag.py:587} INFO - Filling up the DagBag from /opt/airflow/dags/build_elt_with_dbt.py
[2026-09-25T23:10:05.830+0000] {logging_mixin.py:190} INFO - [2026-09-25T23:10:05.830+0000] {base.py:84} INFO - Retrieving connection 'snowflake_conn'
[2026-09-25T23:10:05.833+0000] {processor.py:925} INFO - DAG(s) 'dbt_weather_analytics' retrieved from /opt/airflow/dags/build_elt_with_dbt.py
[2026-09-25T23:10:05.839+0000] {logging_mixin.py:190} INFO - [2026-09-25T23:10:05.839+0000] {dag.py:3229} INFO - Sync 1 DAGs
[2026-09-25T23:10:05.845+0000] {logging_mixin.py:190} INFO - [2026-09-25T23:10:05.845+0000] {dag.py:4156} INFO - Setting next_dagrun for dbt_weather_analytics to None, run_after=None
[2026-09-25T23:10:05.851+0000] {processor.py:208} INFO - Processing /opt/airflow/dags/build_elt_with_dbt.py took 0.043 seconds
[2026-09-25T23:10:36.189+0000] {processor.py:186} INFO - Started process (PID=2587) to work on /opt/airflow/dags/build_elt_with_dbt.py
[2026-09-25T23:10:36.190+0000] {processor.py:914} INFO - Processing file /opt/airflow/dags/build_elt_with_dbt.py for tasks to queue
[2026-09-25T23:10:36.191+0000] {logging_mixin.py:190} INFO - [2026-09-25T23:10:36.191+0000] {dagbag.py:587} INFO - Filling up the DagBag from /opt/airflow/dags/build_elt_with_dbt.py
[2026-09-25T23:10:36.211+0000] {logging_mixin.py:190} INFO - [2026-09-25T23:10:36.211+0000] {base.py:84} INFO - Retrieving connection 'snowflake_conn'
[2026-09-25T23:10:36.217+0000] {processor.py:925} INFO - DAG(s) 'dbt_weather_analytics' retrieved from /opt/airflow/dags/build_elt_with_dbt.py
[2026-09-25T23:10:36.227+0000] {logging_mixin.py:190} INFO - [2026-09-25T23:10:36.227+0000] {dag.py:3229} INFO - Sync 1 DAGs
[2026-09-25T23:10:36.237+0000] {logging_mixin.py:190} INFO - [2026-09-25T23:10:36.237+0000] {dag.py:4156} INFO - Setting next_dagrun for dbt_weather_analytics to None, run_after=None
[2026-09-25T23:10:36.245+0000] {processor.py:208} INFO - Processing /opt/airflow/dags/build_elt_with_dbt.py took 0.062 seconds
[2026-09-25T23:11:06.590+0000] {processor.py:186} INFO - Started process (PID=2603) to work on /opt/airflow/dags/build_elt_with_dbt.py
[2026-09-25T23:11:06.592+0000] {processor.py:914} INFO - Processing file /opt/airflow/dags/build_elt_with_dbt.py for tasks to queue
[2026-09-25T23:11:06.593+0000] {logging_mixin.py:190} INFO - [2026-09-25T23:11:06.593+0000] {dagbag.py:587} INFO - Filling up the DagBag from /opt/airflow/dags/build_elt_with_dbt.py
[2026-09-25T23:11:06.608+0000] {logging_mixin.py:190} INFO - [2026-09-25T23:11:06.608+0000] {base.py:84} INFO - Retrieving connection 'snowflake_conn'
[2026-09-25T23:11:06.612+0000] {processor.py:925} INFO - DAG(s) 'dbt_weather_analytics' retrieved from /opt/airflow/dags/build_elt_with_dbt.py
[2026-09-25T23:11:06.617+0000] {logging_mixin.py:190} INFO - [2026-09-25T23:11:06.617+0000] {dag.py:3229} INFO - Sync 1 DAGs
[2026-09-25T23:11:06.625+0000] {logging_mixin.py:190} INFO - [2026-09-25T23:11:06.624+0000] {dag.py:4156} INFO - Setting next_dagrun for dbt_weather_analytics to None, run_after=None
[2026-09-25T23:11:06.631+0000] {processor.py:208} INFO - Processing /opt/airflow/dags/build_elt_with_dbt.py took 0.045 seconds
[2026-09-25T23:11:36.972+0000] {processor.py:186} INFO - Started process (PID=2619) to work on /opt/airflow/dags/build_elt_with_dbt.py
[2026-09-25T23:11:36.974+0000] {processor.py:914} INFO - Processing file /opt/airflow/dags/build_elt_with_dbt.py for tasks to queue
[2026-09-25T23:11:36.975+0000] {logging_mixin.py:190} INFO - [2026-09-25T23:11:36.975+0000] {dagbag.py:587} INFO - Filling up the DagBag from /opt/airflow/dags/build_elt_with_dbt.py
[2026-09-25T23:11:36.985+0000] {logging_mixin.py:190} INFO - [2026-09-25T23:11:36.985+0000] {base.py:84} INFO - Retrieving connection 'snowflake_conn'
[2026-09-25T23:11:36.988+0000] {processor.py:925} INFO - DAG(s) 'dbt_weather_analytics' retrieved from /opt/airflow/dags/build_elt_with_dbt.py
[2026-09-25T23:11:36.994+0000] {logging_mixin.py:190} INFO - [2026-09-25T23:11:36.994+0000] {dag.py:3229} INFO - Sync 1 DAGs
[2026-09-25T23:11:37.000+0000] {logging_mixin.py:190} INFO - [2026-09-25T23:11:37.000+0000] {dag.py:4156} INFO - Setting next_dagrun for dbt_weather_analytics to None, run_after=None
[2026-09-25T23:11:37.006+0000] {processor.py:208} INFO - Processing /opt/airflow/dags/build_elt_with_dbt.py took 0.039 seconds
[2026-09-25T23:12:07.451+0000] {processor.py:186} INFO - Started process (PID=2635) to work on /opt/airflow/dags/build_elt_with_dbt.py
[2026-09-25T23:12:07.452+0000] {processor.py:914} INFO - Processing file /opt/airflow/dags/build_elt_with_dbt.py for tasks to queue
[2026-09-25T23:12:07.454+0000] {logging_mixin.py:190} INFO - [2026-09-25T23:12:07.453+0000] {dagbag.py:587} INFO - Filling up the DagBag from /opt/airflow/dags/build_elt_with_dbt.py
[2026-09-25T23:12:07.475+0000] {logging_mixin.py:190} INFO - [2026-09-25T23:12:07.475+0000] {base.py:84} INFO - Retrieving connection 'snowflake_conn'
[2026-09-25T23:12:07.481+0000] {processor.py:925} INFO - DAG(s) 'dbt_weather_analytics' retrieved from /opt/airflow/dags/build_elt_with_dbt.py
[2026-09-25T23:12:07.489+0000] {logging_mixin.py:190} INFO - [2026-09-25T23:12:07.489+0000] {dag.py:3229} INFO - Sync 1 DAGs
[2026-09-25T23:12:07.502+0000] {logging_mixin.py:190} INFO - [2026-09-25T23:12:07.502+0000] {dag.py:4156} INFO - Setting next_dagrun for dbt_weather_analytics to None, run_after=None
[2026-09-25T23:12:07.509+0000] {processor.py:208} INFO - Processing /opt/airflow/dags/build_elt_with_dbt.py took 0.065 seconds
[2026-09-25T23:12:37.878+0000] {processor.py:186} INFO - Started process (PID=2651) to work on /opt/airflow/dags/build_elt_with_dbt.py
[2026-09-25T23:12:37.880+0000] {processor.py:914} INFO - Processing file /opt/airflow/dags/build_elt_with_dbt.py for tasks to queue
[2026-09-25T23:12:37.881+0000] {logging_mixin.py:190} INFO - [2026-09-25T23:12:37.881+0000] {dagbag.py:587} INFO - Filling up the DagBag from /opt/airflow/dags/build_elt_with_dbt.py
[2026-09-25T23:12:37.897+0000] {logging_mixin.py:190} INFO - [2026-09-25T23:12:37.897+0000] {base.py:84} INFO - Retrieving connection 'snowflake_conn'
[2026-09-25T23:12:37.901+0000] {processor.py:925} INFO - DAG(s) 'dbt_weather_analytics' retrieved from /opt/airflow/dags/build_elt_with_dbt.py
[2026-09-25T23:12:37.907+0000] {logging_mixin.py:190} INFO - [2026-09-25T23:12:37.907+0000] {dag.py:3229} INFO - Sync 1 DAGs
[2026-09-25T23:12:37.913+0000] {logging_mixin.py:190} INFO - [2026-09-25T23:12:37.913+0000] {dag.py:4156} INFO - Setting next_dagrun for dbt_weather_analytics to None, run_after=None
[2026-09-25T23:12:37.920+0000] {processor.py:208} INFO - Processing /opt/airflow/dags/build_elt_with_dbt.py took 0.048 seconds
[2026-09-25T23:13:08.293+0000] {processor.py:186} INFO - Started process (PID=2667) to work on /opt/airflow/dags/build_elt_with_dbt.py
[2026-09-25T23:13:08.295+0000] {processor.py:914} INFO - Processing file /opt/airflow/dags/build_elt_with_dbt.py for tasks to queue
[2026-09-25T23:13:08.296+0000] {logging_mixin.py:190} INFO - [2026-09-25T23:13:08.296+0000] {dagbag.py:587} INFO - Filling up the DagBag from /opt/airflow/dags/build_elt_with_dbt.py
[2026-09-25T23:13:08.314+0000] {logging_mixin.py:190} INFO - [2026-09-25T23:13:08.314+0000] {base.py:84} INFO - Retrieving connection 'snowflake_conn'
[2026-09-25T23:13:08.318+0000] {processor.py:925} INFO - DAG(s) 'dbt_weather_analytics' retrieved from /opt/airflow/dags/build_elt_with_dbt.py
[2026-09-25T23:13:08.324+0000] {logging_mixin.py:190} INFO - [2026-09-25T23:13:08.324+0000] {dag.py:3229} INFO - Sync 1 DAGs
[2026-09-25T23:13:08.331+0000] {logging_mixin.py:190} INFO - [2026-09-25T23:13:08.331+0000] {dag.py:4156} INFO - Setting next_dagrun for dbt_weather_analytics to None, run_after=None
[2026-09-25T23:13:08.338+0000] {processor.py:208} INFO - Processing /opt/airflow/dags/build_elt_with_dbt.py took 0.052 seconds
[2026-09-25T23:13:38.698+0000] {processor.py:186} INFO - Started process (PID=2683) to work on /opt/airflow/dags/build_elt_with_dbt.py
[2026-09-25T23:13:38.700+0000] {processor.py:914} INFO - Processing file /opt/airflow/dags/build_elt_with_dbt.py for tasks to queue
[2026-09-25T23:13:38.701+0000] {logging_mixin.py:190} INFO - [2026-09-25T23:13:38.700+0000] {dagbag.py:587} INFO - Filling up the DagBag from /opt/airflow/dags/build_elt_with_dbt.py
[2026-09-25T23:13:38.715+0000] {logging_mixin.py:190} INFO - [2026-09-25T23:13:38.715+0000] {base.py:84} INFO - Retrieving connection 'snowflake_conn'
[2026-09-25T23:13:38.719+0000] {processor.py:925} INFO - DAG(s) 'dbt_weather_analytics' retrieved from /opt/airflow/dags/build_elt_with_dbt.py
[2026-09-25T23:13:38.724+0000] {logging_mixin.py:190} INFO - [2026-09-25T23:13:38.724+0000] {dag.py:3229} INFO - Sync 1 DAGs
[2026-09-25T23:13:38.731+0000] {logging_mixin.py:190} INFO - [2026-09-25T23:13:38.731+0000] {dag.py:4156} INFO - Setting next_dagrun for dbt_weather_analytics to None, run_after=None
[2026-09-25T23:13:38.737+0000] {processor.py:208} INFO - Processing /opt/airflow/dags/build_elt_with_dbt.py took 0.044 seconds
[2026-09-25T23:14:09.114+0000] {processor.py:186} INFO - Started process (PID=2699) to work on /opt/airflow/dags/build_elt_with_dbt.py
[2026-09-25T23:14:09.115+0000] {processor.py:914} INFO - Processing file /opt/airflow/dags/build_elt_with_dbt.py for tasks to queue
[2026-09-25T23:14:09.116+0000] {logging_mixin.py:190} INFO - [2026-09-25T23:14:09.115+0000] {dagbag.py:587} INFO - Filling up the DagBag from /opt/airflow/dags/build_elt_with_dbt.py
[2026-09-25T23:14:09.131+0000] {logging_mixin.py:190} INFO - [2026-09-25T23:14:09.131+0000] {base.py:84} INFO - Retrieving connection 'snowflake_conn'
[2026-09-25T23:14:09.135+0000] {processor.py:925} INFO - DAG(s) 'dbt_weather_analytics' retrieved from /opt/airflow/dags/build_elt_with_dbt.py
[2026-09-25T23:14:09.141+0000] {logging_mixin.py:190} INFO - [2026-09-25T23:14:09.141+0000] {dag.py:3229} INFO - Sync 1 DAGs
[2026-09-25T23:14:09.148+0000] {logging_mixin.py:190} INFO - [2026-09-25T23:14:09.148+0000] {dag.py:4156} INFO - Setting next_dagrun for dbt_weather_analytics to None, run_after=None
[2026-09-25T23:14:09.154+0000] {processor.py:208} INFO - Processing /opt/airflow/dags/build_elt_with_dbt.py took 0.048 seconds
[2026-09-25T23:14:39.527+0000] {processor.py:186} INFO - Started process (PID=2715) to work on /opt/airflow/dags/build_elt_with_dbt.py
[2026-09-25T23:14:39.528+0000] {processor.py:914} INFO - Processing file /opt/airflow/dags/build_elt_with_dbt.py for tasks to queue
[2026-09-25T23:14:39.529+0000] {logging_mixin.py:190} INFO - [2026-09-25T23:14:39.528+0000] {dagbag.py:587} INFO - Filling up the DagBag from /opt/airflow/dags/build_elt_with_dbt.py
[2026-09-25T23:14:39.545+0000] {logging_mixin.py:190} INFO - [2026-09-25T23:14:39.545+0000] {base.py:84} INFO - Retrieving connection 'snowflake_conn'
[2026-09-25T23:14:39.550+0000] {processor.py:925} INFO - DAG(s) 'dbt_weather_analytics' retrieved from /opt/airflow/dags/build_elt_with_dbt.py
[2026-09-25T23:14:39.558+0000] {logging_mixin.py:190} INFO - [2026-09-25T23:14:39.558+0000] {dag.py:3229} INFO - Sync 1 DAGs
[2026-09-25T23:14:39.568+0000] {logging_mixin.py:190} INFO - [2026-09-25T23:14:39.568+0000] {dag.py:4156} INFO - Setting next_dagrun for dbt_weather_analytics to None, run_after=None
[2026-09-25T23:14:39.577+0000] {processor.py:208} INFO - Processing /opt/airflow/dags/build_elt_with_dbt.py took 0.054 seconds
[2026-09-25T23:15:09.936+0000] {processor.py:186} INFO - Started process (PID=2731) to work on /opt/airflow/dags/build_elt_with_dbt.py
[2026-09-25T23:15:09.938+0000] {processor.py:914} INFO - Processing file /opt/airflow/dags/build_elt_with_dbt.py for tasks to queue
[2026-09-25T23:15:09.939+0000] {logging_mixin.py:190} INFO - [2026-09-25T23:15:09.939+0000] {dagbag.py:587} INFO - Filling up the DagBag from /opt/airflow/dags/build_elt_with_dbt.py
[2026-09-25T23:15:09.953+0000] {logging_mixin.py:190} INFO - [2026-09-25T23:15:09.953+0000] {base.py:84} INFO - Retrieving connection 'snowflake_conn'
[2026-09-25T23:15:09.956+0000] {processor.py:925} INFO - DAG(s) 'dbt_weather_analytics' retrieved from /opt/airflow/dags/build_elt_with_dbt.py
[2026-09-25T23:15:09.962+0000] {logging_mixin.py:190} INFO - [2026-09-25T23:15:09.962+0000] {dag.py:3229} INFO - Sync 1 DAGs
[2026-09-25T23:15:09.969+0000] {logging_mixin.py:190} INFO - [2026-09-25T23:15:09.969+0000] {dag.py:4156} INFO - Setting next_dagrun for dbt_weather_analytics to None, run_after=None
[2026-09-25T23:15:09.976+0000] {processor.py:208} INFO - Processing /opt/airflow/dags/build_elt_with_dbt.py took 0.046 seconds
[2026-09-25T23:15:40.333+0000] {processor.py:186} INFO - Started process (PID=2747) to work on /opt/airflow/dags/build_elt_with_dbt.py
[2026-09-25T23:15:40.334+0000] {processor.py:914} INFO - Processing file /opt/airflow/dags/build_elt_with_dbt.py for tasks to queue
[2026-09-25T23:15:40.335+0000] {logging_mixin.py:190} INFO - [2026-09-25T23:15:40.335+0000] {dagbag.py:587} INFO - Filling up the DagBag from /opt/airflow/dags/build_elt_with_dbt.py
[2026-09-25T23:15:40.351+0000] {logging_mixin.py:190} INFO - [2026-09-25T23:15:40.351+0000] {base.py:84} INFO - Retrieving connection 'snowflake_conn'
[2026-09-25T23:15:40.355+0000] {processor.py:925} INFO - DAG(s) 'dbt_weather_analytics' retrieved from /opt/airflow/dags/build_elt_with_dbt.py
[2026-09-25T23:15:40.361+0000] {logging_mixin.py:190} INFO - [2026-09-25T23:15:40.361+0000] {dag.py:3229} INFO - Sync 1 DAGs
[2026-09-25T23:15:40.367+0000] {logging_mixin.py:190} INFO - [2026-09-25T23:15:40.367+0000] {dag.py:4156} INFO - Setting next_dagrun for dbt_weather_analytics to None, run_after=None
[2026-09-25T23:15:40.373+0000] {processor.py:208} INFO - Processing /opt/airflow/dags/build_elt_with_dbt.py took 0.046 seconds
[2026-09-25T23:16:10.760+0000] {processor.py:186} INFO - Started process (PID=2763) to work on /opt/airflow/dags/build_elt_with_dbt.py
[2026-09-25T23:16:10.762+0000] {processor.py:914} INFO - Processing file /opt/airflow/dags/build_elt_with_dbt.py for tasks to queue
[2026-09-25T23:16:10.762+0000] {logging_mixin.py:190} INFO - [2026-09-25T23:16:10.762+0000] {dagbag.py:587} INFO - Filling up the DagBag from /opt/airflow/dags/build_elt_with_dbt.py
[2026-09-25T23:16:10.775+0000] {logging_mixin.py:190} INFO - [2026-09-25T23:16:10.775+0000] {base.py:84} INFO - Retrieving connection 'snowflake_conn'
[2026-09-25T23:16:10.779+0000] {processor.py:925} INFO - DAG(s) 'dbt_weather_analytics' retrieved from /opt/airflow/dags/build_elt_with_dbt.py
[2026-09-25T23:16:10.785+0000] {logging_mixin.py:190} INFO - [2026-09-25T23:16:10.785+0000] {dag.py:3229} INFO - Sync 1 DAGs
[2026-09-25T23:16:10.792+0000] {logging_mixin.py:190} INFO - [2026-09-25T23:16:10.792+0000] {dag.py:4156} INFO - Setting next_dagrun for dbt_weather_analytics to None, run_after=None
[2026-09-25T23:16:10.798+0000] {processor.py:208} INFO - Processing /opt/airflow/dags/build_elt_with_dbt.py took 0.043 seconds
[2026-09-25T23:16:41.120+0000] {processor.py:186} INFO - Started process (PID=2779) to work on /opt/airflow/dags/build_elt_with_dbt.py
[2026-09-25T23:16:41.122+0000] {processor.py:914} INFO - Processing file /opt/airflow/dags/build_elt_with_dbt.py for tasks to queue
[2026-09-25T23:16:41.122+0000] {logging_mixin.py:190} INFO - [2026-09-25T23:16:41.122+0000] {dagbag.py:587} INFO - Filling up the DagBag from /opt/airflow/dags/build_elt_with_dbt.py
[2026-09-25T23:16:41.135+0000] {logging_mixin.py:190} INFO - [2026-09-25T23:16:41.135+0000] {base.py:84} INFO - Retrieving connection 'snowflake_conn'
[2026-09-25T23:16:41.138+0000] {processor.py:925} INFO - DAG(s) 'dbt_weather_analytics' retrieved from /opt/airflow/dags/build_elt_with_dbt.py
[2026-09-25T23:16:41.144+0000] {logging_mixin.py:190} INFO - [2026-09-25T23:16:41.144+0000] {dag.py:3229} INFO - Sync 1 DAGs
[2026-09-25T23:16:41.151+0000] {logging_mixin.py:190} INFO - [2026-09-25T23:16:41.151+0000] {dag.py:4156} INFO - Setting next_dagrun for dbt_weather_analytics to None, run_after=None
[2026-09-25T23:16:41.157+0000] {processor.py:208} INFO - Processing /opt/airflow/dags/build_elt_with_dbt.py took 0.041 seconds
[2026-09-25T23:17:11.509+0000] {processor.py:186} INFO - Started process (PID=2795) to work on /opt/airflow/dags/build_elt_with_dbt.py
[2026-09-25T23:17:11.512+0000] {processor.py:914} INFO - Processing file /opt/airflow/dags/build_elt_with_dbt.py for tasks to queue
[2026-09-25T23:17:11.512+0000] {logging_mixin.py:190} INFO - [2026-09-25T23:17:11.512+0000] {dagbag.py:587} INFO - Filling up the DagBag from /opt/airflow/dags/build_elt_with_dbt.py
[2026-09-25T23:17:11.527+0000] {logging_mixin.py:190} INFO - [2026-09-25T23:17:11.527+0000] {base.py:84} INFO - Retrieving connection 'snowflake_conn'
[2026-09-25T23:17:11.531+0000] {processor.py:925} INFO - DAG(s) 'dbt_weather_analytics' retrieved from /opt/airflow/dags/build_elt_with_dbt.py
[2026-09-25T23:17:11.536+0000] {logging_mixin.py:190} INFO - [2026-09-25T23:17:11.536+0000] {dag.py:3229} INFO - Sync 1 DAGs
[2026-09-25T23:17:11.542+0000] {logging_mixin.py:190} INFO - [2026-09-25T23:17:11.542+0000] {dag.py:4156} INFO - Setting next_dagrun for dbt_weather_analytics to None, run_after=None
[2026-09-25T23:17:11.548+0000] {processor.py:208} INFO - Processing /opt/airflow/dags/build_elt_with_dbt.py took 0.045 seconds
[2026-09-25T23:17:41.929+0000] {processor.py:186} INFO - Started process (PID=2811) to work on /opt/airflow/dags/build_elt_with_dbt.py
[2026-09-25T23:17:41.931+0000] {processor.py:914} INFO - Processing file /opt/airflow/dags/build_elt_with_dbt.py for tasks to queue
[2026-09-25T23:17:41.932+0000] {logging_mixin.py:190} INFO - [2026-09-25T23:17:41.932+0000] {dagbag.py:587} INFO - Filling up the DagBag from /opt/airflow/dags/build_elt_with_dbt.py
[2026-09-25T23:17:41.983+0000] {logging_mixin.py:190} INFO - [2026-09-25T23:17:41.982+0000] {base.py:84} INFO - Retrieving connection 'snowflake_conn'
[2026-09-25T23:17:41.997+0000] {processor.py:925} INFO - DAG(s) 'dbt_weather_analytics' retrieved from /opt/airflow/dags/build_elt_with_dbt.py
[2026-09-25T23:17:42.012+0000] {logging_mixin.py:190} INFO - [2026-09-25T23:17:42.011+0000] {dag.py:3229} INFO - Sync 1 DAGs
[2026-09-25T23:17:42.024+0000] {logging_mixin.py:190} INFO - [2026-09-25T23:17:42.024+0000] {dag.py:4156} INFO - Setting next_dagrun for dbt_weather_analytics to None, run_after=None
[2026-09-25T23:17:42.041+0000] {processor.py:208} INFO - Processing /opt/airflow/dags/build_elt_with_dbt.py took 0.122 seconds
[2026-09-25T23:18:12.411+0000] {processor.py:186} INFO - Started process (PID=2857) to work on /opt/airflow/dags/build_elt_with_dbt.py
[2026-09-25T23:18:12.413+0000] {processor.py:914} INFO - Processing file /opt/airflow/dags/build_elt_with_dbt.py for tasks to queue
[2026-09-25T23:18:12.415+0000] {logging_mixin.py:190} INFO - [2026-09-25T23:18:12.414+0000] {dagbag.py:587} INFO - Filling up the DagBag from /opt/airflow/dags/build_elt_with_dbt.py
[2026-09-25T23:18:12.450+0000] {logging_mixin.py:190} INFO - [2026-09-25T23:18:12.450+0000] {base.py:84} INFO - Retrieving connection 'snowflake_conn'
[2026-09-25T23:18:12.463+0000] {processor.py:925} INFO - DAG(s) 'dbt_weather_analytics' retrieved from /opt/airflow/dags/build_elt_with_dbt.py
[2026-09-25T23:18:12.476+0000] {logging_mixin.py:190} INFO - [2026-09-25T23:18:12.476+0000] {dag.py:3229} INFO - Sync 1 DAGs
[2026-09-25T23:18:12.493+0000] {logging_mixin.py:190} INFO - [2026-09-25T23:18:12.492+0000] {dag.py:4156} INFO - Setting next_dagrun for dbt_weather_analytics to None, run_after=None
[2026-09-25T23:18:12.505+0000] {processor.py:208} INFO - Processing /opt/airflow/dags/build_elt_with_dbt.py took 0.113 seconds
[2026-09-25T23:18:42.857+0000] {processor.py:186} INFO - Started process (PID=2882) to work on /opt/airflow/dags/build_elt_with_dbt.py
[2026-09-25T23:18:42.858+0000] {processor.py:914} INFO - Processing file /opt/airflow/dags/build_elt_with_dbt.py for tasks to queue
[2026-09-25T23:18:42.859+0000] {logging_mixin.py:190} INFO - [2026-09-25T23:18:42.858+0000] {dagbag.py:587} INFO - Filling up the DagBag from /opt/airflow/dags/build_elt_with_dbt.py
[2026-09-25T23:18:42.880+0000] {logging_mixin.py:190} INFO - [2026-09-25T23:18:42.880+0000] {base.py:84} INFO - Retrieving connection 'snowflake_conn'
[2026-09-25T23:18:42.889+0000] {processor.py:925} INFO - DAG(s) 'dbt_weather_analytics' retrieved from /opt/airflow/dags/build_elt_with_dbt.py
[2026-09-25T23:18:42.896+0000] {logging_mixin.py:190} INFO - [2026-09-25T23:18:42.895+0000] {dag.py:3229} INFO - Sync 1 DAGs
[2026-09-25T23:18:42.905+0000] {logging_mixin.py:190} INFO - [2026-09-25T23:18:42.905+0000] {dag.py:4156} INFO - Setting next_dagrun for dbt_weather_analytics to None, run_after=None
[2026-09-25T23:18:42.918+0000] {processor.py:208} INFO - Processing /opt/airflow/dags/build_elt_with_dbt.py took 0.067 seconds
[2026-09-25T23:19:13.277+0000] {processor.py:186} INFO - Started process (PID=2953) to work on /opt/airflow/dags/build_elt_with_dbt.py
[2026-09-25T23:19:13.279+0000] {processor.py:914} INFO - Processing file /opt/airflow/dags/build_elt_with_dbt.py for tasks to queue
[2026-09-25T23:19:13.280+0000] {logging_mixin.py:190} INFO - [2026-09-25T23:19:13.280+0000] {dagbag.py:587} INFO - Filling up the DagBag from /opt/airflow/dags/build_elt_with_dbt.py
[2026-09-25T23:19:13.301+0000] {logging_mixin.py:190} INFO - [2026-09-25T23:19:13.301+0000] {base.py:84} INFO - Retrieving connection 'snowflake_conn'
[2026-09-25T23:19:13.307+0000] {processor.py:925} INFO - DAG(s) 'dbt_weather_analytics' retrieved from /opt/airflow/dags/build_elt_with_dbt.py
[2026-09-25T23:19:13.315+0000] {logging_mixin.py:190} INFO - [2026-09-25T23:19:13.315+0000] {dag.py:3229} INFO - Sync 1 DAGs
[2026-09-25T23:19:13.327+0000] {logging_mixin.py:190} INFO - [2026-09-25T23:19:13.327+0000] {dag.py:4156} INFO - Setting next_dagrun for dbt_weather_analytics to None, run_after=None
[2026-09-25T23:19:13.338+0000] {processor.py:208} INFO - Processing /opt/airflow/dags/build_elt_with_dbt.py took 0.070 seconds
[2026-09-25T23:19:43.768+0000] {processor.py:186} INFO - Started process (PID=2970) to work on /opt/airflow/dags/build_elt_with_dbt.py
[2026-09-25T23:19:43.769+0000] {processor.py:914} INFO - Processing file /opt/airflow/dags/build_elt_with_dbt.py for tasks to queue
[2026-09-25T23:19:43.771+0000] {logging_mixin.py:190} INFO - [2026-09-25T23:19:43.770+0000] {dagbag.py:587} INFO - Filling up the DagBag from /opt/airflow/dags/build_elt_with_dbt.py
[2026-09-25T23:19:43.804+0000] {logging_mixin.py:190} INFO - [2026-09-25T23:19:43.803+0000] {base.py:84} INFO - Retrieving connection 'snowflake_conn'
[2026-09-25T23:19:43.818+0000] {processor.py:925} INFO - DAG(s) 'dbt_weather_analytics' retrieved from /opt/airflow/dags/build_elt_with_dbt.py
[2026-09-25T23:19:43.828+0000] {logging_mixin.py:190} INFO - [2026-09-25T23:19:43.827+0000] {dag.py:3229} INFO - Sync 1 DAGs
[2026-09-25T23:19:43.841+0000] {logging_mixin.py:190} INFO - [2026-09-25T23:19:43.841+0000] {dag.py:4156} INFO - Setting next_dagrun for dbt_weather_analytics to None, run_after=None
[2026-09-25T23:19:43.852+0000] {processor.py:208} INFO - Processing /opt/airflow/dags/build_elt_with_dbt.py took 0.096 seconds
[2026-09-25T23:20:14.235+0000] {processor.py:186} INFO - Started process (PID=2986) to work on /opt/airflow/dags/build_elt_with_dbt.py
[2026-09-25T23:20:14.237+0000] {processor.py:914} INFO - Processing file /opt/airflow/dags/build_elt_with_dbt.py for tasks to queue
[2026-09-25T23:20:14.238+0000] {logging_mixin.py:190} INFO - [2026-09-25T23:20:14.237+0000] {dagbag.py:587} INFO - Filling up the DagBag from /opt/airflow/dags/build_elt_with_dbt.py
[2026-09-25T23:20:14.258+0000] {logging_mixin.py:190} INFO - [2026-09-25T23:20:14.257+0000] {base.py:84} INFO - Retrieving connection 'snowflake_conn'
[2026-09-25T23:20:14.264+0000] {processor.py:925} INFO - DAG(s) 'dbt_weather_analytics' retrieved from /opt/airflow/dags/build_elt_with_dbt.py
[2026-09-25T23:20:14.272+0000] {logging_mixin.py:190} INFO - [2026-09-25T23:20:14.272+0000] {dag.py:3229} INFO - Sync 1 DAGs
[2026-09-25T23:20:14.282+0000] {logging_mixin.py:190} INFO - [2026-09-25T23:20:14.281+0000] {dag.py:4156} INFO - Setting next_dagrun for dbt_weather_analytics to None, run_after=None
[2026-09-25T23:20:14.289+0000] {processor.py:208} INFO - Processing /opt/airflow/dags/build_elt_with_dbt.py took 0.061 seconds
[2026-09-25T23:20:44.662+0000] {processor.py:186} INFO - Started process (PID=3002) to work on /opt/airflow/dags/build_elt_with_dbt.py
[2026-09-25T23:20:44.663+0000] {processor.py:914} INFO - Processing file /opt/airflow/dags/build_elt_with_dbt.py for tasks to queue
[2026-09-25T23:20:44.664+0000] {logging_mixin.py:190} INFO - [2026-09-25T23:20:44.664+0000] {dagbag.py:587} INFO - Filling up the DagBag from /opt/airflow/dags/build_elt_with_dbt.py
[2026-09-25T23:20:44.677+0000] {logging_mixin.py:190} INFO - [2026-09-25T23:20:44.677+0000] {base.py:84} INFO - Retrieving connection 'snowflake_conn'
[2026-09-25T23:20:44.680+0000] {processor.py:925} INFO - DAG(s) 'dbt_weather_analytics' retrieved from /opt/airflow/dags/build_elt_with_dbt.py
[2026-09-25T23:20:44.686+0000] {logging_mixin.py:190} INFO - [2026-09-25T23:20:44.686+0000] {dag.py:3229} INFO - Sync 1 DAGs
[2026-09-25T23:20:44.692+0000] {logging_mixin.py:190} INFO - [2026-09-25T23:20:44.692+0000] {dag.py:4156} INFO - Setting next_dagrun for dbt_weather_analytics to None, run_after=None
[2026-09-25T23:20:44.698+0000] {processor.py:208} INFO - Processing /opt/airflow/dags/build_elt_with_dbt.py took 0.042 seconds
[2026-09-25T23:21:15.070+0000] {processor.py:186} INFO - Started process (PID=3018) to work on /opt/airflow/dags/build_elt_with_dbt.py
[2026-09-25T23:21:15.072+0000] {processor.py:914} INFO - Processing file /opt/airflow/dags/build_elt_with_dbt.py for tasks to queue
[2026-09-25T23:21:15.073+0000] {logging_mixin.py:190} INFO - [2026-09-25T23:21:15.073+0000] {dagbag.py:587} INFO - Filling up the DagBag from /opt/airflow/dags/build_elt_with_dbt.py
[2026-09-25T23:21:15.089+0000] {logging_mixin.py:190} INFO - [2026-09-25T23:21:15.089+0000] {base.py:84} INFO - Retrieving connection 'snowflake_conn'
[2026-09-25T23:21:15.092+0000] {processor.py:925} INFO - DAG(s) 'dbt_weather_analytics' retrieved from /opt/airflow/dags/build_elt_with_dbt.py
[2026-09-25T23:21:15.097+0000] {logging_mixin.py:190} INFO - [2026-09-25T23:21:15.097+0000] {dag.py:3229} INFO - Sync 1 DAGs
[2026-09-25T23:21:15.104+0000] {logging_mixin.py:190} INFO - [2026-09-25T23:21:15.104+0000] {dag.py:4156} INFO - Setting next_dagrun for dbt_weather_analytics to None, run_after=None
[2026-09-25T23:21:15.111+0000] {processor.py:208} INFO - Processing /opt/airflow/dags/build_elt_with_dbt.py took 0.048 seconds
[2026-09-25T23:21:45.463+0000] {processor.py:186} INFO - Started process (PID=3034) to work on /opt/airflow/dags/build_elt_with_dbt.py
[2026-09-25T23:21:45.465+0000] {processor.py:914} INFO - Processing file /opt/airflow/dags/build_elt_with_dbt.py for tasks to queue
[2026-09-25T23:21:45.466+0000] {logging_mixin.py:190} INFO - [2026-09-25T23:21:45.466+0000] {dagbag.py:587} INFO - Filling up the DagBag from /opt/airflow/dags/build_elt_with_dbt.py
[2026-09-25T23:21:45.482+0000] {logging_mixin.py:190} INFO - [2026-09-25T23:21:45.482+0000] {base.py:84} INFO - Retrieving connection 'snowflake_conn'
[2026-09-25T23:21:45.486+0000] {processor.py:925} INFO - DAG(s) 'dbt_weather_analytics' retrieved from /opt/airflow/dags/build_elt_with_dbt.py
[2026-09-25T23:21:45.492+0000] {logging_mixin.py:190} INFO - [2026-09-25T23:21:45.492+0000] {dag.py:3229} INFO - Sync 1 DAGs
[2026-09-25T23:21:45.498+0000] {logging_mixin.py:190} INFO - [2026-09-25T23:21:45.498+0000] {dag.py:4156} INFO - Setting next_dagrun for dbt_weather_analytics to None, run_after=None
[2026-09-25T23:21:45.505+0000] {processor.py:208} INFO - Processing /opt/airflow/dags/build_elt_with_dbt.py took 0.047 seconds
[2026-09-25T23:22:15.902+0000] {processor.py:186} INFO - Started process (PID=3050) to work on /opt/airflow/dags/build_elt_with_dbt.py
[2026-09-25T23:22:15.904+0000] {processor.py:914} INFO - Processing file /opt/airflow/dags/build_elt_with_dbt.py for tasks to queue
[2026-09-25T23:22:15.906+0000] {logging_mixin.py:190} INFO - [2026-09-25T23:22:15.905+0000] {dagbag.py:587} INFO - Filling up the DagBag from /opt/airflow/dags/build_elt_with_dbt.py
[2026-09-25T23:22:15.924+0000] {logging_mixin.py:190} INFO - [2026-09-25T23:22:15.924+0000] {base.py:84} INFO - Retrieving connection 'snowflake_conn'
[2026-09-25T23:22:15.930+0000] {processor.py:925} INFO - DAG(s) 'dbt_weather_analytics' retrieved from /opt/airflow/dags/build_elt_with_dbt.py
[2026-09-25T23:22:15.937+0000] {logging_mixin.py:190} INFO - [2026-09-25T23:22:15.937+0000] {dag.py:3229} INFO - Sync 1 DAGs
[2026-09-25T23:22:15.946+0000] {logging_mixin.py:190} INFO - [2026-09-25T23:22:15.946+0000] {dag.py:4156} INFO - Setting next_dagrun for dbt_weather_analytics to None, run_after=None
[2026-09-25T23:22:15.953+0000] {processor.py:208} INFO - Processing /opt/airflow/dags/build_elt_with_dbt.py took 0.059 seconds
[2026-09-25T23:22:46.306+0000] {processor.py:186} INFO - Started process (PID=3066) to work on /opt/airflow/dags/build_elt_with_dbt.py
[2026-09-25T23:22:46.309+0000] {processor.py:914} INFO - Processing file /opt/airflow/dags/build_elt_with_dbt.py for tasks to queue
[2026-09-25T23:22:46.310+0000] {logging_mixin.py:190} INFO - [2026-09-25T23:22:46.310+0000] {dagbag.py:587} INFO - Filling up the DagBag from /opt/airflow/dags/build_elt_with_dbt.py
[2026-09-25T23:22:46.325+0000] {logging_mixin.py:190} INFO - [2026-09-25T23:22:46.325+0000] {base.py:84} INFO - Retrieving connection 'snowflake_conn'
[2026-09-25T23:22:46.329+0000] {processor.py:925} INFO - DAG(s) 'dbt_weather_analytics' retrieved from /opt/airflow/dags/build_elt_with_dbt.py
[2026-09-25T23:22:46.335+0000] {logging_mixin.py:190} INFO - [2026-09-25T23:22:46.334+0000] {dag.py:3229} INFO - Sync 1 DAGs
[2026-09-25T23:22:46.341+0000] {logging_mixin.py:190} INFO - [2026-09-25T23:22:46.341+0000] {dag.py:4156} INFO - Setting next_dagrun for dbt_weather_analytics to None, run_after=None
[2026-09-25T23:22:46.347+0000] {processor.py:208} INFO - Processing /opt/airflow/dags/build_elt_with_dbt.py took 0.050 seconds
[2026-09-25T23:23:16.690+0000] {processor.py:186} INFO - Started process (PID=3082) to work on /opt/airflow/dags/build_elt_with_dbt.py
[2026-09-25T23:23:16.692+0000] {processor.py:914} INFO - Processing file /opt/airflow/dags/build_elt_with_dbt.py for tasks to queue
[2026-09-25T23:23:16.694+0000] {logging_mixin.py:190} INFO - [2026-09-25T23:23:16.693+0000] {dagbag.py:587} INFO - Filling up the DagBag from /opt/airflow/dags/build_elt_with_dbt.py
[2026-09-25T23:23:16.713+0000] {logging_mixin.py:190} INFO - [2026-09-25T23:23:16.713+0000] {base.py:84} INFO - Retrieving connection 'snowflake_conn'
[2026-09-25T23:23:16.720+0000] {processor.py:925} INFO - DAG(s) 'dbt_weather_analytics' retrieved from /opt/airflow/dags/build_elt_with_dbt.py
[2026-09-25T23:23:16.728+0000] {logging_mixin.py:190} INFO - [2026-09-25T23:23:16.728+0000] {dag.py:3229} INFO - Sync 1 DAGs
[2026-09-25T23:23:16.741+0000] {logging_mixin.py:190} INFO - [2026-09-25T23:23:16.741+0000] {dag.py:4156} INFO - Setting next_dagrun for dbt_weather_analytics to None, run_after=None
[2026-09-25T23:23:16.749+0000] {processor.py:208} INFO - Processing /opt/airflow/dags/build_elt_with_dbt.py took 0.065 seconds
[2026-09-25T23:23:47.131+0000] {processor.py:186} INFO - Started process (PID=3098) to work on /opt/airflow/dags/build_elt_with_dbt.py
[2026-09-25T23:23:47.135+0000] {processor.py:914} INFO - Processing file /opt/airflow/dags/build_elt_with_dbt.py for tasks to queue
[2026-09-25T23:23:47.136+0000] {logging_mixin.py:190} INFO - [2026-09-25T23:23:47.135+0000] {dagbag.py:587} INFO - Filling up the DagBag from /opt/airflow/dags/build_elt_with_dbt.py
[2026-09-25T23:23:47.153+0000] {logging_mixin.py:190} INFO - [2026-09-25T23:23:47.153+0000] {base.py:84} INFO - Retrieving connection 'snowflake_conn'
[2026-09-25T23:23:47.157+0000] {processor.py:925} INFO - DAG(s) 'dbt_weather_analytics' retrieved from /opt/airflow/dags/build_elt_with_dbt.py
[2026-09-25T23:23:47.163+0000] {logging_mixin.py:190} INFO - [2026-09-25T23:23:47.163+0000] {dag.py:3229} INFO - Sync 1 DAGs
[2026-09-25T23:23:47.171+0000] {logging_mixin.py:190} INFO - [2026-09-25T23:23:47.171+0000] {dag.py:4156} INFO - Setting next_dagrun for dbt_weather_analytics to None, run_after=None
[2026-09-25T23:23:47.177+0000] {processor.py:208} INFO - Processing /opt/airflow/dags/build_elt_with_dbt.py took 0.053 seconds
[2026-09-25T23:24:17.560+0000] {processor.py:186} INFO - Started process (PID=3114) to work on /opt/airflow/dags/build_elt_with_dbt.py
[2026-09-25T23:24:17.562+0000] {processor.py:914} INFO - Processing file /opt/airflow/dags/build_elt_with_dbt.py for tasks to queue
[2026-09-25T23:24:17.563+0000] {logging_mixin.py:190} INFO - [2026-09-25T23:24:17.562+0000] {dagbag.py:587} INFO - Filling up the DagBag from /opt/airflow/dags/build_elt_with_dbt.py
[2026-09-25T23:24:17.583+0000] {logging_mixin.py:190} INFO - [2026-09-25T23:24:17.583+0000] {base.py:84} INFO - Retrieving connection 'snowflake_conn'
[2026-09-25T23:24:17.588+0000] {processor.py:925} INFO - DAG(s) 'dbt_weather_analytics' retrieved from /opt/airflow/dags/build_elt_with_dbt.py
[2026-09-25T23:24:17.595+0000] {logging_mixin.py:190} INFO - [2026-09-25T23:24:17.595+0000] {dag.py:3229} INFO - Sync 1 DAGs
[2026-09-25T23:24:17.603+0000] {logging_mixin.py:190} INFO - [2026-09-25T23:24:17.603+0000] {dag.py:4156} INFO - Setting next_dagrun for dbt_weather_analytics to None, run_after=None
[2026-09-25T23:24:17.610+0000] {processor.py:208} INFO - Processing /opt/airflow/dags/build_elt_with_dbt.py took 0.057 seconds
[2026-09-25T23:24:47.973+0000] {processor.py:186} INFO - Started process (PID=3130) to work on /opt/airflow/dags/build_elt_with_dbt.py
[2026-09-25T23:24:47.975+0000] {processor.py:914} INFO - Processing file /opt/airflow/dags/build_elt_with_dbt.py for tasks to queue
[2026-09-25T23:24:47.975+0000] {logging_mixin.py:190} INFO - [2026-09-25T23:24:47.975+0000] {dagbag.py:587} INFO - Filling up the DagBag from /opt/airflow/dags/build_elt_with_dbt.py
[2026-09-25T23:24:47.990+0000] {logging_mixin.py:190} INFO - [2026-09-25T23:24:47.990+0000] {base.py:84} INFO - Retrieving connection 'snowflake_conn'
[2026-09-25T23:24:47.994+0000] {processor.py:925} INFO - DAG(s) 'dbt_weather_analytics' retrieved from /opt/airflow/dags/build_elt_with_dbt.py
[2026-09-25T23:24:47.999+0000] {logging_mixin.py:190} INFO - [2026-09-25T23:24:47.999+0000] {dag.py:3229} INFO - Sync 1 DAGs
[2026-09-25T23:24:48.005+0000] {logging_mixin.py:190} INFO - [2026-09-25T23:24:48.005+0000] {dag.py:4156} INFO - Setting next_dagrun for dbt_weather_analytics to None, run_after=None
[2026-09-25T23:24:48.011+0000] {processor.py:208} INFO - Processing /opt/airflow/dags/build_elt_with_dbt.py took 0.045 seconds
[2026-09-25T23:25:18.382+0000] {processor.py:186} INFO - Started process (PID=3146) to work on /opt/airflow/dags/build_elt_with_dbt.py
[2026-09-25T23:25:18.385+0000] {processor.py:914} INFO - Processing file /opt/airflow/dags/build_elt_with_dbt.py for tasks to queue
[2026-09-25T23:25:18.386+0000] {logging_mixin.py:190} INFO - [2026-09-25T23:25:18.385+0000] {dagbag.py:587} INFO - Filling up the DagBag from /opt/airflow/dags/build_elt_with_dbt.py
[2026-09-25T23:25:18.401+0000] {logging_mixin.py:190} INFO - [2026-09-25T23:25:18.401+0000] {base.py:84} INFO - Retrieving connection 'snowflake_conn'
[2026-09-25T23:25:18.404+0000] {processor.py:925} INFO - DAG(s) 'dbt_weather_analytics' retrieved from /opt/airflow/dags/build_elt_with_dbt.py
[2026-09-25T23:25:18.410+0000] {logging_mixin.py:190} INFO - [2026-09-25T23:25:18.410+0000] {dag.py:3229} INFO - Sync 1 DAGs
[2026-09-25T23:25:18.416+0000] {logging_mixin.py:190} INFO - [2026-09-25T23:25:18.416+0000] {dag.py:4156} INFO - Setting next_dagrun for dbt_weather_analytics to None, run_after=None
[2026-09-25T23:25:18.423+0000] {processor.py:208} INFO - Processing /opt/airflow/dags/build_elt_with_dbt.py took 0.046 seconds
[2026-09-25T23:25:48.776+0000] {processor.py:186} INFO - Started process (PID=3162) to work on /opt/airflow/dags/build_elt_with_dbt.py
[2026-09-25T23:25:48.778+0000] {processor.py:914} INFO - Processing file /opt/airflow/dags/build_elt_with_dbt.py for tasks to queue
[2026-09-25T23:25:48.778+0000] {logging_mixin.py:190} INFO - [2026-09-25T23:25:48.778+0000] {dagbag.py:587} INFO - Filling up the DagBag from /opt/airflow/dags/build_elt_with_dbt.py
[2026-09-25T23:25:48.793+0000] {logging_mixin.py:190} INFO - [2026-09-25T23:25:48.792+0000] {base.py:84} INFO - Retrieving connection 'snowflake_conn'
[2026-09-25T23:25:48.796+0000] {processor.py:925} INFO - DAG(s) 'dbt_weather_analytics' retrieved from /opt/airflow/dags/build_elt_with_dbt.py
[2026-09-25T23:25:48.802+0000] {logging_mixin.py:190} INFO - [2026-09-25T23:25:48.802+0000] {dag.py:3229} INFO - Sync 1 DAGs
[2026-09-25T23:25:48.808+0000] {logging_mixin.py:190} INFO - [2026-09-25T23:25:48.808+0000] {dag.py:4156} INFO - Setting next_dagrun for dbt_weather_analytics to None, run_after=None
[2026-09-25T23:25:48.816+0000] {processor.py:208} INFO - Processing /opt/airflow/dags/build_elt_with_dbt.py took 0.049 seconds
[2026-09-25T23:26:19.204+0000] {processor.py:186} INFO - Started process (PID=3178) to work on /opt/airflow/dags/build_elt_with_dbt.py
[2026-09-25T23:26:19.206+0000] {processor.py:914} INFO - Processing file /opt/airflow/dags/build_elt_with_dbt.py for tasks to queue
[2026-09-25T23:26:19.207+0000] {logging_mixin.py:190} INFO - [2026-09-25T23:26:19.206+0000] {dagbag.py:587} INFO - Filling up the DagBag from /opt/airflow/dags/build_elt_with_dbt.py
[2026-09-25T23:26:19.227+0000] {logging_mixin.py:190} INFO - [2026-09-25T23:26:19.227+0000] {base.py:84} INFO - Retrieving connection 'snowflake_conn'
[2026-09-25T23:26:19.232+0000] {processor.py:925} INFO - DAG(s) 'dbt_weather_analytics' retrieved from /opt/airflow/dags/build_elt_with_dbt.py
[2026-09-25T23:26:19.240+0000] {logging_mixin.py:190} INFO - [2026-09-25T23:26:19.240+0000] {dag.py:3229} INFO - Sync 1 DAGs
[2026-09-25T23:26:19.248+0000] {logging_mixin.py:190} INFO - [2026-09-25T23:26:19.248+0000] {dag.py:4156} INFO - Setting next_dagrun for dbt_weather_analytics to None, run_after=None
[2026-09-25T23:26:19.255+0000] {processor.py:208} INFO - Processing /opt/airflow/dags/build_elt_with_dbt.py took 0.060 seconds
[2026-09-25T23:26:49.636+0000] {processor.py:186} INFO - Started process (PID=3194) to work on /opt/airflow/dags/build_elt_with_dbt.py
[2026-09-25T23:26:49.638+0000] {processor.py:914} INFO - Processing file /opt/airflow/dags/build_elt_with_dbt.py for tasks to queue
[2026-09-25T23:26:49.639+0000] {logging_mixin.py:190} INFO - [2026-09-25T23:26:49.638+0000] {dagbag.py:587} INFO - Filling up the DagBag from /opt/airflow/dags/build_elt_with_dbt.py
[2026-09-25T23:26:49.656+0000] {logging_mixin.py:190} INFO - [2026-09-25T23:26:49.656+0000] {base.py:84} INFO - Retrieving connection 'snowflake_conn'
[2026-09-25T23:26:49.660+0000] {processor.py:925} INFO - DAG(s) 'dbt_weather_analytics' retrieved from /opt/airflow/dags/build_elt_with_dbt.py
[2026-09-25T23:26:49.666+0000] {logging_mixin.py:190} INFO - [2026-09-25T23:26:49.666+0000] {dag.py:3229} INFO - Sync 1 DAGs
[2026-09-25T23:26:49.673+0000] {logging_mixin.py:190} INFO - [2026-09-25T23:26:49.673+0000] {dag.py:4156} INFO - Setting next_dagrun for dbt_weather_analytics to None, run_after=None
[2026-09-25T23:26:49.680+0000] {processor.py:208} INFO - Processing /opt/airflow/dags/build_elt_with_dbt.py took 0.052 seconds
[2026-09-25T23:27:20.058+0000] {processor.py:186} INFO - Started process (PID=3210) to work on /opt/airflow/dags/build_elt_with_dbt.py
[2026-09-25T23:27:20.061+0000] {processor.py:914} INFO - Processing file /opt/airflow/dags/build_elt_with_dbt.py for tasks to queue
[2026-09-25T23:27:20.062+0000] {logging_mixin.py:190} INFO - [2026-09-25T23:27:20.062+0000] {dagbag.py:587} INFO - Filling up the DagBag from /opt/airflow/dags/build_elt_with_dbt.py
[2026-09-25T23:27:20.085+0000] {logging_mixin.py:190} INFO - [2026-09-25T23:27:20.085+0000] {base.py:84} INFO - Retrieving connection 'snowflake_conn'
[2026-09-25T23:27:20.092+0000] {processor.py:925} INFO - DAG(s) 'dbt_weather_analytics' retrieved from /opt/airflow/dags/build_elt_with_dbt.py
[2026-09-25T23:27:20.101+0000] {logging_mixin.py:190} INFO - [2026-09-25T23:27:20.100+0000] {dag.py:3229} INFO - Sync 1 DAGs
[2026-09-25T23:27:20.112+0000] {logging_mixin.py:190} INFO - [2026-09-25T23:27:20.112+0000] {dag.py:4156} INFO - Setting next_dagrun for dbt_weather_analytics to None, run_after=None
[2026-09-25T23:27:20.121+0000] {processor.py:208} INFO - Processing /opt/airflow/dags/build_elt_with_dbt.py took 0.073 seconds
[2026-09-25T23:27:50.511+0000] {processor.py:186} INFO - Started process (PID=3226) to work on /opt/airflow/dags/build_elt_with_dbt.py
[2026-09-25T23:27:50.515+0000] {processor.py:914} INFO - Processing file /opt/airflow/dags/build_elt_with_dbt.py for tasks to queue
[2026-09-25T23:27:50.516+0000] {logging_mixin.py:190} INFO - [2026-09-25T23:27:50.516+0000] {dagbag.py:587} INFO - Filling up the DagBag from /opt/airflow/dags/build_elt_with_dbt.py
[2026-09-25T23:27:50.534+0000] {logging_mixin.py:190} INFO - [2026-09-25T23:27:50.533+0000] {base.py:84} INFO - Retrieving connection 'snowflake_conn'
[2026-09-25T23:27:50.538+0000] {processor.py:925} INFO - DAG(s) 'dbt_weather_analytics' retrieved from /opt/airflow/dags/build_elt_with_dbt.py
[2026-09-25T23:27:50.545+0000] {logging_mixin.py:190} INFO - [2026-09-25T23:27:50.545+0000] {dag.py:3229} INFO - Sync 1 DAGs
[2026-09-25T23:27:50.552+0000] {logging_mixin.py:190} INFO - [2026-09-25T23:27:50.551+0000] {dag.py:4156} INFO - Setting next_dagrun for dbt_weather_analytics to None, run_after=None
[2026-09-25T23:27:50.558+0000] {processor.py:208} INFO - Processing /opt/airflow/dags/build_elt_with_dbt.py took 0.058 seconds
[2026-09-25T23:28:20.979+0000] {processor.py:186} INFO - Started process (PID=3242) to work on /opt/airflow/dags/build_elt_with_dbt.py
[2026-09-25T23:28:20.982+0000] {processor.py:914} INFO - Processing file /opt/airflow/dags/build_elt_with_dbt.py for tasks to queue
[2026-09-25T23:28:20.984+0000] {logging_mixin.py:190} INFO - [2026-09-25T23:28:20.983+0000] {dagbag.py:587} INFO - Filling up the DagBag from /opt/airflow/dags/build_elt_with_dbt.py
[2026-09-25T23:28:21.013+0000] {logging_mixin.py:190} INFO - [2026-09-25T23:28:21.013+0000] {base.py:84} INFO - Retrieving connection 'snowflake_conn'
[2026-09-25T23:28:21.025+0000] {processor.py:925} INFO - DAG(s) 'dbt_weather_analytics' retrieved from /opt/airflow/dags/build_elt_with_dbt.py
[2026-09-25T23:28:21.033+0000] {logging_mixin.py:190} INFO - [2026-09-25T23:28:21.033+0000] {dag.py:3229} INFO - Sync 1 DAGs
[2026-09-25T23:28:21.044+0000] {logging_mixin.py:190} INFO - [2026-09-25T23:28:21.044+0000] {dag.py:4156} INFO - Setting next_dagrun for dbt_weather_analytics to None, run_after=None
[2026-09-25T23:28:21.054+0000] {processor.py:208} INFO - Processing /opt/airflow/dags/build_elt_with_dbt.py took 0.089 seconds
[2026-09-25T23:28:51.505+0000] {processor.py:186} INFO - Started process (PID=3258) to work on /opt/airflow/dags/build_elt_with_dbt.py
[2026-09-25T23:28:51.507+0000] {processor.py:914} INFO - Processing file /opt/airflow/dags/build_elt_with_dbt.py for tasks to queue
[2026-09-25T23:28:51.509+0000] {logging_mixin.py:190} INFO - [2026-09-25T23:28:51.508+0000] {dagbag.py:587} INFO - Filling up the DagBag from /opt/airflow/dags/build_elt_with_dbt.py
[2026-09-25T23:28:51.531+0000] {logging_mixin.py:190} INFO - [2026-09-25T23:28:51.531+0000] {base.py:84} INFO - Retrieving connection 'snowflake_conn'
[2026-09-25T23:28:51.538+0000] {processor.py:925} INFO - DAG(s) 'dbt_weather_analytics' retrieved from /opt/airflow/dags/build_elt_with_dbt.py
[2026-09-25T23:28:51.546+0000] {logging_mixin.py:190} INFO - [2026-09-25T23:28:51.546+0000] {dag.py:3229} INFO - Sync 1 DAGs
[2026-09-25T23:28:51.558+0000] {logging_mixin.py:190} INFO - [2026-09-25T23:28:51.558+0000] {dag.py:4156} INFO - Setting next_dagrun for dbt_weather_analytics to None, run_after=None
[2026-09-25T23:28:51.569+0000] {processor.py:208} INFO - Processing /opt/airflow/dags/build_elt_with_dbt.py took 0.071 seconds
[2026-09-25T23:29:21.960+0000] {processor.py:186} INFO - Started process (PID=3274) to work on /opt/airflow/dags/build_elt_with_dbt.py
[2026-09-25T23:29:21.961+0000] {processor.py:914} INFO - Processing file /opt/airflow/dags/build_elt_with_dbt.py for tasks to queue
[2026-09-25T23:29:21.962+0000] {logging_mixin.py:190} INFO - [2026-09-25T23:29:21.962+0000] {dagbag.py:587} INFO - Filling up the DagBag from /opt/airflow/dags/build_elt_with_dbt.py
[2026-09-25T23:29:21.978+0000] {logging_mixin.py:190} INFO - [2026-09-25T23:29:21.978+0000] {base.py:84} INFO - Retrieving connection 'snowflake_conn'
[2026-09-25T23:29:21.982+0000] {processor.py:925} INFO - DAG(s) 'dbt_weather_analytics' retrieved from /opt/airflow/dags/build_elt_with_dbt.py
[2026-09-25T23:29:21.988+0000] {logging_mixin.py:190} INFO - [2026-09-25T23:29:21.988+0000] {dag.py:3229} INFO - Sync 1 DAGs
[2026-09-25T23:29:21.995+0000] {logging_mixin.py:190} INFO - [2026-09-25T23:29:21.995+0000] {dag.py:4156} INFO - Setting next_dagrun for dbt_weather_analytics to None, run_after=None
[2026-09-25T23:29:22.001+0000] {processor.py:208} INFO - Processing /opt/airflow/dags/build_elt_with_dbt.py took 0.049 seconds
[2026-09-25T23:29:52.410+0000] {processor.py:186} INFO - Started process (PID=3290) to work on /opt/airflow/dags/build_elt_with_dbt.py
[2026-09-25T23:29:52.412+0000] {processor.py:914} INFO - Processing file /opt/airflow/dags/build_elt_with_dbt.py for tasks to queue
[2026-09-25T23:29:52.413+0000] {logging_mixin.py:190} INFO - [2026-09-25T23:29:52.413+0000] {dagbag.py:587} INFO - Filling up the DagBag from /opt/airflow/dags/build_elt_with_dbt.py
[2026-09-25T23:29:52.432+0000] {logging_mixin.py:190} INFO - [2026-09-25T23:29:52.432+0000] {base.py:84} INFO - Retrieving connection 'snowflake_conn'
[2026-09-25T23:29:52.436+0000] {processor.py:925} INFO - DAG(s) 'dbt_weather_analytics' retrieved from /opt/airflow/dags/build_elt_with_dbt.py
[2026-09-25T23:29:52.443+0000] {logging_mixin.py:190} INFO - [2026-09-25T23:29:52.443+0000] {dag.py:3229} INFO - Sync 1 DAGs
[2026-09-25T23:29:52.451+0000] {logging_mixin.py:190} INFO - [2026-09-25T23:29:52.450+0000] {dag.py:4156} INFO - Setting next_dagrun for dbt_weather_analytics to None, run_after=None
[2026-09-25T23:29:52.457+0000] {processor.py:208} INFO - Processing /opt/airflow/dags/build_elt_with_dbt.py took 0.056 seconds
[2026-09-25T23:30:22.868+0000] {processor.py:186} INFO - Started process (PID=3306) to work on /opt/airflow/dags/build_elt_with_dbt.py
[2026-09-25T23:30:22.869+0000] {processor.py:914} INFO - Processing file /opt/airflow/dags/build_elt_with_dbt.py for tasks to queue
[2026-09-25T23:30:22.871+0000] {logging_mixin.py:190} INFO - [2026-09-25T23:30:22.870+0000] {dagbag.py:587} INFO - Filling up the DagBag from /opt/airflow/dags/build_elt_with_dbt.py
[2026-09-25T23:30:22.893+0000] {logging_mixin.py:190} INFO - [2026-09-25T23:30:22.893+0000] {base.py:84} INFO - Retrieving connection 'snowflake_conn'
[2026-09-25T23:30:22.899+0000] {processor.py:925} INFO - DAG(s) 'dbt_weather_analytics' retrieved from /opt/airflow/dags/build_elt_with_dbt.py
[2026-09-25T23:30:22.909+0000] {logging_mixin.py:190} INFO - [2026-09-25T23:30:22.909+0000] {dag.py:3229} INFO - Sync 1 DAGs
[2026-09-25T23:30:22.918+0000] {logging_mixin.py:190} INFO - [2026-09-25T23:30:22.918+0000] {dag.py:4156} INFO - Setting next_dagrun for dbt_weather_analytics to None, run_after=None
[2026-09-25T23:30:22.930+0000] {processor.py:208} INFO - Processing /opt/airflow/dags/build_elt_with_dbt.py took 0.068 seconds
[2026-09-25T23:30:53.318+0000] {processor.py:186} INFO - Started process (PID=3322) to work on /opt/airflow/dags/build_elt_with_dbt.py
[2026-09-25T23:30:53.321+0000] {processor.py:914} INFO - Processing file /opt/airflow/dags/build_elt_with_dbt.py for tasks to queue
[2026-09-25T23:30:53.322+0000] {logging_mixin.py:190} INFO - [2026-09-25T23:30:53.322+0000] {dagbag.py:587} INFO - Filling up the DagBag from /opt/airflow/dags/build_elt_with_dbt.py
[2026-09-25T23:30:53.341+0000] {logging_mixin.py:190} INFO - [2026-09-25T23:30:53.341+0000] {base.py:84} INFO - Retrieving connection 'snowflake_conn'
[2026-09-25T23:30:53.347+0000] {processor.py:925} INFO - DAG(s) 'dbt_weather_analytics' retrieved from /opt/airflow/dags/build_elt_with_dbt.py
[2026-09-25T23:30:53.355+0000] {logging_mixin.py:190} INFO - [2026-09-25T23:30:53.355+0000] {dag.py:3229} INFO - Sync 1 DAGs
[2026-09-25T23:30:53.364+0000] {logging_mixin.py:190} INFO - [2026-09-25T23:30:53.364+0000] {dag.py:4156} INFO - Setting next_dagrun for dbt_weather_analytics to None, run_after=None
[2026-09-25T23:30:53.372+0000] {processor.py:208} INFO - Processing /opt/airflow/dags/build_elt_with_dbt.py took 0.061 seconds
[2026-09-25T23:31:23.763+0000] {processor.py:186} INFO - Started process (PID=3338) to work on /opt/airflow/dags/build_elt_with_dbt.py
[2026-09-25T23:31:23.766+0000] {processor.py:914} INFO - Processing file /opt/airflow/dags/build_elt_with_dbt.py for tasks to queue
[2026-09-25T23:31:23.767+0000] {logging_mixin.py:190} INFO - [2026-09-25T23:31:23.767+0000] {dagbag.py:587} INFO - Filling up the DagBag from /opt/airflow/dags/build_elt_with_dbt.py
[2026-09-25T23:31:23.784+0000] {logging_mixin.py:190} INFO - [2026-09-25T23:31:23.784+0000] {base.py:84} INFO - Retrieving connection 'snowflake_conn'
[2026-09-25T23:31:23.787+0000] {processor.py:925} INFO - DAG(s) 'dbt_weather_analytics' retrieved from /opt/airflow/dags/build_elt_with_dbt.py
[2026-09-25T23:31:23.793+0000] {logging_mixin.py:190} INFO - [2026-09-25T23:31:23.793+0000] {dag.py:3229} INFO - Sync 1 DAGs
[2026-09-25T23:31:23.799+0000] {logging_mixin.py:190} INFO - [2026-09-25T23:31:23.799+0000] {dag.py:4156} INFO - Setting next_dagrun for dbt_weather_analytics to None, run_after=None
[2026-09-25T23:31:23.806+0000] {processor.py:208} INFO - Processing /opt/airflow/dags/build_elt_with_dbt.py took 0.051 seconds
[2026-09-25T23:31:54.209+0000] {processor.py:186} INFO - Started process (PID=3354) to work on /opt/airflow/dags/build_elt_with_dbt.py
[2026-09-25T23:31:54.212+0000] {processor.py:914} INFO - Processing file /opt/airflow/dags/build_elt_with_dbt.py for tasks to queue
[2026-09-25T23:31:54.213+0000] {logging_mixin.py:190} INFO - [2026-09-25T23:31:54.212+0000] {dagbag.py:587} INFO - Filling up the DagBag from /opt/airflow/dags/build_elt_with_dbt.py
[2026-09-25T23:31:54.235+0000] {logging_mixin.py:190} INFO - [2026-09-25T23:31:54.235+0000] {base.py:84} INFO - Retrieving connection 'snowflake_conn'
[2026-09-25T23:31:54.240+0000] {processor.py:925} INFO - DAG(s) 'dbt_weather_analytics' retrieved from /opt/airflow/dags/build_elt_with_dbt.py
[2026-09-25T23:31:54.251+0000] {logging_mixin.py:190} INFO - [2026-09-25T23:31:54.251+0000] {dag.py:3229} INFO - Sync 1 DAGs
[2026-09-25T23:31:54.259+0000] {logging_mixin.py:190} INFO - [2026-09-25T23:31:54.259+0000] {dag.py:4156} INFO - Setting next_dagrun for dbt_weather_analytics to None, run_after=None
[2026-09-25T23:31:54.267+0000] {processor.py:208} INFO - Processing /opt/airflow/dags/build_elt_with_dbt.py took 0.071 seconds
[2026-09-25T23:32:24.671+0000] {processor.py:186} INFO - Started process (PID=3370) to work on /opt/airflow/dags/build_elt_with_dbt.py
[2026-09-25T23:32:24.673+0000] {processor.py:914} INFO - Processing file /opt/airflow/dags/build_elt_with_dbt.py for tasks to queue
[2026-09-25T23:32:24.674+0000] {logging_mixin.py:190} INFO - [2026-09-25T23:32:24.674+0000] {dagbag.py:587} INFO - Filling up the DagBag from /opt/airflow/dags/build_elt_with_dbt.py
[2026-09-25T23:32:24.695+0000] {logging_mixin.py:190} INFO - [2026-09-25T23:32:24.695+0000] {base.py:84} INFO - Retrieving connection 'snowflake_conn'
[2026-09-25T23:32:24.702+0000] {processor.py:925} INFO - DAG(s) 'dbt_weather_analytics' retrieved from /opt/airflow/dags/build_elt_with_dbt.py
[2026-09-25T23:32:24.710+0000] {logging_mixin.py:190} INFO - [2026-09-25T23:32:24.709+0000] {dag.py:3229} INFO - Sync 1 DAGs
[2026-09-25T23:32:24.719+0000] {logging_mixin.py:190} INFO - [2026-09-25T23:32:24.719+0000] {dag.py:4156} INFO - Setting next_dagrun for dbt_weather_analytics to None, run_after=None
[2026-09-25T23:32:24.727+0000] {processor.py:208} INFO - Processing /opt/airflow/dags/build_elt_with_dbt.py took 0.064 seconds
[2026-09-25T23:32:55.127+0000] {processor.py:186} INFO - Started process (PID=3386) to work on /opt/airflow/dags/build_elt_with_dbt.py
[2026-09-25T23:32:55.129+0000] {processor.py:914} INFO - Processing file /opt/airflow/dags/build_elt_with_dbt.py for tasks to queue
[2026-09-25T23:32:55.131+0000] {logging_mixin.py:190} INFO - [2026-09-25T23:32:55.130+0000] {dagbag.py:587} INFO - Filling up the DagBag from /opt/airflow/dags/build_elt_with_dbt.py
[2026-09-25T23:32:55.152+0000] {logging_mixin.py:190} INFO - [2026-09-25T23:32:55.152+0000] {base.py:84} INFO - Retrieving connection 'snowflake_conn'
[2026-09-25T23:32:55.159+0000] {processor.py:925} INFO - DAG(s) 'dbt_weather_analytics' retrieved from /opt/airflow/dags/build_elt_with_dbt.py
[2026-09-25T23:32:55.167+0000] {logging_mixin.py:190} INFO - [2026-09-25T23:32:55.166+0000] {dag.py:3229} INFO - Sync 1 DAGs
[2026-09-25T23:32:55.180+0000] {logging_mixin.py:190} INFO - [2026-09-25T23:32:55.179+0000] {dag.py:4156} INFO - Setting next_dagrun for dbt_weather_analytics to None, run_after=None
[2026-09-25T23:32:55.187+0000] {processor.py:208} INFO - Processing /opt/airflow/dags/build_elt_with_dbt.py took 0.070 seconds
[2026-09-25T23:33:25.539+0000] {processor.py:186} INFO - Started process (PID=3402) to work on /opt/airflow/dags/build_elt_with_dbt.py
[2026-09-25T23:33:25.541+0000] {processor.py:914} INFO - Processing file /opt/airflow/dags/build_elt_with_dbt.py for tasks to queue
[2026-09-25T23:33:25.542+0000] {logging_mixin.py:190} INFO - [2026-09-25T23:33:25.542+0000] {dagbag.py:587} INFO - Filling up the DagBag from /opt/airflow/dags/build_elt_with_dbt.py
[2026-09-25T23:33:25.558+0000] {logging_mixin.py:190} INFO - [2026-09-25T23:33:25.558+0000] {base.py:84} INFO - Retrieving connection 'snowflake_conn'
[2026-09-25T23:33:25.561+0000] {processor.py:925} INFO - DAG(s) 'dbt_weather_analytics' retrieved from /opt/airflow/dags/build_elt_with_dbt.py
[2026-09-25T23:33:25.567+0000] {logging_mixin.py:190} INFO - [2026-09-25T23:33:25.567+0000] {dag.py:3229} INFO - Sync 1 DAGs
[2026-09-25T23:33:25.574+0000] {logging_mixin.py:190} INFO - [2026-09-25T23:33:25.574+0000] {dag.py:4156} INFO - Setting next_dagrun for dbt_weather_analytics to None, run_after=None
[2026-09-25T23:33:25.581+0000] {processor.py:208} INFO - Processing /opt/airflow/dags/build_elt_with_dbt.py took 0.047 seconds
[2026-09-25T23:33:55.876+0000] {processor.py:186} INFO - Started process (PID=3418) to work on /opt/airflow/dags/build_elt_with_dbt.py
[2026-09-25T23:33:55.877+0000] {processor.py:914} INFO - Processing file /opt/airflow/dags/build_elt_with_dbt.py for tasks to queue
[2026-09-25T23:33:55.878+0000] {logging_mixin.py:190} INFO - [2026-09-25T23:33:55.878+0000] {dagbag.py:587} INFO - Filling up the DagBag from /opt/airflow/dags/build_elt_with_dbt.py
[2026-09-25T23:33:55.891+0000] {logging_mixin.py:190} INFO - [2026-09-25T23:33:55.891+0000] {base.py:84} INFO - Retrieving connection 'snowflake_conn'
[2026-09-25T23:33:55.895+0000] {processor.py:925} INFO - DAG(s) 'dbt_weather_analytics' retrieved from /opt/airflow/dags/build_elt_with_dbt.py
[2026-09-25T23:33:55.900+0000] {logging_mixin.py:190} INFO - [2026-09-25T23:33:55.900+0000] {dag.py:3229} INFO - Sync 1 DAGs
[2026-09-25T23:33:55.907+0000] {logging_mixin.py:190} INFO - [2026-09-25T23:33:55.907+0000] {dag.py:4156} INFO - Setting next_dagrun for dbt_weather_analytics to None, run_after=None
[2026-09-25T23:33:55.913+0000] {processor.py:208} INFO - Processing /opt/airflow/dags/build_elt_with_dbt.py took 0.042 seconds
[2026-09-25T23:34:26.271+0000] {processor.py:186} INFO - Started process (PID=3434) to work on /opt/airflow/dags/build_elt_with_dbt.py
[2026-09-25T23:34:26.273+0000] {processor.py:914} INFO - Processing file /opt/airflow/dags/build_elt_with_dbt.py for tasks to queue
[2026-09-25T23:34:26.274+0000] {logging_mixin.py:190} INFO - [2026-09-25T23:34:26.273+0000] {dagbag.py:587} INFO - Filling up the DagBag from /opt/airflow/dags/build_elt_with_dbt.py
[2026-09-25T23:34:26.289+0000] {logging_mixin.py:190} INFO - [2026-09-25T23:34:26.289+0000] {base.py:84} INFO - Retrieving connection 'snowflake_conn'
[2026-09-25T23:34:26.292+0000] {processor.py:925} INFO - DAG(s) 'dbt_weather_analytics' retrieved from /opt/airflow/dags/build_elt_with_dbt.py
[2026-09-25T23:34:26.298+0000] {logging_mixin.py:190} INFO - [2026-09-25T23:34:26.298+0000] {dag.py:3229} INFO - Sync 1 DAGs
[2026-09-25T23:34:26.305+0000] {logging_mixin.py:190} INFO - [2026-09-25T23:34:26.305+0000] {dag.py:4156} INFO - Setting next_dagrun for dbt_weather_analytics to None, run_after=None
[2026-09-25T23:34:26.312+0000] {processor.py:208} INFO - Processing /opt/airflow/dags/build_elt_with_dbt.py took 0.046 seconds
[2026-09-25T23:34:56.681+0000] {processor.py:186} INFO - Started process (PID=3450) to work on /opt/airflow/dags/build_elt_with_dbt.py
[2026-09-25T23:34:56.683+0000] {processor.py:914} INFO - Processing file /opt/airflow/dags/build_elt_with_dbt.py for tasks to queue
[2026-09-25T23:34:56.685+0000] {logging_mixin.py:190} INFO - [2026-09-25T23:34:56.684+0000] {dagbag.py:587} INFO - Filling up the DagBag from /opt/airflow/dags/build_elt_with_dbt.py
[2026-09-25T23:34:56.704+0000] {logging_mixin.py:190} INFO - [2026-09-25T23:34:56.703+0000] {base.py:84} INFO - Retrieving connection 'snowflake_conn'
[2026-09-25T23:34:56.709+0000] {processor.py:925} INFO - DAG(s) 'dbt_weather_analytics' retrieved from /opt/airflow/dags/build_elt_with_dbt.py
[2026-09-25T23:34:56.717+0000] {logging_mixin.py:190} INFO - [2026-09-25T23:34:56.717+0000] {dag.py:3229} INFO - Sync 1 DAGs
[2026-09-25T23:34:56.725+0000] {logging_mixin.py:190} INFO - [2026-09-25T23:34:56.725+0000] {dag.py:4156} INFO - Setting next_dagrun for dbt_weather_analytics to None, run_after=None
[2026-09-25T23:34:56.732+0000] {processor.py:208} INFO - Processing /opt/airflow/dags/build_elt_with_dbt.py took 0.059 seconds
[2026-09-25T23:35:27.090+0000] {processor.py:186} INFO - Started process (PID=3466) to work on /opt/airflow/dags/build_elt_with_dbt.py
[2026-09-25T23:35:27.092+0000] {processor.py:914} INFO - Processing file /opt/airflow/dags/build_elt_with_dbt.py for tasks to queue
[2026-09-25T23:35:27.093+0000] {logging_mixin.py:190} INFO - [2026-09-25T23:35:27.092+0000] {dagbag.py:587} INFO - Filling up the DagBag from /opt/airflow/dags/build_elt_with_dbt.py
[2026-09-25T23:35:27.107+0000] {logging_mixin.py:190} INFO - [2026-09-25T23:35:27.107+0000] {base.py:84} INFO - Retrieving connection 'snowflake_conn'
[2026-09-25T23:35:27.111+0000] {processor.py:925} INFO - DAG(s) 'dbt_weather_analytics' retrieved from /opt/airflow/dags/build_elt_with_dbt.py
[2026-09-25T23:35:27.118+0000] {logging_mixin.py:190} INFO - [2026-09-25T23:35:27.118+0000] {dag.py:3229} INFO - Sync 1 DAGs
[2026-09-25T23:35:27.126+0000] {logging_mixin.py:190} INFO - [2026-09-25T23:35:27.126+0000] {dag.py:4156} INFO - Setting next_dagrun for dbt_weather_analytics to None, run_after=None
[2026-09-25T23:35:27.132+0000] {processor.py:208} INFO - Processing /opt/airflow/dags/build_elt_with_dbt.py took 0.049 seconds
[2026-09-25T23:35:57.479+0000] {processor.py:186} INFO - Started process (PID=3482) to work on /opt/airflow/dags/build_elt_with_dbt.py
[2026-09-25T23:35:57.482+0000] {processor.py:914} INFO - Processing file /opt/airflow/dags/build_elt_with_dbt.py for tasks to queue
[2026-09-25T23:35:57.483+0000] {logging_mixin.py:190} INFO - [2026-09-25T23:35:57.483+0000] {dagbag.py:587} INFO - Filling up the DagBag from /opt/airflow/dags/build_elt_with_dbt.py
[2026-09-25T23:35:57.502+0000] {logging_mixin.py:190} INFO - [2026-09-25T23:35:57.502+0000] {base.py:84} INFO - Retrieving connection 'snowflake_conn'
[2026-09-25T23:35:57.507+0000] {processor.py:925} INFO - DAG(s) 'dbt_weather_analytics' retrieved from /opt/airflow/dags/build_elt_with_dbt.py
[2026-09-25T23:35:57.515+0000] {logging_mixin.py:190} INFO - [2026-09-25T23:35:57.514+0000] {dag.py:3229} INFO - Sync 1 DAGs
[2026-09-25T23:35:57.522+0000] {logging_mixin.py:190} INFO - [2026-09-25T23:35:57.522+0000] {dag.py:4156} INFO - Setting next_dagrun for dbt_weather_analytics to None, run_after=None
[2026-09-25T23:35:57.529+0000] {processor.py:208} INFO - Processing /opt/airflow/dags/build_elt_with_dbt.py took 0.057 seconds
[2026-09-25T23:36:27.952+0000] {processor.py:186} INFO - Started process (PID=3498) to work on /opt/airflow/dags/build_elt_with_dbt.py
[2026-09-25T23:36:27.954+0000] {processor.py:914} INFO - Processing file /opt/airflow/dags/build_elt_with_dbt.py for tasks to queue
[2026-09-25T23:36:27.955+0000] {logging_mixin.py:190} INFO - [2026-09-25T23:36:27.955+0000] {dagbag.py:587} INFO - Filling up the DagBag from /opt/airflow/dags/build_elt_with_dbt.py
[2026-09-25T23:36:27.973+0000] {logging_mixin.py:190} INFO - [2026-09-25T23:36:27.973+0000] {base.py:84} INFO - Retrieving connection 'snowflake_conn'
[2026-09-25T23:36:27.976+0000] {processor.py:925} INFO - DAG(s) 'dbt_weather_analytics' retrieved from /opt/airflow/dags/build_elt_with_dbt.py
[2026-09-25T23:36:27.983+0000] {logging_mixin.py:190} INFO - [2026-09-25T23:36:27.983+0000] {dag.py:3229} INFO - Sync 1 DAGs
[2026-09-25T23:36:27.990+0000] {logging_mixin.py:190} INFO - [2026-09-25T23:36:27.990+0000] {dag.py:4156} INFO - Setting next_dagrun for dbt_weather_analytics to None, run_after=None
[2026-09-25T23:36:27.997+0000] {processor.py:208} INFO - Processing /opt/airflow/dags/build_elt_with_dbt.py took 0.052 seconds
[2026-09-25T23:36:58.375+0000] {processor.py:186} INFO - Started process (PID=3514) to work on /opt/airflow/dags/build_elt_with_dbt.py
[2026-09-25T23:36:58.378+0000] {processor.py:914} INFO - Processing file /opt/airflow/dags/build_elt_with_dbt.py for tasks to queue
[2026-09-25T23:36:58.379+0000] {logging_mixin.py:190} INFO - [2026-09-25T23:36:58.379+0000] {dagbag.py:587} INFO - Filling up the DagBag from /opt/airflow/dags/build_elt_with_dbt.py
[2026-09-25T23:36:58.409+0000] {logging_mixin.py:190} INFO - [2026-09-25T23:36:58.409+0000] {base.py:84} INFO - Retrieving connection 'snowflake_conn'
[2026-09-25T23:36:58.417+0000] {processor.py:925} INFO - DAG(s) 'dbt_weather_analytics' retrieved from /opt/airflow/dags/build_elt_with_dbt.py
[2026-09-25T23:36:58.426+0000] {logging_mixin.py:190} INFO - [2026-09-25T23:36:58.426+0000] {dag.py:3229} INFO - Sync 1 DAGs
[2026-09-25T23:36:58.436+0000] {logging_mixin.py:190} INFO - [2026-09-25T23:36:58.435+0000] {dag.py:4156} INFO - Setting next_dagrun for dbt_weather_analytics to None, run_after=None
[2026-09-25T23:36:58.443+0000] {processor.py:208} INFO - Processing /opt/airflow/dags/build_elt_with_dbt.py took 0.075 seconds
[2026-09-25T23:37:28.808+0000] {processor.py:186} INFO - Started process (PID=3530) to work on /opt/airflow/dags/build_elt_with_dbt.py
[2026-09-25T23:37:28.810+0000] {processor.py:914} INFO - Processing file /opt/airflow/dags/build_elt_with_dbt.py for tasks to queue
[2026-09-25T23:37:28.811+0000] {logging_mixin.py:190} INFO - [2026-09-25T23:37:28.811+0000] {dagbag.py:587} INFO - Filling up the DagBag from /opt/airflow/dags/build_elt_with_dbt.py
[2026-09-25T23:37:28.825+0000] {logging_mixin.py:190} INFO - [2026-09-25T23:37:28.825+0000] {base.py:84} INFO - Retrieving connection 'snowflake_conn'
[2026-09-25T23:37:28.829+0000] {processor.py:925} INFO - DAG(s) 'dbt_weather_analytics' retrieved from /opt/airflow/dags/build_elt_with_dbt.py
[2026-09-25T23:37:28.836+0000] {logging_mixin.py:190} INFO - [2026-09-25T23:37:28.835+0000] {dag.py:3229} INFO - Sync 1 DAGs
[2026-09-25T23:37:28.843+0000] {logging_mixin.py:190} INFO - [2026-09-25T23:37:28.843+0000] {dag.py:4156} INFO - Setting next_dagrun for dbt_weather_analytics to None, run_after=None
[2026-09-25T23:37:28.850+0000] {processor.py:208} INFO - Processing /opt/airflow/dags/build_elt_with_dbt.py took 0.047 seconds
[2026-09-25T23:37:59.194+0000] {processor.py:186} INFO - Started process (PID=3546) to work on /opt/airflow/dags/build_elt_with_dbt.py
[2026-09-25T23:37:59.197+0000] {processor.py:914} INFO - Processing file /opt/airflow/dags/build_elt_with_dbt.py for tasks to queue
[2026-09-25T23:37:59.198+0000] {logging_mixin.py:190} INFO - [2026-09-25T23:37:59.197+0000] {dagbag.py:587} INFO - Filling up the DagBag from /opt/airflow/dags/build_elt_with_dbt.py
[2026-09-25T23:37:59.216+0000] {logging_mixin.py:190} INFO - [2026-09-25T23:37:59.216+0000] {base.py:84} INFO - Retrieving connection 'snowflake_conn'
[2026-09-25T23:37:59.220+0000] {processor.py:925} INFO - DAG(s) 'dbt_weather_analytics' retrieved from /opt/airflow/dags/build_elt_with_dbt.py
[2026-09-25T23:37:59.226+0000] {logging_mixin.py:190} INFO - [2026-09-25T23:37:59.225+0000] {dag.py:3229} INFO - Sync 1 DAGs
[2026-09-25T23:37:59.233+0000] {logging_mixin.py:190} INFO - [2026-09-25T23:37:59.233+0000] {dag.py:4156} INFO - Setting next_dagrun for dbt_weather_analytics to None, run_after=None
[2026-09-25T23:37:59.239+0000] {processor.py:208} INFO - Processing /opt/airflow/dags/build_elt_with_dbt.py took 0.050 seconds
[2026-09-25T23:38:29.661+0000] {processor.py:186} INFO - Started process (PID=3562) to work on /opt/airflow/dags/build_elt_with_dbt.py
[2026-09-25T23:38:29.662+0000] {processor.py:914} INFO - Processing file /opt/airflow/dags/build_elt_with_dbt.py for tasks to queue
[2026-09-25T23:38:29.663+0000] {logging_mixin.py:190} INFO - [2026-09-25T23:38:29.663+0000] {dagbag.py:587} INFO - Filling up the DagBag from /opt/airflow/dags/build_elt_with_dbt.py
[2026-09-25T23:38:29.682+0000] {logging_mixin.py:190} INFO - [2026-09-25T23:38:29.681+0000] {base.py:84} INFO - Retrieving connection 'snowflake_conn'
[2026-09-25T23:38:29.688+0000] {processor.py:925} INFO - DAG(s) 'dbt_weather_analytics' retrieved from /opt/airflow/dags/build_elt_with_dbt.py
[2026-09-25T23:38:29.695+0000] {logging_mixin.py:190} INFO - [2026-09-25T23:38:29.695+0000] {dag.py:3229} INFO - Sync 1 DAGs
[2026-09-25T23:38:29.708+0000] {logging_mixin.py:190} INFO - [2026-09-25T23:38:29.708+0000] {dag.py:4156} INFO - Setting next_dagrun for dbt_weather_analytics to None, run_after=None
[2026-09-25T23:38:29.719+0000] {processor.py:208} INFO - Processing /opt/airflow/dags/build_elt_with_dbt.py took 0.065 seconds
[2026-09-25T23:39:00.111+0000] {processor.py:186} INFO - Started process (PID=3578) to work on /opt/airflow/dags/build_elt_with_dbt.py
[2026-09-25T23:39:00.115+0000] {processor.py:914} INFO - Processing file /opt/airflow/dags/build_elt_with_dbt.py for tasks to queue
[2026-09-25T23:39:00.116+0000] {logging_mixin.py:190} INFO - [2026-09-25T23:39:00.115+0000] {dagbag.py:587} INFO - Filling up the DagBag from /opt/airflow/dags/build_elt_with_dbt.py
[2026-09-25T23:39:00.131+0000] {logging_mixin.py:190} INFO - [2026-09-25T23:39:00.131+0000] {base.py:84} INFO - Retrieving connection 'snowflake_conn'
[2026-09-25T23:39:00.134+0000] {processor.py:925} INFO - DAG(s) 'dbt_weather_analytics' retrieved from /opt/airflow/dags/build_elt_with_dbt.py
[2026-09-25T23:39:00.140+0000] {logging_mixin.py:190} INFO - [2026-09-25T23:39:00.140+0000] {dag.py:3229} INFO - Sync 1 DAGs
[2026-09-25T23:39:00.146+0000] {logging_mixin.py:190} INFO - [2026-09-25T23:39:00.146+0000] {dag.py:4156} INFO - Setting next_dagrun for dbt_weather_analytics to None, run_after=None
[2026-09-25T23:39:00.153+0000] {processor.py:208} INFO - Processing /opt/airflow/dags/build_elt_with_dbt.py took 0.047 seconds
[2026-09-25T23:39:30.466+0000] {processor.py:186} INFO - Started process (PID=3594) to work on /opt/airflow/dags/build_elt_with_dbt.py
[2026-09-25T23:39:30.467+0000] {processor.py:914} INFO - Processing file /opt/airflow/dags/build_elt_with_dbt.py for tasks to queue
[2026-09-25T23:39:30.468+0000] {logging_mixin.py:190} INFO - [2026-09-25T23:39:30.468+0000] {dagbag.py:587} INFO - Filling up the DagBag from /opt/airflow/dags/build_elt_with_dbt.py
[2026-09-25T23:39:30.480+0000] {logging_mixin.py:190} INFO - [2026-09-25T23:39:30.480+0000] {base.py:84} INFO - Retrieving connection 'snowflake_conn'
[2026-09-25T23:39:30.483+0000] {processor.py:925} INFO - DAG(s) 'dbt_weather_analytics' retrieved from /opt/airflow/dags/build_elt_with_dbt.py
[2026-09-25T23:39:30.490+0000] {logging_mixin.py:190} INFO - [2026-09-25T23:39:30.489+0000] {dag.py:3229} INFO - Sync 1 DAGs
[2026-09-25T23:39:30.499+0000] {logging_mixin.py:190} INFO - [2026-09-25T23:39:30.499+0000] {dag.py:4156} INFO - Setting next_dagrun for dbt_weather_analytics to None, run_after=None
[2026-09-25T23:39:30.507+0000] {processor.py:208} INFO - Processing /opt/airflow/dags/build_elt_with_dbt.py took 0.045 seconds
[2026-09-25T23:40:00.807+0000] {processor.py:186} INFO - Started process (PID=3610) to work on /opt/airflow/dags/build_elt_with_dbt.py
[2026-09-25T23:40:00.810+0000] {processor.py:914} INFO - Processing file /opt/airflow/dags/build_elt_with_dbt.py for tasks to queue
[2026-09-25T23:40:00.811+0000] {logging_mixin.py:190} INFO - [2026-09-25T23:40:00.810+0000] {dagbag.py:587} INFO - Filling up the DagBag from /opt/airflow/dags/build_elt_with_dbt.py
[2026-09-25T23:40:00.829+0000] {logging_mixin.py:190} INFO - [2026-09-25T23:40:00.829+0000] {base.py:84} INFO - Retrieving connection 'snowflake_conn'
[2026-09-25T23:40:00.835+0000] {processor.py:925} INFO - DAG(s) 'dbt_weather_analytics' retrieved from /opt/airflow/dags/build_elt_with_dbt.py
[2026-09-25T23:40:00.842+0000] {logging_mixin.py:190} INFO - [2026-09-25T23:40:00.842+0000] {dag.py:3229} INFO - Sync 1 DAGs
[2026-09-25T23:40:00.851+0000] {logging_mixin.py:190} INFO - [2026-09-25T23:40:00.851+0000] {dag.py:4156} INFO - Setting next_dagrun for dbt_weather_analytics to None, run_after=None
[2026-09-25T23:40:00.858+0000] {processor.py:208} INFO - Processing /opt/airflow/dags/build_elt_with_dbt.py took 0.059 seconds
[2026-09-25T23:40:31.242+0000] {processor.py:186} INFO - Started process (PID=3626) to work on /opt/airflow/dags/build_elt_with_dbt.py
[2026-09-25T23:40:31.243+0000] {processor.py:914} INFO - Processing file /opt/airflow/dags/build_elt_with_dbt.py for tasks to queue
[2026-09-25T23:40:31.244+0000] {logging_mixin.py:190} INFO - [2026-09-25T23:40:31.244+0000] {dagbag.py:587} INFO - Filling up the DagBag from /opt/airflow/dags/build_elt_with_dbt.py
[2026-09-25T23:40:31.260+0000] {logging_mixin.py:190} INFO - [2026-09-25T23:40:31.260+0000] {base.py:84} INFO - Retrieving connection 'snowflake_conn'
[2026-09-25T23:40:31.264+0000] {processor.py:925} INFO - DAG(s) 'dbt_weather_analytics' retrieved from /opt/airflow/dags/build_elt_with_dbt.py
[2026-09-25T23:40:31.270+0000] {logging_mixin.py:190} INFO - [2026-09-25T23:40:31.270+0000] {dag.py:3229} INFO - Sync 1 DAGs
[2026-09-25T23:40:31.277+0000] {logging_mixin.py:190} INFO - [2026-09-25T23:40:31.277+0000] {dag.py:4156} INFO - Setting next_dagrun for dbt_weather_analytics to None, run_after=None
[2026-09-25T23:40:31.284+0000] {processor.py:208} INFO - Processing /opt/airflow/dags/build_elt_with_dbt.py took 0.048 seconds
[2026-09-25T23:41:01.698+0000] {processor.py:186} INFO - Started process (PID=3642) to work on /opt/airflow/dags/build_elt_with_dbt.py
[2026-09-25T23:41:01.701+0000] {processor.py:914} INFO - Processing file /opt/airflow/dags/build_elt_with_dbt.py for tasks to queue
[2026-09-25T23:41:01.702+0000] {logging_mixin.py:190} INFO - [2026-09-25T23:41:01.702+0000] {dagbag.py:587} INFO - Filling up the DagBag from /opt/airflow/dags/build_elt_with_dbt.py
[2026-09-25T23:41:01.720+0000] {logging_mixin.py:190} INFO - [2026-09-25T23:41:01.719+0000] {base.py:84} INFO - Retrieving connection 'snowflake_conn'
[2026-09-25T23:41:01.724+0000] {processor.py:925} INFO - DAG(s) 'dbt_weather_analytics' retrieved from /opt/airflow/dags/build_elt_with_dbt.py
[2026-09-25T23:41:01.731+0000] {logging_mixin.py:190} INFO - [2026-09-25T23:41:01.730+0000] {dag.py:3229} INFO - Sync 1 DAGs
[2026-09-25T23:41:01.738+0000] {logging_mixin.py:190} INFO - [2026-09-25T23:41:01.738+0000] {dag.py:4156} INFO - Setting next_dagrun for dbt_weather_analytics to None, run_after=None
[2026-09-25T23:41:01.744+0000] {processor.py:208} INFO - Processing /opt/airflow/dags/build_elt_with_dbt.py took 0.055 seconds
[2026-09-25T23:41:32.112+0000] {processor.py:186} INFO - Started process (PID=3658) to work on /opt/airflow/dags/build_elt_with_dbt.py
[2026-09-25T23:41:32.115+0000] {processor.py:914} INFO - Processing file /opt/airflow/dags/build_elt_with_dbt.py for tasks to queue
[2026-09-25T23:41:32.116+0000] {logging_mixin.py:190} INFO - [2026-09-25T23:41:32.116+0000] {dagbag.py:587} INFO - Filling up the DagBag from /opt/airflow/dags/build_elt_with_dbt.py
[2026-09-25T23:41:32.131+0000] {logging_mixin.py:190} INFO - [2026-09-25T23:41:32.131+0000] {base.py:84} INFO - Retrieving connection 'snowflake_conn'
[2026-09-25T23:41:32.135+0000] {processor.py:925} INFO - DAG(s) 'dbt_weather_analytics' retrieved from /opt/airflow/dags/build_elt_with_dbt.py
[2026-09-25T23:41:32.140+0000] {logging_mixin.py:190} INFO - [2026-09-25T23:41:32.140+0000] {dag.py:3229} INFO - Sync 1 DAGs
[2026-09-25T23:41:32.147+0000] {logging_mixin.py:190} INFO - [2026-09-25T23:41:32.147+0000] {dag.py:4156} INFO - Setting next_dagrun for dbt_weather_analytics to None, run_after=None
[2026-09-25T23:41:32.153+0000] {processor.py:208} INFO - Processing /opt/airflow/dags/build_elt_with_dbt.py took 0.046 seconds
[2026-09-25T23:42:02.489+0000] {processor.py:186} INFO - Started process (PID=3674) to work on /opt/airflow/dags/build_elt_with_dbt.py
[2026-09-25T23:42:02.492+0000] {processor.py:914} INFO - Processing file /opt/airflow/dags/build_elt_with_dbt.py for tasks to queue
[2026-09-25T23:42:02.494+0000] {logging_mixin.py:190} INFO - [2026-09-25T23:42:02.493+0000] {dagbag.py:587} INFO - Filling up the DagBag from /opt/airflow/dags/build_elt_with_dbt.py
[2026-09-25T23:42:02.515+0000] {logging_mixin.py:190} INFO - [2026-09-25T23:42:02.515+0000] {base.py:84} INFO - Retrieving connection 'snowflake_conn'
[2026-09-25T23:42:02.521+0000] {processor.py:925} INFO - DAG(s) 'dbt_weather_analytics' retrieved from /opt/airflow/dags/build_elt_with_dbt.py
[2026-09-25T23:42:02.529+0000] {logging_mixin.py:190} INFO - [2026-09-25T23:42:02.529+0000] {dag.py:3229} INFO - Sync 1 DAGs
[2026-09-25T23:42:02.539+0000] {logging_mixin.py:190} INFO - [2026-09-25T23:42:02.539+0000] {dag.py:4156} INFO - Setting next_dagrun for dbt_weather_analytics to None, run_after=None
[2026-09-25T23:42:02.546+0000] {processor.py:208} INFO - Processing /opt/airflow/dags/build_elt_with_dbt.py took 0.065 seconds
[2026-09-25T23:42:32.895+0000] {processor.py:186} INFO - Started process (PID=3690) to work on /opt/airflow/dags/build_elt_with_dbt.py
[2026-09-25T23:42:32.897+0000] {processor.py:914} INFO - Processing file /opt/airflow/dags/build_elt_with_dbt.py for tasks to queue
[2026-09-25T23:42:32.898+0000] {logging_mixin.py:190} INFO - [2026-09-25T23:42:32.897+0000] {dagbag.py:587} INFO - Filling up the DagBag from /opt/airflow/dags/build_elt_with_dbt.py
[2026-09-25T23:42:32.915+0000] {logging_mixin.py:190} INFO - [2026-09-25T23:42:32.915+0000] {base.py:84} INFO - Retrieving connection 'snowflake_conn'
[2026-09-25T23:42:32.919+0000] {processor.py:925} INFO - DAG(s) 'dbt_weather_analytics' retrieved from /opt/airflow/dags/build_elt_with_dbt.py
[2026-09-25T23:42:32.925+0000] {logging_mixin.py:190} INFO - [2026-09-25T23:42:32.925+0000] {dag.py:3229} INFO - Sync 1 DAGs
[2026-09-25T23:42:32.934+0000] {logging_mixin.py:190} INFO - [2026-09-25T23:42:32.934+0000] {dag.py:4156} INFO - Setting next_dagrun for dbt_weather_analytics to None, run_after=None
[2026-09-25T23:42:32.941+0000] {processor.py:208} INFO - Processing /opt/airflow/dags/build_elt_with_dbt.py took 0.052 seconds
[2026-09-25T23:43:03.299+0000] {processor.py:186} INFO - Started process (PID=3706) to work on /opt/airflow/dags/build_elt_with_dbt.py
[2026-09-25T23:43:03.301+0000] {processor.py:914} INFO - Processing file /opt/airflow/dags/build_elt_with_dbt.py for tasks to queue
[2026-09-25T23:43:03.303+0000] {logging_mixin.py:190} INFO - [2026-09-25T23:43:03.302+0000] {dagbag.py:587} INFO - Filling up the DagBag from /opt/airflow/dags/build_elt_with_dbt.py
[2026-09-25T23:43:03.325+0000] {logging_mixin.py:190} INFO - [2026-09-25T23:43:03.325+0000] {base.py:84} INFO - Retrieving connection 'snowflake_conn'
[2026-09-25T23:43:03.332+0000] {processor.py:925} INFO - DAG(s) 'dbt_weather_analytics' retrieved from /opt/airflow/dags/build_elt_with_dbt.py
[2026-09-25T23:43:03.341+0000] {logging_mixin.py:190} INFO - [2026-09-25T23:43:03.341+0000] {dag.py:3229} INFO - Sync 1 DAGs
[2026-09-25T23:43:03.352+0000] {logging_mixin.py:190} INFO - [2026-09-25T23:43:03.352+0000] {dag.py:4156} INFO - Setting next_dagrun for dbt_weather_analytics to None, run_after=None
[2026-09-25T23:43:03.360+0000] {processor.py:208} INFO - Processing /opt/airflow/dags/build_elt_with_dbt.py took 0.070 seconds
[2026-09-25T23:43:33.754+0000] {processor.py:186} INFO - Started process (PID=3723) to work on /opt/airflow/dags/build_elt_with_dbt.py
[2026-09-25T23:43:33.756+0000] {processor.py:914} INFO - Processing file /opt/airflow/dags/build_elt_with_dbt.py for tasks to queue
[2026-09-25T23:43:33.758+0000] {logging_mixin.py:190} INFO - [2026-09-25T23:43:33.757+0000] {dagbag.py:587} INFO - Filling up the DagBag from /opt/airflow/dags/build_elt_with_dbt.py
[2026-09-25T23:43:33.772+0000] {logging_mixin.py:190} INFO - [2026-09-25T23:43:33.772+0000] {base.py:84} INFO - Retrieving connection 'snowflake_conn'
[2026-09-25T23:43:33.776+0000] {processor.py:925} INFO - DAG(s) 'dbt_weather_analytics' retrieved from /opt/airflow/dags/build_elt_with_dbt.py
[2026-09-25T23:43:33.781+0000] {logging_mixin.py:190} INFO - [2026-09-25T23:43:33.781+0000] {dag.py:3229} INFO - Sync 1 DAGs
[2026-09-25T23:43:33.788+0000] {logging_mixin.py:190} INFO - [2026-09-25T23:43:33.788+0000] {dag.py:4156} INFO - Setting next_dagrun for dbt_weather_analytics to None, run_after=None
[2026-09-25T23:43:33.795+0000] {processor.py:208} INFO - Processing /opt/airflow/dags/build_elt_with_dbt.py took 0.047 seconds
[2026-09-25T23:44:04.175+0000] {processor.py:186} INFO - Started process (PID=3739) to work on /opt/airflow/dags/build_elt_with_dbt.py
[2026-09-25T23:44:04.178+0000] {processor.py:914} INFO - Processing file /opt/airflow/dags/build_elt_with_dbt.py for tasks to queue
[2026-09-25T23:44:04.179+0000] {logging_mixin.py:190} INFO - [2026-09-25T23:44:04.179+0000] {dagbag.py:587} INFO - Filling up the DagBag from /opt/airflow/dags/build_elt_with_dbt.py
[2026-09-25T23:44:04.195+0000] {logging_mixin.py:190} INFO - [2026-09-25T23:44:04.195+0000] {base.py:84} INFO - Retrieving connection 'snowflake_conn'
[2026-09-25T23:44:04.199+0000] {processor.py:925} INFO - DAG(s) 'dbt_weather_analytics' retrieved from /opt/airflow/dags/build_elt_with_dbt.py
[2026-09-25T23:44:04.205+0000] {logging_mixin.py:190} INFO - [2026-09-25T23:44:04.205+0000] {dag.py:3229} INFO - Sync 1 DAGs
[2026-09-25T23:44:04.212+0000] {logging_mixin.py:190} INFO - [2026-09-25T23:44:04.212+0000] {dag.py:4156} INFO - Setting next_dagrun for dbt_weather_analytics to None, run_after=None
[2026-09-25T23:44:04.218+0000] {processor.py:208} INFO - Processing /opt/airflow/dags/build_elt_with_dbt.py took 0.049 seconds
[2026-09-25T23:44:34.591+0000] {processor.py:186} INFO - Started process (PID=3755) to work on /opt/airflow/dags/build_elt_with_dbt.py
[2026-09-25T23:44:34.593+0000] {processor.py:914} INFO - Processing file /opt/airflow/dags/build_elt_with_dbt.py for tasks to queue
[2026-09-25T23:44:34.594+0000] {logging_mixin.py:190} INFO - [2026-09-25T23:44:34.594+0000] {dagbag.py:587} INFO - Filling up the DagBag from /opt/airflow/dags/build_elt_with_dbt.py
[2026-09-25T23:44:34.610+0000] {logging_mixin.py:190} INFO - [2026-09-25T23:44:34.610+0000] {base.py:84} INFO - Retrieving connection 'snowflake_conn'
[2026-09-25T23:44:34.614+0000] {processor.py:925} INFO - DAG(s) 'dbt_weather_analytics' retrieved from /opt/airflow/dags/build_elt_with_dbt.py
[2026-09-25T23:44:34.620+0000] {logging_mixin.py:190} INFO - [2026-09-25T23:44:34.620+0000] {dag.py:3229} INFO - Sync 1 DAGs
[2026-09-25T23:44:34.626+0000] {logging_mixin.py:190} INFO - [2026-09-25T23:44:34.626+0000] {dag.py:4156} INFO - Setting next_dagrun for dbt_weather_analytics to None, run_after=None
[2026-09-25T23:44:34.633+0000] {processor.py:208} INFO - Processing /opt/airflow/dags/build_elt_with_dbt.py took 0.048 seconds
[2026-09-25T23:45:05.036+0000] {processor.py:186} INFO - Started process (PID=3771) to work on /opt/airflow/dags/build_elt_with_dbt.py
[2026-09-25T23:45:05.039+0000] {processor.py:914} INFO - Processing file /opt/airflow/dags/build_elt_with_dbt.py for tasks to queue
[2026-09-25T23:45:05.040+0000] {logging_mixin.py:190} INFO - [2026-09-25T23:45:05.040+0000] {dagbag.py:587} INFO - Filling up the DagBag from /opt/airflow/dags/build_elt_with_dbt.py
[2026-09-25T23:45:05.057+0000] {logging_mixin.py:190} INFO - [2026-09-25T23:45:05.056+0000] {base.py:84} INFO - Retrieving connection 'snowflake_conn'
[2026-09-25T23:45:05.060+0000] {processor.py:925} INFO - DAG(s) 'dbt_weather_analytics' retrieved from /opt/airflow/dags/build_elt_with_dbt.py
[2026-09-25T23:45:05.066+0000] {logging_mixin.py:190} INFO - [2026-09-25T23:45:05.066+0000] {dag.py:3229} INFO - Sync 1 DAGs
[2026-09-25T23:45:05.073+0000] {logging_mixin.py:190} INFO - [2026-09-25T23:45:05.073+0000] {dag.py:4156} INFO - Setting next_dagrun for dbt_weather_analytics to None, run_after=None
[2026-09-25T23:45:05.079+0000] {processor.py:208} INFO - Processing /opt/airflow/dags/build_elt_with_dbt.py took 0.049 seconds
[2026-09-25T23:45:35.431+0000] {processor.py:186} INFO - Started process (PID=3817) to work on /opt/airflow/dags/build_elt_with_dbt.py
[2026-09-25T23:45:35.434+0000] {processor.py:914} INFO - Processing file /opt/airflow/dags/build_elt_with_dbt.py for tasks to queue
[2026-09-25T23:45:35.436+0000] {logging_mixin.py:190} INFO - [2026-09-25T23:45:35.435+0000] {dagbag.py:587} INFO - Filling up the DagBag from /opt/airflow/dags/build_elt_with_dbt.py
[2026-09-25T23:45:35.454+0000] {logging_mixin.py:190} INFO - [2026-09-25T23:45:35.454+0000] {base.py:84} INFO - Retrieving connection 'snowflake_conn'
[2026-09-25T23:45:35.459+0000] {processor.py:925} INFO - DAG(s) 'dbt_weather_analytics' retrieved from /opt/airflow/dags/build_elt_with_dbt.py
[2026-09-25T23:45:35.467+0000] {logging_mixin.py:190} INFO - [2026-09-25T23:45:35.466+0000] {dag.py:3229} INFO - Sync 1 DAGs
[2026-09-25T23:45:35.475+0000] {logging_mixin.py:190} INFO - [2026-09-25T23:45:35.475+0000] {dag.py:4156} INFO - Setting next_dagrun for dbt_weather_analytics to None, run_after=None
[2026-09-25T23:45:35.483+0000] {processor.py:208} INFO - Processing /opt/airflow/dags/build_elt_with_dbt.py took 0.059 seconds
[2026-09-25T23:46:05.835+0000] {processor.py:186} INFO - Started process (PID=3833) to work on /opt/airflow/dags/build_elt_with_dbt.py
[2026-09-25T23:46:05.836+0000] {processor.py:914} INFO - Processing file /opt/airflow/dags/build_elt_with_dbt.py for tasks to queue
[2026-09-25T23:46:05.837+0000] {logging_mixin.py:190} INFO - [2026-09-25T23:46:05.837+0000] {dagbag.py:587} INFO - Filling up the DagBag from /opt/airflow/dags/build_elt_with_dbt.py
[2026-09-25T23:46:05.851+0000] {logging_mixin.py:190} INFO - [2026-09-25T23:46:05.851+0000] {base.py:84} INFO - Retrieving connection 'snowflake_conn'
[2026-09-25T23:46:05.855+0000] {processor.py:925} INFO - DAG(s) 'dbt_weather_analytics' retrieved from /opt/airflow/dags/build_elt_with_dbt.py
[2026-09-25T23:46:05.861+0000] {logging_mixin.py:190} INFO - [2026-09-25T23:46:05.861+0000] {dag.py:3229} INFO - Sync 1 DAGs
[2026-09-25T23:46:05.868+0000] {logging_mixin.py:190} INFO - [2026-09-25T23:46:05.868+0000] {dag.py:4156} INFO - Setting next_dagrun for dbt_weather_analytics to None, run_after=None
[2026-09-25T23:46:05.875+0000] {processor.py:208} INFO - Processing /opt/airflow/dags/build_elt_with_dbt.py took 0.046 seconds
[2026-09-25T23:46:36.166+0000] {processor.py:186} INFO - Started process (PID=3849) to work on /opt/airflow/dags/build_elt_with_dbt.py
[2026-09-25T23:46:36.167+0000] {processor.py:914} INFO - Processing file /opt/airflow/dags/build_elt_with_dbt.py for tasks to queue
[2026-09-25T23:46:36.168+0000] {logging_mixin.py:190} INFO - [2026-09-25T23:46:36.168+0000] {dagbag.py:587} INFO - Filling up the DagBag from /opt/airflow/dags/build_elt_with_dbt.py
[2026-09-25T23:46:36.182+0000] {logging_mixin.py:190} INFO - [2026-09-25T23:46:36.182+0000] {base.py:84} INFO - Retrieving connection 'snowflake_conn'
[2026-09-25T23:46:36.187+0000] {processor.py:925} INFO - DAG(s) 'dbt_weather_analytics' retrieved from /opt/airflow/dags/build_elt_with_dbt.py
[2026-09-25T23:46:36.193+0000] {logging_mixin.py:190} INFO - [2026-09-25T23:46:36.193+0000] {dag.py:3229} INFO - Sync 1 DAGs
[2026-09-25T23:46:36.201+0000] {logging_mixin.py:190} INFO - [2026-09-25T23:46:36.201+0000] {dag.py:4156} INFO - Setting next_dagrun for dbt_weather_analytics to None, run_after=None
[2026-09-25T23:46:36.208+0000] {processor.py:208} INFO - Processing /opt/airflow/dags/build_elt_with_dbt.py took 0.049 seconds
[2026-09-25T23:47:06.509+0000] {processor.py:186} INFO - Started process (PID=3925) to work on /opt/airflow/dags/build_elt_with_dbt.py
[2026-09-25T23:47:06.510+0000] {processor.py:914} INFO - Processing file /opt/airflow/dags/build_elt_with_dbt.py for tasks to queue
[2026-09-25T23:47:06.513+0000] {logging_mixin.py:190} INFO - [2026-09-25T23:47:06.512+0000] {dagbag.py:587} INFO - Filling up the DagBag from /opt/airflow/dags/build_elt_with_dbt.py
[2026-09-25T23:47:06.537+0000] {logging_mixin.py:190} INFO - [2026-09-25T23:47:06.537+0000] {base.py:84} INFO - Retrieving connection 'snowflake_conn'
[2026-09-25T23:47:06.542+0000] {processor.py:925} INFO - DAG(s) 'dbt_weather_analytics' retrieved from /opt/airflow/dags/build_elt_with_dbt.py
[2026-09-25T23:47:06.554+0000] {logging_mixin.py:190} INFO - [2026-09-25T23:47:06.553+0000] {dag.py:3229} INFO - Sync 1 DAGs
[2026-09-25T23:47:06.561+0000] {logging_mixin.py:190} INFO - [2026-09-25T23:47:06.561+0000] {dag.py:4156} INFO - Setting next_dagrun for dbt_weather_analytics to None, run_after=None
[2026-09-25T23:47:06.568+0000] {processor.py:208} INFO - Processing /opt/airflow/dags/build_elt_with_dbt.py took 0.064 seconds
[2026-09-25T23:47:36.951+0000] {processor.py:186} INFO - Started process (PID=3945) to work on /opt/airflow/dags/build_elt_with_dbt.py
[2026-09-25T23:47:36.953+0000] {processor.py:914} INFO - Processing file /opt/airflow/dags/build_elt_with_dbt.py for tasks to queue
[2026-09-25T23:47:36.955+0000] {logging_mixin.py:190} INFO - [2026-09-25T23:47:36.955+0000] {dagbag.py:587} INFO - Filling up the DagBag from /opt/airflow/dags/build_elt_with_dbt.py
[2026-09-25T23:47:36.988+0000] {logging_mixin.py:190} INFO - [2026-09-25T23:47:36.987+0000] {base.py:84} INFO - Retrieving connection 'snowflake_conn'
[2026-09-25T23:47:37.002+0000] {processor.py:925} INFO - DAG(s) 'dbt_weather_analytics' retrieved from /opt/airflow/dags/build_elt_with_dbt.py
[2026-09-25T23:47:37.020+0000] {logging_mixin.py:190} INFO - [2026-09-25T23:47:37.019+0000] {dag.py:3229} INFO - Sync 1 DAGs
[2026-09-25T23:47:37.040+0000] {logging_mixin.py:190} INFO - [2026-09-25T23:47:37.039+0000] {dag.py:4156} INFO - Setting next_dagrun for dbt_weather_analytics to None, run_after=None
[2026-09-25T23:47:37.056+0000] {processor.py:208} INFO - Processing /opt/airflow/dags/build_elt_with_dbt.py took 0.114 seconds
[2026-09-25T23:48:07.487+0000] {processor.py:186} INFO - Started process (PID=3961) to work on /opt/airflow/dags/build_elt_with_dbt.py
[2026-09-25T23:48:07.492+0000] {processor.py:914} INFO - Processing file /opt/airflow/dags/build_elt_with_dbt.py for tasks to queue
[2026-09-25T23:48:07.494+0000] {logging_mixin.py:190} INFO - [2026-09-25T23:48:07.493+0000] {dagbag.py:587} INFO - Filling up the DagBag from /opt/airflow/dags/build_elt_with_dbt.py
[2026-09-25T23:48:07.532+0000] {logging_mixin.py:190} INFO - [2026-09-25T23:48:07.532+0000] {base.py:84} INFO - Retrieving connection 'snowflake_conn'
[2026-09-25T23:48:07.541+0000] {processor.py:925} INFO - DAG(s) 'dbt_weather_analytics' retrieved from /opt/airflow/dags/build_elt_with_dbt.py
[2026-09-25T23:48:07.556+0000] {logging_mixin.py:190} INFO - [2026-09-25T23:48:07.556+0000] {dag.py:3229} INFO - Sync 1 DAGs
[2026-09-25T23:48:07.568+0000] {logging_mixin.py:190} INFO - [2026-09-25T23:48:07.567+0000] {dag.py:4156} INFO - Setting next_dagrun for dbt_weather_analytics to None, run_after=None
[2026-09-25T23:48:07.577+0000] {processor.py:208} INFO - Processing /opt/airflow/dags/build_elt_with_dbt.py took 0.100 seconds
[2026-09-25T23:48:37.872+0000] {processor.py:186} INFO - Started process (PID=3977) to work on /opt/airflow/dags/build_elt_with_dbt.py
[2026-09-25T23:48:37.876+0000] {processor.py:914} INFO - Processing file /opt/airflow/dags/build_elt_with_dbt.py for tasks to queue
[2026-09-25T23:48:37.877+0000] {logging_mixin.py:190} INFO - [2026-09-25T23:48:37.876+0000] {dagbag.py:587} INFO - Filling up the DagBag from /opt/airflow/dags/build_elt_with_dbt.py
[2026-09-25T23:48:37.906+0000] {logging_mixin.py:190} INFO - [2026-09-25T23:48:37.905+0000] {base.py:84} INFO - Retrieving connection 'snowflake_conn'
[2026-09-25T23:48:37.917+0000] {processor.py:925} INFO - DAG(s) 'dbt_weather_analytics' retrieved from /opt/airflow/dags/build_elt_with_dbt.py
[2026-09-25T23:48:37.933+0000] {logging_mixin.py:190} INFO - [2026-09-25T23:48:37.933+0000] {dag.py:3229} INFO - Sync 1 DAGs
[2026-09-25T23:48:37.947+0000] {logging_mixin.py:190} INFO - [2026-09-25T23:48:37.946+0000] {dag.py:4156} INFO - Setting next_dagrun for dbt_weather_analytics to None, run_after=None
[2026-09-25T23:48:37.955+0000] {processor.py:208} INFO - Processing /opt/airflow/dags/build_elt_with_dbt.py took 0.089 seconds
[2026-09-25T23:49:08.334+0000] {processor.py:186} INFO - Started process (PID=3993) to work on /opt/airflow/dags/build_elt_with_dbt.py
[2026-09-25T23:49:08.337+0000] {processor.py:914} INFO - Processing file /opt/airflow/dags/build_elt_with_dbt.py for tasks to queue
[2026-09-25T23:49:08.338+0000] {logging_mixin.py:190} INFO - [2026-09-25T23:49:08.338+0000] {dagbag.py:587} INFO - Filling up the DagBag from /opt/airflow/dags/build_elt_with_dbt.py
[2026-09-25T23:49:08.358+0000] {logging_mixin.py:190} INFO - [2026-09-25T23:49:08.358+0000] {base.py:84} INFO - Retrieving connection 'snowflake_conn'
[2026-09-25T23:49:08.362+0000] {processor.py:925} INFO - DAG(s) 'dbt_weather_analytics' retrieved from /opt/airflow/dags/build_elt_with_dbt.py
[2026-09-25T23:49:08.368+0000] {logging_mixin.py:190} INFO - [2026-09-25T23:49:08.368+0000] {dag.py:3229} INFO - Sync 1 DAGs
[2026-09-25T23:49:08.375+0000] {logging_mixin.py:190} INFO - [2026-09-25T23:49:08.375+0000] {dag.py:4156} INFO - Setting next_dagrun for dbt_weather_analytics to None, run_after=None
[2026-09-25T23:49:08.381+0000] {processor.py:208} INFO - Processing /opt/airflow/dags/build_elt_with_dbt.py took 0.055 seconds
[2026-09-25T23:49:38.781+0000] {processor.py:186} INFO - Started process (PID=4009) to work on /opt/airflow/dags/build_elt_with_dbt.py
[2026-09-25T23:49:38.786+0000] {processor.py:914} INFO - Processing file /opt/airflow/dags/build_elt_with_dbt.py for tasks to queue
[2026-09-25T23:49:38.787+0000] {logging_mixin.py:190} INFO - [2026-09-25T23:49:38.787+0000] {dagbag.py:587} INFO - Filling up the DagBag from /opt/airflow/dags/build_elt_with_dbt.py
[2026-09-25T23:49:38.822+0000] {logging_mixin.py:190} INFO - [2026-09-25T23:49:38.822+0000] {base.py:84} INFO - Retrieving connection 'snowflake_conn'
[2026-09-25T23:49:38.833+0000] {processor.py:925} INFO - DAG(s) 'dbt_weather_analytics' retrieved from /opt/airflow/dags/build_elt_with_dbt.py
[2026-09-25T23:49:38.844+0000] {logging_mixin.py:190} INFO - [2026-09-25T23:49:38.844+0000] {dag.py:3229} INFO - Sync 1 DAGs
[2026-09-25T23:49:38.856+0000] {logging_mixin.py:190} INFO - [2026-09-25T23:49:38.856+0000] {dag.py:4156} INFO - Setting next_dagrun for dbt_weather_analytics to None, run_after=None
[2026-09-25T23:49:38.871+0000] {processor.py:208} INFO - Processing /opt/airflow/dags/build_elt_with_dbt.py took 0.098 seconds
[2026-09-25T23:50:09.183+0000] {processor.py:186} INFO - Started process (PID=4025) to work on /opt/airflow/dags/build_elt_with_dbt.py
[2026-09-25T23:50:09.184+0000] {processor.py:914} INFO - Processing file /opt/airflow/dags/build_elt_with_dbt.py for tasks to queue
[2026-09-25T23:50:09.186+0000] {logging_mixin.py:190} INFO - [2026-09-25T23:50:09.185+0000] {dagbag.py:587} INFO - Filling up the DagBag from /opt/airflow/dags/build_elt_with_dbt.py
[2026-09-25T23:50:09.207+0000] {logging_mixin.py:190} INFO - [2026-09-25T23:50:09.207+0000] {base.py:84} INFO - Retrieving connection 'snowflake_conn'
[2026-09-25T23:50:09.213+0000] {processor.py:925} INFO - DAG(s) 'dbt_weather_analytics' retrieved from /opt/airflow/dags/build_elt_with_dbt.py
[2026-09-25T23:50:09.222+0000] {logging_mixin.py:190} INFO - [2026-09-25T23:50:09.222+0000] {dag.py:3229} INFO - Sync 1 DAGs
[2026-09-25T23:50:09.244+0000] {logging_mixin.py:190} INFO - [2026-09-25T23:50:09.244+0000] {dag.py:4156} INFO - Setting next_dagrun for dbt_weather_analytics to None, run_after=None
[2026-09-25T23:50:09.253+0000] {processor.py:208} INFO - Processing /opt/airflow/dags/build_elt_with_dbt.py took 0.077 seconds
[2026-09-25T23:50:39.699+0000] {processor.py:186} INFO - Started process (PID=4041) to work on /opt/airflow/dags/build_elt_with_dbt.py
[2026-09-25T23:50:39.702+0000] {processor.py:914} INFO - Processing file /opt/airflow/dags/build_elt_with_dbt.py for tasks to queue
[2026-09-25T23:50:39.704+0000] {logging_mixin.py:190} INFO - [2026-09-25T23:50:39.704+0000] {dagbag.py:587} INFO - Filling up the DagBag from /opt/airflow/dags/build_elt_with_dbt.py
[2026-09-25T23:50:39.753+0000] {logging_mixin.py:190} INFO - [2026-09-25T23:50:39.753+0000] {base.py:84} INFO - Retrieving connection 'snowflake_conn'
[2026-09-25T23:50:39.768+0000] {processor.py:925} INFO - DAG(s) 'dbt_weather_analytics' retrieved from /opt/airflow/dags/build_elt_with_dbt.py
[2026-09-25T23:50:39.802+0000] {logging_mixin.py:190} INFO - [2026-09-25T23:50:39.802+0000] {dag.py:3229} INFO - Sync 1 DAGs
[2026-09-25T23:50:39.835+0000] {logging_mixin.py:190} INFO - [2026-09-25T23:50:39.835+0000] {dag.py:4156} INFO - Setting next_dagrun for dbt_weather_analytics to None, run_after=None
[2026-09-25T23:50:39.860+0000] {processor.py:208} INFO - Processing /opt/airflow/dags/build_elt_with_dbt.py took 0.184 seconds
[2026-09-25T23:51:10.304+0000] {processor.py:186} INFO - Started process (PID=4057) to work on /opt/airflow/dags/build_elt_with_dbt.py
[2026-09-25T23:51:10.306+0000] {processor.py:914} INFO - Processing file /opt/airflow/dags/build_elt_with_dbt.py for tasks to queue
[2026-09-25T23:51:10.310+0000] {logging_mixin.py:190} INFO - [2026-09-25T23:51:10.309+0000] {dagbag.py:587} INFO - Filling up the DagBag from /opt/airflow/dags/build_elt_with_dbt.py
[2026-09-25T23:51:10.344+0000] {logging_mixin.py:190} INFO - [2026-09-25T23:51:10.344+0000] {base.py:84} INFO - Retrieving connection 'snowflake_conn'
[2026-09-25T23:51:10.353+0000] {processor.py:925} INFO - DAG(s) 'dbt_weather_analytics' retrieved from /opt/airflow/dags/build_elt_with_dbt.py
[2026-09-25T23:51:10.369+0000] {logging_mixin.py:190} INFO - [2026-09-25T23:51:10.368+0000] {dag.py:3229} INFO - Sync 1 DAGs
[2026-09-25T23:51:10.391+0000] {logging_mixin.py:190} INFO - [2026-09-25T23:51:10.391+0000] {dag.py:4156} INFO - Setting next_dagrun for dbt_weather_analytics to None, run_after=None
[2026-09-25T23:51:10.412+0000] {processor.py:208} INFO - Processing /opt/airflow/dags/build_elt_with_dbt.py took 0.117 seconds
[2026-09-25T23:51:40.693+0000] {processor.py:186} INFO - Started process (PID=4073) to work on /opt/airflow/dags/build_elt_with_dbt.py
[2026-09-25T23:51:40.696+0000] {processor.py:914} INFO - Processing file /opt/airflow/dags/build_elt_with_dbt.py for tasks to queue
[2026-09-25T23:51:40.698+0000] {logging_mixin.py:190} INFO - [2026-09-25T23:51:40.697+0000] {dagbag.py:587} INFO - Filling up the DagBag from /opt/airflow/dags/build_elt_with_dbt.py
[2026-09-25T23:51:40.721+0000] {logging_mixin.py:190} INFO - [2026-09-25T23:51:40.721+0000] {base.py:84} INFO - Retrieving connection 'snowflake_conn'
[2026-09-25T23:51:40.728+0000] {processor.py:925} INFO - DAG(s) 'dbt_weather_analytics' retrieved from /opt/airflow/dags/build_elt_with_dbt.py
[2026-09-25T23:51:40.737+0000] {logging_mixin.py:190} INFO - [2026-09-25T23:51:40.737+0000] {dag.py:3229} INFO - Sync 1 DAGs
[2026-09-25T23:51:40.747+0000] {logging_mixin.py:190} INFO - [2026-09-25T23:51:40.747+0000] {dag.py:4156} INFO - Setting next_dagrun for dbt_weather_analytics to None, run_after=None
[2026-09-25T23:51:40.755+0000] {processor.py:208} INFO - Processing /opt/airflow/dags/build_elt_with_dbt.py took 0.071 seconds
[2026-09-25T23:52:11.128+0000] {processor.py:186} INFO - Started process (PID=4089) to work on /opt/airflow/dags/build_elt_with_dbt.py
[2026-09-25T23:52:11.130+0000] {processor.py:914} INFO - Processing file /opt/airflow/dags/build_elt_with_dbt.py for tasks to queue
[2026-09-25T23:52:11.131+0000] {logging_mixin.py:190} INFO - [2026-09-25T23:52:11.130+0000] {dagbag.py:587} INFO - Filling up the DagBag from /opt/airflow/dags/build_elt_with_dbt.py
[2026-09-25T23:52:11.150+0000] {logging_mixin.py:190} INFO - [2026-09-25T23:52:11.149+0000] {base.py:84} INFO - Retrieving connection 'snowflake_conn'
[2026-09-25T23:52:11.156+0000] {processor.py:925} INFO - DAG(s) 'dbt_weather_analytics' retrieved from /opt/airflow/dags/build_elt_with_dbt.py
[2026-09-25T23:52:11.164+0000] {logging_mixin.py:190} INFO - [2026-09-25T23:52:11.164+0000] {dag.py:3229} INFO - Sync 1 DAGs
[2026-09-25T23:52:11.174+0000] {logging_mixin.py:190} INFO - [2026-09-25T23:52:11.173+0000] {dag.py:4156} INFO - Setting next_dagrun for dbt_weather_analytics to None, run_after=None
[2026-09-25T23:52:11.184+0000] {processor.py:208} INFO - Processing /opt/airflow/dags/build_elt_with_dbt.py took 0.063 seconds
[2026-09-25T23:52:41.540+0000] {processor.py:186} INFO - Started process (PID=4111) to work on /opt/airflow/dags/build_elt_with_dbt.py
[2026-09-25T23:52:41.543+0000] {processor.py:914} INFO - Processing file /opt/airflow/dags/build_elt_with_dbt.py for tasks to queue
[2026-09-25T23:52:41.545+0000] {logging_mixin.py:190} INFO - [2026-09-25T23:52:41.544+0000] {dagbag.py:587} INFO - Filling up the DagBag from /opt/airflow/dags/build_elt_with_dbt.py
[2026-09-25T23:52:41.577+0000] {logging_mixin.py:190} INFO - [2026-09-25T23:52:41.577+0000] {base.py:84} INFO - Retrieving connection 'snowflake_conn'
[2026-09-25T23:52:41.585+0000] {processor.py:925} INFO - DAG(s) 'dbt_weather_analytics' retrieved from /opt/airflow/dags/build_elt_with_dbt.py
[2026-09-25T23:52:41.598+0000] {logging_mixin.py:190} INFO - [2026-09-25T23:52:41.598+0000] {dag.py:3229} INFO - Sync 1 DAGs
[2026-09-25T23:52:41.613+0000] {logging_mixin.py:190} INFO - [2026-09-25T23:52:41.613+0000] {dag.py:4156} INFO - Setting next_dagrun for dbt_weather_analytics to None, run_after=None
[2026-09-25T23:52:41.624+0000] {processor.py:208} INFO - Processing /opt/airflow/dags/build_elt_with_dbt.py took 0.092 seconds
[2026-09-25T23:53:12.022+0000] {processor.py:186} INFO - Started process (PID=4127) to work on /opt/airflow/dags/build_elt_with_dbt.py
[2026-09-25T23:53:12.026+0000] {processor.py:914} INFO - Processing file /opt/airflow/dags/build_elt_with_dbt.py for tasks to queue
[2026-09-25T23:53:12.028+0000] {logging_mixin.py:190} INFO - [2026-09-25T23:53:12.027+0000] {dagbag.py:587} INFO - Filling up the DagBag from /opt/airflow/dags/build_elt_with_dbt.py
[2026-09-25T23:53:12.054+0000] {logging_mixin.py:190} INFO - [2026-09-25T23:53:12.053+0000] {base.py:84} INFO - Retrieving connection 'snowflake_conn'
[2026-09-25T23:53:12.063+0000] {processor.py:925} INFO - DAG(s) 'dbt_weather_analytics' retrieved from /opt/airflow/dags/build_elt_with_dbt.py
[2026-09-25T23:53:12.078+0000] {logging_mixin.py:190} INFO - [2026-09-25T23:53:12.078+0000] {dag.py:3229} INFO - Sync 1 DAGs
[2026-09-25T23:53:12.090+0000] {logging_mixin.py:190} INFO - [2026-09-25T23:53:12.090+0000] {dag.py:4156} INFO - Setting next_dagrun for dbt_weather_analytics to None, run_after=None
[2026-09-25T23:53:12.106+0000] {processor.py:208} INFO - Processing /opt/airflow/dags/build_elt_with_dbt.py took 0.095 seconds
[2026-09-25T23:53:42.492+0000] {processor.py:186} INFO - Started process (PID=4143) to work on /opt/airflow/dags/build_elt_with_dbt.py
[2026-09-25T23:53:42.495+0000] {processor.py:914} INFO - Processing file /opt/airflow/dags/build_elt_with_dbt.py for tasks to queue
[2026-09-25T23:53:42.497+0000] {logging_mixin.py:190} INFO - [2026-09-25T23:53:42.496+0000] {dagbag.py:587} INFO - Filling up the DagBag from /opt/airflow/dags/build_elt_with_dbt.py
[2026-09-25T23:53:42.525+0000] {logging_mixin.py:190} INFO - [2026-09-25T23:53:42.525+0000] {base.py:84} INFO - Retrieving connection 'snowflake_conn'
[2026-09-25T23:53:42.535+0000] {processor.py:925} INFO - DAG(s) 'dbt_weather_analytics' retrieved from /opt/airflow/dags/build_elt_with_dbt.py
[2026-09-25T23:53:42.550+0000] {logging_mixin.py:190} INFO - [2026-09-25T23:53:42.550+0000] {dag.py:3229} INFO - Sync 1 DAGs
[2026-09-25T23:53:42.567+0000] {logging_mixin.py:190} INFO - [2026-09-25T23:53:42.566+0000] {dag.py:4156} INFO - Setting next_dagrun for dbt_weather_analytics to None, run_after=None
[2026-09-25T23:53:42.578+0000] {processor.py:208} INFO - Processing /opt/airflow/dags/build_elt_with_dbt.py took 0.096 seconds
[2026-09-25T23:54:12.882+0000] {processor.py:186} INFO - Started process (PID=4159) to work on /opt/airflow/dags/build_elt_with_dbt.py
[2026-09-25T23:54:12.884+0000] {processor.py:914} INFO - Processing file /opt/airflow/dags/build_elt_with_dbt.py for tasks to queue
[2026-09-25T23:54:12.884+0000] {logging_mixin.py:190} INFO - [2026-09-25T23:54:12.884+0000] {dagbag.py:587} INFO - Filling up the DagBag from /opt/airflow/dags/build_elt_with_dbt.py
[2026-09-25T23:54:12.899+0000] {logging_mixin.py:190} INFO - [2026-09-25T23:54:12.899+0000] {base.py:84} INFO - Retrieving connection 'snowflake_conn'
[2026-09-25T23:54:12.902+0000] {processor.py:925} INFO - DAG(s) 'dbt_weather_analytics' retrieved from /opt/airflow/dags/build_elt_with_dbt.py
[2026-09-25T23:54:12.908+0000] {logging_mixin.py:190} INFO - [2026-09-25T23:54:12.908+0000] {dag.py:3229} INFO - Sync 1 DAGs
[2026-09-25T23:54:12.916+0000] {logging_mixin.py:190} INFO - [2026-09-25T23:54:12.916+0000] {dag.py:4156} INFO - Setting next_dagrun for dbt_weather_analytics to None, run_after=None
[2026-09-25T23:54:12.924+0000] {processor.py:208} INFO - Processing /opt/airflow/dags/build_elt_with_dbt.py took 0.048 seconds
[2026-09-25T23:54:43.263+0000] {processor.py:186} INFO - Started process (PID=4175) to work on /opt/airflow/dags/build_elt_with_dbt.py
[2026-09-25T23:54:43.265+0000] {processor.py:914} INFO - Processing file /opt/airflow/dags/build_elt_with_dbt.py for tasks to queue
[2026-09-25T23:54:43.267+0000] {logging_mixin.py:190} INFO - [2026-09-25T23:54:43.266+0000] {dagbag.py:587} INFO - Filling up the DagBag from /opt/airflow/dags/build_elt_with_dbt.py
[2026-09-25T23:54:43.286+0000] {logging_mixin.py:190} INFO - [2026-09-25T23:54:43.286+0000] {base.py:84} INFO - Retrieving connection 'snowflake_conn'
[2026-09-25T23:54:43.291+0000] {processor.py:925} INFO - DAG(s) 'dbt_weather_analytics' retrieved from /opt/airflow/dags/build_elt_with_dbt.py
[2026-09-25T23:54:43.297+0000] {logging_mixin.py:190} INFO - [2026-09-25T23:54:43.297+0000] {dag.py:3229} INFO - Sync 1 DAGs
[2026-09-25T23:54:43.304+0000] {logging_mixin.py:190} INFO - [2026-09-25T23:54:43.304+0000] {dag.py:4156} INFO - Setting next_dagrun for dbt_weather_analytics to None, run_after=None
[2026-09-25T23:54:43.311+0000] {processor.py:208} INFO - Processing /opt/airflow/dags/build_elt_with_dbt.py took 0.056 seconds
[2026-09-25T23:55:13.665+0000] {processor.py:186} INFO - Started process (PID=4191) to work on /opt/airflow/dags/build_elt_with_dbt.py
[2026-09-25T23:55:13.666+0000] {processor.py:914} INFO - Processing file /opt/airflow/dags/build_elt_with_dbt.py for tasks to queue
[2026-09-25T23:55:13.667+0000] {logging_mixin.py:190} INFO - [2026-09-25T23:55:13.667+0000] {dagbag.py:587} INFO - Filling up the DagBag from /opt/airflow/dags/build_elt_with_dbt.py
[2026-09-25T23:55:13.688+0000] {logging_mixin.py:190} INFO - [2026-09-25T23:55:13.688+0000] {base.py:84} INFO - Retrieving connection 'snowflake_conn'
[2026-09-25T23:55:13.696+0000] {processor.py:925} INFO - DAG(s) 'dbt_weather_analytics' retrieved from /opt/airflow/dags/build_elt_with_dbt.py
[2026-09-25T23:55:13.705+0000] {logging_mixin.py:190} INFO - [2026-09-25T23:55:13.705+0000] {dag.py:3229} INFO - Sync 1 DAGs
[2026-09-25T23:55:13.718+0000] {logging_mixin.py:190} INFO - [2026-09-25T23:55:13.718+0000] {dag.py:4156} INFO - Setting next_dagrun for dbt_weather_analytics to None, run_after=None
[2026-09-25T23:55:13.727+0000] {processor.py:208} INFO - Processing /opt/airflow/dags/build_elt_with_dbt.py took 0.070 seconds
[2026-09-25T23:55:44.015+0000] {processor.py:186} INFO - Started process (PID=4207) to work on /opt/airflow/dags/build_elt_with_dbt.py
[2026-09-25T23:55:44.018+0000] {processor.py:914} INFO - Processing file /opt/airflow/dags/build_elt_with_dbt.py for tasks to queue
[2026-09-25T23:55:44.020+0000] {logging_mixin.py:190} INFO - [2026-09-25T23:55:44.019+0000] {dagbag.py:587} INFO - Filling up the DagBag from /opt/airflow/dags/build_elt_with_dbt.py
[2026-09-25T23:55:44.043+0000] {logging_mixin.py:190} INFO - [2026-09-25T23:55:44.043+0000] {base.py:84} INFO - Retrieving connection 'snowflake_conn'
[2026-09-25T23:55:44.051+0000] {processor.py:925} INFO - DAG(s) 'dbt_weather_analytics' retrieved from /opt/airflow/dags/build_elt_with_dbt.py
[2026-09-25T23:55:44.061+0000] {logging_mixin.py:190} INFO - [2026-09-25T23:55:44.061+0000] {dag.py:3229} INFO - Sync 1 DAGs
[2026-09-25T23:55:44.070+0000] {logging_mixin.py:190} INFO - [2026-09-25T23:55:44.070+0000] {dag.py:4156} INFO - Setting next_dagrun for dbt_weather_analytics to None, run_after=None
[2026-09-25T23:55:44.079+0000] {processor.py:208} INFO - Processing /opt/airflow/dags/build_elt_with_dbt.py took 0.073 seconds
[2026-09-25T23:56:15.389+0000] {processor.py:186} INFO - Started process (PID=4217) to work on /opt/airflow/dags/build_elt_with_dbt.py
[2026-09-25T23:56:15.392+0000] {processor.py:914} INFO - Processing file /opt/airflow/dags/build_elt_with_dbt.py for tasks to queue
[2026-09-25T23:56:15.394+0000] {logging_mixin.py:190} INFO - [2026-09-25T23:56:15.393+0000] {dagbag.py:587} INFO - Filling up the DagBag from /opt/airflow/dags/build_elt_with_dbt.py
[2026-09-25T23:56:15.421+0000] {logging_mixin.py:190} INFO - [2026-09-25T23:56:15.421+0000] {base.py:84} INFO - Retrieving connection 'snowflake_conn'
[2026-09-25T23:56:15.437+0000] {processor.py:925} INFO - DAG(s) 'dbt_weather_analytics' retrieved from /opt/airflow/dags/build_elt_with_dbt.py
[2026-09-25T23:56:15.448+0000] {logging_mixin.py:190} INFO - [2026-09-25T23:56:15.448+0000] {dag.py:3229} INFO - Sync 1 DAGs
[2026-09-25T23:56:15.462+0000] {logging_mixin.py:190} INFO - [2026-09-25T23:56:15.461+0000] {dag.py:4156} INFO - Setting next_dagrun for dbt_weather_analytics to None, run_after=None
[2026-09-25T23:56:15.470+0000] {processor.py:208} INFO - Processing /opt/airflow/dags/build_elt_with_dbt.py took 0.099 seconds
[2026-09-25T23:56:45.790+0000] {processor.py:186} INFO - Started process (PID=4233) to work on /opt/airflow/dags/build_elt_with_dbt.py
[2026-09-25T23:56:45.793+0000] {processor.py:914} INFO - Processing file /opt/airflow/dags/build_elt_with_dbt.py for tasks to queue
[2026-09-25T23:56:45.796+0000] {logging_mixin.py:190} INFO - [2026-09-25T23:56:45.794+0000] {dagbag.py:587} INFO - Filling up the DagBag from /opt/airflow/dags/build_elt_with_dbt.py
[2026-09-25T23:56:45.828+0000] {logging_mixin.py:190} INFO - [2026-09-25T23:56:45.827+0000] {base.py:84} INFO - Retrieving connection 'snowflake_conn'
[2026-09-25T23:56:45.842+0000] {processor.py:925} INFO - DAG(s) 'dbt_weather_analytics' retrieved from /opt/airflow/dags/build_elt_with_dbt.py
[2026-09-25T23:56:45.852+0000] {logging_mixin.py:190} INFO - [2026-09-25T23:56:45.852+0000] {dag.py:3229} INFO - Sync 1 DAGs
[2026-09-25T23:56:45.873+0000] {logging_mixin.py:190} INFO - [2026-09-25T23:56:45.873+0000] {dag.py:4156} INFO - Setting next_dagrun for dbt_weather_analytics to None, run_after=None
[2026-09-25T23:56:45.884+0000] {processor.py:208} INFO - Processing /opt/airflow/dags/build_elt_with_dbt.py took 0.112 seconds
[2026-09-25T23:57:16.205+0000] {processor.py:186} INFO - Started process (PID=4249) to work on /opt/airflow/dags/build_elt_with_dbt.py
[2026-09-25T23:57:16.208+0000] {processor.py:914} INFO - Processing file /opt/airflow/dags/build_elt_with_dbt.py for tasks to queue
[2026-09-25T23:57:16.210+0000] {logging_mixin.py:190} INFO - [2026-09-25T23:57:16.209+0000] {dagbag.py:587} INFO - Filling up the DagBag from /opt/airflow/dags/build_elt_with_dbt.py
[2026-09-25T23:57:16.259+0000] {logging_mixin.py:190} INFO - [2026-09-25T23:57:16.259+0000] {base.py:84} INFO - Retrieving connection 'snowflake_conn'
[2026-09-25T23:57:16.269+0000] {processor.py:925} INFO - DAG(s) 'dbt_weather_analytics' retrieved from /opt/airflow/dags/build_elt_with_dbt.py
[2026-09-25T23:57:16.282+0000] {logging_mixin.py:190} INFO - [2026-09-25T23:57:16.282+0000] {dag.py:3229} INFO - Sync 1 DAGs
[2026-09-25T23:57:16.299+0000] {logging_mixin.py:190} INFO - [2026-09-25T23:57:16.299+0000] {dag.py:4156} INFO - Setting next_dagrun for dbt_weather_analytics to None, run_after=None
[2026-09-25T23:57:16.310+0000] {processor.py:208} INFO - Processing /opt/airflow/dags/build_elt_with_dbt.py took 0.114 seconds
[2026-09-25T23:57:46.732+0000] {processor.py:186} INFO - Started process (PID=4265) to work on /opt/airflow/dags/build_elt_with_dbt.py
[2026-09-25T23:57:46.736+0000] {processor.py:914} INFO - Processing file /opt/airflow/dags/build_elt_with_dbt.py for tasks to queue
[2026-09-25T23:57:46.737+0000] {logging_mixin.py:190} INFO - [2026-09-25T23:57:46.737+0000] {dagbag.py:587} INFO - Filling up the DagBag from /opt/airflow/dags/build_elt_with_dbt.py
[2026-09-25T23:57:46.778+0000] {logging_mixin.py:190} INFO - [2026-09-25T23:57:46.778+0000] {base.py:84} INFO - Retrieving connection 'snowflake_conn'
[2026-09-25T23:57:46.786+0000] {processor.py:925} INFO - DAG(s) 'dbt_weather_analytics' retrieved from /opt/airflow/dags/build_elt_with_dbt.py
[2026-09-25T23:57:46.800+0000] {logging_mixin.py:190} INFO - [2026-09-25T23:57:46.799+0000] {dag.py:3229} INFO - Sync 1 DAGs
[2026-09-25T23:57:46.814+0000] {logging_mixin.py:190} INFO - [2026-09-25T23:57:46.814+0000] {dag.py:4156} INFO - Setting next_dagrun for dbt_weather_analytics to None, run_after=None
[2026-09-25T23:57:46.824+0000] {processor.py:208} INFO - Processing /opt/airflow/dags/build_elt_with_dbt.py took 0.116 seconds
[2026-09-25T23:58:17.129+0000] {processor.py:186} INFO - Started process (PID=4281) to work on /opt/airflow/dags/build_elt_with_dbt.py
[2026-09-25T23:58:17.131+0000] {processor.py:914} INFO - Processing file /opt/airflow/dags/build_elt_with_dbt.py for tasks to queue
[2026-09-25T23:58:17.132+0000] {logging_mixin.py:190} INFO - [2026-09-25T23:58:17.132+0000] {dagbag.py:587} INFO - Filling up the DagBag from /opt/airflow/dags/build_elt_with_dbt.py
[2026-09-25T23:58:17.154+0000] {logging_mixin.py:190} INFO - [2026-09-25T23:58:17.154+0000] {base.py:84} INFO - Retrieving connection 'snowflake_conn'
[2026-09-25T23:58:17.160+0000] {processor.py:925} INFO - DAG(s) 'dbt_weather_analytics' retrieved from /opt/airflow/dags/build_elt_with_dbt.py
[2026-09-25T23:58:17.168+0000] {logging_mixin.py:190} INFO - [2026-09-25T23:58:17.168+0000] {dag.py:3229} INFO - Sync 1 DAGs
[2026-09-25T23:58:17.177+0000] {logging_mixin.py:190} INFO - [2026-09-25T23:58:17.177+0000] {dag.py:4156} INFO - Setting next_dagrun for dbt_weather_analytics to None, run_after=None
[2026-09-25T23:58:17.186+0000] {processor.py:208} INFO - Processing /opt/airflow/dags/build_elt_with_dbt.py took 0.065 seconds
[2026-09-25T23:58:47.587+0000] {processor.py:186} INFO - Started process (PID=4303) to work on /opt/airflow/dags/build_elt_with_dbt.py
[2026-09-25T23:58:47.591+0000] {processor.py:914} INFO - Processing file /opt/airflow/dags/build_elt_with_dbt.py for tasks to queue
[2026-09-25T23:58:47.592+0000] {logging_mixin.py:190} INFO - [2026-09-25T23:58:47.592+0000] {dagbag.py:587} INFO - Filling up the DagBag from /opt/airflow/dags/build_elt_with_dbt.py
[2026-09-25T23:58:47.619+0000] {logging_mixin.py:190} INFO - [2026-09-25T23:58:47.619+0000] {base.py:84} INFO - Retrieving connection 'snowflake_conn'
[2026-09-25T23:58:47.627+0000] {processor.py:925} INFO - DAG(s) 'dbt_weather_analytics' retrieved from /opt/airflow/dags/build_elt_with_dbt.py
[2026-09-25T23:58:47.636+0000] {logging_mixin.py:190} INFO - [2026-09-25T23:58:47.636+0000] {dag.py:3229} INFO - Sync 1 DAGs
[2026-09-25T23:58:47.646+0000] {logging_mixin.py:190} INFO - [2026-09-25T23:58:47.646+0000] {dag.py:4156} INFO - Setting next_dagrun for dbt_weather_analytics to None, run_after=None
[2026-09-25T23:58:47.654+0000] {processor.py:208} INFO - Processing /opt/airflow/dags/build_elt_with_dbt.py took 0.077 seconds
[2026-09-25T23:59:18.024+0000] {processor.py:186} INFO - Started process (PID=4319) to work on /opt/airflow/dags/build_elt_with_dbt.py
[2026-09-25T23:59:18.027+0000] {processor.py:914} INFO - Processing file /opt/airflow/dags/build_elt_with_dbt.py for tasks to queue
[2026-09-25T23:59:18.028+0000] {logging_mixin.py:190} INFO - [2026-09-25T23:59:18.028+0000] {dagbag.py:587} INFO - Filling up the DagBag from /opt/airflow/dags/build_elt_with_dbt.py
[2026-09-25T23:59:18.046+0000] {logging_mixin.py:190} INFO - [2026-09-25T23:59:18.046+0000] {base.py:84} INFO - Retrieving connection 'snowflake_conn'
[2026-09-25T23:59:18.050+0000] {processor.py:925} INFO - DAG(s) 'dbt_weather_analytics' retrieved from /opt/airflow/dags/build_elt_with_dbt.py
[2026-09-25T23:59:18.056+0000] {logging_mixin.py:190} INFO - [2026-09-25T23:59:18.056+0000] {dag.py:3229} INFO - Sync 1 DAGs
[2026-09-25T23:59:18.063+0000] {logging_mixin.py:190} INFO - [2026-09-25T23:59:18.063+0000] {dag.py:4156} INFO - Setting next_dagrun for dbt_weather_analytics to None, run_after=None
[2026-09-25T23:59:18.069+0000] {processor.py:208} INFO - Processing /opt/airflow/dags/build_elt_with_dbt.py took 0.050 seconds
[2026-09-25T23:59:48.411+0000] {processor.py:186} INFO - Started process (PID=4335) to work on /opt/airflow/dags/build_elt_with_dbt.py
[2026-09-25T23:59:48.413+0000] {processor.py:914} INFO - Processing file /opt/airflow/dags/build_elt_with_dbt.py for tasks to queue
[2026-09-25T23:59:48.415+0000] {logging_mixin.py:190} INFO - [2026-09-25T23:59:48.414+0000] {dagbag.py:587} INFO - Filling up the DagBag from /opt/airflow/dags/build_elt_with_dbt.py
[2026-09-25T23:59:48.432+0000] {logging_mixin.py:190} INFO - [2026-09-25T23:59:48.432+0000] {base.py:84} INFO - Retrieving connection 'snowflake_conn'
[2026-09-25T23:59:48.437+0000] {processor.py:925} INFO - DAG(s) 'dbt_weather_analytics' retrieved from /opt/airflow/dags/build_elt_with_dbt.py
[2026-09-25T23:59:48.444+0000] {logging_mixin.py:190} INFO - [2026-09-25T23:59:48.444+0000] {dag.py:3229} INFO - Sync 1 DAGs
[2026-09-25T23:59:48.454+0000] {logging_mixin.py:190} INFO - [2026-09-25T23:59:48.454+0000] {dag.py:4156} INFO - Setting next_dagrun for dbt_weather_analytics to None, run_after=None
[2026-09-25T23:59:48.462+0000] {processor.py:208} INFO - Processing /opt/airflow/dags/build_elt_with_dbt.py took 0.056 seconds
