[2026-09-25T00:00:26.741+0000] {processor.py:186} INFO - Started process (PID=36602) to work on /opt/airflow/dags/weather_etl.py
[2026-09-25T00:00:26.742+0000] {processor.py:914} INFO - Processing file /opt/airflow/dags/weather_etl.py for tasks to queue
[2026-09-25T00:00:26.744+0000] {logging_mixin.py:190} INFO - [2026-09-25T00:00:26.744+0000] {dagbag.py:587} INFO - Filling up the DagBag from /opt/airflow/dags/weather_etl.py
[2026-09-25T00:00:26.763+0000] {processor.py:925} INFO - DAG(s) 'weather_etl' retrieved from /opt/airflow/dags/weather_etl.py
[2026-09-25T00:00:26.771+0000] {logging_mixin.py:190} INFO - [2026-09-25T00:00:26.771+0000] {dag.py:3229} INFO - Sync 1 DAGs
[2026-09-25T00:00:26.781+0000] {logging_mixin.py:190} INFO - [2026-09-25T00:00:26.781+0000] {dag.py:4156} INFO - Setting next_dagrun for weather_etl to 2026-09-24 02:30:00+00:00, run_after=2026-09-25 02:30:00+00:00
[2026-09-25T00:00:26.788+0000] {processor.py:208} INFO - Processing /opt/airflow/dags/weather_etl.py took 0.052 seconds
[2026-09-25T00:00:57.106+0000] {processor.py:186} INFO - Started process (PID=36613) to work on /opt/airflow/dags/weather_etl.py
[2026-09-25T00:00:57.107+0000] {processor.py:914} INFO - Processing file /opt/airflow/dags/weather_etl.py for tasks to queue
[2026-09-25T00:00:57.110+0000] {logging_mixin.py:190} INFO - [2026-09-25T00:00:57.109+0000] {dagbag.py:587} INFO - Filling up the DagBag from /opt/airflow/dags/weather_etl.py
[2026-09-25T00:00:57.129+0000] {processor.py:925} INFO - DAG(s) 'weather_etl' retrieved from /opt/airflow/dags/weather_etl.py
[2026-09-25T00:00:57.138+0000] {logging_mixin.py:190} INFO - [2026-09-25T00:00:57.137+0000] {dag.py:3229} INFO - Sync 1 DAGs
[2026-09-25T00:00:57.149+0000] {logging_mixin.py:190} INFO - [2026-09-25T00:00:57.149+0000] {dag.py:4156} INFO - Setting next_dagrun for weather_etl to 2026-09-24 02:30:00+00:00, run_after=2026-09-25 02:30:00+00:00
[2026-09-25T00:00:57.156+0000] {processor.py:208} INFO - Processing /opt/airflow/dags/weather_etl.py took 0.056 seconds
[2026-09-25T00:01:27.413+0000] {processor.py:186} INFO - Started process (PID=36624) to work on /opt/airflow/dags/weather_etl.py
[2026-09-25T00:01:27.414+0000] {processor.py:914} INFO - Processing file /opt/airflow/dags/weather_etl.py for tasks to queue
[2026-09-25T00:01:27.416+0000] {logging_mixin.py:190} INFO - [2026-09-25T00:01:27.416+0000] {dagbag.py:587} INFO - Filling up the DagBag from /opt/airflow/dags/weather_etl.py
[2026-09-25T00:01:27.435+0000] {processor.py:925} INFO - DAG(s) 'weather_etl' retrieved from /opt/airflow/dags/weather_etl.py
[2026-09-25T00:01:27.443+0000] {logging_mixin.py:190} INFO - [2026-09-25T00:01:27.443+0000] {dag.py:3229} INFO - Sync 1 DAGs
[2026-09-25T00:01:27.454+0000] {logging_mixin.py:190} INFO - [2026-09-25T00:01:27.454+0000] {dag.py:4156} INFO - Setting next_dagrun for weather_etl to 2026-09-24 02:30:00+00:00, run_after=2026-09-25 02:30:00+00:00
[2026-09-25T00:01:27.461+0000] {processor.py:208} INFO - Processing /opt/airflow/dags/weather_etl.py took 0.053 seconds
[2026-09-25T00:01:57.723+0000] {processor.py:186} INFO - Started process (PID=36635) to work on /opt/airflow/dags/weather_etl.py
[2026-09-25T00:01:57.724+0000] {processor.py:914} INFO - Processing file /opt/airflow/dags/weather_etl.py for tasks to queue
[2026-09-25T00:01:57.727+0000] {logging_mixin.py:190} INFO - [2026-09-25T00:01:57.726+0000] {dagbag.py:587} INFO - Filling up the DagBag from /opt/airflow/dags/weather_etl.py
[2026-09-25T00:01:57.744+0000] {processor.py:925} INFO - DAG(s) 'weather_etl' retrieved from /opt/airflow/dags/weather_etl.py
[2026-09-25T00:01:57.755+0000] {logging_mixin.py:190} INFO - [2026-09-25T00:01:57.755+0000] {dag.py:3229} INFO - Sync 1 DAGs
[2026-09-25T00:01:57.767+0000] {logging_mixin.py:190} INFO - [2026-09-25T00:01:57.767+0000] {dag.py:4156} INFO - Setting next_dagrun for weather_etl to 2026-09-24 02:30:00+00:00, run_after=2026-09-25 02:30:00+00:00
[2026-09-25T00:01:57.774+0000] {processor.py:208} INFO - Processing /opt/airflow/dags/weather_etl.py took 0.056 seconds
[2026-09-25T00:02:28.076+0000] {processor.py:186} INFO - Started process (PID=36646) to work on /opt/airflow/dags/weather_etl.py
[2026-09-25T00:02:28.077+0000] {processor.py:914} INFO - Processing file /opt/airflow/dags/weather_etl.py for tasks to queue
[2026-09-25T00:02:28.079+0000] {logging_mixin.py:190} INFO - [2026-09-25T00:02:28.079+0000] {dagbag.py:587} INFO - Filling up the DagBag from /opt/airflow/dags/weather_etl.py
[2026-09-25T00:02:28.096+0000] {processor.py:925} INFO - DAG(s) 'weather_etl' retrieved from /opt/airflow/dags/weather_etl.py
[2026-09-25T00:02:28.104+0000] {logging_mixin.py:190} INFO - [2026-09-25T00:02:28.104+0000] {dag.py:3229} INFO - Sync 1 DAGs
[2026-09-25T00:02:28.114+0000] {logging_mixin.py:190} INFO - [2026-09-25T00:02:28.114+0000] {dag.py:4156} INFO - Setting next_dagrun for weather_etl to 2026-09-24 02:30:00+00:00, run_after=2026-09-25 02:30:00+00:00
[2026-09-25T00:02:28.120+0000] {processor.py:208} INFO - Processing /opt/airflow/dags/weather_etl.py took 0.051 seconds
[2026-09-25T00:02:58.442+0000] {processor.py:186} INFO - Started process (PID=36657) to work on /opt/airflow/dags/weather_etl.py
[2026-09-25T00:02:58.443+0000] {processor.py:914} INFO - Processing file /opt/airflow/dags/weather_etl.py for tasks to queue
[2026-09-25T00:02:58.446+0000] {logging_mixin.py:190} INFO - [2026-09-25T00:02:58.445+0000] {dagbag.py:587} INFO - Filling up the DagBag from /opt/airflow/dags/weather_etl.py
[2026-09-25T00:02:58.465+0000] {processor.py:925} INFO - DAG(s) 'weather_etl' retrieved from /opt/airflow/dags/weather_etl.py
[2026-09-25T00:02:58.473+0000] {logging_mixin.py:190} INFO - [2026-09-25T00:02:58.473+0000] {dag.py:3229} INFO - Sync 1 DAGs
[2026-09-25T00:02:58.484+0000] {logging_mixin.py:190} INFO - [2026-09-25T00:02:58.483+0000] {dag.py:4156} INFO - Setting next_dagrun for weather_etl to 2026-09-24 02:30:00+00:00, run_after=2026-09-25 02:30:00+00:00
[2026-09-25T00:02:58.490+0000] {processor.py:208} INFO - Processing /opt/airflow/dags/weather_etl.py took 0.054 seconds
[2026-09-25T00:03:28.836+0000] {processor.py:186} INFO - Started process (PID=36668) to work on /opt/airflow/dags/weather_etl.py
[2026-09-25T00:03:28.838+0000] {processor.py:914} INFO - Processing file /opt/airflow/dags/weather_etl.py for tasks to queue
[2026-09-25T00:03:28.842+0000] {logging_mixin.py:190} INFO - [2026-09-25T00:03:28.841+0000] {dagbag.py:587} INFO - Filling up the DagBag from /opt/airflow/dags/weather_etl.py
[2026-09-25T00:03:28.864+0000] {processor.py:925} INFO - DAG(s) 'weather_etl' retrieved from /opt/airflow/dags/weather_etl.py
[2026-09-25T00:03:28.873+0000] {logging_mixin.py:190} INFO - [2026-09-25T00:03:28.873+0000] {dag.py:3229} INFO - Sync 1 DAGs
[2026-09-25T00:03:28.884+0000] {logging_mixin.py:190} INFO - [2026-09-25T00:03:28.884+0000] {dag.py:4156} INFO - Setting next_dagrun for weather_etl to 2026-09-24 02:30:00+00:00, run_after=2026-09-25 02:30:00+00:00
[2026-09-25T00:03:28.891+0000] {processor.py:208} INFO - Processing /opt/airflow/dags/weather_etl.py took 0.064 seconds
[2026-09-25T00:03:59.219+0000] {processor.py:186} INFO - Started process (PID=36679) to work on /opt/airflow/dags/weather_etl.py
[2026-09-25T00:03:59.222+0000] {processor.py:914} INFO - Processing file /opt/airflow/dags/weather_etl.py for tasks to queue
[2026-09-25T00:03:59.225+0000] {logging_mixin.py:190} INFO - [2026-09-25T00:03:59.224+0000] {dagbag.py:587} INFO - Filling up the DagBag from /opt/airflow/dags/weather_etl.py
[2026-09-25T00:03:59.244+0000] {processor.py:925} INFO - DAG(s) 'weather_etl' retrieved from /opt/airflow/dags/weather_etl.py
[2026-09-25T00:03:59.254+0000] {logging_mixin.py:190} INFO - [2026-09-25T00:03:59.253+0000] {dag.py:3229} INFO - Sync 1 DAGs
[2026-09-25T00:03:59.266+0000] {logging_mixin.py:190} INFO - [2026-09-25T00:03:59.266+0000] {dag.py:4156} INFO - Setting next_dagrun for weather_etl to 2026-09-24 02:30:00+00:00, run_after=2026-09-25 02:30:00+00:00
[2026-09-25T00:03:59.273+0000] {processor.py:208} INFO - Processing /opt/airflow/dags/weather_etl.py took 0.062 seconds
[2026-09-25T00:04:29.670+0000] {processor.py:186} INFO - Started process (PID=36690) to work on /opt/airflow/dags/weather_etl.py
[2026-09-25T00:04:29.671+0000] {processor.py:914} INFO - Processing file /opt/airflow/dags/weather_etl.py for tasks to queue
[2026-09-25T00:04:29.674+0000] {logging_mixin.py:190} INFO - [2026-09-25T00:04:29.673+0000] {dagbag.py:587} INFO - Filling up the DagBag from /opt/airflow/dags/weather_etl.py
[2026-09-25T00:04:29.694+0000] {processor.py:925} INFO - DAG(s) 'weather_etl' retrieved from /opt/airflow/dags/weather_etl.py
[2026-09-25T00:04:29.706+0000] {logging_mixin.py:190} INFO - [2026-09-25T00:04:29.706+0000] {dag.py:3229} INFO - Sync 1 DAGs
[2026-09-25T00:04:29.718+0000] {logging_mixin.py:190} INFO - [2026-09-25T00:04:29.718+0000] {dag.py:4156} INFO - Setting next_dagrun for weather_etl to 2026-09-24 02:30:00+00:00, run_after=2026-09-25 02:30:00+00:00
[2026-09-25T00:04:29.726+0000] {processor.py:208} INFO - Processing /opt/airflow/dags/weather_etl.py took 0.063 seconds
[2026-09-25T00:05:00.157+0000] {processor.py:186} INFO - Started process (PID=36701) to work on /opt/airflow/dags/weather_etl.py
[2026-09-25T00:05:00.158+0000] {processor.py:914} INFO - Processing file /opt/airflow/dags/weather_etl.py for tasks to queue
[2026-09-25T00:05:00.162+0000] {logging_mixin.py:190} INFO - [2026-09-25T00:05:00.161+0000] {dagbag.py:587} INFO - Filling up the DagBag from /opt/airflow/dags/weather_etl.py
[2026-09-25T00:05:00.183+0000] {processor.py:925} INFO - DAG(s) 'weather_etl' retrieved from /opt/airflow/dags/weather_etl.py
[2026-09-25T00:05:00.192+0000] {logging_mixin.py:190} INFO - [2026-09-25T00:05:00.192+0000] {dag.py:3229} INFO - Sync 1 DAGs
[2026-09-25T00:05:00.202+0000] {logging_mixin.py:190} INFO - [2026-09-25T00:05:00.202+0000] {dag.py:4156} INFO - Setting next_dagrun for weather_etl to 2026-09-24 02:30:00+00:00, run_after=2026-09-25 02:30:00+00:00
[2026-09-25T00:05:00.209+0000] {processor.py:208} INFO - Processing /opt/airflow/dags/weather_etl.py took 0.058 seconds
[2026-09-25T00:05:30.551+0000] {processor.py:186} INFO - Started process (PID=36712) to work on /opt/airflow/dags/weather_etl.py
[2026-09-25T00:05:30.553+0000] {processor.py:914} INFO - Processing file /opt/airflow/dags/weather_etl.py for tasks to queue
[2026-09-25T00:05:30.555+0000] {logging_mixin.py:190} INFO - [2026-09-25T00:05:30.555+0000] {dagbag.py:587} INFO - Filling up the DagBag from /opt/airflow/dags/weather_etl.py
[2026-09-25T00:05:30.572+0000] {processor.py:925} INFO - DAG(s) 'weather_etl' retrieved from /opt/airflow/dags/weather_etl.py
[2026-09-25T00:05:30.580+0000] {logging_mixin.py:190} INFO - [2026-09-25T00:05:30.580+0000] {dag.py:3229} INFO - Sync 1 DAGs
[2026-09-25T00:05:30.589+0000] {logging_mixin.py:190} INFO - [2026-09-25T00:05:30.589+0000] {dag.py:4156} INFO - Setting next_dagrun for weather_etl to 2026-09-24 02:30:00+00:00, run_after=2026-09-25 02:30:00+00:00
[2026-09-25T00:05:30.595+0000] {processor.py:208} INFO - Processing /opt/airflow/dags/weather_etl.py took 0.049 seconds
[2026-09-25T00:06:00.969+0000] {processor.py:186} INFO - Started process (PID=36723) to work on /opt/airflow/dags/weather_etl.py
[2026-09-25T00:06:00.971+0000] {processor.py:914} INFO - Processing file /opt/airflow/dags/weather_etl.py for tasks to queue
[2026-09-25T00:06:00.974+0000] {logging_mixin.py:190} INFO - [2026-09-25T00:06:00.973+0000] {dagbag.py:587} INFO - Filling up the DagBag from /opt/airflow/dags/weather_etl.py
[2026-09-25T00:06:00.995+0000] {processor.py:925} INFO - DAG(s) 'weather_etl' retrieved from /opt/airflow/dags/weather_etl.py
[2026-09-25T00:06:01.004+0000] {logging_mixin.py:190} INFO - [2026-09-25T00:06:01.004+0000] {dag.py:3229} INFO - Sync 1 DAGs
[2026-09-25T00:06:01.016+0000] {logging_mixin.py:190} INFO - [2026-09-25T00:06:01.016+0000] {dag.py:4156} INFO - Setting next_dagrun for weather_etl to 2026-09-24 02:30:00+00:00, run_after=2026-09-25 02:30:00+00:00
[2026-09-25T00:06:01.023+0000] {processor.py:208} INFO - Processing /opt/airflow/dags/weather_etl.py took 0.061 seconds
[2026-09-25T00:06:31.332+0000] {processor.py:186} INFO - Started process (PID=36734) to work on /opt/airflow/dags/weather_etl.py
[2026-09-25T00:06:31.335+0000] {processor.py:914} INFO - Processing file /opt/airflow/dags/weather_etl.py for tasks to queue
[2026-09-25T00:06:31.337+0000] {logging_mixin.py:190} INFO - [2026-09-25T00:06:31.337+0000] {dagbag.py:587} INFO - Filling up the DagBag from /opt/airflow/dags/weather_etl.py
[2026-09-25T00:06:31.356+0000] {processor.py:925} INFO - DAG(s) 'weather_etl' retrieved from /opt/airflow/dags/weather_etl.py
[2026-09-25T00:06:31.366+0000] {logging_mixin.py:190} INFO - [2026-09-25T00:06:31.366+0000] {dag.py:3229} INFO - Sync 1 DAGs
[2026-09-25T00:06:31.378+0000] {logging_mixin.py:190} INFO - [2026-09-25T00:06:31.378+0000] {dag.py:4156} INFO - Setting next_dagrun for weather_etl to 2026-09-24 02:30:00+00:00, run_after=2026-09-25 02:30:00+00:00
[2026-09-25T00:06:31.385+0000] {processor.py:208} INFO - Processing /opt/airflow/dags/weather_etl.py took 0.059 seconds
[2026-09-25T00:07:01.717+0000] {processor.py:186} INFO - Started process (PID=36745) to work on /opt/airflow/dags/weather_etl.py
[2026-09-25T00:07:01.718+0000] {processor.py:914} INFO - Processing file /opt/airflow/dags/weather_etl.py for tasks to queue
[2026-09-25T00:07:01.721+0000] {logging_mixin.py:190} INFO - [2026-09-25T00:07:01.721+0000] {dagbag.py:587} INFO - Filling up the DagBag from /opt/airflow/dags/weather_etl.py
[2026-09-25T00:07:01.741+0000] {processor.py:925} INFO - DAG(s) 'weather_etl' retrieved from /opt/airflow/dags/weather_etl.py
[2026-09-25T00:07:01.750+0000] {logging_mixin.py:190} INFO - [2026-09-25T00:07:01.750+0000] {dag.py:3229} INFO - Sync 1 DAGs
[2026-09-25T00:07:01.761+0000] {logging_mixin.py:190} INFO - [2026-09-25T00:07:01.761+0000] {dag.py:4156} INFO - Setting next_dagrun for weather_etl to 2026-09-24 02:30:00+00:00, run_after=2026-09-25 02:30:00+00:00
[2026-09-25T00:07:01.768+0000] {processor.py:208} INFO - Processing /opt/airflow/dags/weather_etl.py took 0.058 seconds
[2026-09-25T00:07:32.128+0000] {processor.py:186} INFO - Started process (PID=36756) to work on /opt/airflow/dags/weather_etl.py
[2026-09-25T00:07:32.131+0000] {processor.py:914} INFO - Processing file /opt/airflow/dags/weather_etl.py for tasks to queue
[2026-09-25T00:07:32.134+0000] {logging_mixin.py:190} INFO - [2026-09-25T00:07:32.134+0000] {dagbag.py:587} INFO - Filling up the DagBag from /opt/airflow/dags/weather_etl.py
[2026-09-25T00:07:32.159+0000] {processor.py:925} INFO - DAG(s) 'weather_etl' retrieved from /opt/airflow/dags/weather_etl.py
[2026-09-25T00:07:32.170+0000] {logging_mixin.py:190} INFO - [2026-09-25T00:07:32.169+0000] {dag.py:3229} INFO - Sync 1 DAGs
[2026-09-25T00:07:32.181+0000] {logging_mixin.py:190} INFO - [2026-09-25T00:07:32.181+0000] {dag.py:4156} INFO - Setting next_dagrun for weather_etl to 2026-09-24 02:30:00+00:00, run_after=2026-09-25 02:30:00+00:00
[2026-09-25T00:07:32.188+0000] {processor.py:208} INFO - Processing /opt/airflow/dags/weather_etl.py took 0.068 seconds
[2026-09-25T00:08:02.547+0000] {processor.py:186} INFO - Started process (PID=36767) to work on /opt/airflow/dags/weather_etl.py
[2026-09-25T00:08:02.550+0000] {processor.py:914} INFO - Processing file /opt/airflow/dags/weather_etl.py for tasks to queue
[2026-09-25T00:08:02.553+0000] {logging_mixin.py:190} INFO - [2026-09-25T00:08:02.553+0000] {dagbag.py:587} INFO - Filling up the DagBag from /opt/airflow/dags/weather_etl.py
[2026-09-25T00:08:02.584+0000] {processor.py:925} INFO - DAG(s) 'weather_etl' retrieved from /opt/airflow/dags/weather_etl.py
[2026-09-25T00:08:02.599+0000] {logging_mixin.py:190} INFO - [2026-09-25T00:08:02.598+0000] {dag.py:3229} INFO - Sync 1 DAGs
[2026-09-25T00:08:02.613+0000] {logging_mixin.py:190} INFO - [2026-09-25T00:08:02.613+0000] {dag.py:4156} INFO - Setting next_dagrun for weather_etl to 2026-09-24 02:30:00+00:00, run_after=2026-09-25 02:30:00+00:00
[2026-09-25T00:08:02.623+0000] {processor.py:208} INFO - Processing /opt/airflow/dags/weather_etl.py took 0.085 seconds
[2026-09-25T00:08:32.863+0000] {processor.py:186} INFO - Started process (PID=36778) to work on /opt/airflow/dags/weather_etl.py
[2026-09-25T00:08:32.866+0000] {processor.py:914} INFO - Processing file /opt/airflow/dags/weather_etl.py for tasks to queue
[2026-09-25T00:08:32.868+0000] {logging_mixin.py:190} INFO - [2026-09-25T00:08:32.868+0000] {dagbag.py:587} INFO - Filling up the DagBag from /opt/airflow/dags/weather_etl.py
[2026-09-25T00:08:32.890+0000] {processor.py:925} INFO - DAG(s) 'weather_etl' retrieved from /opt/airflow/dags/weather_etl.py
[2026-09-25T00:08:32.898+0000] {logging_mixin.py:190} INFO - [2026-09-25T00:08:32.898+0000] {dag.py:3229} INFO - Sync 1 DAGs
[2026-09-25T00:08:32.910+0000] {logging_mixin.py:190} INFO - [2026-09-25T00:08:32.910+0000] {dag.py:4156} INFO - Setting next_dagrun for weather_etl to 2026-09-24 02:30:00+00:00, run_after=2026-09-25 02:30:00+00:00
[2026-09-25T00:08:32.916+0000] {processor.py:208} INFO - Processing /opt/airflow/dags/weather_etl.py took 0.060 seconds
[2026-09-25T00:09:03.249+0000] {processor.py:186} INFO - Started process (PID=36789) to work on /opt/airflow/dags/weather_etl.py
[2026-09-25T00:09:03.249+0000] {processor.py:914} INFO - Processing file /opt/airflow/dags/weather_etl.py for tasks to queue
[2026-09-25T00:09:03.253+0000] {logging_mixin.py:190} INFO - [2026-09-25T00:09:03.252+0000] {dagbag.py:587} INFO - Filling up the DagBag from /opt/airflow/dags/weather_etl.py
[2026-09-25T00:09:03.281+0000] {processor.py:925} INFO - DAG(s) 'weather_etl' retrieved from /opt/airflow/dags/weather_etl.py
[2026-09-25T00:09:03.294+0000] {logging_mixin.py:190} INFO - [2026-09-25T00:09:03.294+0000] {dag.py:3229} INFO - Sync 1 DAGs
[2026-09-25T00:09:03.308+0000] {logging_mixin.py:190} INFO - [2026-09-25T00:09:03.308+0000] {dag.py:4156} INFO - Setting next_dagrun for weather_etl to 2026-09-24 02:30:00+00:00, run_after=2026-09-25 02:30:00+00:00
[2026-09-25T00:09:03.316+0000] {processor.py:208} INFO - Processing /opt/airflow/dags/weather_etl.py took 0.074 seconds
[2026-09-25T00:09:33.587+0000] {processor.py:186} INFO - Started process (PID=36800) to work on /opt/airflow/dags/weather_etl.py
[2026-09-25T00:09:33.591+0000] {processor.py:914} INFO - Processing file /opt/airflow/dags/weather_etl.py for tasks to queue
[2026-09-25T00:09:33.600+0000] {logging_mixin.py:190} INFO - [2026-09-25T00:09:33.600+0000] {dagbag.py:587} INFO - Filling up the DagBag from /opt/airflow/dags/weather_etl.py
[2026-09-25T00:09:33.627+0000] {processor.py:925} INFO - DAG(s) 'weather_etl' retrieved from /opt/airflow/dags/weather_etl.py
[2026-09-25T00:09:33.640+0000] {logging_mixin.py:190} INFO - [2026-09-25T00:09:33.640+0000] {dag.py:3229} INFO - Sync 1 DAGs
[2026-09-25T00:09:33.654+0000] {logging_mixin.py:190} INFO - [2026-09-25T00:09:33.654+0000] {dag.py:4156} INFO - Setting next_dagrun for weather_etl to 2026-09-24 02:30:00+00:00, run_after=2026-09-25 02:30:00+00:00
[2026-09-25T00:09:33.662+0000] {processor.py:208} INFO - Processing /opt/airflow/dags/weather_etl.py took 0.099 seconds
[2026-09-25T00:10:03.987+0000] {processor.py:186} INFO - Started process (PID=36811) to work on /opt/airflow/dags/weather_etl.py
[2026-09-25T00:10:03.988+0000] {processor.py:914} INFO - Processing file /opt/airflow/dags/weather_etl.py for tasks to queue
[2026-09-25T00:10:03.990+0000] {logging_mixin.py:190} INFO - [2026-09-25T00:10:03.989+0000] {dagbag.py:587} INFO - Filling up the DagBag from /opt/airflow/dags/weather_etl.py
[2026-09-25T00:10:04.008+0000] {processor.py:925} INFO - DAG(s) 'weather_etl' retrieved from /opt/airflow/dags/weather_etl.py
[2026-09-25T00:10:04.017+0000] {logging_mixin.py:190} INFO - [2026-09-25T00:10:04.017+0000] {dag.py:3229} INFO - Sync 1 DAGs
[2026-09-25T00:10:04.027+0000] {logging_mixin.py:190} INFO - [2026-09-25T00:10:04.027+0000] {dag.py:4156} INFO - Setting next_dagrun for weather_etl to 2026-09-24 02:30:00+00:00, run_after=2026-09-25 02:30:00+00:00
[2026-09-25T00:10:04.033+0000] {processor.py:208} INFO - Processing /opt/airflow/dags/weather_etl.py took 0.053 seconds
[2026-09-25T00:10:34.351+0000] {processor.py:186} INFO - Started process (PID=36822) to work on /opt/airflow/dags/weather_etl.py
[2026-09-25T00:10:34.353+0000] {processor.py:914} INFO - Processing file /opt/airflow/dags/weather_etl.py for tasks to queue
[2026-09-25T00:10:34.355+0000] {logging_mixin.py:190} INFO - [2026-09-25T00:10:34.355+0000] {dagbag.py:587} INFO - Filling up the DagBag from /opt/airflow/dags/weather_etl.py
[2026-09-25T00:10:34.372+0000] {processor.py:925} INFO - DAG(s) 'weather_etl' retrieved from /opt/airflow/dags/weather_etl.py
[2026-09-25T00:10:34.380+0000] {logging_mixin.py:190} INFO - [2026-09-25T00:10:34.380+0000] {dag.py:3229} INFO - Sync 1 DAGs
[2026-09-25T00:10:34.390+0000] {logging_mixin.py:190} INFO - [2026-09-25T00:10:34.390+0000] {dag.py:4156} INFO - Setting next_dagrun for weather_etl to 2026-09-24 02:30:00+00:00, run_after=2026-09-25 02:30:00+00:00
[2026-09-25T00:10:34.396+0000] {processor.py:208} INFO - Processing /opt/airflow/dags/weather_etl.py took 0.050 seconds
[2026-09-25T00:11:04.736+0000] {processor.py:186} INFO - Started process (PID=36833) to work on /opt/airflow/dags/weather_etl.py
[2026-09-25T00:11:04.737+0000] {processor.py:914} INFO - Processing file /opt/airflow/dags/weather_etl.py for tasks to queue
[2026-09-25T00:11:04.739+0000] {logging_mixin.py:190} INFO - [2026-09-25T00:11:04.739+0000] {dagbag.py:587} INFO - Filling up the DagBag from /opt/airflow/dags/weather_etl.py
[2026-09-25T00:11:04.757+0000] {processor.py:925} INFO - DAG(s) 'weather_etl' retrieved from /opt/airflow/dags/weather_etl.py
[2026-09-25T00:11:04.765+0000] {logging_mixin.py:190} INFO - [2026-09-25T00:11:04.765+0000] {dag.py:3229} INFO - Sync 1 DAGs
[2026-09-25T00:11:04.775+0000] {logging_mixin.py:190} INFO - [2026-09-25T00:11:04.775+0000] {dag.py:4156} INFO - Setting next_dagrun for weather_etl to 2026-09-24 02:30:00+00:00, run_after=2026-09-25 02:30:00+00:00
[2026-09-25T00:11:04.782+0000] {processor.py:208} INFO - Processing /opt/airflow/dags/weather_etl.py took 0.051 seconds
[2026-09-25T00:11:35.113+0000] {processor.py:186} INFO - Started process (PID=36843) to work on /opt/airflow/dags/weather_etl.py
[2026-09-25T00:11:35.114+0000] {processor.py:914} INFO - Processing file /opt/airflow/dags/weather_etl.py for tasks to queue
[2026-09-25T00:11:35.116+0000] {logging_mixin.py:190} INFO - [2026-09-25T00:11:35.116+0000] {dagbag.py:587} INFO - Filling up the DagBag from /opt/airflow/dags/weather_etl.py
[2026-09-25T00:11:35.134+0000] {processor.py:925} INFO - DAG(s) 'weather_etl' retrieved from /opt/airflow/dags/weather_etl.py
[2026-09-25T00:11:35.142+0000] {logging_mixin.py:190} INFO - [2026-09-25T00:11:35.142+0000] {dag.py:3229} INFO - Sync 1 DAGs
[2026-09-25T00:11:35.152+0000] {logging_mixin.py:190} INFO - [2026-09-25T00:11:35.152+0000] {dag.py:4156} INFO - Setting next_dagrun for weather_etl to 2026-09-24 02:30:00+00:00, run_after=2026-09-25 02:30:00+00:00
[2026-09-25T00:11:35.159+0000] {processor.py:208} INFO - Processing /opt/airflow/dags/weather_etl.py took 0.051 seconds
[2026-09-25T00:12:05.463+0000] {processor.py:186} INFO - Started process (PID=36854) to work on /opt/airflow/dags/weather_etl.py
[2026-09-25T00:12:05.465+0000] {processor.py:914} INFO - Processing file /opt/airflow/dags/weather_etl.py for tasks to queue
[2026-09-25T00:12:05.468+0000] {logging_mixin.py:190} INFO - [2026-09-25T00:12:05.468+0000] {dagbag.py:587} INFO - Filling up the DagBag from /opt/airflow/dags/weather_etl.py
[2026-09-25T00:12:05.488+0000] {processor.py:925} INFO - DAG(s) 'weather_etl' retrieved from /opt/airflow/dags/weather_etl.py
[2026-09-25T00:12:05.497+0000] {logging_mixin.py:190} INFO - [2026-09-25T00:12:05.497+0000] {dag.py:3229} INFO - Sync 1 DAGs
[2026-09-25T00:12:05.508+0000] {logging_mixin.py:190} INFO - [2026-09-25T00:12:05.507+0000] {dag.py:4156} INFO - Setting next_dagrun for weather_etl to 2026-09-24 02:30:00+00:00, run_after=2026-09-25 02:30:00+00:00
[2026-09-25T00:12:05.514+0000] {processor.py:208} INFO - Processing /opt/airflow/dags/weather_etl.py took 0.058 seconds
[2026-09-25T00:12:35.847+0000] {processor.py:186} INFO - Started process (PID=36865) to work on /opt/airflow/dags/weather_etl.py
[2026-09-25T00:12:35.849+0000] {processor.py:914} INFO - Processing file /opt/airflow/dags/weather_etl.py for tasks to queue
[2026-09-25T00:12:35.853+0000] {logging_mixin.py:190} INFO - [2026-09-25T00:12:35.852+0000] {dagbag.py:587} INFO - Filling up the DagBag from /opt/airflow/dags/weather_etl.py
[2026-09-25T00:12:35.875+0000] {processor.py:925} INFO - DAG(s) 'weather_etl' retrieved from /opt/airflow/dags/weather_etl.py
[2026-09-25T00:12:35.883+0000] {logging_mixin.py:190} INFO - [2026-09-25T00:12:35.883+0000] {dag.py:3229} INFO - Sync 1 DAGs
[2026-09-25T00:12:35.892+0000] {logging_mixin.py:190} INFO - [2026-09-25T00:12:35.892+0000] {dag.py:4156} INFO - Setting next_dagrun for weather_etl to 2026-09-24 02:30:00+00:00, run_after=2026-09-25 02:30:00+00:00
[2026-09-25T00:12:35.899+0000] {processor.py:208} INFO - Processing /opt/airflow/dags/weather_etl.py took 0.059 seconds
[2026-09-25T00:13:06.215+0000] {processor.py:186} INFO - Started process (PID=36876) to work on /opt/airflow/dags/weather_etl.py
[2026-09-25T00:13:06.217+0000] {processor.py:914} INFO - Processing file /opt/airflow/dags/weather_etl.py for tasks to queue
[2026-09-25T00:13:06.220+0000] {logging_mixin.py:190} INFO - [2026-09-25T00:13:06.219+0000] {dagbag.py:587} INFO - Filling up the DagBag from /opt/airflow/dags/weather_etl.py
[2026-09-25T00:13:06.242+0000] {processor.py:925} INFO - DAG(s) 'weather_etl' retrieved from /opt/airflow/dags/weather_etl.py
[2026-09-25T00:13:06.254+0000] {logging_mixin.py:190} INFO - [2026-09-25T00:13:06.253+0000] {dag.py:3229} INFO - Sync 1 DAGs
[2026-09-25T00:13:06.266+0000] {logging_mixin.py:190} INFO - [2026-09-25T00:13:06.266+0000] {dag.py:4156} INFO - Setting next_dagrun for weather_etl to 2026-09-24 02:30:00+00:00, run_after=2026-09-25 02:30:00+00:00
[2026-09-25T00:13:06.274+0000] {processor.py:208} INFO - Processing /opt/airflow/dags/weather_etl.py took 0.066 seconds
[2026-09-25T00:13:36.562+0000] {processor.py:186} INFO - Started process (PID=36887) to work on /opt/airflow/dags/weather_etl.py
[2026-09-25T00:13:36.565+0000] {processor.py:914} INFO - Processing file /opt/airflow/dags/weather_etl.py for tasks to queue
[2026-09-25T00:13:36.567+0000] {logging_mixin.py:190} INFO - [2026-09-25T00:13:36.566+0000] {dagbag.py:587} INFO - Filling up the DagBag from /opt/airflow/dags/weather_etl.py
[2026-09-25T00:13:36.584+0000] {processor.py:925} INFO - DAG(s) 'weather_etl' retrieved from /opt/airflow/dags/weather_etl.py
[2026-09-25T00:13:36.592+0000] {logging_mixin.py:190} INFO - [2026-09-25T00:13:36.592+0000] {dag.py:3229} INFO - Sync 1 DAGs
[2026-09-25T00:13:36.603+0000] {logging_mixin.py:190} INFO - [2026-09-25T00:13:36.603+0000] {dag.py:4156} INFO - Setting next_dagrun for weather_etl to 2026-09-24 02:30:00+00:00, run_after=2026-09-25 02:30:00+00:00
[2026-09-25T00:13:36.612+0000] {processor.py:208} INFO - Processing /opt/airflow/dags/weather_etl.py took 0.056 seconds
[2026-09-25T00:14:06.927+0000] {processor.py:186} INFO - Started process (PID=36898) to work on /opt/airflow/dags/weather_etl.py
[2026-09-25T00:14:06.929+0000] {processor.py:914} INFO - Processing file /opt/airflow/dags/weather_etl.py for tasks to queue
[2026-09-25T00:14:06.932+0000] {logging_mixin.py:190} INFO - [2026-09-25T00:14:06.931+0000] {dagbag.py:587} INFO - Filling up the DagBag from /opt/airflow/dags/weather_etl.py
[2026-09-25T00:14:06.949+0000] {processor.py:925} INFO - DAG(s) 'weather_etl' retrieved from /opt/airflow/dags/weather_etl.py
[2026-09-25T00:14:06.957+0000] {logging_mixin.py:190} INFO - [2026-09-25T00:14:06.957+0000] {dag.py:3229} INFO - Sync 1 DAGs
[2026-09-25T00:14:06.967+0000] {logging_mixin.py:190} INFO - [2026-09-25T00:14:06.967+0000] {dag.py:4156} INFO - Setting next_dagrun for weather_etl to 2026-09-24 02:30:00+00:00, run_after=2026-09-25 02:30:00+00:00
[2026-09-25T00:14:06.973+0000] {processor.py:208} INFO - Processing /opt/airflow/dags/weather_etl.py took 0.052 seconds
[2026-09-25T00:14:37.291+0000] {processor.py:186} INFO - Started process (PID=36909) to work on /opt/airflow/dags/weather_etl.py
[2026-09-25T00:14:37.292+0000] {processor.py:914} INFO - Processing file /opt/airflow/dags/weather_etl.py for tasks to queue
[2026-09-25T00:14:37.294+0000] {logging_mixin.py:190} INFO - [2026-09-25T00:14:37.294+0000] {dagbag.py:587} INFO - Filling up the DagBag from /opt/airflow/dags/weather_etl.py
[2026-09-25T00:14:37.315+0000] {processor.py:925} INFO - DAG(s) 'weather_etl' retrieved from /opt/airflow/dags/weather_etl.py
[2026-09-25T00:14:37.328+0000] {logging_mixin.py:190} INFO - [2026-09-25T00:14:37.328+0000] {dag.py:3229} INFO - Sync 1 DAGs
[2026-09-25T00:14:37.340+0000] {logging_mixin.py:190} INFO - [2026-09-25T00:14:37.340+0000] {dag.py:4156} INFO - Setting next_dagrun for weather_etl to 2026-09-24 02:30:00+00:00, run_after=2026-09-25 02:30:00+00:00
[2026-09-25T00:14:37.347+0000] {processor.py:208} INFO - Processing /opt/airflow/dags/weather_etl.py took 0.063 seconds
[2026-09-25T00:15:07.698+0000] {processor.py:186} INFO - Started process (PID=36920) to work on /opt/airflow/dags/weather_etl.py
[2026-09-25T00:15:07.699+0000] {processor.py:914} INFO - Processing file /opt/airflow/dags/weather_etl.py for tasks to queue
[2026-09-25T00:15:07.703+0000] {logging_mixin.py:190} INFO - [2026-09-25T00:15:07.703+0000] {dagbag.py:587} INFO - Filling up the DagBag from /opt/airflow/dags/weather_etl.py
[2026-09-25T00:15:07.733+0000] {processor.py:925} INFO - DAG(s) 'weather_etl' retrieved from /opt/airflow/dags/weather_etl.py
[2026-09-25T00:15:07.749+0000] {logging_mixin.py:190} INFO - [2026-09-25T00:15:07.748+0000] {dag.py:3229} INFO - Sync 1 DAGs
[2026-09-25T00:15:07.767+0000] {logging_mixin.py:190} INFO - [2026-09-25T00:15:07.767+0000] {dag.py:4156} INFO - Setting next_dagrun for weather_etl to 2026-09-24 02:30:00+00:00, run_after=2026-09-25 02:30:00+00:00
[2026-09-25T00:15:07.776+0000] {processor.py:208} INFO - Processing /opt/airflow/dags/weather_etl.py took 0.086 seconds
[2026-09-25T00:15:38.129+0000] {processor.py:186} INFO - Started process (PID=36931) to work on /opt/airflow/dags/weather_etl.py
[2026-09-25T00:15:38.131+0000] {processor.py:914} INFO - Processing file /opt/airflow/dags/weather_etl.py for tasks to queue
[2026-09-25T00:15:38.136+0000] {logging_mixin.py:190} INFO - [2026-09-25T00:15:38.135+0000] {dagbag.py:587} INFO - Filling up the DagBag from /opt/airflow/dags/weather_etl.py
[2026-09-25T00:15:38.165+0000] {processor.py:925} INFO - DAG(s) 'weather_etl' retrieved from /opt/airflow/dags/weather_etl.py
[2026-09-25T00:15:38.178+0000] {logging_mixin.py:190} INFO - [2026-09-25T00:15:38.177+0000] {dag.py:3229} INFO - Sync 1 DAGs
[2026-09-25T00:15:38.192+0000] {logging_mixin.py:190} INFO - [2026-09-25T00:15:38.192+0000] {dag.py:4156} INFO - Setting next_dagrun for weather_etl to 2026-09-24 02:30:00+00:00, run_after=2026-09-25 02:30:00+00:00
[2026-09-25T00:15:38.203+0000] {processor.py:208} INFO - Processing /opt/airflow/dags/weather_etl.py took 0.084 seconds
[2026-09-25T00:16:08.536+0000] {processor.py:186} INFO - Started process (PID=36942) to work on /opt/airflow/dags/weather_etl.py
[2026-09-25T00:16:08.539+0000] {processor.py:914} INFO - Processing file /opt/airflow/dags/weather_etl.py for tasks to queue
[2026-09-25T00:16:08.542+0000] {logging_mixin.py:190} INFO - [2026-09-25T00:16:08.542+0000] {dagbag.py:587} INFO - Filling up the DagBag from /opt/airflow/dags/weather_etl.py
[2026-09-25T00:16:08.566+0000] {processor.py:925} INFO - DAG(s) 'weather_etl' retrieved from /opt/airflow/dags/weather_etl.py
[2026-09-25T00:16:08.578+0000] {logging_mixin.py:190} INFO - [2026-09-25T00:16:08.578+0000] {dag.py:3229} INFO - Sync 1 DAGs
[2026-09-25T00:16:08.592+0000] {logging_mixin.py:190} INFO - [2026-09-25T00:16:08.592+0000] {dag.py:4156} INFO - Setting next_dagrun for weather_etl to 2026-09-24 02:30:00+00:00, run_after=2026-09-25 02:30:00+00:00
[2026-09-25T00:16:08.600+0000] {processor.py:208} INFO - Processing /opt/airflow/dags/weather_etl.py took 0.072 seconds
[2026-09-25T00:16:38.894+0000] {processor.py:186} INFO - Started process (PID=36953) to work on /opt/airflow/dags/weather_etl.py
[2026-09-25T00:16:38.895+0000] {processor.py:914} INFO - Processing file /opt/airflow/dags/weather_etl.py for tasks to queue
[2026-09-25T00:16:38.897+0000] {logging_mixin.py:190} INFO - [2026-09-25T00:16:38.897+0000] {dagbag.py:587} INFO - Filling up the DagBag from /opt/airflow/dags/weather_etl.py
[2026-09-25T00:16:38.914+0000] {processor.py:925} INFO - DAG(s) 'weather_etl' retrieved from /opt/airflow/dags/weather_etl.py
[2026-09-25T00:16:38.924+0000] {logging_mixin.py:190} INFO - [2026-09-25T00:16:38.924+0000] {dag.py:3229} INFO - Sync 1 DAGs
[2026-09-25T00:16:38.935+0000] {logging_mixin.py:190} INFO - [2026-09-25T00:16:38.935+0000] {dag.py:4156} INFO - Setting next_dagrun for weather_etl to 2026-09-24 02:30:00+00:00, run_after=2026-09-25 02:30:00+00:00
[2026-09-25T00:16:38.943+0000] {processor.py:208} INFO - Processing /opt/airflow/dags/weather_etl.py took 0.053 seconds
[2026-09-25T00:17:09.352+0000] {processor.py:186} INFO - Started process (PID=36964) to work on /opt/airflow/dags/weather_etl.py
[2026-09-25T00:17:09.354+0000] {processor.py:914} INFO - Processing file /opt/airflow/dags/weather_etl.py for tasks to queue
[2026-09-25T00:17:09.358+0000] {logging_mixin.py:190} INFO - [2026-09-25T00:17:09.357+0000] {dagbag.py:587} INFO - Filling up the DagBag from /opt/airflow/dags/weather_etl.py
[2026-09-25T00:17:09.397+0000] {processor.py:925} INFO - DAG(s) 'weather_etl' retrieved from /opt/airflow/dags/weather_etl.py
[2026-09-25T00:17:09.418+0000] {logging_mixin.py:190} INFO - [2026-09-25T00:17:09.417+0000] {dag.py:3229} INFO - Sync 1 DAGs
[2026-09-25T00:17:09.439+0000] {logging_mixin.py:190} INFO - [2026-09-25T00:17:09.439+0000] {dag.py:4156} INFO - Setting next_dagrun for weather_etl to 2026-09-24 02:30:00+00:00, run_after=2026-09-25 02:30:00+00:00
[2026-09-25T00:17:09.447+0000] {processor.py:208} INFO - Processing /opt/airflow/dags/weather_etl.py took 0.110 seconds
[2026-09-25T00:17:39.753+0000] {processor.py:186} INFO - Started process (PID=36975) to work on /opt/airflow/dags/weather_etl.py
[2026-09-25T00:17:39.756+0000] {processor.py:914} INFO - Processing file /opt/airflow/dags/weather_etl.py for tasks to queue
[2026-09-25T00:17:39.761+0000] {logging_mixin.py:190} INFO - [2026-09-25T00:17:39.761+0000] {dagbag.py:587} INFO - Filling up the DagBag from /opt/airflow/dags/weather_etl.py
[2026-09-25T00:17:39.804+0000] {processor.py:925} INFO - DAG(s) 'weather_etl' retrieved from /opt/airflow/dags/weather_etl.py
[2026-09-25T00:17:39.823+0000] {logging_mixin.py:190} INFO - [2026-09-25T00:17:39.823+0000] {dag.py:3229} INFO - Sync 1 DAGs
[2026-09-25T00:17:39.845+0000] {logging_mixin.py:190} INFO - [2026-09-25T00:17:39.845+0000] {dag.py:4156} INFO - Setting next_dagrun for weather_etl to 2026-09-24 02:30:00+00:00, run_after=2026-09-25 02:30:00+00:00
[2026-09-25T00:17:39.853+0000] {processor.py:208} INFO - Processing /opt/airflow/dags/weather_etl.py took 0.119 seconds
[2026-09-25T00:18:10.123+0000] {processor.py:186} INFO - Started process (PID=36986) to work on /opt/airflow/dags/weather_etl.py
[2026-09-25T00:18:10.126+0000] {processor.py:914} INFO - Processing file /opt/airflow/dags/weather_etl.py for tasks to queue
[2026-09-25T00:18:10.129+0000] {logging_mixin.py:190} INFO - [2026-09-25T00:18:10.129+0000] {dagbag.py:587} INFO - Filling up the DagBag from /opt/airflow/dags/weather_etl.py
[2026-09-25T00:18:10.159+0000] {processor.py:925} INFO - DAG(s) 'weather_etl' retrieved from /opt/airflow/dags/weather_etl.py
[2026-09-25T00:18:10.173+0000] {logging_mixin.py:190} INFO - [2026-09-25T00:18:10.172+0000] {dag.py:3229} INFO - Sync 1 DAGs
[2026-09-25T00:18:10.186+0000] {logging_mixin.py:190} INFO - [2026-09-25T00:18:10.186+0000] {dag.py:4156} INFO - Setting next_dagrun for weather_etl to 2026-09-24 02:30:00+00:00, run_after=2026-09-25 02:30:00+00:00
[2026-09-25T00:18:10.195+0000] {processor.py:208} INFO - Processing /opt/airflow/dags/weather_etl.py took 0.081 seconds
[2026-09-25T00:18:40.549+0000] {processor.py:186} INFO - Started process (PID=36997) to work on /opt/airflow/dags/weather_etl.py
[2026-09-25T00:18:40.550+0000] {processor.py:914} INFO - Processing file /opt/airflow/dags/weather_etl.py for tasks to queue
[2026-09-25T00:18:40.552+0000] {logging_mixin.py:190} INFO - [2026-09-25T00:18:40.551+0000] {dagbag.py:587} INFO - Filling up the DagBag from /opt/airflow/dags/weather_etl.py
[2026-09-25T00:18:40.568+0000] {processor.py:925} INFO - DAG(s) 'weather_etl' retrieved from /opt/airflow/dags/weather_etl.py
[2026-09-25T00:18:40.580+0000] {logging_mixin.py:190} INFO - [2026-09-25T00:18:40.579+0000] {dag.py:3229} INFO - Sync 1 DAGs
[2026-09-25T00:18:40.592+0000] {logging_mixin.py:190} INFO - [2026-09-25T00:18:40.592+0000] {dag.py:4156} INFO - Setting next_dagrun for weather_etl to 2026-09-24 02:30:00+00:00, run_after=2026-09-25 02:30:00+00:00
[2026-09-25T00:18:40.602+0000] {processor.py:208} INFO - Processing /opt/airflow/dags/weather_etl.py took 0.058 seconds
[2026-09-25T00:19:10.945+0000] {processor.py:186} INFO - Started process (PID=37008) to work on /opt/airflow/dags/weather_etl.py
[2026-09-25T00:19:10.948+0000] {processor.py:914} INFO - Processing file /opt/airflow/dags/weather_etl.py for tasks to queue
[2026-09-25T00:19:10.951+0000] {logging_mixin.py:190} INFO - [2026-09-25T00:19:10.951+0000] {dagbag.py:587} INFO - Filling up the DagBag from /opt/airflow/dags/weather_etl.py
[2026-09-25T00:19:10.976+0000] {processor.py:925} INFO - DAG(s) 'weather_etl' retrieved from /opt/airflow/dags/weather_etl.py
[2026-09-25T00:19:10.988+0000] {logging_mixin.py:190} INFO - [2026-09-25T00:19:10.988+0000] {dag.py:3229} INFO - Sync 1 DAGs
[2026-09-25T00:19:11.002+0000] {logging_mixin.py:190} INFO - [2026-09-25T00:19:11.002+0000] {dag.py:4156} INFO - Setting next_dagrun for weather_etl to 2026-09-24 02:30:00+00:00, run_after=2026-09-25 02:30:00+00:00
[2026-09-25T00:19:11.009+0000] {processor.py:208} INFO - Processing /opt/airflow/dags/weather_etl.py took 0.073 seconds
[2026-09-25T00:19:41.306+0000] {processor.py:186} INFO - Started process (PID=37019) to work on /opt/airflow/dags/weather_etl.py
[2026-09-25T00:19:41.307+0000] {processor.py:914} INFO - Processing file /opt/airflow/dags/weather_etl.py for tasks to queue
[2026-09-25T00:19:41.309+0000] {logging_mixin.py:190} INFO - [2026-09-25T00:19:41.308+0000] {dagbag.py:587} INFO - Filling up the DagBag from /opt/airflow/dags/weather_etl.py
[2026-09-25T00:19:41.324+0000] {processor.py:925} INFO - DAG(s) 'weather_etl' retrieved from /opt/airflow/dags/weather_etl.py
[2026-09-25T00:19:41.332+0000] {logging_mixin.py:190} INFO - [2026-09-25T00:19:41.332+0000] {dag.py:3229} INFO - Sync 1 DAGs
[2026-09-25T00:19:41.342+0000] {logging_mixin.py:190} INFO - [2026-09-25T00:19:41.341+0000] {dag.py:4156} INFO - Setting next_dagrun for weather_etl to 2026-09-24 02:30:00+00:00, run_after=2026-09-25 02:30:00+00:00
[2026-09-25T00:19:41.348+0000] {processor.py:208} INFO - Processing /opt/airflow/dags/weather_etl.py took 0.047 seconds
[2026-09-25T00:20:11.681+0000] {processor.py:186} INFO - Started process (PID=37030) to work on /opt/airflow/dags/weather_etl.py
[2026-09-25T00:20:11.682+0000] {processor.py:914} INFO - Processing file /opt/airflow/dags/weather_etl.py for tasks to queue
[2026-09-25T00:20:11.686+0000] {logging_mixin.py:190} INFO - [2026-09-25T00:20:11.685+0000] {dagbag.py:587} INFO - Filling up the DagBag from /opt/airflow/dags/weather_etl.py
[2026-09-25T00:20:11.713+0000] {processor.py:925} INFO - DAG(s) 'weather_etl' retrieved from /opt/airflow/dags/weather_etl.py
[2026-09-25T00:20:11.726+0000] {logging_mixin.py:190} INFO - [2026-09-25T00:20:11.725+0000] {dag.py:3229} INFO - Sync 1 DAGs
[2026-09-25T00:20:11.740+0000] {logging_mixin.py:190} INFO - [2026-09-25T00:20:11.740+0000] {dag.py:4156} INFO - Setting next_dagrun for weather_etl to 2026-09-24 02:30:00+00:00, run_after=2026-09-25 02:30:00+00:00
[2026-09-25T00:20:11.750+0000] {processor.py:208} INFO - Processing /opt/airflow/dags/weather_etl.py took 0.076 seconds
[2026-09-25T00:20:42.093+0000] {processor.py:186} INFO - Started process (PID=37041) to work on /opt/airflow/dags/weather_etl.py
[2026-09-25T00:20:42.095+0000] {processor.py:914} INFO - Processing file /opt/airflow/dags/weather_etl.py for tasks to queue
[2026-09-25T00:20:42.101+0000] {logging_mixin.py:190} INFO - [2026-09-25T00:20:42.101+0000] {dagbag.py:587} INFO - Filling up the DagBag from /opt/airflow/dags/weather_etl.py
[2026-09-25T00:20:42.128+0000] {processor.py:925} INFO - DAG(s) 'weather_etl' retrieved from /opt/airflow/dags/weather_etl.py
[2026-09-25T00:20:42.146+0000] {logging_mixin.py:190} INFO - [2026-09-25T00:20:42.146+0000] {dag.py:3229} INFO - Sync 1 DAGs
[2026-09-25T00:20:42.164+0000] {logging_mixin.py:190} INFO - [2026-09-25T00:20:42.164+0000] {dag.py:4156} INFO - Setting next_dagrun for weather_etl to 2026-09-24 02:30:00+00:00, run_after=2026-09-25 02:30:00+00:00
[2026-09-25T00:20:42.172+0000] {processor.py:208} INFO - Processing /opt/airflow/dags/weather_etl.py took 0.087 seconds
[2026-09-25T00:21:12.451+0000] {processor.py:186} INFO - Started process (PID=37052) to work on /opt/airflow/dags/weather_etl.py
[2026-09-25T00:21:12.454+0000] {processor.py:914} INFO - Processing file /opt/airflow/dags/weather_etl.py for tasks to queue
[2026-09-25T00:21:12.458+0000] {logging_mixin.py:190} INFO - [2026-09-25T00:21:12.457+0000] {dagbag.py:587} INFO - Filling up the DagBag from /opt/airflow/dags/weather_etl.py
[2026-09-25T00:21:12.490+0000] {processor.py:925} INFO - DAG(s) 'weather_etl' retrieved from /opt/airflow/dags/weather_etl.py
[2026-09-25T00:21:12.505+0000] {logging_mixin.py:190} INFO - [2026-09-25T00:21:12.504+0000] {dag.py:3229} INFO - Sync 1 DAGs
[2026-09-25T00:21:12.522+0000] {logging_mixin.py:190} INFO - [2026-09-25T00:21:12.522+0000] {dag.py:4156} INFO - Setting next_dagrun for weather_etl to 2026-09-24 02:30:00+00:00, run_after=2026-09-25 02:30:00+00:00
[2026-09-25T00:21:12.534+0000] {processor.py:208} INFO - Processing /opt/airflow/dags/weather_etl.py took 0.093 seconds
[2026-09-25T00:21:42.797+0000] {processor.py:186} INFO - Started process (PID=37063) to work on /opt/airflow/dags/weather_etl.py
[2026-09-25T00:21:42.800+0000] {processor.py:914} INFO - Processing file /opt/airflow/dags/weather_etl.py for tasks to queue
[2026-09-25T00:21:42.801+0000] {logging_mixin.py:190} INFO - [2026-09-25T00:21:42.801+0000] {dagbag.py:587} INFO - Filling up the DagBag from /opt/airflow/dags/weather_etl.py
[2026-09-25T00:21:42.820+0000] {processor.py:925} INFO - DAG(s) 'weather_etl' retrieved from /opt/airflow/dags/weather_etl.py
[2026-09-25T00:21:42.829+0000] {logging_mixin.py:190} INFO - [2026-09-25T00:21:42.828+0000] {dag.py:3229} INFO - Sync 1 DAGs
[2026-09-25T00:21:42.839+0000] {logging_mixin.py:190} INFO - [2026-09-25T00:21:42.839+0000] {dag.py:4156} INFO - Setting next_dagrun for weather_etl to 2026-09-24 02:30:00+00:00, run_after=2026-09-25 02:30:00+00:00
[2026-09-25T00:21:42.846+0000] {processor.py:208} INFO - Processing /opt/airflow/dags/weather_etl.py took 0.054 seconds
[2026-09-25T00:22:13.172+0000] {processor.py:186} INFO - Started process (PID=37074) to work on /opt/airflow/dags/weather_etl.py
[2026-09-25T00:22:13.175+0000] {processor.py:914} INFO - Processing file /opt/airflow/dags/weather_etl.py for tasks to queue
[2026-09-25T00:22:13.177+0000] {logging_mixin.py:190} INFO - [2026-09-25T00:22:13.177+0000] {dagbag.py:587} INFO - Filling up the DagBag from /opt/airflow/dags/weather_etl.py
[2026-09-25T00:22:13.194+0000] {processor.py:925} INFO - DAG(s) 'weather_etl' retrieved from /opt/airflow/dags/weather_etl.py
[2026-09-25T00:22:13.203+0000] {logging_mixin.py:190} INFO - [2026-09-25T00:22:13.203+0000] {dag.py:3229} INFO - Sync 1 DAGs
[2026-09-25T00:22:13.212+0000] {logging_mixin.py:190} INFO - [2026-09-25T00:22:13.212+0000] {dag.py:4156} INFO - Setting next_dagrun for weather_etl to 2026-09-24 02:30:00+00:00, run_after=2026-09-25 02:30:00+00:00
[2026-09-25T00:22:13.219+0000] {processor.py:208} INFO - Processing /opt/airflow/dags/weather_etl.py took 0.055 seconds
[2026-09-25T00:22:43.550+0000] {processor.py:186} INFO - Started process (PID=37085) to work on /opt/airflow/dags/weather_etl.py
[2026-09-25T00:22:43.552+0000] {processor.py:914} INFO - Processing file /opt/airflow/dags/weather_etl.py for tasks to queue
[2026-09-25T00:22:43.556+0000] {logging_mixin.py:190} INFO - [2026-09-25T00:22:43.555+0000] {dagbag.py:587} INFO - Filling up the DagBag from /opt/airflow/dags/weather_etl.py
[2026-09-25T00:22:43.582+0000] {processor.py:925} INFO - DAG(s) 'weather_etl' retrieved from /opt/airflow/dags/weather_etl.py
[2026-09-25T00:22:43.598+0000] {logging_mixin.py:190} INFO - [2026-09-25T00:22:43.598+0000] {dag.py:3229} INFO - Sync 1 DAGs
[2026-09-25T00:22:43.614+0000] {logging_mixin.py:190} INFO - [2026-09-25T00:22:43.614+0000] {dag.py:4156} INFO - Setting next_dagrun for weather_etl to 2026-09-24 02:30:00+00:00, run_after=2026-09-25 02:30:00+00:00
[2026-09-25T00:22:43.624+0000] {processor.py:208} INFO - Processing /opt/airflow/dags/weather_etl.py took 0.083 seconds
[2026-09-25T00:23:13.885+0000] {processor.py:186} INFO - Started process (PID=37096) to work on /opt/airflow/dags/weather_etl.py
[2026-09-25T00:23:13.887+0000] {processor.py:914} INFO - Processing file /opt/airflow/dags/weather_etl.py for tasks to queue
[2026-09-25T00:23:13.890+0000] {logging_mixin.py:190} INFO - [2026-09-25T00:23:13.890+0000] {dagbag.py:587} INFO - Filling up the DagBag from /opt/airflow/dags/weather_etl.py
[2026-09-25T00:23:13.919+0000] {processor.py:925} INFO - DAG(s) 'weather_etl' retrieved from /opt/airflow/dags/weather_etl.py
[2026-09-25T00:23:13.931+0000] {logging_mixin.py:190} INFO - [2026-09-25T00:23:13.930+0000] {dag.py:3229} INFO - Sync 1 DAGs
[2026-09-25T00:23:13.945+0000] {logging_mixin.py:190} INFO - [2026-09-25T00:23:13.945+0000] {dag.py:4156} INFO - Setting next_dagrun for weather_etl to 2026-09-24 02:30:00+00:00, run_after=2026-09-25 02:30:00+00:00
[2026-09-25T00:23:13.955+0000] {processor.py:208} INFO - Processing /opt/airflow/dags/weather_etl.py took 0.074 seconds
[2026-09-25T00:23:44.262+0000] {processor.py:186} INFO - Started process (PID=37107) to work on /opt/airflow/dags/weather_etl.py
[2026-09-25T00:23:44.264+0000] {processor.py:914} INFO - Processing file /opt/airflow/dags/weather_etl.py for tasks to queue
[2026-09-25T00:23:44.265+0000] {logging_mixin.py:190} INFO - [2026-09-25T00:23:44.265+0000] {dagbag.py:587} INFO - Filling up the DagBag from /opt/airflow/dags/weather_etl.py
[2026-09-25T00:23:44.280+0000] {processor.py:925} INFO - DAG(s) 'weather_etl' retrieved from /opt/airflow/dags/weather_etl.py
[2026-09-25T00:23:44.288+0000] {logging_mixin.py:190} INFO - [2026-09-25T00:23:44.288+0000] {dag.py:3229} INFO - Sync 1 DAGs
[2026-09-25T00:23:44.298+0000] {logging_mixin.py:190} INFO - [2026-09-25T00:23:44.298+0000] {dag.py:4156} INFO - Setting next_dagrun for weather_etl to 2026-09-24 02:30:00+00:00, run_after=2026-09-25 02:30:00+00:00
[2026-09-25T00:23:44.306+0000] {processor.py:208} INFO - Processing /opt/airflow/dags/weather_etl.py took 0.051 seconds
[2026-09-25T00:24:14.581+0000] {processor.py:186} INFO - Started process (PID=37118) to work on /opt/airflow/dags/weather_etl.py
[2026-09-25T00:24:14.583+0000] {processor.py:914} INFO - Processing file /opt/airflow/dags/weather_etl.py for tasks to queue
[2026-09-25T00:24:14.584+0000] {logging_mixin.py:190} INFO - [2026-09-25T00:24:14.584+0000] {dagbag.py:587} INFO - Filling up the DagBag from /opt/airflow/dags/weather_etl.py
[2026-09-25T00:24:14.599+0000] {processor.py:925} INFO - DAG(s) 'weather_etl' retrieved from /opt/airflow/dags/weather_etl.py
[2026-09-25T00:24:14.607+0000] {logging_mixin.py:190} INFO - [2026-09-25T00:24:14.607+0000] {dag.py:3229} INFO - Sync 1 DAGs
[2026-09-25T00:24:14.618+0000] {logging_mixin.py:190} INFO - [2026-09-25T00:24:14.618+0000] {dag.py:4156} INFO - Setting next_dagrun for weather_etl to 2026-09-24 02:30:00+00:00, run_after=2026-09-25 02:30:00+00:00
[2026-09-25T00:24:14.624+0000] {processor.py:208} INFO - Processing /opt/airflow/dags/weather_etl.py took 0.047 seconds
[2026-09-25T00:24:44.905+0000] {processor.py:186} INFO - Started process (PID=37129) to work on /opt/airflow/dags/weather_etl.py
[2026-09-25T00:24:44.906+0000] {processor.py:914} INFO - Processing file /opt/airflow/dags/weather_etl.py for tasks to queue
[2026-09-25T00:24:44.909+0000] {logging_mixin.py:190} INFO - [2026-09-25T00:24:44.908+0000] {dagbag.py:587} INFO - Filling up the DagBag from /opt/airflow/dags/weather_etl.py
[2026-09-25T00:24:44.928+0000] {processor.py:925} INFO - DAG(s) 'weather_etl' retrieved from /opt/airflow/dags/weather_etl.py
[2026-09-25T00:24:44.937+0000] {logging_mixin.py:190} INFO - [2026-09-25T00:24:44.937+0000] {dag.py:3229} INFO - Sync 1 DAGs
[2026-09-25T00:24:44.947+0000] {logging_mixin.py:190} INFO - [2026-09-25T00:24:44.947+0000] {dag.py:4156} INFO - Setting next_dagrun for weather_etl to 2026-09-24 02:30:00+00:00, run_after=2026-09-25 02:30:00+00:00
[2026-09-25T00:24:44.954+0000] {processor.py:208} INFO - Processing /opt/airflow/dags/weather_etl.py took 0.057 seconds
[2026-09-25T00:25:15.318+0000] {processor.py:186} INFO - Started process (PID=37140) to work on /opt/airflow/dags/weather_etl.py
[2026-09-25T00:25:15.320+0000] {processor.py:914} INFO - Processing file /opt/airflow/dags/weather_etl.py for tasks to queue
[2026-09-25T00:25:15.324+0000] {logging_mixin.py:190} INFO - [2026-09-25T00:25:15.323+0000] {dagbag.py:587} INFO - Filling up the DagBag from /opt/airflow/dags/weather_etl.py
[2026-09-25T00:25:15.347+0000] {processor.py:925} INFO - DAG(s) 'weather_etl' retrieved from /opt/airflow/dags/weather_etl.py
[2026-09-25T00:25:15.359+0000] {logging_mixin.py:190} INFO - [2026-09-25T00:25:15.358+0000] {dag.py:3229} INFO - Sync 1 DAGs
[2026-09-25T00:25:15.372+0000] {logging_mixin.py:190} INFO - [2026-09-25T00:25:15.372+0000] {dag.py:4156} INFO - Setting next_dagrun for weather_etl to 2026-09-24 02:30:00+00:00, run_after=2026-09-25 02:30:00+00:00
[2026-09-25T00:25:15.380+0000] {processor.py:208} INFO - Processing /opt/airflow/dags/weather_etl.py took 0.070 seconds
[2026-09-25T00:25:45.664+0000] {processor.py:186} INFO - Started process (PID=37151) to work on /opt/airflow/dags/weather_etl.py
[2026-09-25T00:25:45.666+0000] {processor.py:914} INFO - Processing file /opt/airflow/dags/weather_etl.py for tasks to queue
[2026-09-25T00:25:45.668+0000] {logging_mixin.py:190} INFO - [2026-09-25T00:25:45.668+0000] {dagbag.py:587} INFO - Filling up the DagBag from /opt/airflow/dags/weather_etl.py
[2026-09-25T00:25:45.687+0000] {processor.py:925} INFO - DAG(s) 'weather_etl' retrieved from /opt/airflow/dags/weather_etl.py
[2026-09-25T00:25:45.696+0000] {logging_mixin.py:190} INFO - [2026-09-25T00:25:45.696+0000] {dag.py:3229} INFO - Sync 1 DAGs
[2026-09-25T00:25:45.707+0000] {logging_mixin.py:190} INFO - [2026-09-25T00:25:45.707+0000] {dag.py:4156} INFO - Setting next_dagrun for weather_etl to 2026-09-24 02:30:00+00:00, run_after=2026-09-25 02:30:00+00:00
[2026-09-25T00:25:45.714+0000] {processor.py:208} INFO - Processing /opt/airflow/dags/weather_etl.py took 0.059 seconds
[2026-09-25T00:26:16.076+0000] {processor.py:186} INFO - Started process (PID=37162) to work on /opt/airflow/dags/weather_etl.py
[2026-09-25T00:26:16.078+0000] {processor.py:914} INFO - Processing file /opt/airflow/dags/weather_etl.py for tasks to queue
[2026-09-25T00:26:16.080+0000] {logging_mixin.py:190} INFO - [2026-09-25T00:26:16.080+0000] {dagbag.py:587} INFO - Filling up the DagBag from /opt/airflow/dags/weather_etl.py
[2026-09-25T00:26:16.098+0000] {processor.py:925} INFO - DAG(s) 'weather_etl' retrieved from /opt/airflow/dags/weather_etl.py
[2026-09-25T00:26:16.107+0000] {logging_mixin.py:190} INFO - [2026-09-25T00:26:16.106+0000] {dag.py:3229} INFO - Sync 1 DAGs
[2026-09-25T00:26:16.117+0000] {logging_mixin.py:190} INFO - [2026-09-25T00:26:16.117+0000] {dag.py:4156} INFO - Setting next_dagrun for weather_etl to 2026-09-24 02:30:00+00:00, run_after=2026-09-25 02:30:00+00:00
[2026-09-25T00:26:16.124+0000] {processor.py:208} INFO - Processing /opt/airflow/dags/weather_etl.py took 0.057 seconds
[2026-09-25T00:26:46.428+0000] {processor.py:186} INFO - Started process (PID=37173) to work on /opt/airflow/dags/weather_etl.py
[2026-09-25T00:26:46.429+0000] {processor.py:914} INFO - Processing file /opt/airflow/dags/weather_etl.py for tasks to queue
[2026-09-25T00:26:46.431+0000] {logging_mixin.py:190} INFO - [2026-09-25T00:26:46.431+0000] {dagbag.py:587} INFO - Filling up the DagBag from /opt/airflow/dags/weather_etl.py
[2026-09-25T00:26:46.448+0000] {processor.py:925} INFO - DAG(s) 'weather_etl' retrieved from /opt/airflow/dags/weather_etl.py
[2026-09-25T00:26:46.457+0000] {logging_mixin.py:190} INFO - [2026-09-25T00:26:46.456+0000] {dag.py:3229} INFO - Sync 1 DAGs
[2026-09-25T00:26:46.466+0000] {logging_mixin.py:190} INFO - [2026-09-25T00:26:46.466+0000] {dag.py:4156} INFO - Setting next_dagrun for weather_etl to 2026-09-24 02:30:00+00:00, run_after=2026-09-25 02:30:00+00:00
[2026-09-25T00:26:46.473+0000] {processor.py:208} INFO - Processing /opt/airflow/dags/weather_etl.py took 0.052 seconds
[2026-09-25T00:27:16.807+0000] {processor.py:186} INFO - Started process (PID=37184) to work on /opt/airflow/dags/weather_etl.py
[2026-09-25T00:27:16.809+0000] {processor.py:914} INFO - Processing file /opt/airflow/dags/weather_etl.py for tasks to queue
[2026-09-25T00:27:16.811+0000] {logging_mixin.py:190} INFO - [2026-09-25T00:27:16.811+0000] {dagbag.py:587} INFO - Filling up the DagBag from /opt/airflow/dags/weather_etl.py
[2026-09-25T00:27:16.833+0000] {processor.py:925} INFO - DAG(s) 'weather_etl' retrieved from /opt/airflow/dags/weather_etl.py
[2026-09-25T00:27:16.845+0000] {logging_mixin.py:190} INFO - [2026-09-25T00:27:16.845+0000] {dag.py:3229} INFO - Sync 1 DAGs
[2026-09-25T00:27:16.856+0000] {logging_mixin.py:190} INFO - [2026-09-25T00:27:16.856+0000] {dag.py:4156} INFO - Setting next_dagrun for weather_etl to 2026-09-24 02:30:00+00:00, run_after=2026-09-25 02:30:00+00:00
[2026-09-25T00:27:16.863+0000] {processor.py:208} INFO - Processing /opt/airflow/dags/weather_etl.py took 0.062 seconds
[2026-09-25T00:27:47.168+0000] {processor.py:186} INFO - Started process (PID=37195) to work on /opt/airflow/dags/weather_etl.py
[2026-09-25T00:27:47.170+0000] {processor.py:914} INFO - Processing file /opt/airflow/dags/weather_etl.py for tasks to queue
[2026-09-25T00:27:47.172+0000] {logging_mixin.py:190} INFO - [2026-09-25T00:27:47.171+0000] {dagbag.py:587} INFO - Filling up the DagBag from /opt/airflow/dags/weather_etl.py
[2026-09-25T00:27:47.190+0000] {processor.py:925} INFO - DAG(s) 'weather_etl' retrieved from /opt/airflow/dags/weather_etl.py
[2026-09-25T00:27:47.198+0000] {logging_mixin.py:190} INFO - [2026-09-25T00:27:47.198+0000] {dag.py:3229} INFO - Sync 1 DAGs
[2026-09-25T00:27:47.207+0000] {logging_mixin.py:190} INFO - [2026-09-25T00:27:47.207+0000] {dag.py:4156} INFO - Setting next_dagrun for weather_etl to 2026-09-24 02:30:00+00:00, run_after=2026-09-25 02:30:00+00:00
[2026-09-25T00:27:47.213+0000] {processor.py:208} INFO - Processing /opt/airflow/dags/weather_etl.py took 0.051 seconds
[2026-09-25T00:28:17.558+0000] {processor.py:186} INFO - Started process (PID=37206) to work on /opt/airflow/dags/weather_etl.py
[2026-09-25T00:28:17.559+0000] {processor.py:914} INFO - Processing file /opt/airflow/dags/weather_etl.py for tasks to queue
[2026-09-25T00:28:17.562+0000] {logging_mixin.py:190} INFO - [2026-09-25T00:28:17.561+0000] {dagbag.py:587} INFO - Filling up the DagBag from /opt/airflow/dags/weather_etl.py
[2026-09-25T00:28:17.584+0000] {processor.py:925} INFO - DAG(s) 'weather_etl' retrieved from /opt/airflow/dags/weather_etl.py
[2026-09-25T00:28:17.597+0000] {logging_mixin.py:190} INFO - [2026-09-25T00:28:17.597+0000] {dag.py:3229} INFO - Sync 1 DAGs
[2026-09-25T00:28:17.611+0000] {logging_mixin.py:190} INFO - [2026-09-25T00:28:17.611+0000] {dag.py:4156} INFO - Setting next_dagrun for weather_etl to 2026-09-24 02:30:00+00:00, run_after=2026-09-25 02:30:00+00:00
[2026-09-25T00:28:17.624+0000] {processor.py:208} INFO - Processing /opt/airflow/dags/weather_etl.py took 0.073 seconds
[2026-09-25T00:28:47.879+0000] {processor.py:186} INFO - Started process (PID=37217) to work on /opt/airflow/dags/weather_etl.py
[2026-09-25T00:28:47.880+0000] {processor.py:914} INFO - Processing file /opt/airflow/dags/weather_etl.py for tasks to queue
[2026-09-25T00:28:47.882+0000] {logging_mixin.py:190} INFO - [2026-09-25T00:28:47.882+0000] {dagbag.py:587} INFO - Filling up the DagBag from /opt/airflow/dags/weather_etl.py
[2026-09-25T00:28:47.904+0000] {processor.py:925} INFO - DAG(s) 'weather_etl' retrieved from /opt/airflow/dags/weather_etl.py
[2026-09-25T00:28:47.915+0000] {logging_mixin.py:190} INFO - [2026-09-25T00:28:47.915+0000] {dag.py:3229} INFO - Sync 1 DAGs
[2026-09-25T00:28:47.926+0000] {logging_mixin.py:190} INFO - [2026-09-25T00:28:47.926+0000] {dag.py:4156} INFO - Setting next_dagrun for weather_etl to 2026-09-24 02:30:00+00:00, run_after=2026-09-25 02:30:00+00:00
[2026-09-25T00:28:47.934+0000] {processor.py:208} INFO - Processing /opt/airflow/dags/weather_etl.py took 0.062 seconds
[2026-09-25T00:29:18.290+0000] {processor.py:186} INFO - Started process (PID=37228) to work on /opt/airflow/dags/weather_etl.py
[2026-09-25T00:29:18.291+0000] {processor.py:914} INFO - Processing file /opt/airflow/dags/weather_etl.py for tasks to queue
[2026-09-25T00:29:18.298+0000] {logging_mixin.py:190} INFO - [2026-09-25T00:29:18.298+0000] {dagbag.py:587} INFO - Filling up the DagBag from /opt/airflow/dags/weather_etl.py
[2026-09-25T00:29:18.329+0000] {processor.py:925} INFO - DAG(s) 'weather_etl' retrieved from /opt/airflow/dags/weather_etl.py
[2026-09-25T00:29:18.344+0000] {logging_mixin.py:190} INFO - [2026-09-25T00:29:18.344+0000] {dag.py:3229} INFO - Sync 1 DAGs
[2026-09-25T00:29:18.359+0000] {logging_mixin.py:190} INFO - [2026-09-25T00:29:18.359+0000] {dag.py:4156} INFO - Setting next_dagrun for weather_etl to 2026-09-24 02:30:00+00:00, run_after=2026-09-25 02:30:00+00:00
[2026-09-25T00:29:18.373+0000] {processor.py:208} INFO - Processing /opt/airflow/dags/weather_etl.py took 0.094 seconds
[2026-09-25T00:29:48.642+0000] {processor.py:186} INFO - Started process (PID=37239) to work on /opt/airflow/dags/weather_etl.py
[2026-09-25T00:29:48.645+0000] {processor.py:914} INFO - Processing file /opt/airflow/dags/weather_etl.py for tasks to queue
[2026-09-25T00:29:48.648+0000] {logging_mixin.py:190} INFO - [2026-09-25T00:29:48.647+0000] {dagbag.py:587} INFO - Filling up the DagBag from /opt/airflow/dags/weather_etl.py
[2026-09-25T00:29:48.669+0000] {processor.py:925} INFO - DAG(s) 'weather_etl' retrieved from /opt/airflow/dags/weather_etl.py
[2026-09-25T00:29:48.678+0000] {logging_mixin.py:190} INFO - [2026-09-25T00:29:48.678+0000] {dag.py:3229} INFO - Sync 1 DAGs
[2026-09-25T00:29:48.688+0000] {logging_mixin.py:190} INFO - [2026-09-25T00:29:48.688+0000] {dag.py:4156} INFO - Setting next_dagrun for weather_etl to 2026-09-24 02:30:00+00:00, run_after=2026-09-25 02:30:00+00:00
[2026-09-25T00:29:48.695+0000] {processor.py:208} INFO - Processing /opt/airflow/dags/weather_etl.py took 0.060 seconds
[2026-09-25T00:30:19.035+0000] {processor.py:186} INFO - Started process (PID=37250) to work on /opt/airflow/dags/weather_etl.py
[2026-09-25T00:30:19.038+0000] {processor.py:914} INFO - Processing file /opt/airflow/dags/weather_etl.py for tasks to queue
[2026-09-25T00:30:19.042+0000] {logging_mixin.py:190} INFO - [2026-09-25T00:30:19.041+0000] {dagbag.py:587} INFO - Filling up the DagBag from /opt/airflow/dags/weather_etl.py
[2026-09-25T00:30:19.065+0000] {processor.py:925} INFO - DAG(s) 'weather_etl' retrieved from /opt/airflow/dags/weather_etl.py
[2026-09-25T00:30:19.075+0000] {logging_mixin.py:190} INFO - [2026-09-25T00:30:19.075+0000] {dag.py:3229} INFO - Sync 1 DAGs
[2026-09-25T00:30:19.087+0000] {logging_mixin.py:190} INFO - [2026-09-25T00:30:19.087+0000] {dag.py:4156} INFO - Setting next_dagrun for weather_etl to 2026-09-24 02:30:00+00:00, run_after=2026-09-25 02:30:00+00:00
[2026-09-25T00:30:19.095+0000] {processor.py:208} INFO - Processing /opt/airflow/dags/weather_etl.py took 0.067 seconds
[2026-09-25T00:30:49.349+0000] {processor.py:186} INFO - Started process (PID=37261) to work on /opt/airflow/dags/weather_etl.py
[2026-09-25T00:30:49.351+0000] {processor.py:914} INFO - Processing file /opt/airflow/dags/weather_etl.py for tasks to queue
[2026-09-25T00:30:49.353+0000] {logging_mixin.py:190} INFO - [2026-09-25T00:30:49.353+0000] {dagbag.py:587} INFO - Filling up the DagBag from /opt/airflow/dags/weather_etl.py
[2026-09-25T00:30:49.370+0000] {processor.py:925} INFO - DAG(s) 'weather_etl' retrieved from /opt/airflow/dags/weather_etl.py
[2026-09-25T00:30:49.378+0000] {logging_mixin.py:190} INFO - [2026-09-25T00:30:49.378+0000] {dag.py:3229} INFO - Sync 1 DAGs
[2026-09-25T00:30:49.387+0000] {logging_mixin.py:190} INFO - [2026-09-25T00:30:49.387+0000] {dag.py:4156} INFO - Setting next_dagrun for weather_etl to 2026-09-24 02:30:00+00:00, run_after=2026-09-25 02:30:00+00:00
[2026-09-25T00:30:49.394+0000] {processor.py:208} INFO - Processing /opt/airflow/dags/weather_etl.py took 0.051 seconds
[2026-09-25T00:31:19.719+0000] {processor.py:186} INFO - Started process (PID=37272) to work on /opt/airflow/dags/weather_etl.py
[2026-09-25T00:31:19.722+0000] {processor.py:914} INFO - Processing file /opt/airflow/dags/weather_etl.py for tasks to queue
[2026-09-25T00:31:19.724+0000] {logging_mixin.py:190} INFO - [2026-09-25T00:31:19.724+0000] {dagbag.py:587} INFO - Filling up the DagBag from /opt/airflow/dags/weather_etl.py
[2026-09-25T00:31:19.742+0000] {processor.py:925} INFO - DAG(s) 'weather_etl' retrieved from /opt/airflow/dags/weather_etl.py
[2026-09-25T00:31:19.751+0000] {logging_mixin.py:190} INFO - [2026-09-25T00:31:19.750+0000] {dag.py:3229} INFO - Sync 1 DAGs
[2026-09-25T00:31:19.763+0000] {logging_mixin.py:190} INFO - [2026-09-25T00:31:19.763+0000] {dag.py:4156} INFO - Setting next_dagrun for weather_etl to 2026-09-24 02:30:00+00:00, run_after=2026-09-25 02:30:00+00:00
[2026-09-25T00:31:19.770+0000] {processor.py:208} INFO - Processing /opt/airflow/dags/weather_etl.py took 0.057 seconds
[2026-09-25T00:31:50.096+0000] {processor.py:186} INFO - Started process (PID=37283) to work on /opt/airflow/dags/weather_etl.py
[2026-09-25T00:31:50.098+0000] {processor.py:914} INFO - Processing file /opt/airflow/dags/weather_etl.py for tasks to queue
[2026-09-25T00:31:50.101+0000] {logging_mixin.py:190} INFO - [2026-09-25T00:31:50.100+0000] {dagbag.py:587} INFO - Filling up the DagBag from /opt/airflow/dags/weather_etl.py
[2026-09-25T00:31:50.119+0000] {processor.py:925} INFO - DAG(s) 'weather_etl' retrieved from /opt/airflow/dags/weather_etl.py
[2026-09-25T00:31:50.128+0000] {logging_mixin.py:190} INFO - [2026-09-25T00:31:50.127+0000] {dag.py:3229} INFO - Sync 1 DAGs
[2026-09-25T00:31:50.138+0000] {logging_mixin.py:190} INFO - [2026-09-25T00:31:50.138+0000] {dag.py:4156} INFO - Setting next_dagrun for weather_etl to 2026-09-24 02:30:00+00:00, run_after=2026-09-25 02:30:00+00:00
[2026-09-25T00:31:50.145+0000] {processor.py:208} INFO - Processing /opt/airflow/dags/weather_etl.py took 0.055 seconds
[2026-09-25T00:32:20.461+0000] {processor.py:186} INFO - Started process (PID=37294) to work on /opt/airflow/dags/weather_etl.py
[2026-09-25T00:32:20.463+0000] {processor.py:914} INFO - Processing file /opt/airflow/dags/weather_etl.py for tasks to queue
[2026-09-25T00:32:20.465+0000] {logging_mixin.py:190} INFO - [2026-09-25T00:32:20.465+0000] {dagbag.py:587} INFO - Filling up the DagBag from /opt/airflow/dags/weather_etl.py
[2026-09-25T00:32:20.482+0000] {processor.py:925} INFO - DAG(s) 'weather_etl' retrieved from /opt/airflow/dags/weather_etl.py
[2026-09-25T00:32:20.491+0000] {logging_mixin.py:190} INFO - [2026-09-25T00:32:20.490+0000] {dag.py:3229} INFO - Sync 1 DAGs
[2026-09-25T00:32:20.500+0000] {logging_mixin.py:190} INFO - [2026-09-25T00:32:20.500+0000] {dag.py:4156} INFO - Setting next_dagrun for weather_etl to 2026-09-24 02:30:00+00:00, run_after=2026-09-25 02:30:00+00:00
[2026-09-25T00:32:20.506+0000] {processor.py:208} INFO - Processing /opt/airflow/dags/weather_etl.py took 0.051 seconds
[2026-09-25T00:32:50.772+0000] {processor.py:186} INFO - Started process (PID=37305) to work on /opt/airflow/dags/weather_etl.py
[2026-09-25T00:32:50.773+0000] {processor.py:914} INFO - Processing file /opt/airflow/dags/weather_etl.py for tasks to queue
[2026-09-25T00:32:50.775+0000] {logging_mixin.py:190} INFO - [2026-09-25T00:32:50.775+0000] {dagbag.py:587} INFO - Filling up the DagBag from /opt/airflow/dags/weather_etl.py
[2026-09-25T00:32:50.793+0000] {processor.py:925} INFO - DAG(s) 'weather_etl' retrieved from /opt/airflow/dags/weather_etl.py
[2026-09-25T00:32:50.802+0000] {logging_mixin.py:190} INFO - [2026-09-25T00:32:50.802+0000] {dag.py:3229} INFO - Sync 1 DAGs
[2026-09-25T00:32:50.812+0000] {logging_mixin.py:190} INFO - [2026-09-25T00:32:50.812+0000] {dag.py:4156} INFO - Setting next_dagrun for weather_etl to 2026-09-24 02:30:00+00:00, run_after=2026-09-25 02:30:00+00:00
[2026-09-25T00:32:50.819+0000] {processor.py:208} INFO - Processing /opt/airflow/dags/weather_etl.py took 0.052 seconds
[2026-09-25T00:33:21.063+0000] {processor.py:186} INFO - Started process (PID=37316) to work on /opt/airflow/dags/weather_etl.py
[2026-09-25T00:33:21.065+0000] {processor.py:914} INFO - Processing file /opt/airflow/dags/weather_etl.py for tasks to queue
[2026-09-25T00:33:21.067+0000] {logging_mixin.py:190} INFO - [2026-09-25T00:33:21.067+0000] {dagbag.py:587} INFO - Filling up the DagBag from /opt/airflow/dags/weather_etl.py
[2026-09-25T00:33:21.088+0000] {processor.py:925} INFO - DAG(s) 'weather_etl' retrieved from /opt/airflow/dags/weather_etl.py
[2026-09-25T00:33:21.096+0000] {logging_mixin.py:190} INFO - [2026-09-25T00:33:21.096+0000] {dag.py:3229} INFO - Sync 1 DAGs
[2026-09-25T00:33:21.106+0000] {logging_mixin.py:190} INFO - [2026-09-25T00:33:21.106+0000] {dag.py:4156} INFO - Setting next_dagrun for weather_etl to 2026-09-24 02:30:00+00:00, run_after=2026-09-25 02:30:00+00:00
[2026-09-25T00:33:21.113+0000] {processor.py:208} INFO - Processing /opt/airflow/dags/weather_etl.py took 0.057 seconds
[2026-09-25T00:33:51.421+0000] {processor.py:186} INFO - Started process (PID=37327) to work on /opt/airflow/dags/weather_etl.py
[2026-09-25T00:33:51.423+0000] {processor.py:914} INFO - Processing file /opt/airflow/dags/weather_etl.py for tasks to queue
[2026-09-25T00:33:51.425+0000] {logging_mixin.py:190} INFO - [2026-09-25T00:33:51.424+0000] {dagbag.py:587} INFO - Filling up the DagBag from /opt/airflow/dags/weather_etl.py
[2026-09-25T00:33:51.443+0000] {processor.py:925} INFO - DAG(s) 'weather_etl' retrieved from /opt/airflow/dags/weather_etl.py
[2026-09-25T00:33:51.451+0000] {logging_mixin.py:190} INFO - [2026-09-25T00:33:51.451+0000] {dag.py:3229} INFO - Sync 1 DAGs
[2026-09-25T00:33:51.462+0000] {logging_mixin.py:190} INFO - [2026-09-25T00:33:51.462+0000] {dag.py:4156} INFO - Setting next_dagrun for weather_etl to 2026-09-24 02:30:00+00:00, run_after=2026-09-25 02:30:00+00:00
[2026-09-25T00:33:51.469+0000] {processor.py:208} INFO - Processing /opt/airflow/dags/weather_etl.py took 0.054 seconds
[2026-09-25T00:34:21.797+0000] {processor.py:186} INFO - Started process (PID=37338) to work on /opt/airflow/dags/weather_etl.py
[2026-09-25T00:34:21.799+0000] {processor.py:914} INFO - Processing file /opt/airflow/dags/weather_etl.py for tasks to queue
[2026-09-25T00:34:21.801+0000] {logging_mixin.py:190} INFO - [2026-09-25T00:34:21.801+0000] {dagbag.py:587} INFO - Filling up the DagBag from /opt/airflow/dags/weather_etl.py
[2026-09-25T00:34:21.819+0000] {processor.py:925} INFO - DAG(s) 'weather_etl' retrieved from /opt/airflow/dags/weather_etl.py
[2026-09-25T00:34:21.828+0000] {logging_mixin.py:190} INFO - [2026-09-25T00:34:21.827+0000] {dag.py:3229} INFO - Sync 1 DAGs
[2026-09-25T00:34:21.838+0000] {logging_mixin.py:190} INFO - [2026-09-25T00:34:21.838+0000] {dag.py:4156} INFO - Setting next_dagrun for weather_etl to 2026-09-24 02:30:00+00:00, run_after=2026-09-25 02:30:00+00:00
[2026-09-25T00:34:21.845+0000] {processor.py:208} INFO - Processing /opt/airflow/dags/weather_etl.py took 0.053 seconds
[2026-09-25T00:34:52.198+0000] {processor.py:186} INFO - Started process (PID=37349) to work on /opt/airflow/dags/weather_etl.py
[2026-09-25T00:34:52.199+0000] {processor.py:914} INFO - Processing file /opt/airflow/dags/weather_etl.py for tasks to queue
[2026-09-25T00:34:52.201+0000] {logging_mixin.py:190} INFO - [2026-09-25T00:34:52.201+0000] {dagbag.py:587} INFO - Filling up the DagBag from /opt/airflow/dags/weather_etl.py
[2026-09-25T00:34:52.219+0000] {processor.py:925} INFO - DAG(s) 'weather_etl' retrieved from /opt/airflow/dags/weather_etl.py
[2026-09-25T00:34:52.227+0000] {logging_mixin.py:190} INFO - [2026-09-25T00:34:52.227+0000] {dag.py:3229} INFO - Sync 1 DAGs
[2026-09-25T00:34:52.237+0000] {logging_mixin.py:190} INFO - [2026-09-25T00:34:52.237+0000] {dag.py:4156} INFO - Setting next_dagrun for weather_etl to 2026-09-24 02:30:00+00:00, run_after=2026-09-25 02:30:00+00:00
[2026-09-25T00:34:52.243+0000] {processor.py:208} INFO - Processing /opt/airflow/dags/weather_etl.py took 0.052 seconds
[2026-09-25T00:35:22.599+0000] {processor.py:186} INFO - Started process (PID=37360) to work on /opt/airflow/dags/weather_etl.py
[2026-09-25T00:35:22.600+0000] {processor.py:914} INFO - Processing file /opt/airflow/dags/weather_etl.py for tasks to queue
[2026-09-25T00:35:22.602+0000] {logging_mixin.py:190} INFO - [2026-09-25T00:35:22.602+0000] {dagbag.py:587} INFO - Filling up the DagBag from /opt/airflow/dags/weather_etl.py
[2026-09-25T00:35:22.618+0000] {processor.py:925} INFO - DAG(s) 'weather_etl' retrieved from /opt/airflow/dags/weather_etl.py
[2026-09-25T00:35:22.627+0000] {logging_mixin.py:190} INFO - [2026-09-25T00:35:22.627+0000] {dag.py:3229} INFO - Sync 1 DAGs
[2026-09-25T00:35:22.637+0000] {logging_mixin.py:190} INFO - [2026-09-25T00:35:22.637+0000] {dag.py:4156} INFO - Setting next_dagrun for weather_etl to 2026-09-24 02:30:00+00:00, run_after=2026-09-25 02:30:00+00:00
[2026-09-25T00:35:22.643+0000] {processor.py:208} INFO - Processing /opt/airflow/dags/weather_etl.py took 0.051 seconds
[2026-09-25T00:35:52.960+0000] {processor.py:186} INFO - Started process (PID=37371) to work on /opt/airflow/dags/weather_etl.py
[2026-09-25T00:35:52.962+0000] {processor.py:914} INFO - Processing file /opt/airflow/dags/weather_etl.py for tasks to queue
[2026-09-25T00:35:52.965+0000] {logging_mixin.py:190} INFO - [2026-09-25T00:35:52.965+0000] {dagbag.py:587} INFO - Filling up the DagBag from /opt/airflow/dags/weather_etl.py
[2026-09-25T00:35:52.988+0000] {processor.py:925} INFO - DAG(s) 'weather_etl' retrieved from /opt/airflow/dags/weather_etl.py
[2026-09-25T00:35:52.999+0000] {logging_mixin.py:190} INFO - [2026-09-25T00:35:52.999+0000] {dag.py:3229} INFO - Sync 1 DAGs
[2026-09-25T00:35:53.011+0000] {logging_mixin.py:190} INFO - [2026-09-25T00:35:53.011+0000] {dag.py:4156} INFO - Setting next_dagrun for weather_etl to 2026-09-24 02:30:00+00:00, run_after=2026-09-25 02:30:00+00:00
[2026-09-25T00:35:53.018+0000] {processor.py:208} INFO - Processing /opt/airflow/dags/weather_etl.py took 0.065 seconds
[2026-09-25T00:36:23.348+0000] {processor.py:186} INFO - Started process (PID=37388) to work on /opt/airflow/dags/weather_etl.py
[2026-09-25T00:36:23.350+0000] {processor.py:914} INFO - Processing file /opt/airflow/dags/weather_etl.py for tasks to queue
[2026-09-25T00:36:23.353+0000] {logging_mixin.py:190} INFO - [2026-09-25T00:36:23.352+0000] {dagbag.py:587} INFO - Filling up the DagBag from /opt/airflow/dags/weather_etl.py
[2026-09-25T00:36:23.371+0000] {processor.py:925} INFO - DAG(s) 'weather_etl' retrieved from /opt/airflow/dags/weather_etl.py
[2026-09-25T00:36:23.380+0000] {logging_mixin.py:190} INFO - [2026-09-25T00:36:23.379+0000] {dag.py:3229} INFO - Sync 1 DAGs
[2026-09-25T00:36:23.389+0000] {logging_mixin.py:190} INFO - [2026-09-25T00:36:23.389+0000] {dag.py:4156} INFO - Setting next_dagrun for weather_etl to 2026-09-24 02:30:00+00:00, run_after=2026-09-25 02:30:00+00:00
[2026-09-25T00:36:23.396+0000] {processor.py:208} INFO - Processing /opt/airflow/dags/weather_etl.py took 0.055 seconds
[2026-09-25T00:36:53.683+0000] {processor.py:186} INFO - Started process (PID=37399) to work on /opt/airflow/dags/weather_etl.py
[2026-09-25T00:36:53.684+0000] {processor.py:914} INFO - Processing file /opt/airflow/dags/weather_etl.py for tasks to queue
[2026-09-25T00:36:53.687+0000] {logging_mixin.py:190} INFO - [2026-09-25T00:36:53.686+0000] {dagbag.py:587} INFO - Filling up the DagBag from /opt/airflow/dags/weather_etl.py
[2026-09-25T00:36:53.707+0000] {processor.py:925} INFO - DAG(s) 'weather_etl' retrieved from /opt/airflow/dags/weather_etl.py
[2026-09-25T00:36:53.718+0000] {logging_mixin.py:190} INFO - [2026-09-25T00:36:53.717+0000] {dag.py:3229} INFO - Sync 1 DAGs
[2026-09-25T00:36:53.730+0000] {logging_mixin.py:190} INFO - [2026-09-25T00:36:53.730+0000] {dag.py:4156} INFO - Setting next_dagrun for weather_etl to 2026-09-24 02:30:00+00:00, run_after=2026-09-25 02:30:00+00:00
[2026-09-25T00:36:53.738+0000] {processor.py:208} INFO - Processing /opt/airflow/dags/weather_etl.py took 0.060 seconds
[2026-09-25T00:37:24.066+0000] {processor.py:186} INFO - Started process (PID=37410) to work on /opt/airflow/dags/weather_etl.py
[2026-09-25T00:37:24.067+0000] {processor.py:914} INFO - Processing file /opt/airflow/dags/weather_etl.py for tasks to queue
[2026-09-25T00:37:24.070+0000] {logging_mixin.py:190} INFO - [2026-09-25T00:37:24.070+0000] {dagbag.py:587} INFO - Filling up the DagBag from /opt/airflow/dags/weather_etl.py
[2026-09-25T00:37:24.090+0000] {processor.py:925} INFO - DAG(s) 'weather_etl' retrieved from /opt/airflow/dags/weather_etl.py
[2026-09-25T00:37:24.100+0000] {logging_mixin.py:190} INFO - [2026-09-25T00:37:24.100+0000] {dag.py:3229} INFO - Sync 1 DAGs
[2026-09-25T00:37:24.111+0000] {logging_mixin.py:190} INFO - [2026-09-25T00:37:24.111+0000] {dag.py:4156} INFO - Setting next_dagrun for weather_etl to 2026-09-24 02:30:00+00:00, run_after=2026-09-25 02:30:00+00:00
[2026-09-25T00:37:24.118+0000] {processor.py:208} INFO - Processing /opt/airflow/dags/weather_etl.py took 0.060 seconds
[2026-09-25T00:37:54.436+0000] {processor.py:186} INFO - Started process (PID=37421) to work on /opt/airflow/dags/weather_etl.py
[2026-09-25T00:37:54.439+0000] {processor.py:914} INFO - Processing file /opt/airflow/dags/weather_etl.py for tasks to queue
[2026-09-25T00:37:54.443+0000] {logging_mixin.py:190} INFO - [2026-09-25T00:37:54.442+0000] {dagbag.py:587} INFO - Filling up the DagBag from /opt/airflow/dags/weather_etl.py
[2026-09-25T00:37:54.467+0000] {processor.py:925} INFO - DAG(s) 'weather_etl' retrieved from /opt/airflow/dags/weather_etl.py
[2026-09-25T00:37:54.479+0000] {logging_mixin.py:190} INFO - [2026-09-25T00:37:54.478+0000] {dag.py:3229} INFO - Sync 1 DAGs
[2026-09-25T00:37:54.490+0000] {logging_mixin.py:190} INFO - [2026-09-25T00:37:54.490+0000] {dag.py:4156} INFO - Setting next_dagrun for weather_etl to 2026-09-24 02:30:00+00:00, run_after=2026-09-25 02:30:00+00:00
[2026-09-25T00:37:54.498+0000] {processor.py:208} INFO - Processing /opt/airflow/dags/weather_etl.py took 0.070 seconds
[2026-09-25T00:38:24.792+0000] {processor.py:186} INFO - Started process (PID=37432) to work on /opt/airflow/dags/weather_etl.py
[2026-09-25T00:38:24.794+0000] {processor.py:914} INFO - Processing file /opt/airflow/dags/weather_etl.py for tasks to queue
[2026-09-25T00:38:24.796+0000] {logging_mixin.py:190} INFO - [2026-09-25T00:38:24.796+0000] {dagbag.py:587} INFO - Filling up the DagBag from /opt/airflow/dags/weather_etl.py
[2026-09-25T00:38:24.816+0000] {processor.py:925} INFO - DAG(s) 'weather_etl' retrieved from /opt/airflow/dags/weather_etl.py
[2026-09-25T00:38:24.824+0000] {logging_mixin.py:190} INFO - [2026-09-25T00:38:24.824+0000] {dag.py:3229} INFO - Sync 1 DAGs
[2026-09-25T00:38:24.835+0000] {logging_mixin.py:190} INFO - [2026-09-25T00:38:24.834+0000] {dag.py:4156} INFO - Setting next_dagrun for weather_etl to 2026-09-24 02:30:00+00:00, run_after=2026-09-25 02:30:00+00:00
[2026-09-25T00:38:24.841+0000] {processor.py:208} INFO - Processing /opt/airflow/dags/weather_etl.py took 0.057 seconds
[2026-09-25T00:38:55.173+0000] {processor.py:186} INFO - Started process (PID=37443) to work on /opt/airflow/dags/weather_etl.py
[2026-09-25T00:38:55.174+0000] {processor.py:914} INFO - Processing file /opt/airflow/dags/weather_etl.py for tasks to queue
[2026-09-25T00:38:55.176+0000] {logging_mixin.py:190} INFO - [2026-09-25T00:38:55.176+0000] {dagbag.py:587} INFO - Filling up the DagBag from /opt/airflow/dags/weather_etl.py
[2026-09-25T00:38:55.194+0000] {processor.py:925} INFO - DAG(s) 'weather_etl' retrieved from /opt/airflow/dags/weather_etl.py
[2026-09-25T00:38:55.202+0000] {logging_mixin.py:190} INFO - [2026-09-25T00:38:55.202+0000] {dag.py:3229} INFO - Sync 1 DAGs
[2026-09-25T00:38:55.211+0000] {logging_mixin.py:190} INFO - [2026-09-25T00:38:55.211+0000] {dag.py:4156} INFO - Setting next_dagrun for weather_etl to 2026-09-24 02:30:00+00:00, run_after=2026-09-25 02:30:00+00:00
[2026-09-25T00:38:55.220+0000] {processor.py:208} INFO - Processing /opt/airflow/dags/weather_etl.py took 0.052 seconds
[2026-09-25T00:39:25.517+0000] {processor.py:186} INFO - Started process (PID=37454) to work on /opt/airflow/dags/weather_etl.py
[2026-09-25T00:39:25.519+0000] {processor.py:914} INFO - Processing file /opt/airflow/dags/weather_etl.py for tasks to queue
[2026-09-25T00:39:25.521+0000] {logging_mixin.py:190} INFO - [2026-09-25T00:39:25.521+0000] {dagbag.py:587} INFO - Filling up the DagBag from /opt/airflow/dags/weather_etl.py
[2026-09-25T00:39:25.539+0000] {processor.py:925} INFO - DAG(s) 'weather_etl' retrieved from /opt/airflow/dags/weather_etl.py
[2026-09-25T00:39:25.548+0000] {logging_mixin.py:190} INFO - [2026-09-25T00:39:25.547+0000] {dag.py:3229} INFO - Sync 1 DAGs
[2026-09-25T00:39:25.558+0000] {logging_mixin.py:190} INFO - [2026-09-25T00:39:25.558+0000] {dag.py:4156} INFO - Setting next_dagrun for weather_etl to 2026-09-24 02:30:00+00:00, run_after=2026-09-25 02:30:00+00:00
[2026-09-25T00:39:25.564+0000] {processor.py:208} INFO - Processing /opt/airflow/dags/weather_etl.py took 0.053 seconds
[2026-09-25T00:39:55.895+0000] {processor.py:186} INFO - Started process (PID=37465) to work on /opt/airflow/dags/weather_etl.py
[2026-09-25T00:39:55.896+0000] {processor.py:914} INFO - Processing file /opt/airflow/dags/weather_etl.py for tasks to queue
[2026-09-25T00:39:55.898+0000] {logging_mixin.py:190} INFO - [2026-09-25T00:39:55.898+0000] {dagbag.py:587} INFO - Filling up the DagBag from /opt/airflow/dags/weather_etl.py
[2026-09-25T00:39:55.913+0000] {processor.py:925} INFO - DAG(s) 'weather_etl' retrieved from /opt/airflow/dags/weather_etl.py
[2026-09-25T00:39:55.921+0000] {logging_mixin.py:190} INFO - [2026-09-25T00:39:55.921+0000] {dag.py:3229} INFO - Sync 1 DAGs
[2026-09-25T00:39:55.930+0000] {logging_mixin.py:190} INFO - [2026-09-25T00:39:55.930+0000] {dag.py:4156} INFO - Setting next_dagrun for weather_etl to 2026-09-24 02:30:00+00:00, run_after=2026-09-25 02:30:00+00:00
[2026-09-25T00:39:55.936+0000] {processor.py:208} INFO - Processing /opt/airflow/dags/weather_etl.py took 0.045 seconds
[2026-09-25T00:40:26.245+0000] {processor.py:186} INFO - Started process (PID=37476) to work on /opt/airflow/dags/weather_etl.py
[2026-09-25T00:40:26.247+0000] {processor.py:914} INFO - Processing file /opt/airflow/dags/weather_etl.py for tasks to queue
[2026-09-25T00:40:26.249+0000] {logging_mixin.py:190} INFO - [2026-09-25T00:40:26.249+0000] {dagbag.py:587} INFO - Filling up the DagBag from /opt/airflow/dags/weather_etl.py
[2026-09-25T00:40:26.267+0000] {processor.py:925} INFO - DAG(s) 'weather_etl' retrieved from /opt/airflow/dags/weather_etl.py
[2026-09-25T00:40:26.275+0000] {logging_mixin.py:190} INFO - [2026-09-25T00:40:26.275+0000] {dag.py:3229} INFO - Sync 1 DAGs
[2026-09-25T00:40:26.285+0000] {logging_mixin.py:190} INFO - [2026-09-25T00:40:26.285+0000] {dag.py:4156} INFO - Setting next_dagrun for weather_etl to 2026-09-24 02:30:00+00:00, run_after=2026-09-25 02:30:00+00:00
[2026-09-25T00:40:26.291+0000] {processor.py:208} INFO - Processing /opt/airflow/dags/weather_etl.py took 0.051 seconds
[2026-09-25T00:40:56.592+0000] {processor.py:186} INFO - Started process (PID=37487) to work on /opt/airflow/dags/weather_etl.py
[2026-09-25T00:40:56.593+0000] {processor.py:914} INFO - Processing file /opt/airflow/dags/weather_etl.py for tasks to queue
[2026-09-25T00:40:56.595+0000] {logging_mixin.py:190} INFO - [2026-09-25T00:40:56.595+0000] {dagbag.py:587} INFO - Filling up the DagBag from /opt/airflow/dags/weather_etl.py
[2026-09-25T00:40:56.612+0000] {processor.py:925} INFO - DAG(s) 'weather_etl' retrieved from /opt/airflow/dags/weather_etl.py
[2026-09-25T00:40:56.621+0000] {logging_mixin.py:190} INFO - [2026-09-25T00:40:56.621+0000] {dag.py:3229} INFO - Sync 1 DAGs
[2026-09-25T00:40:56.631+0000] {logging_mixin.py:190} INFO - [2026-09-25T00:40:56.631+0000] {dag.py:4156} INFO - Setting next_dagrun for weather_etl to 2026-09-24 02:30:00+00:00, run_after=2026-09-25 02:30:00+00:00
[2026-09-25T00:40:56.637+0000] {processor.py:208} INFO - Processing /opt/airflow/dags/weather_etl.py took 0.051 seconds
[2026-09-25T00:41:26.949+0000] {processor.py:186} INFO - Started process (PID=37498) to work on /opt/airflow/dags/weather_etl.py
[2026-09-25T00:41:26.951+0000] {processor.py:914} INFO - Processing file /opt/airflow/dags/weather_etl.py for tasks to queue
[2026-09-25T00:41:26.953+0000] {logging_mixin.py:190} INFO - [2026-09-25T00:41:26.953+0000] {dagbag.py:587} INFO - Filling up the DagBag from /opt/airflow/dags/weather_etl.py
[2026-09-25T00:41:26.969+0000] {processor.py:925} INFO - DAG(s) 'weather_etl' retrieved from /opt/airflow/dags/weather_etl.py
[2026-09-25T00:41:26.976+0000] {logging_mixin.py:190} INFO - [2026-09-25T00:41:26.976+0000] {dag.py:3229} INFO - Sync 1 DAGs
[2026-09-25T00:41:26.986+0000] {logging_mixin.py:190} INFO - [2026-09-25T00:41:26.986+0000] {dag.py:4156} INFO - Setting next_dagrun for weather_etl to 2026-09-24 02:30:00+00:00, run_after=2026-09-25 02:30:00+00:00
[2026-09-25T00:41:26.992+0000] {processor.py:208} INFO - Processing /opt/airflow/dags/weather_etl.py took 0.048 seconds
[2026-09-25T00:41:57.274+0000] {processor.py:186} INFO - Started process (PID=37509) to work on /opt/airflow/dags/weather_etl.py
[2026-09-25T00:41:57.275+0000] {processor.py:914} INFO - Processing file /opt/airflow/dags/weather_etl.py for tasks to queue
[2026-09-25T00:41:57.277+0000] {logging_mixin.py:190} INFO - [2026-09-25T00:41:57.277+0000] {dagbag.py:587} INFO - Filling up the DagBag from /opt/airflow/dags/weather_etl.py
[2026-09-25T00:41:57.292+0000] {processor.py:925} INFO - DAG(s) 'weather_etl' retrieved from /opt/airflow/dags/weather_etl.py
[2026-09-25T00:41:57.301+0000] {logging_mixin.py:190} INFO - [2026-09-25T00:41:57.301+0000] {dag.py:3229} INFO - Sync 1 DAGs
[2026-09-25T00:41:57.312+0000] {logging_mixin.py:190} INFO - [2026-09-25T00:41:57.312+0000] {dag.py:4156} INFO - Setting next_dagrun for weather_etl to 2026-09-24 02:30:00+00:00, run_after=2026-09-25 02:30:00+00:00
[2026-09-25T00:41:57.318+0000] {processor.py:208} INFO - Processing /opt/airflow/dags/weather_etl.py took 0.049 seconds
[2026-09-25T00:42:27.638+0000] {processor.py:186} INFO - Started process (PID=37520) to work on /opt/airflow/dags/weather_etl.py
[2026-09-25T00:42:27.641+0000] {processor.py:914} INFO - Processing file /opt/airflow/dags/weather_etl.py for tasks to queue
[2026-09-25T00:42:27.643+0000] {logging_mixin.py:190} INFO - [2026-09-25T00:42:27.643+0000] {dagbag.py:587} INFO - Filling up the DagBag from /opt/airflow/dags/weather_etl.py
[2026-09-25T00:42:27.661+0000] {processor.py:925} INFO - DAG(s) 'weather_etl' retrieved from /opt/airflow/dags/weather_etl.py
[2026-09-25T00:42:27.670+0000] {logging_mixin.py:190} INFO - [2026-09-25T00:42:27.670+0000] {dag.py:3229} INFO - Sync 1 DAGs
[2026-09-25T00:42:27.680+0000] {logging_mixin.py:190} INFO - [2026-09-25T00:42:27.680+0000] {dag.py:4156} INFO - Setting next_dagrun for weather_etl to 2026-09-24 02:30:00+00:00, run_after=2026-09-25 02:30:00+00:00
[2026-09-25T00:42:27.687+0000] {processor.py:208} INFO - Processing /opt/airflow/dags/weather_etl.py took 0.055 seconds
[2026-09-25T00:42:58.082+0000] {processor.py:186} INFO - Started process (PID=37531) to work on /opt/airflow/dags/weather_etl.py
[2026-09-25T00:42:58.083+0000] {processor.py:914} INFO - Processing file /opt/airflow/dags/weather_etl.py for tasks to queue
[2026-09-25T00:42:58.087+0000] {logging_mixin.py:190} INFO - [2026-09-25T00:42:58.086+0000] {dagbag.py:587} INFO - Filling up the DagBag from /opt/airflow/dags/weather_etl.py
[2026-09-25T00:42:58.113+0000] {processor.py:925} INFO - DAG(s) 'weather_etl' retrieved from /opt/airflow/dags/weather_etl.py
[2026-09-25T00:42:58.126+0000] {logging_mixin.py:190} INFO - [2026-09-25T00:42:58.126+0000] {dag.py:3229} INFO - Sync 1 DAGs
[2026-09-25T00:42:58.139+0000] {logging_mixin.py:190} INFO - [2026-09-25T00:42:58.139+0000] {dag.py:4156} INFO - Setting next_dagrun for weather_etl to 2026-09-24 02:30:00+00:00, run_after=2026-09-25 02:30:00+00:00
[2026-09-25T00:42:58.146+0000] {processor.py:208} INFO - Processing /opt/airflow/dags/weather_etl.py took 0.071 seconds
[2026-09-25T00:50:05.177+0000] {processor.py:186} INFO - Started process (PID=37536) to work on /opt/airflow/dags/weather_etl.py
[2026-09-25T00:50:05.178+0000] {processor.py:914} INFO - Processing file /opt/airflow/dags/weather_etl.py for tasks to queue
[2026-09-25T00:50:05.180+0000] {logging_mixin.py:190} INFO - [2026-09-25T00:50:05.180+0000] {dagbag.py:587} INFO - Filling up the DagBag from /opt/airflow/dags/weather_etl.py
[2026-09-25T00:50:05.195+0000] {processor.py:925} INFO - DAG(s) 'weather_etl' retrieved from /opt/airflow/dags/weather_etl.py
[2026-09-25T00:50:05.204+0000] {logging_mixin.py:190} INFO - [2026-09-25T00:50:05.204+0000] {dag.py:3229} INFO - Sync 1 DAGs
[2026-09-25T00:50:05.214+0000] {logging_mixin.py:190} INFO - [2026-09-25T00:50:05.214+0000] {dag.py:4156} INFO - Setting next_dagrun for weather_etl to 2026-09-24 02:30:00+00:00, run_after=2026-09-25 02:30:00+00:00
[2026-09-25T00:50:05.221+0000] {processor.py:208} INFO - Processing /opt/airflow/dags/weather_etl.py took 0.050 seconds
[2026-09-25T00:50:35.648+0000] {processor.py:186} INFO - Started process (PID=37547) to work on /opt/airflow/dags/weather_etl.py
[2026-09-25T00:50:35.650+0000] {processor.py:914} INFO - Processing file /opt/airflow/dags/weather_etl.py for tasks to queue
[2026-09-25T00:50:35.652+0000] {logging_mixin.py:190} INFO - [2026-09-25T00:50:35.652+0000] {dagbag.py:587} INFO - Filling up the DagBag from /opt/airflow/dags/weather_etl.py
[2026-09-25T00:50:35.670+0000] {processor.py:925} INFO - DAG(s) 'weather_etl' retrieved from /opt/airflow/dags/weather_etl.py
[2026-09-25T00:50:35.678+0000] {logging_mixin.py:190} INFO - [2026-09-25T00:50:35.678+0000] {dag.py:3229} INFO - Sync 1 DAGs
[2026-09-25T00:50:35.688+0000] {logging_mixin.py:190} INFO - [2026-09-25T00:50:35.688+0000] {dag.py:4156} INFO - Setting next_dagrun for weather_etl to 2026-09-24 02:30:00+00:00, run_after=2026-09-25 02:30:00+00:00
[2026-09-25T00:50:35.696+0000] {processor.py:208} INFO - Processing /opt/airflow/dags/weather_etl.py took 0.055 seconds
[2026-09-25T00:53:29.502+0000] {processor.py:186} INFO - Started process (PID=37558) to work on /opt/airflow/dags/weather_etl.py
[2026-09-25T00:53:29.504+0000] {processor.py:914} INFO - Processing file /opt/airflow/dags/weather_etl.py for tasks to queue
[2026-09-25T00:53:29.506+0000] {logging_mixin.py:190} INFO - [2026-09-25T00:53:29.506+0000] {dagbag.py:587} INFO - Filling up the DagBag from /opt/airflow/dags/weather_etl.py
[2026-09-25T00:53:29.523+0000] {processor.py:925} INFO - DAG(s) 'weather_etl' retrieved from /opt/airflow/dags/weather_etl.py
[2026-09-25T00:53:29.532+0000] {logging_mixin.py:190} INFO - [2026-09-25T00:53:29.532+0000] {dag.py:3229} INFO - Sync 1 DAGs
[2026-09-25T00:53:29.542+0000] {logging_mixin.py:190} INFO - [2026-09-25T00:53:29.542+0000] {dag.py:4156} INFO - Setting next_dagrun for weather_etl to 2026-09-24 02:30:00+00:00, run_after=2026-09-25 02:30:00+00:00
[2026-09-25T00:53:29.549+0000] {processor.py:208} INFO - Processing /opt/airflow/dags/weather_etl.py took 0.053 seconds
[2026-09-25T00:59:38.344+0000] {processor.py:186} INFO - Started process (PID=37569) to work on /opt/airflow/dags/weather_etl.py
[2026-09-25T00:59:38.346+0000] {processor.py:914} INFO - Processing file /opt/airflow/dags/weather_etl.py for tasks to queue
[2026-09-25T00:59:38.355+0000] {logging_mixin.py:190} INFO - [2026-09-25T00:59:38.354+0000] {dagbag.py:587} INFO - Filling up the DagBag from /opt/airflow/dags/weather_etl.py
[2026-09-25T00:59:38.399+0000] {processor.py:925} INFO - DAG(s) 'weather_etl' retrieved from /opt/airflow/dags/weather_etl.py
[2026-09-25T00:59:38.423+0000] {logging_mixin.py:190} INFO - [2026-09-25T00:59:38.423+0000] {dag.py:3229} INFO - Sync 1 DAGs
[2026-09-25T00:59:38.460+0000] {logging_mixin.py:190} INFO - [2026-09-25T00:59:38.460+0000] {dag.py:4156} INFO - Setting next_dagrun for weather_etl to 2026-09-24 02:30:00+00:00, run_after=2026-09-25 02:30:00+00:00
[2026-09-25T00:59:38.478+0000] {processor.py:208} INFO - Processing /opt/airflow/dags/weather_etl.py took 0.151 seconds
[2026-09-25T01:00:08.737+0000] {processor.py:186} INFO - Started process (PID=37580) to work on /opt/airflow/dags/weather_etl.py
[2026-09-25T01:00:08.739+0000] {processor.py:914} INFO - Processing file /opt/airflow/dags/weather_etl.py for tasks to queue
[2026-09-25T01:00:08.743+0000] {logging_mixin.py:190} INFO - [2026-09-25T01:00:08.742+0000] {dagbag.py:587} INFO - Filling up the DagBag from /opt/airflow/dags/weather_etl.py
[2026-09-25T01:00:08.789+0000] {processor.py:925} INFO - DAG(s) 'weather_etl' retrieved from /opt/airflow/dags/weather_etl.py
[2026-09-25T01:00:08.805+0000] {logging_mixin.py:190} INFO - [2026-09-25T01:00:08.805+0000] {dag.py:3229} INFO - Sync 1 DAGs
[2026-09-25T01:00:08.829+0000] {logging_mixin.py:190} INFO - [2026-09-25T01:00:08.829+0000] {dag.py:4156} INFO - Setting next_dagrun for weather_etl to 2026-09-24 02:30:00+00:00, run_after=2026-09-25 02:30:00+00:00
[2026-09-25T01:00:08.842+0000] {processor.py:208} INFO - Processing /opt/airflow/dags/weather_etl.py took 0.121 seconds
[2026-09-25T01:00:39.150+0000] {processor.py:186} INFO - Started process (PID=37591) to work on /opt/airflow/dags/weather_etl.py
[2026-09-25T01:00:39.152+0000] {processor.py:914} INFO - Processing file /opt/airflow/dags/weather_etl.py for tasks to queue
[2026-09-25T01:00:39.154+0000] {logging_mixin.py:190} INFO - [2026-09-25T01:00:39.153+0000] {dagbag.py:587} INFO - Filling up the DagBag from /opt/airflow/dags/weather_etl.py
[2026-09-25T01:00:39.171+0000] {processor.py:925} INFO - DAG(s) 'weather_etl' retrieved from /opt/airflow/dags/weather_etl.py
[2026-09-25T01:00:39.179+0000] {logging_mixin.py:190} INFO - [2026-09-25T01:00:39.179+0000] {dag.py:3229} INFO - Sync 1 DAGs
[2026-09-25T01:00:39.188+0000] {logging_mixin.py:190} INFO - [2026-09-25T01:00:39.188+0000] {dag.py:4156} INFO - Setting next_dagrun for weather_etl to 2026-09-24 02:30:00+00:00, run_after=2026-09-25 02:30:00+00:00
[2026-09-25T01:00:39.195+0000] {processor.py:208} INFO - Processing /opt/airflow/dags/weather_etl.py took 0.051 seconds
[2026-09-25T01:01:09.461+0000] {processor.py:186} INFO - Started process (PID=37603) to work on /opt/airflow/dags/weather_etl.py
[2026-09-25T01:01:09.463+0000] {processor.py:914} INFO - Processing file /opt/airflow/dags/weather_etl.py for tasks to queue
[2026-09-25T01:01:09.465+0000] {logging_mixin.py:190} INFO - [2026-09-25T01:01:09.465+0000] {dagbag.py:587} INFO - Filling up the DagBag from /opt/airflow/dags/weather_etl.py
[2026-09-25T01:01:09.483+0000] {processor.py:925} INFO - DAG(s) 'weather_etl' retrieved from /opt/airflow/dags/weather_etl.py
[2026-09-25T01:01:09.491+0000] {logging_mixin.py:190} INFO - [2026-09-25T01:01:09.491+0000] {dag.py:3229} INFO - Sync 1 DAGs
[2026-09-25T01:01:09.501+0000] {logging_mixin.py:190} INFO - [2026-09-25T01:01:09.501+0000] {dag.py:4156} INFO - Setting next_dagrun for weather_etl to 2026-09-24 02:30:00+00:00, run_after=2026-09-25 02:30:00+00:00
[2026-09-25T01:01:09.507+0000] {processor.py:208} INFO - Processing /opt/airflow/dags/weather_etl.py took 0.051 seconds
[2026-09-25T01:01:39.831+0000] {processor.py:186} INFO - Started process (PID=37614) to work on /opt/airflow/dags/weather_etl.py
[2026-09-25T01:01:39.833+0000] {processor.py:914} INFO - Processing file /opt/airflow/dags/weather_etl.py for tasks to queue
[2026-09-25T01:01:39.836+0000] {logging_mixin.py:190} INFO - [2026-09-25T01:01:39.836+0000] {dagbag.py:587} INFO - Filling up the DagBag from /opt/airflow/dags/weather_etl.py
[2026-09-25T01:01:39.856+0000] {processor.py:925} INFO - DAG(s) 'weather_etl' retrieved from /opt/airflow/dags/weather_etl.py
[2026-09-25T01:01:39.865+0000] {logging_mixin.py:190} INFO - [2026-09-25T01:01:39.864+0000] {dag.py:3229} INFO - Sync 1 DAGs
[2026-09-25T01:01:39.875+0000] {logging_mixin.py:190} INFO - [2026-09-25T01:01:39.875+0000] {dag.py:4156} INFO - Setting next_dagrun for weather_etl to 2026-09-24 02:30:00+00:00, run_after=2026-09-25 02:30:00+00:00
[2026-09-25T01:01:39.883+0000] {processor.py:208} INFO - Processing /opt/airflow/dags/weather_etl.py took 0.059 seconds
[2026-09-25T01:02:10.230+0000] {processor.py:186} INFO - Started process (PID=37625) to work on /opt/airflow/dags/weather_etl.py
[2026-09-25T01:02:10.232+0000] {processor.py:914} INFO - Processing file /opt/airflow/dags/weather_etl.py for tasks to queue
[2026-09-25T01:02:10.235+0000] {logging_mixin.py:190} INFO - [2026-09-25T01:02:10.235+0000] {dagbag.py:587} INFO - Filling up the DagBag from /opt/airflow/dags/weather_etl.py
[2026-09-25T01:02:10.259+0000] {processor.py:925} INFO - DAG(s) 'weather_etl' retrieved from /opt/airflow/dags/weather_etl.py
[2026-09-25T01:02:10.271+0000] {logging_mixin.py:190} INFO - [2026-09-25T01:02:10.270+0000] {dag.py:3229} INFO - Sync 1 DAGs
[2026-09-25T01:02:10.284+0000] {logging_mixin.py:190} INFO - [2026-09-25T01:02:10.284+0000] {dag.py:4156} INFO - Setting next_dagrun for weather_etl to 2026-09-24 02:30:00+00:00, run_after=2026-09-25 02:30:00+00:00
[2026-09-25T01:02:10.292+0000] {processor.py:208} INFO - Processing /opt/airflow/dags/weather_etl.py took 0.070 seconds
[2026-09-25T01:02:40.613+0000] {processor.py:186} INFO - Started process (PID=37636) to work on /opt/airflow/dags/weather_etl.py
[2026-09-25T01:02:40.616+0000] {processor.py:914} INFO - Processing file /opt/airflow/dags/weather_etl.py for tasks to queue
[2026-09-25T01:02:40.618+0000] {logging_mixin.py:190} INFO - [2026-09-25T01:02:40.618+0000] {dagbag.py:587} INFO - Filling up the DagBag from /opt/airflow/dags/weather_etl.py
[2026-09-25T01:02:40.635+0000] {processor.py:925} INFO - DAG(s) 'weather_etl' retrieved from /opt/airflow/dags/weather_etl.py
[2026-09-25T01:02:40.643+0000] {logging_mixin.py:190} INFO - [2026-09-25T01:02:40.643+0000] {dag.py:3229} INFO - Sync 1 DAGs
[2026-09-25T01:02:40.652+0000] {logging_mixin.py:190} INFO - [2026-09-25T01:02:40.652+0000] {dag.py:4156} INFO - Setting next_dagrun for weather_etl to 2026-09-24 02:30:00+00:00, run_after=2026-09-25 02:30:00+00:00
[2026-09-25T01:02:40.658+0000] {processor.py:208} INFO - Processing /opt/airflow/dags/weather_etl.py took 0.052 seconds
[2026-09-25T01:03:10.919+0000] {processor.py:186} INFO - Started process (PID=37647) to work on /opt/airflow/dags/weather_etl.py
[2026-09-25T01:03:10.922+0000] {processor.py:914} INFO - Processing file /opt/airflow/dags/weather_etl.py for tasks to queue
[2026-09-25T01:03:10.924+0000] {logging_mixin.py:190} INFO - [2026-09-25T01:03:10.923+0000] {dagbag.py:587} INFO - Filling up the DagBag from /opt/airflow/dags/weather_etl.py
[2026-09-25T01:03:10.941+0000] {processor.py:925} INFO - DAG(s) 'weather_etl' retrieved from /opt/airflow/dags/weather_etl.py
[2026-09-25T01:03:10.949+0000] {logging_mixin.py:190} INFO - [2026-09-25T01:03:10.949+0000] {dag.py:3229} INFO - Sync 1 DAGs
[2026-09-25T01:03:10.959+0000] {logging_mixin.py:190} INFO - [2026-09-25T01:03:10.959+0000] {dag.py:4156} INFO - Setting next_dagrun for weather_etl to 2026-09-24 02:30:00+00:00, run_after=2026-09-25 02:30:00+00:00
[2026-09-25T01:03:10.965+0000] {processor.py:208} INFO - Processing /opt/airflow/dags/weather_etl.py took 0.052 seconds
[2026-09-25T01:03:41.290+0000] {processor.py:186} INFO - Started process (PID=37658) to work on /opt/airflow/dags/weather_etl.py
[2026-09-25T01:03:41.291+0000] {processor.py:914} INFO - Processing file /opt/airflow/dags/weather_etl.py for tasks to queue
[2026-09-25T01:03:41.293+0000] {logging_mixin.py:190} INFO - [2026-09-25T01:03:41.293+0000] {dagbag.py:587} INFO - Filling up the DagBag from /opt/airflow/dags/weather_etl.py
[2026-09-25T01:03:41.311+0000] {processor.py:925} INFO - DAG(s) 'weather_etl' retrieved from /opt/airflow/dags/weather_etl.py
[2026-09-25T01:03:41.319+0000] {logging_mixin.py:190} INFO - [2026-09-25T01:03:41.319+0000] {dag.py:3229} INFO - Sync 1 DAGs
[2026-09-25T01:03:41.328+0000] {logging_mixin.py:190} INFO - [2026-09-25T01:03:41.328+0000] {dag.py:4156} INFO - Setting next_dagrun for weather_etl to 2026-09-24 02:30:00+00:00, run_after=2026-09-25 02:30:00+00:00
[2026-09-25T01:03:41.335+0000] {processor.py:208} INFO - Processing /opt/airflow/dags/weather_etl.py took 0.050 seconds
[2026-09-25T01:04:11.650+0000] {processor.py:186} INFO - Started process (PID=37670) to work on /opt/airflow/dags/weather_etl.py
[2026-09-25T01:04:11.652+0000] {processor.py:914} INFO - Processing file /opt/airflow/dags/weather_etl.py for tasks to queue
[2026-09-25T01:04:11.654+0000] {logging_mixin.py:190} INFO - [2026-09-25T01:04:11.654+0000] {dagbag.py:587} INFO - Filling up the DagBag from /opt/airflow/dags/weather_etl.py
[2026-09-25T01:04:11.673+0000] {processor.py:925} INFO - DAG(s) 'weather_etl' retrieved from /opt/airflow/dags/weather_etl.py
[2026-09-25T01:04:11.682+0000] {logging_mixin.py:190} INFO - [2026-09-25T01:04:11.682+0000] {dag.py:3229} INFO - Sync 1 DAGs
[2026-09-25T01:04:11.692+0000] {logging_mixin.py:190} INFO - [2026-09-25T01:04:11.692+0000] {dag.py:4156} INFO - Setting next_dagrun for weather_etl to 2026-09-24 02:30:00+00:00, run_after=2026-09-25 02:30:00+00:00
[2026-09-25T01:04:11.700+0000] {processor.py:208} INFO - Processing /opt/airflow/dags/weather_etl.py took 0.056 seconds
[2026-09-25T01:04:42.056+0000] {processor.py:186} INFO - Started process (PID=37681) to work on /opt/airflow/dags/weather_etl.py
[2026-09-25T01:04:42.058+0000] {processor.py:914} INFO - Processing file /opt/airflow/dags/weather_etl.py for tasks to queue
[2026-09-25T01:04:42.060+0000] {logging_mixin.py:190} INFO - [2026-09-25T01:04:42.060+0000] {dagbag.py:587} INFO - Filling up the DagBag from /opt/airflow/dags/weather_etl.py
[2026-09-25T01:04:42.078+0000] {processor.py:925} INFO - DAG(s) 'weather_etl' retrieved from /opt/airflow/dags/weather_etl.py
[2026-09-25T01:04:42.086+0000] {logging_mixin.py:190} INFO - [2026-09-25T01:04:42.086+0000] {dag.py:3229} INFO - Sync 1 DAGs
[2026-09-25T01:04:42.096+0000] {logging_mixin.py:190} INFO - [2026-09-25T01:04:42.096+0000] {dag.py:4156} INFO - Setting next_dagrun for weather_etl to 2026-09-24 02:30:00+00:00, run_after=2026-09-25 02:30:00+00:00
[2026-09-25T01:04:42.103+0000] {processor.py:208} INFO - Processing /opt/airflow/dags/weather_etl.py took 0.052 seconds
[2026-09-25T01:05:12.410+0000] {processor.py:186} INFO - Started process (PID=37692) to work on /opt/airflow/dags/weather_etl.py
[2026-09-25T01:05:12.412+0000] {processor.py:914} INFO - Processing file /opt/airflow/dags/weather_etl.py for tasks to queue
[2026-09-25T01:05:12.415+0000] {logging_mixin.py:190} INFO - [2026-09-25T01:05:12.415+0000] {dagbag.py:587} INFO - Filling up the DagBag from /opt/airflow/dags/weather_etl.py
[2026-09-25T01:05:12.449+0000] {processor.py:925} INFO - DAG(s) 'weather_etl' retrieved from /opt/airflow/dags/weather_etl.py
[2026-09-25T01:05:12.466+0000] {logging_mixin.py:190} INFO - [2026-09-25T01:05:12.466+0000] {dag.py:3229} INFO - Sync 1 DAGs
[2026-09-25T01:05:12.483+0000] {logging_mixin.py:190} INFO - [2026-09-25T01:05:12.483+0000] {dag.py:4156} INFO - Setting next_dagrun for weather_etl to 2026-09-24 02:30:00+00:00, run_after=2026-09-25 02:30:00+00:00
[2026-09-25T01:05:12.494+0000] {processor.py:208} INFO - Processing /opt/airflow/dags/weather_etl.py took 0.093 seconds
[2026-09-25T01:05:42.759+0000] {processor.py:186} INFO - Started process (PID=37703) to work on /opt/airflow/dags/weather_etl.py
[2026-09-25T01:05:42.761+0000] {processor.py:914} INFO - Processing file /opt/airflow/dags/weather_etl.py for tasks to queue
[2026-09-25T01:05:42.763+0000] {logging_mixin.py:190} INFO - [2026-09-25T01:05:42.763+0000] {dagbag.py:587} INFO - Filling up the DagBag from /opt/airflow/dags/weather_etl.py
[2026-09-25T01:05:42.780+0000] {processor.py:925} INFO - DAG(s) 'weather_etl' retrieved from /opt/airflow/dags/weather_etl.py
[2026-09-25T01:05:42.789+0000] {logging_mixin.py:190} INFO - [2026-09-25T01:05:42.789+0000] {dag.py:3229} INFO - Sync 1 DAGs
[2026-09-25T01:05:42.799+0000] {logging_mixin.py:190} INFO - [2026-09-25T01:05:42.799+0000] {dag.py:4156} INFO - Setting next_dagrun for weather_etl to 2026-09-24 02:30:00+00:00, run_after=2026-09-25 02:30:00+00:00
[2026-09-25T01:05:42.807+0000] {processor.py:208} INFO - Processing /opt/airflow/dags/weather_etl.py took 0.057 seconds
[2026-09-25T01:06:13.134+0000] {processor.py:186} INFO - Started process (PID=37714) to work on /opt/airflow/dags/weather_etl.py
[2026-09-25T01:06:13.135+0000] {processor.py:914} INFO - Processing file /opt/airflow/dags/weather_etl.py for tasks to queue
[2026-09-25T01:06:13.137+0000] {logging_mixin.py:190} INFO - [2026-09-25T01:06:13.137+0000] {dagbag.py:587} INFO - Filling up the DagBag from /opt/airflow/dags/weather_etl.py
[2026-09-25T01:06:13.155+0000] {processor.py:925} INFO - DAG(s) 'weather_etl' retrieved from /opt/airflow/dags/weather_etl.py
[2026-09-25T01:06:13.164+0000] {logging_mixin.py:190} INFO - [2026-09-25T01:06:13.163+0000] {dag.py:3229} INFO - Sync 1 DAGs
[2026-09-25T01:06:13.173+0000] {logging_mixin.py:190} INFO - [2026-09-25T01:06:13.173+0000] {dag.py:4156} INFO - Setting next_dagrun for weather_etl to 2026-09-24 02:30:00+00:00, run_after=2026-09-25 02:30:00+00:00
[2026-09-25T01:06:13.180+0000] {processor.py:208} INFO - Processing /opt/airflow/dags/weather_etl.py took 0.052 seconds
[2026-09-25T01:06:43.503+0000] {processor.py:186} INFO - Started process (PID=37725) to work on /opt/airflow/dags/weather_etl.py
[2026-09-25T01:06:43.504+0000] {processor.py:914} INFO - Processing file /opt/airflow/dags/weather_etl.py for tasks to queue
[2026-09-25T01:06:43.506+0000] {logging_mixin.py:190} INFO - [2026-09-25T01:06:43.506+0000] {dagbag.py:587} INFO - Filling up the DagBag from /opt/airflow/dags/weather_etl.py
[2026-09-25T01:06:43.523+0000] {processor.py:925} INFO - DAG(s) 'weather_etl' retrieved from /opt/airflow/dags/weather_etl.py
[2026-09-25T01:06:43.532+0000] {logging_mixin.py:190} INFO - [2026-09-25T01:06:43.532+0000] {dag.py:3229} INFO - Sync 1 DAGs
[2026-09-25T01:06:43.543+0000] {logging_mixin.py:190} INFO - [2026-09-25T01:06:43.543+0000] {dag.py:4156} INFO - Setting next_dagrun for weather_etl to 2026-09-24 02:30:00+00:00, run_after=2026-09-25 02:30:00+00:00
[2026-09-25T01:06:43.550+0000] {processor.py:208} INFO - Processing /opt/airflow/dags/weather_etl.py took 0.054 seconds
[2026-09-25T01:07:13.904+0000] {processor.py:186} INFO - Started process (PID=37736) to work on /opt/airflow/dags/weather_etl.py
[2026-09-25T01:07:13.907+0000] {processor.py:914} INFO - Processing file /opt/airflow/dags/weather_etl.py for tasks to queue
[2026-09-25T01:07:13.918+0000] {logging_mixin.py:190} INFO - [2026-09-25T01:07:13.917+0000] {dagbag.py:587} INFO - Filling up the DagBag from /opt/airflow/dags/weather_etl.py
[2026-09-25T01:07:13.957+0000] {processor.py:925} INFO - DAG(s) 'weather_etl' retrieved from /opt/airflow/dags/weather_etl.py
[2026-09-25T01:07:13.977+0000] {logging_mixin.py:190} INFO - [2026-09-25T01:07:13.977+0000] {dag.py:3229} INFO - Sync 1 DAGs
[2026-09-25T01:07:13.993+0000] {logging_mixin.py:190} INFO - [2026-09-25T01:07:13.993+0000] {dag.py:4156} INFO - Setting next_dagrun for weather_etl to 2026-09-24 02:30:00+00:00, run_after=2026-09-25 02:30:00+00:00
[2026-09-25T01:07:14.002+0000] {processor.py:208} INFO - Processing /opt/airflow/dags/weather_etl.py took 0.111 seconds
[2026-09-25T01:07:44.221+0000] {processor.py:186} INFO - Started process (PID=37747) to work on /opt/airflow/dags/weather_etl.py
[2026-09-25T01:07:44.223+0000] {processor.py:914} INFO - Processing file /opt/airflow/dags/weather_etl.py for tasks to queue
[2026-09-25T01:07:44.225+0000] {logging_mixin.py:190} INFO - [2026-09-25T01:07:44.225+0000] {dagbag.py:587} INFO - Filling up the DagBag from /opt/airflow/dags/weather_etl.py
[2026-09-25T01:07:44.240+0000] {processor.py:925} INFO - DAG(s) 'weather_etl' retrieved from /opt/airflow/dags/weather_etl.py
[2026-09-25T01:07:44.248+0000] {logging_mixin.py:190} INFO - [2026-09-25T01:07:44.247+0000] {dag.py:3229} INFO - Sync 1 DAGs
[2026-09-25T01:07:44.257+0000] {logging_mixin.py:190} INFO - [2026-09-25T01:07:44.257+0000] {dag.py:4156} INFO - Setting next_dagrun for weather_etl to 2026-09-24 02:30:00+00:00, run_after=2026-09-25 02:30:00+00:00
[2026-09-25T01:07:44.263+0000] {processor.py:208} INFO - Processing /opt/airflow/dags/weather_etl.py took 0.050 seconds
[2026-09-25T01:08:14.607+0000] {processor.py:186} INFO - Started process (PID=37758) to work on /opt/airflow/dags/weather_etl.py
[2026-09-25T01:08:14.608+0000] {processor.py:914} INFO - Processing file /opt/airflow/dags/weather_etl.py for tasks to queue
[2026-09-25T01:08:14.611+0000] {logging_mixin.py:190} INFO - [2026-09-25T01:08:14.610+0000] {dagbag.py:587} INFO - Filling up the DagBag from /opt/airflow/dags/weather_etl.py
[2026-09-25T01:08:14.630+0000] {processor.py:925} INFO - DAG(s) 'weather_etl' retrieved from /opt/airflow/dags/weather_etl.py
[2026-09-25T01:08:14.640+0000] {logging_mixin.py:190} INFO - [2026-09-25T01:08:14.640+0000] {dag.py:3229} INFO - Sync 1 DAGs
[2026-09-25T01:08:14.652+0000] {logging_mixin.py:190} INFO - [2026-09-25T01:08:14.652+0000] {dag.py:4156} INFO - Setting next_dagrun for weather_etl to 2026-09-24 02:30:00+00:00, run_after=2026-09-25 02:30:00+00:00
[2026-09-25T01:08:14.658+0000] {processor.py:208} INFO - Processing /opt/airflow/dags/weather_etl.py took 0.057 seconds
[2026-09-25T01:08:44.998+0000] {processor.py:186} INFO - Started process (PID=37769) to work on /opt/airflow/dags/weather_etl.py
[2026-09-25T01:08:45.001+0000] {processor.py:914} INFO - Processing file /opt/airflow/dags/weather_etl.py for tasks to queue
[2026-09-25T01:08:45.005+0000] {logging_mixin.py:190} INFO - [2026-09-25T01:08:45.004+0000] {dagbag.py:587} INFO - Filling up the DagBag from /opt/airflow/dags/weather_etl.py
[2026-09-25T01:08:45.030+0000] {processor.py:925} INFO - DAG(s) 'weather_etl' retrieved from /opt/airflow/dags/weather_etl.py
[2026-09-25T01:08:45.043+0000] {logging_mixin.py:190} INFO - [2026-09-25T01:08:45.043+0000] {dag.py:3229} INFO - Sync 1 DAGs
[2026-09-25T01:08:45.057+0000] {logging_mixin.py:190} INFO - [2026-09-25T01:08:45.057+0000] {dag.py:4156} INFO - Setting next_dagrun for weather_etl to 2026-09-24 02:30:00+00:00, run_after=2026-09-25 02:30:00+00:00
[2026-09-25T01:08:45.065+0000] {processor.py:208} INFO - Processing /opt/airflow/dags/weather_etl.py took 0.074 seconds
[2026-09-25T01:09:15.337+0000] {processor.py:186} INFO - Started process (PID=37780) to work on /opt/airflow/dags/weather_etl.py
[2026-09-25T01:09:15.340+0000] {processor.py:914} INFO - Processing file /opt/airflow/dags/weather_etl.py for tasks to queue
[2026-09-25T01:09:15.345+0000] {logging_mixin.py:190} INFO - [2026-09-25T01:09:15.344+0000] {dagbag.py:587} INFO - Filling up the DagBag from /opt/airflow/dags/weather_etl.py
[2026-09-25T01:09:15.374+0000] {processor.py:925} INFO - DAG(s) 'weather_etl' retrieved from /opt/airflow/dags/weather_etl.py
[2026-09-25T01:09:15.388+0000] {logging_mixin.py:190} INFO - [2026-09-25T01:09:15.388+0000] {dag.py:3229} INFO - Sync 1 DAGs
[2026-09-25T01:09:15.403+0000] {logging_mixin.py:190} INFO - [2026-09-25T01:09:15.403+0000] {dag.py:4156} INFO - Setting next_dagrun for weather_etl to 2026-09-24 02:30:00+00:00, run_after=2026-09-25 02:30:00+00:00
[2026-09-25T01:09:15.413+0000] {processor.py:208} INFO - Processing /opt/airflow/dags/weather_etl.py took 0.084 seconds
[2026-09-25T01:09:45.684+0000] {processor.py:186} INFO - Started process (PID=37791) to work on /opt/airflow/dags/weather_etl.py
[2026-09-25T01:09:45.686+0000] {processor.py:914} INFO - Processing file /opt/airflow/dags/weather_etl.py for tasks to queue
[2026-09-25T01:09:45.688+0000] {logging_mixin.py:190} INFO - [2026-09-25T01:09:45.688+0000] {dagbag.py:587} INFO - Filling up the DagBag from /opt/airflow/dags/weather_etl.py
[2026-09-25T01:09:45.707+0000] {processor.py:925} INFO - DAG(s) 'weather_etl' retrieved from /opt/airflow/dags/weather_etl.py
[2026-09-25T01:09:45.715+0000] {logging_mixin.py:190} INFO - [2026-09-25T01:09:45.714+0000] {dag.py:3229} INFO - Sync 1 DAGs
[2026-09-25T01:09:45.724+0000] {logging_mixin.py:190} INFO - [2026-09-25T01:09:45.724+0000] {dag.py:4156} INFO - Setting next_dagrun for weather_etl to 2026-09-24 02:30:00+00:00, run_after=2026-09-25 02:30:00+00:00
[2026-09-25T01:09:45.730+0000] {processor.py:208} INFO - Processing /opt/airflow/dags/weather_etl.py took 0.051 seconds
[2026-09-25T01:10:16.091+0000] {processor.py:186} INFO - Started process (PID=37802) to work on /opt/airflow/dags/weather_etl.py
[2026-09-25T01:10:16.093+0000] {processor.py:914} INFO - Processing file /opt/airflow/dags/weather_etl.py for tasks to queue
[2026-09-25T01:10:16.095+0000] {logging_mixin.py:190} INFO - [2026-09-25T01:10:16.094+0000] {dagbag.py:587} INFO - Filling up the DagBag from /opt/airflow/dags/weather_etl.py
[2026-09-25T01:10:16.113+0000] {processor.py:925} INFO - DAG(s) 'weather_etl' retrieved from /opt/airflow/dags/weather_etl.py
[2026-09-25T01:10:16.122+0000] {logging_mixin.py:190} INFO - [2026-09-25T01:10:16.122+0000] {dag.py:3229} INFO - Sync 1 DAGs
[2026-09-25T01:10:16.133+0000] {logging_mixin.py:190} INFO - [2026-09-25T01:10:16.133+0000] {dag.py:4156} INFO - Setting next_dagrun for weather_etl to 2026-09-24 02:30:00+00:00, run_after=2026-09-25 02:30:00+00:00
[2026-09-25T01:10:16.140+0000] {processor.py:208} INFO - Processing /opt/airflow/dags/weather_etl.py took 0.055 seconds
[2026-09-25T01:10:46.465+0000] {processor.py:186} INFO - Started process (PID=37814) to work on /opt/airflow/dags/weather_etl.py
[2026-09-25T01:10:46.468+0000] {processor.py:914} INFO - Processing file /opt/airflow/dags/weather_etl.py for tasks to queue
[2026-09-25T01:10:46.470+0000] {logging_mixin.py:190} INFO - [2026-09-25T01:10:46.470+0000] {dagbag.py:587} INFO - Filling up the DagBag from /opt/airflow/dags/weather_etl.py
[2026-09-25T01:10:46.486+0000] {processor.py:925} INFO - DAG(s) 'weather_etl' retrieved from /opt/airflow/dags/weather_etl.py
[2026-09-25T01:10:46.494+0000] {logging_mixin.py:190} INFO - [2026-09-25T01:10:46.494+0000] {dag.py:3229} INFO - Sync 1 DAGs
[2026-09-25T01:10:46.503+0000] {logging_mixin.py:190} INFO - [2026-09-25T01:10:46.503+0000] {dag.py:4156} INFO - Setting next_dagrun for weather_etl to 2026-09-24 02:30:00+00:00, run_after=2026-09-25 02:30:00+00:00
[2026-09-25T01:10:46.510+0000] {processor.py:208} INFO - Processing /opt/airflow/dags/weather_etl.py took 0.050 seconds
[2026-09-25T01:11:16.830+0000] {processor.py:186} INFO - Started process (PID=37825) to work on /opt/airflow/dags/weather_etl.py
[2026-09-25T01:11:16.834+0000] {processor.py:914} INFO - Processing file /opt/airflow/dags/weather_etl.py for tasks to queue
[2026-09-25T01:11:16.838+0000] {logging_mixin.py:190} INFO - [2026-09-25T01:11:16.837+0000] {dagbag.py:587} INFO - Filling up the DagBag from /opt/airflow/dags/weather_etl.py
[2026-09-25T01:11:16.859+0000] {processor.py:925} INFO - DAG(s) 'weather_etl' retrieved from /opt/airflow/dags/weather_etl.py
[2026-09-25T01:11:16.869+0000] {logging_mixin.py:190} INFO - [2026-09-25T01:11:16.869+0000] {dag.py:3229} INFO - Sync 1 DAGs
[2026-09-25T01:11:16.881+0000] {logging_mixin.py:190} INFO - [2026-09-25T01:11:16.881+0000] {dag.py:4156} INFO - Setting next_dagrun for weather_etl to 2026-09-24 02:30:00+00:00, run_after=2026-09-25 02:30:00+00:00
[2026-09-25T01:11:16.888+0000] {processor.py:208} INFO - Processing /opt/airflow/dags/weather_etl.py took 0.066 seconds
[2026-09-25T01:11:47.166+0000] {processor.py:186} INFO - Started process (PID=37836) to work on /opt/airflow/dags/weather_etl.py
[2026-09-25T01:11:47.167+0000] {processor.py:914} INFO - Processing file /opt/airflow/dags/weather_etl.py for tasks to queue
[2026-09-25T01:11:47.169+0000] {logging_mixin.py:190} INFO - [2026-09-25T01:11:47.169+0000] {dagbag.py:587} INFO - Filling up the DagBag from /opt/airflow/dags/weather_etl.py
[2026-09-25T01:11:47.189+0000] {processor.py:925} INFO - DAG(s) 'weather_etl' retrieved from /opt/airflow/dags/weather_etl.py
[2026-09-25T01:11:47.198+0000] {logging_mixin.py:190} INFO - [2026-09-25T01:11:47.197+0000] {dag.py:3229} INFO - Sync 1 DAGs
[2026-09-25T01:11:47.208+0000] {logging_mixin.py:190} INFO - [2026-09-25T01:11:47.208+0000] {dag.py:4156} INFO - Setting next_dagrun for weather_etl to 2026-09-24 02:30:00+00:00, run_after=2026-09-25 02:30:00+00:00
[2026-09-25T01:11:47.215+0000] {processor.py:208} INFO - Processing /opt/airflow/dags/weather_etl.py took 0.056 seconds
[2026-09-25T01:12:17.541+0000] {processor.py:186} INFO - Started process (PID=37847) to work on /opt/airflow/dags/weather_etl.py
[2026-09-25T01:12:17.542+0000] {processor.py:914} INFO - Processing file /opt/airflow/dags/weather_etl.py for tasks to queue
[2026-09-25T01:12:17.545+0000] {logging_mixin.py:190} INFO - [2026-09-25T01:12:17.544+0000] {dagbag.py:587} INFO - Filling up the DagBag from /opt/airflow/dags/weather_etl.py
[2026-09-25T01:12:17.563+0000] {processor.py:925} INFO - DAG(s) 'weather_etl' retrieved from /opt/airflow/dags/weather_etl.py
[2026-09-25T01:12:17.571+0000] {logging_mixin.py:190} INFO - [2026-09-25T01:12:17.571+0000] {dag.py:3229} INFO - Sync 1 DAGs
[2026-09-25T01:12:17.581+0000] {logging_mixin.py:190} INFO - [2026-09-25T01:12:17.581+0000] {dag.py:4156} INFO - Setting next_dagrun for weather_etl to 2026-09-24 02:30:00+00:00, run_after=2026-09-25 02:30:00+00:00
[2026-09-25T01:12:17.588+0000] {processor.py:208} INFO - Processing /opt/airflow/dags/weather_etl.py took 0.053 seconds
[2026-09-25T01:12:47.940+0000] {processor.py:186} INFO - Started process (PID=37858) to work on /opt/airflow/dags/weather_etl.py
[2026-09-25T01:12:47.942+0000] {processor.py:914} INFO - Processing file /opt/airflow/dags/weather_etl.py for tasks to queue
[2026-09-25T01:12:47.944+0000] {logging_mixin.py:190} INFO - [2026-09-25T01:12:47.943+0000] {dagbag.py:587} INFO - Filling up the DagBag from /opt/airflow/dags/weather_etl.py
[2026-09-25T01:12:47.962+0000] {processor.py:925} INFO - DAG(s) 'weather_etl' retrieved from /opt/airflow/dags/weather_etl.py
[2026-09-25T01:12:47.972+0000] {logging_mixin.py:190} INFO - [2026-09-25T01:12:47.972+0000] {dag.py:3229} INFO - Sync 1 DAGs
[2026-09-25T01:12:47.983+0000] {logging_mixin.py:190} INFO - [2026-09-25T01:12:47.983+0000] {dag.py:4156} INFO - Setting next_dagrun for weather_etl to 2026-09-24 02:30:00+00:00, run_after=2026-09-25 02:30:00+00:00
[2026-09-25T01:12:47.990+0000] {processor.py:208} INFO - Processing /opt/airflow/dags/weather_etl.py took 0.056 seconds
[2026-09-25T01:13:18.303+0000] {processor.py:186} INFO - Started process (PID=37869) to work on /opt/airflow/dags/weather_etl.py
[2026-09-25T01:13:18.305+0000] {processor.py:914} INFO - Processing file /opt/airflow/dags/weather_etl.py for tasks to queue
[2026-09-25T01:13:18.311+0000] {logging_mixin.py:190} INFO - [2026-09-25T01:13:18.310+0000] {dagbag.py:587} INFO - Filling up the DagBag from /opt/airflow/dags/weather_etl.py
[2026-09-25T01:13:18.349+0000] {processor.py:925} INFO - DAG(s) 'weather_etl' retrieved from /opt/airflow/dags/weather_etl.py
[2026-09-25T01:13:18.368+0000] {logging_mixin.py:190} INFO - [2026-09-25T01:13:18.368+0000] {dag.py:3229} INFO - Sync 1 DAGs
[2026-09-25T01:13:18.385+0000] {logging_mixin.py:190} INFO - [2026-09-25T01:13:18.385+0000] {dag.py:4156} INFO - Setting next_dagrun for weather_etl to 2026-09-24 02:30:00+00:00, run_after=2026-09-25 02:30:00+00:00
[2026-09-25T01:13:18.399+0000] {processor.py:208} INFO - Processing /opt/airflow/dags/weather_etl.py took 0.106 seconds
[2026-09-25T01:13:48.654+0000] {processor.py:186} INFO - Started process (PID=37880) to work on /opt/airflow/dags/weather_etl.py
[2026-09-25T01:13:48.656+0000] {processor.py:914} INFO - Processing file /opt/airflow/dags/weather_etl.py for tasks to queue
[2026-09-25T01:13:48.659+0000] {logging_mixin.py:190} INFO - [2026-09-25T01:13:48.658+0000] {dagbag.py:587} INFO - Filling up the DagBag from /opt/airflow/dags/weather_etl.py
[2026-09-25T01:13:48.678+0000] {processor.py:925} INFO - DAG(s) 'weather_etl' retrieved from /opt/airflow/dags/weather_etl.py
[2026-09-25T01:13:48.688+0000] {logging_mixin.py:190} INFO - [2026-09-25T01:13:48.687+0000] {dag.py:3229} INFO - Sync 1 DAGs
[2026-09-25T01:13:48.698+0000] {logging_mixin.py:190} INFO - [2026-09-25T01:13:48.698+0000] {dag.py:4156} INFO - Setting next_dagrun for weather_etl to 2026-09-24 02:30:00+00:00, run_after=2026-09-25 02:30:00+00:00
[2026-09-25T01:13:48.707+0000] {processor.py:208} INFO - Processing /opt/airflow/dags/weather_etl.py took 0.062 seconds
[2026-09-25T01:14:19.060+0000] {processor.py:186} INFO - Started process (PID=37891) to work on /opt/airflow/dags/weather_etl.py
[2026-09-25T01:14:19.062+0000] {processor.py:914} INFO - Processing file /opt/airflow/dags/weather_etl.py for tasks to queue
[2026-09-25T01:14:19.066+0000] {logging_mixin.py:190} INFO - [2026-09-25T01:14:19.065+0000] {dagbag.py:587} INFO - Filling up the DagBag from /opt/airflow/dags/weather_etl.py
[2026-09-25T01:14:19.087+0000] {processor.py:925} INFO - DAG(s) 'weather_etl' retrieved from /opt/airflow/dags/weather_etl.py
[2026-09-25T01:14:19.097+0000] {logging_mixin.py:190} INFO - [2026-09-25T01:14:19.097+0000] {dag.py:3229} INFO - Sync 1 DAGs
[2026-09-25T01:14:19.109+0000] {logging_mixin.py:190} INFO - [2026-09-25T01:14:19.109+0000] {dag.py:4156} INFO - Setting next_dagrun for weather_etl to 2026-09-24 02:30:00+00:00, run_after=2026-09-25 02:30:00+00:00
[2026-09-25T01:14:19.117+0000] {processor.py:208} INFO - Processing /opt/airflow/dags/weather_etl.py took 0.066 seconds
[2026-09-25T01:14:49.414+0000] {processor.py:186} INFO - Started process (PID=37902) to work on /opt/airflow/dags/weather_etl.py
[2026-09-25T01:14:49.415+0000] {processor.py:914} INFO - Processing file /opt/airflow/dags/weather_etl.py for tasks to queue
[2026-09-25T01:14:49.417+0000] {logging_mixin.py:190} INFO - [2026-09-25T01:14:49.417+0000] {dagbag.py:587} INFO - Filling up the DagBag from /opt/airflow/dags/weather_etl.py
[2026-09-25T01:14:49.433+0000] {processor.py:925} INFO - DAG(s) 'weather_etl' retrieved from /opt/airflow/dags/weather_etl.py
[2026-09-25T01:14:49.442+0000] {logging_mixin.py:190} INFO - [2026-09-25T01:14:49.442+0000] {dag.py:3229} INFO - Sync 1 DAGs
[2026-09-25T01:14:49.452+0000] {logging_mixin.py:190} INFO - [2026-09-25T01:14:49.452+0000] {dag.py:4156} INFO - Setting next_dagrun for weather_etl to 2026-09-24 02:30:00+00:00, run_after=2026-09-25 02:30:00+00:00
[2026-09-25T01:14:49.458+0000] {processor.py:208} INFO - Processing /opt/airflow/dags/weather_etl.py took 0.050 seconds
[2026-09-25T01:15:19.789+0000] {processor.py:186} INFO - Started process (PID=37913) to work on /opt/airflow/dags/weather_etl.py
[2026-09-25T01:15:19.791+0000] {processor.py:914} INFO - Processing file /opt/airflow/dags/weather_etl.py for tasks to queue
[2026-09-25T01:15:19.793+0000] {logging_mixin.py:190} INFO - [2026-09-25T01:15:19.793+0000] {dagbag.py:587} INFO - Filling up the DagBag from /opt/airflow/dags/weather_etl.py
[2026-09-25T01:15:19.812+0000] {processor.py:925} INFO - DAG(s) 'weather_etl' retrieved from /opt/airflow/dags/weather_etl.py
[2026-09-25T01:15:19.824+0000] {logging_mixin.py:190} INFO - [2026-09-25T01:15:19.823+0000] {dag.py:3229} INFO - Sync 1 DAGs
[2026-09-25T01:15:19.836+0000] {logging_mixin.py:190} INFO - [2026-09-25T01:15:19.836+0000] {dag.py:4156} INFO - Setting next_dagrun for weather_etl to 2026-09-24 02:30:00+00:00, run_after=2026-09-25 02:30:00+00:00
[2026-09-25T01:15:19.843+0000] {processor.py:208} INFO - Processing /opt/airflow/dags/weather_etl.py took 0.060 seconds
[2026-09-25T01:15:50.139+0000] {processor.py:186} INFO - Started process (PID=37924) to work on /opt/airflow/dags/weather_etl.py
[2026-09-25T01:15:50.140+0000] {processor.py:914} INFO - Processing file /opt/airflow/dags/weather_etl.py for tasks to queue
[2026-09-25T01:15:50.142+0000] {logging_mixin.py:190} INFO - [2026-09-25T01:15:50.142+0000] {dagbag.py:587} INFO - Filling up the DagBag from /opt/airflow/dags/weather_etl.py
[2026-09-25T01:15:50.162+0000] {processor.py:925} INFO - DAG(s) 'weather_etl' retrieved from /opt/airflow/dags/weather_etl.py
[2026-09-25T01:15:50.172+0000] {logging_mixin.py:190} INFO - [2026-09-25T01:15:50.172+0000] {dag.py:3229} INFO - Sync 1 DAGs
[2026-09-25T01:15:50.184+0000] {logging_mixin.py:190} INFO - [2026-09-25T01:15:50.184+0000] {dag.py:4156} INFO - Setting next_dagrun for weather_etl to 2026-09-24 02:30:00+00:00, run_after=2026-09-25 02:30:00+00:00
[2026-09-25T01:15:50.192+0000] {processor.py:208} INFO - Processing /opt/airflow/dags/weather_etl.py took 0.060 seconds
[2026-09-25T01:16:20.532+0000] {processor.py:186} INFO - Started process (PID=37935) to work on /opt/airflow/dags/weather_etl.py
[2026-09-25T01:16:20.534+0000] {processor.py:914} INFO - Processing file /opt/airflow/dags/weather_etl.py for tasks to queue
[2026-09-25T01:16:20.538+0000] {logging_mixin.py:190} INFO - [2026-09-25T01:16:20.537+0000] {dagbag.py:587} INFO - Filling up the DagBag from /opt/airflow/dags/weather_etl.py
[2026-09-25T01:16:20.560+0000] {processor.py:925} INFO - DAG(s) 'weather_etl' retrieved from /opt/airflow/dags/weather_etl.py
[2026-09-25T01:16:20.572+0000] {logging_mixin.py:190} INFO - [2026-09-25T01:16:20.571+0000] {dag.py:3229} INFO - Sync 1 DAGs
[2026-09-25T01:16:20.584+0000] {logging_mixin.py:190} INFO - [2026-09-25T01:16:20.584+0000] {dag.py:4156} INFO - Setting next_dagrun for weather_etl to 2026-09-24 02:30:00+00:00, run_after=2026-09-25 02:30:00+00:00
[2026-09-25T01:16:20.591+0000] {processor.py:208} INFO - Processing /opt/airflow/dags/weather_etl.py took 0.067 seconds
[2026-09-25T01:16:50.915+0000] {processor.py:186} INFO - Started process (PID=37946) to work on /opt/airflow/dags/weather_etl.py
[2026-09-25T01:16:50.916+0000] {processor.py:914} INFO - Processing file /opt/airflow/dags/weather_etl.py for tasks to queue
[2026-09-25T01:16:50.919+0000] {logging_mixin.py:190} INFO - [2026-09-25T01:16:50.918+0000] {dagbag.py:587} INFO - Filling up the DagBag from /opt/airflow/dags/weather_etl.py
[2026-09-25T01:16:50.936+0000] {processor.py:925} INFO - DAG(s) 'weather_etl' retrieved from /opt/airflow/dags/weather_etl.py
[2026-09-25T01:16:50.945+0000] {logging_mixin.py:190} INFO - [2026-09-25T01:16:50.945+0000] {dag.py:3229} INFO - Sync 1 DAGs
[2026-09-25T01:16:50.955+0000] {logging_mixin.py:190} INFO - [2026-09-25T01:16:50.955+0000] {dag.py:4156} INFO - Setting next_dagrun for weather_etl to 2026-09-24 02:30:00+00:00, run_after=2026-09-25 02:30:00+00:00
[2026-09-25T01:16:50.962+0000] {processor.py:208} INFO - Processing /opt/airflow/dags/weather_etl.py took 0.054 seconds
[2026-09-25T01:17:21.267+0000] {processor.py:186} INFO - Started process (PID=37957) to work on /opt/airflow/dags/weather_etl.py
[2026-09-25T01:17:21.269+0000] {processor.py:914} INFO - Processing file /opt/airflow/dags/weather_etl.py for tasks to queue
[2026-09-25T01:17:21.270+0000] {logging_mixin.py:190} INFO - [2026-09-25T01:17:21.270+0000] {dagbag.py:587} INFO - Filling up the DagBag from /opt/airflow/dags/weather_etl.py
[2026-09-25T01:17:21.284+0000] {processor.py:925} INFO - DAG(s) 'weather_etl' retrieved from /opt/airflow/dags/weather_etl.py
[2026-09-25T01:17:21.291+0000] {logging_mixin.py:190} INFO - [2026-09-25T01:17:21.291+0000] {dag.py:3229} INFO - Sync 1 DAGs
[2026-09-25T01:17:21.301+0000] {logging_mixin.py:190} INFO - [2026-09-25T01:17:21.301+0000] {dag.py:4156} INFO - Setting next_dagrun for weather_etl to 2026-09-24 02:30:00+00:00, run_after=2026-09-25 02:30:00+00:00
[2026-09-25T01:17:21.307+0000] {processor.py:208} INFO - Processing /opt/airflow/dags/weather_etl.py took 0.045 seconds
[2026-09-25T01:17:51.616+0000] {processor.py:186} INFO - Started process (PID=37968) to work on /opt/airflow/dags/weather_etl.py
[2026-09-25T01:17:51.617+0000] {processor.py:914} INFO - Processing file /opt/airflow/dags/weather_etl.py for tasks to queue
[2026-09-25T01:17:51.619+0000] {logging_mixin.py:190} INFO - [2026-09-25T01:17:51.619+0000] {dagbag.py:587} INFO - Filling up the DagBag from /opt/airflow/dags/weather_etl.py
[2026-09-25T01:17:51.639+0000] {processor.py:925} INFO - DAG(s) 'weather_etl' retrieved from /opt/airflow/dags/weather_etl.py
[2026-09-25T01:17:51.647+0000] {logging_mixin.py:190} INFO - [2026-09-25T01:17:51.647+0000] {dag.py:3229} INFO - Sync 1 DAGs
[2026-09-25T01:17:51.657+0000] {logging_mixin.py:190} INFO - [2026-09-25T01:17:51.657+0000] {dag.py:4156} INFO - Setting next_dagrun for weather_etl to 2026-09-24 02:30:00+00:00, run_after=2026-09-25 02:30:00+00:00
[2026-09-25T01:17:51.663+0000] {processor.py:208} INFO - Processing /opt/airflow/dags/weather_etl.py took 0.053 seconds
[2026-09-25T01:18:21.976+0000] {processor.py:186} INFO - Started process (PID=37979) to work on /opt/airflow/dags/weather_etl.py
[2026-09-25T01:18:21.978+0000] {processor.py:914} INFO - Processing file /opt/airflow/dags/weather_etl.py for tasks to queue
[2026-09-25T01:18:21.980+0000] {logging_mixin.py:190} INFO - [2026-09-25T01:18:21.980+0000] {dagbag.py:587} INFO - Filling up the DagBag from /opt/airflow/dags/weather_etl.py
[2026-09-25T01:18:21.998+0000] {processor.py:925} INFO - DAG(s) 'weather_etl' retrieved from /opt/airflow/dags/weather_etl.py
[2026-09-25T01:18:22.007+0000] {logging_mixin.py:190} INFO - [2026-09-25T01:18:22.007+0000] {dag.py:3229} INFO - Sync 1 DAGs
[2026-09-25T01:18:22.019+0000] {logging_mixin.py:190} INFO - [2026-09-25T01:18:22.019+0000] {dag.py:4156} INFO - Setting next_dagrun for weather_etl to 2026-09-24 02:30:00+00:00, run_after=2026-09-25 02:30:00+00:00
[2026-09-25T01:18:22.027+0000] {processor.py:208} INFO - Processing /opt/airflow/dags/weather_etl.py took 0.056 seconds
[2026-09-25T01:18:52.327+0000] {processor.py:186} INFO - Started process (PID=37990) to work on /opt/airflow/dags/weather_etl.py
[2026-09-25T01:18:52.328+0000] {processor.py:914} INFO - Processing file /opt/airflow/dags/weather_etl.py for tasks to queue
[2026-09-25T01:18:52.330+0000] {logging_mixin.py:190} INFO - [2026-09-25T01:18:52.330+0000] {dagbag.py:587} INFO - Filling up the DagBag from /opt/airflow/dags/weather_etl.py
[2026-09-25T01:18:52.347+0000] {processor.py:925} INFO - DAG(s) 'weather_etl' retrieved from /opt/airflow/dags/weather_etl.py
[2026-09-25T01:18:52.356+0000] {logging_mixin.py:190} INFO - [2026-09-25T01:18:52.356+0000] {dag.py:3229} INFO - Sync 1 DAGs
[2026-09-25T01:18:52.366+0000] {logging_mixin.py:190} INFO - [2026-09-25T01:18:52.366+0000] {dag.py:4156} INFO - Setting next_dagrun for weather_etl to 2026-09-24 02:30:00+00:00, run_after=2026-09-25 02:30:00+00:00
[2026-09-25T01:18:52.374+0000] {processor.py:208} INFO - Processing /opt/airflow/dags/weather_etl.py took 0.053 seconds
[2026-09-25T01:19:22.740+0000] {processor.py:186} INFO - Started process (PID=38001) to work on /opt/airflow/dags/weather_etl.py
[2026-09-25T01:19:22.742+0000] {processor.py:914} INFO - Processing file /opt/airflow/dags/weather_etl.py for tasks to queue
[2026-09-25T01:19:22.746+0000] {logging_mixin.py:190} INFO - [2026-09-25T01:19:22.746+0000] {dagbag.py:587} INFO - Filling up the DagBag from /opt/airflow/dags/weather_etl.py
[2026-09-25T01:19:22.781+0000] {processor.py:925} INFO - DAG(s) 'weather_etl' retrieved from /opt/airflow/dags/weather_etl.py
[2026-09-25T01:19:22.800+0000] {logging_mixin.py:190} INFO - [2026-09-25T01:19:22.799+0000] {dag.py:3229} INFO - Sync 1 DAGs
[2026-09-25T01:19:22.815+0000] {logging_mixin.py:190} INFO - [2026-09-25T01:19:22.814+0000] {dag.py:4156} INFO - Setting next_dagrun for weather_etl to 2026-09-24 02:30:00+00:00, run_after=2026-09-25 02:30:00+00:00
[2026-09-25T01:19:22.825+0000] {processor.py:208} INFO - Processing /opt/airflow/dags/weather_etl.py took 0.093 seconds
[2026-09-25T01:19:53.165+0000] {processor.py:186} INFO - Started process (PID=38012) to work on /opt/airflow/dags/weather_etl.py
[2026-09-25T01:19:53.168+0000] {processor.py:914} INFO - Processing file /opt/airflow/dags/weather_etl.py for tasks to queue
[2026-09-25T01:19:53.172+0000] {logging_mixin.py:190} INFO - [2026-09-25T01:19:53.171+0000] {dagbag.py:587} INFO - Filling up the DagBag from /opt/airflow/dags/weather_etl.py
[2026-09-25T01:19:53.216+0000] {processor.py:925} INFO - DAG(s) 'weather_etl' retrieved from /opt/airflow/dags/weather_etl.py
[2026-09-25T01:19:53.233+0000] {logging_mixin.py:190} INFO - [2026-09-25T01:19:53.233+0000] {dag.py:3229} INFO - Sync 1 DAGs
[2026-09-25T01:19:53.250+0000] {logging_mixin.py:190} INFO - [2026-09-25T01:19:53.250+0000] {dag.py:4156} INFO - Setting next_dagrun for weather_etl to 2026-09-24 02:30:00+00:00, run_after=2026-09-25 02:30:00+00:00
[2026-09-25T01:19:53.258+0000] {processor.py:208} INFO - Processing /opt/airflow/dags/weather_etl.py took 0.102 seconds
[2026-09-25T01:20:23.574+0000] {processor.py:186} INFO - Started process (PID=38023) to work on /opt/airflow/dags/weather_etl.py
[2026-09-25T01:20:23.577+0000] {processor.py:914} INFO - Processing file /opt/airflow/dags/weather_etl.py for tasks to queue
[2026-09-25T01:20:23.583+0000] {logging_mixin.py:190} INFO - [2026-09-25T01:20:23.582+0000] {dagbag.py:587} INFO - Filling up the DagBag from /opt/airflow/dags/weather_etl.py
[2026-09-25T01:20:23.620+0000] {processor.py:925} INFO - DAG(s) 'weather_etl' retrieved from /opt/airflow/dags/weather_etl.py
[2026-09-25T01:20:23.640+0000] {logging_mixin.py:190} INFO - [2026-09-25T01:20:23.640+0000] {dag.py:3229} INFO - Sync 1 DAGs
[2026-09-25T01:20:23.657+0000] {logging_mixin.py:190} INFO - [2026-09-25T01:20:23.656+0000] {dag.py:4156} INFO - Setting next_dagrun for weather_etl to 2026-09-24 02:30:00+00:00, run_after=2026-09-25 02:30:00+00:00
[2026-09-25T01:20:23.665+0000] {processor.py:208} INFO - Processing /opt/airflow/dags/weather_etl.py took 0.102 seconds
[2026-09-25T01:20:53.977+0000] {processor.py:186} INFO - Started process (PID=38034) to work on /opt/airflow/dags/weather_etl.py
[2026-09-25T01:20:53.979+0000] {processor.py:914} INFO - Processing file /opt/airflow/dags/weather_etl.py for tasks to queue
[2026-09-25T01:20:53.982+0000] {logging_mixin.py:190} INFO - [2026-09-25T01:20:53.982+0000] {dagbag.py:587} INFO - Filling up the DagBag from /opt/airflow/dags/weather_etl.py
[2026-09-25T01:20:54.001+0000] {processor.py:925} INFO - DAG(s) 'weather_etl' retrieved from /opt/airflow/dags/weather_etl.py
[2026-09-25T01:20:54.010+0000] {logging_mixin.py:190} INFO - [2026-09-25T01:20:54.009+0000] {dag.py:3229} INFO - Sync 1 DAGs
[2026-09-25T01:20:54.021+0000] {logging_mixin.py:190} INFO - [2026-09-25T01:20:54.021+0000] {dag.py:4156} INFO - Setting next_dagrun for weather_etl to 2026-09-24 02:30:00+00:00, run_after=2026-09-25 02:30:00+00:00
[2026-09-25T01:20:54.028+0000] {processor.py:208} INFO - Processing /opt/airflow/dags/weather_etl.py took 0.059 seconds
[2026-09-25T01:21:24.304+0000] {processor.py:186} INFO - Started process (PID=38045) to work on /opt/airflow/dags/weather_etl.py
[2026-09-25T01:21:24.306+0000] {processor.py:914} INFO - Processing file /opt/airflow/dags/weather_etl.py for tasks to queue
[2026-09-25T01:21:24.308+0000] {logging_mixin.py:190} INFO - [2026-09-25T01:21:24.308+0000] {dagbag.py:587} INFO - Filling up the DagBag from /opt/airflow/dags/weather_etl.py
[2026-09-25T01:21:24.322+0000] {processor.py:925} INFO - DAG(s) 'weather_etl' retrieved from /opt/airflow/dags/weather_etl.py
[2026-09-25T01:21:24.330+0000] {logging_mixin.py:190} INFO - [2026-09-25T01:21:24.330+0000] {dag.py:3229} INFO - Sync 1 DAGs
[2026-09-25T01:21:24.340+0000] {logging_mixin.py:190} INFO - [2026-09-25T01:21:24.340+0000] {dag.py:4156} INFO - Setting next_dagrun for weather_etl to 2026-09-24 02:30:00+00:00, run_after=2026-09-25 02:30:00+00:00
[2026-09-25T01:21:24.345+0000] {processor.py:208} INFO - Processing /opt/airflow/dags/weather_etl.py took 0.047 seconds
[2026-09-25T01:21:54.627+0000] {processor.py:186} INFO - Started process (PID=38056) to work on /opt/airflow/dags/weather_etl.py
[2026-09-25T01:21:54.629+0000] {processor.py:914} INFO - Processing file /opt/airflow/dags/weather_etl.py for tasks to queue
[2026-09-25T01:21:54.633+0000] {logging_mixin.py:190} INFO - [2026-09-25T01:21:54.632+0000] {dagbag.py:587} INFO - Filling up the DagBag from /opt/airflow/dags/weather_etl.py
[2026-09-25T01:21:54.657+0000] {processor.py:925} INFO - DAG(s) 'weather_etl' retrieved from /opt/airflow/dags/weather_etl.py
[2026-09-25T01:21:54.668+0000] {logging_mixin.py:190} INFO - [2026-09-25T01:21:54.668+0000] {dag.py:3229} INFO - Sync 1 DAGs
[2026-09-25T01:21:54.680+0000] {logging_mixin.py:190} INFO - [2026-09-25T01:21:54.680+0000] {dag.py:4156} INFO - Setting next_dagrun for weather_etl to 2026-09-24 02:30:00+00:00, run_after=2026-09-25 02:30:00+00:00
[2026-09-25T01:21:54.688+0000] {processor.py:208} INFO - Processing /opt/airflow/dags/weather_etl.py took 0.069 seconds
[2026-09-25T01:22:24.995+0000] {processor.py:186} INFO - Started process (PID=38067) to work on /opt/airflow/dags/weather_etl.py
[2026-09-25T01:22:24.997+0000] {processor.py:914} INFO - Processing file /opt/airflow/dags/weather_etl.py for tasks to queue
[2026-09-25T01:22:24.999+0000] {logging_mixin.py:190} INFO - [2026-09-25T01:22:24.998+0000] {dagbag.py:587} INFO - Filling up the DagBag from /opt/airflow/dags/weather_etl.py
[2026-09-25T01:22:25.014+0000] {processor.py:925} INFO - DAG(s) 'weather_etl' retrieved from /opt/airflow/dags/weather_etl.py
[2026-09-25T01:22:25.022+0000] {logging_mixin.py:190} INFO - [2026-09-25T01:22:25.022+0000] {dag.py:3229} INFO - Sync 1 DAGs
[2026-09-25T01:22:25.033+0000] {logging_mixin.py:190} INFO - [2026-09-25T01:22:25.033+0000] {dag.py:4156} INFO - Setting next_dagrun for weather_etl to 2026-09-24 02:30:00+00:00, run_after=2026-09-25 02:30:00+00:00
[2026-09-25T01:22:25.040+0000] {processor.py:208} INFO - Processing /opt/airflow/dags/weather_etl.py took 0.050 seconds
[2026-09-25T01:22:55.399+0000] {processor.py:186} INFO - Started process (PID=38078) to work on /opt/airflow/dags/weather_etl.py
[2026-09-25T01:22:55.401+0000] {processor.py:914} INFO - Processing file /opt/airflow/dags/weather_etl.py for tasks to queue
[2026-09-25T01:22:55.404+0000] {logging_mixin.py:190} INFO - [2026-09-25T01:22:55.404+0000] {dagbag.py:587} INFO - Filling up the DagBag from /opt/airflow/dags/weather_etl.py
[2026-09-25T01:22:55.429+0000] {processor.py:925} INFO - DAG(s) 'weather_etl' retrieved from /opt/airflow/dags/weather_etl.py
[2026-09-25T01:22:55.442+0000] {logging_mixin.py:190} INFO - [2026-09-25T01:22:55.442+0000] {dag.py:3229} INFO - Sync 1 DAGs
[2026-09-25T01:22:55.455+0000] {logging_mixin.py:190} INFO - [2026-09-25T01:22:55.455+0000] {dag.py:4156} INFO - Setting next_dagrun for weather_etl to 2026-09-24 02:30:00+00:00, run_after=2026-09-25 02:30:00+00:00
[2026-09-25T01:22:55.463+0000] {processor.py:208} INFO - Processing /opt/airflow/dags/weather_etl.py took 0.071 seconds
[2026-09-25T01:23:25.767+0000] {processor.py:186} INFO - Started process (PID=38089) to work on /opt/airflow/dags/weather_etl.py
[2026-09-25T01:23:25.769+0000] {processor.py:914} INFO - Processing file /opt/airflow/dags/weather_etl.py for tasks to queue
[2026-09-25T01:23:25.772+0000] {logging_mixin.py:190} INFO - [2026-09-25T01:23:25.772+0000] {dagbag.py:587} INFO - Filling up the DagBag from /opt/airflow/dags/weather_etl.py
[2026-09-25T01:23:25.791+0000] {processor.py:925} INFO - DAG(s) 'weather_etl' retrieved from /opt/airflow/dags/weather_etl.py
[2026-09-25T01:23:25.800+0000] {logging_mixin.py:190} INFO - [2026-09-25T01:23:25.800+0000] {dag.py:3229} INFO - Sync 1 DAGs
[2026-09-25T01:23:25.813+0000] {logging_mixin.py:190} INFO - [2026-09-25T01:23:25.813+0000] {dag.py:4156} INFO - Setting next_dagrun for weather_etl to 2026-09-24 02:30:00+00:00, run_after=2026-09-25 02:30:00+00:00
[2026-09-25T01:23:25.821+0000] {processor.py:208} INFO - Processing /opt/airflow/dags/weather_etl.py took 0.061 seconds
[2026-09-25T01:23:56.165+0000] {processor.py:186} INFO - Started process (PID=38100) to work on /opt/airflow/dags/weather_etl.py
[2026-09-25T01:23:56.168+0000] {processor.py:914} INFO - Processing file /opt/airflow/dags/weather_etl.py for tasks to queue
[2026-09-25T01:23:56.174+0000] {logging_mixin.py:190} INFO - [2026-09-25T01:23:56.173+0000] {dagbag.py:587} INFO - Filling up the DagBag from /opt/airflow/dags/weather_etl.py
[2026-09-25T01:23:56.201+0000] {processor.py:925} INFO - DAG(s) 'weather_etl' retrieved from /opt/airflow/dags/weather_etl.py
[2026-09-25T01:23:56.212+0000] {logging_mixin.py:190} INFO - [2026-09-25T01:23:56.212+0000] {dag.py:3229} INFO - Sync 1 DAGs
[2026-09-25T01:23:56.225+0000] {logging_mixin.py:190} INFO - [2026-09-25T01:23:56.225+0000] {dag.py:4156} INFO - Setting next_dagrun for weather_etl to 2026-09-24 02:30:00+00:00, run_after=2026-09-25 02:30:00+00:00
[2026-09-25T01:23:56.232+0000] {processor.py:208} INFO - Processing /opt/airflow/dags/weather_etl.py took 0.077 seconds
[2026-09-25T01:24:26.530+0000] {processor.py:186} INFO - Started process (PID=38111) to work on /opt/airflow/dags/weather_etl.py
[2026-09-25T01:24:26.532+0000] {processor.py:914} INFO - Processing file /opt/airflow/dags/weather_etl.py for tasks to queue
[2026-09-25T01:24:26.534+0000] {logging_mixin.py:190} INFO - [2026-09-25T01:24:26.534+0000] {dagbag.py:587} INFO - Filling up the DagBag from /opt/airflow/dags/weather_etl.py
[2026-09-25T01:24:26.551+0000] {processor.py:925} INFO - DAG(s) 'weather_etl' retrieved from /opt/airflow/dags/weather_etl.py
[2026-09-25T01:24:26.559+0000] {logging_mixin.py:190} INFO - [2026-09-25T01:24:26.559+0000] {dag.py:3229} INFO - Sync 1 DAGs
[2026-09-25T01:24:26.569+0000] {logging_mixin.py:190} INFO - [2026-09-25T01:24:26.569+0000] {dag.py:4156} INFO - Setting next_dagrun for weather_etl to 2026-09-24 02:30:00+00:00, run_after=2026-09-25 02:30:00+00:00
[2026-09-25T01:24:26.575+0000] {processor.py:208} INFO - Processing /opt/airflow/dags/weather_etl.py took 0.051 seconds
[2026-09-25T01:24:56.904+0000] {processor.py:186} INFO - Started process (PID=38122) to work on /opt/airflow/dags/weather_etl.py
[2026-09-25T01:24:56.906+0000] {processor.py:914} INFO - Processing file /opt/airflow/dags/weather_etl.py for tasks to queue
[2026-09-25T01:24:56.908+0000] {logging_mixin.py:190} INFO - [2026-09-25T01:24:56.908+0000] {dagbag.py:587} INFO - Filling up the DagBag from /opt/airflow/dags/weather_etl.py
[2026-09-25T01:24:56.926+0000] {processor.py:925} INFO - DAG(s) 'weather_etl' retrieved from /opt/airflow/dags/weather_etl.py
[2026-09-25T01:24:56.934+0000] {logging_mixin.py:190} INFO - [2026-09-25T01:24:56.934+0000] {dag.py:3229} INFO - Sync 1 DAGs
[2026-09-25T01:24:56.944+0000] {logging_mixin.py:190} INFO - [2026-09-25T01:24:56.944+0000] {dag.py:4156} INFO - Setting next_dagrun for weather_etl to 2026-09-24 02:30:00+00:00, run_after=2026-09-25 02:30:00+00:00
[2026-09-25T01:24:56.950+0000] {processor.py:208} INFO - Processing /opt/airflow/dags/weather_etl.py took 0.052 seconds
[2026-09-25T01:25:27.267+0000] {processor.py:186} INFO - Started process (PID=38133) to work on /opt/airflow/dags/weather_etl.py
[2026-09-25T01:25:27.269+0000] {processor.py:914} INFO - Processing file /opt/airflow/dags/weather_etl.py for tasks to queue
[2026-09-25T01:25:27.272+0000] {logging_mixin.py:190} INFO - [2026-09-25T01:25:27.272+0000] {dagbag.py:587} INFO - Filling up the DagBag from /opt/airflow/dags/weather_etl.py
[2026-09-25T01:25:27.293+0000] {processor.py:925} INFO - DAG(s) 'weather_etl' retrieved from /opt/airflow/dags/weather_etl.py
[2026-09-25T01:25:27.302+0000] {logging_mixin.py:190} INFO - [2026-09-25T01:25:27.302+0000] {dag.py:3229} INFO - Sync 1 DAGs
[2026-09-25T01:25:27.313+0000] {logging_mixin.py:190} INFO - [2026-09-25T01:25:27.313+0000] {dag.py:4156} INFO - Setting next_dagrun for weather_etl to 2026-09-24 02:30:00+00:00, run_after=2026-09-25 02:30:00+00:00
[2026-09-25T01:25:27.320+0000] {processor.py:208} INFO - Processing /opt/airflow/dags/weather_etl.py took 0.058 seconds
[2026-09-25T01:25:57.592+0000] {processor.py:186} INFO - Started process (PID=38144) to work on /opt/airflow/dags/weather_etl.py
[2026-09-25T01:25:57.594+0000] {processor.py:914} INFO - Processing file /opt/airflow/dags/weather_etl.py for tasks to queue
[2026-09-25T01:25:57.596+0000] {logging_mixin.py:190} INFO - [2026-09-25T01:25:57.596+0000] {dagbag.py:587} INFO - Filling up the DagBag from /opt/airflow/dags/weather_etl.py
[2026-09-25T01:25:57.612+0000] {processor.py:925} INFO - DAG(s) 'weather_etl' retrieved from /opt/airflow/dags/weather_etl.py
[2026-09-25T01:25:57.620+0000] {logging_mixin.py:190} INFO - [2026-09-25T01:25:57.620+0000] {dag.py:3229} INFO - Sync 1 DAGs
[2026-09-25T01:25:57.630+0000] {logging_mixin.py:190} INFO - [2026-09-25T01:25:57.630+0000] {dag.py:4156} INFO - Setting next_dagrun for weather_etl to 2026-09-24 02:30:00+00:00, run_after=2026-09-25 02:30:00+00:00
[2026-09-25T01:25:57.636+0000] {processor.py:208} INFO - Processing /opt/airflow/dags/weather_etl.py took 0.049 seconds
[2026-09-25T01:26:27.964+0000] {processor.py:186} INFO - Started process (PID=38155) to work on /opt/airflow/dags/weather_etl.py
[2026-09-25T01:26:27.967+0000] {processor.py:914} INFO - Processing file /opt/airflow/dags/weather_etl.py for tasks to queue
[2026-09-25T01:26:27.969+0000] {logging_mixin.py:190} INFO - [2026-09-25T01:26:27.969+0000] {dagbag.py:587} INFO - Filling up the DagBag from /opt/airflow/dags/weather_etl.py
[2026-09-25T01:26:27.988+0000] {processor.py:925} INFO - DAG(s) 'weather_etl' retrieved from /opt/airflow/dags/weather_etl.py
[2026-09-25T01:26:27.996+0000] {logging_mixin.py:190} INFO - [2026-09-25T01:26:27.996+0000] {dag.py:3229} INFO - Sync 1 DAGs
[2026-09-25T01:26:28.006+0000] {logging_mixin.py:190} INFO - [2026-09-25T01:26:28.006+0000] {dag.py:4156} INFO - Setting next_dagrun for weather_etl to 2026-09-24 02:30:00+00:00, run_after=2026-09-25 02:30:00+00:00
[2026-09-25T01:26:28.012+0000] {processor.py:208} INFO - Processing /opt/airflow/dags/weather_etl.py took 0.054 seconds
[2026-09-25T01:26:58.327+0000] {processor.py:186} INFO - Started process (PID=38166) to work on /opt/airflow/dags/weather_etl.py
[2026-09-25T01:26:58.330+0000] {processor.py:914} INFO - Processing file /opt/airflow/dags/weather_etl.py for tasks to queue
[2026-09-25T01:26:58.332+0000] {logging_mixin.py:190} INFO - [2026-09-25T01:26:58.332+0000] {dagbag.py:587} INFO - Filling up the DagBag from /opt/airflow/dags/weather_etl.py
[2026-09-25T01:26:58.349+0000] {processor.py:925} INFO - DAG(s) 'weather_etl' retrieved from /opt/airflow/dags/weather_etl.py
[2026-09-25T01:26:58.357+0000] {logging_mixin.py:190} INFO - [2026-09-25T01:26:58.356+0000] {dag.py:3229} INFO - Sync 1 DAGs
[2026-09-25T01:26:58.366+0000] {logging_mixin.py:190} INFO - [2026-09-25T01:26:58.366+0000] {dag.py:4156} INFO - Setting next_dagrun for weather_etl to 2026-09-24 02:30:00+00:00, run_after=2026-09-25 02:30:00+00:00
[2026-09-25T01:26:58.373+0000] {processor.py:208} INFO - Processing /opt/airflow/dags/weather_etl.py took 0.054 seconds
[2026-09-25T01:27:28.720+0000] {processor.py:186} INFO - Started process (PID=38177) to work on /opt/airflow/dags/weather_etl.py
[2026-09-25T01:27:28.722+0000] {processor.py:914} INFO - Processing file /opt/airflow/dags/weather_etl.py for tasks to queue
[2026-09-25T01:27:28.725+0000] {logging_mixin.py:190} INFO - [2026-09-25T01:27:28.725+0000] {dagbag.py:587} INFO - Filling up the DagBag from /opt/airflow/dags/weather_etl.py
[2026-09-25T01:27:28.765+0000] {processor.py:925} INFO - DAG(s) 'weather_etl' retrieved from /opt/airflow/dags/weather_etl.py
[2026-09-25T01:27:28.782+0000] {logging_mixin.py:190} INFO - [2026-09-25T01:27:28.782+0000] {dag.py:3229} INFO - Sync 1 DAGs
[2026-09-25T01:27:28.804+0000] {logging_mixin.py:190} INFO - [2026-09-25T01:27:28.804+0000] {dag.py:4156} INFO - Setting next_dagrun for weather_etl to 2026-09-24 02:30:00+00:00, run_after=2026-09-25 02:30:00+00:00
[2026-09-25T01:27:28.815+0000] {processor.py:208} INFO - Processing /opt/airflow/dags/weather_etl.py took 0.104 seconds
[2026-09-25T01:27:59.114+0000] {processor.py:186} INFO - Started process (PID=38188) to work on /opt/airflow/dags/weather_etl.py
[2026-09-25T01:27:59.116+0000] {processor.py:914} INFO - Processing file /opt/airflow/dags/weather_etl.py for tasks to queue
[2026-09-25T01:27:59.119+0000] {logging_mixin.py:190} INFO - [2026-09-25T01:27:59.118+0000] {dagbag.py:587} INFO - Filling up the DagBag from /opt/airflow/dags/weather_etl.py
[2026-09-25T01:27:59.142+0000] {processor.py:925} INFO - DAG(s) 'weather_etl' retrieved from /opt/airflow/dags/weather_etl.py
[2026-09-25T01:27:59.152+0000] {logging_mixin.py:190} INFO - [2026-09-25T01:27:59.151+0000] {dag.py:3229} INFO - Sync 1 DAGs
[2026-09-25T01:27:59.162+0000] {logging_mixin.py:190} INFO - [2026-09-25T01:27:59.162+0000] {dag.py:4156} INFO - Setting next_dagrun for weather_etl to 2026-09-24 02:30:00+00:00, run_after=2026-09-25 02:30:00+00:00
[2026-09-25T01:27:59.169+0000] {processor.py:208} INFO - Processing /opt/airflow/dags/weather_etl.py took 0.064 seconds
[2026-09-25T01:28:29.558+0000] {processor.py:186} INFO - Started process (PID=38199) to work on /opt/airflow/dags/weather_etl.py
[2026-09-25T01:28:29.560+0000] {processor.py:914} INFO - Processing file /opt/airflow/dags/weather_etl.py for tasks to queue
[2026-09-25T01:28:29.563+0000] {logging_mixin.py:190} INFO - [2026-09-25T01:28:29.563+0000] {dagbag.py:587} INFO - Filling up the DagBag from /opt/airflow/dags/weather_etl.py
[2026-09-25T01:28:29.589+0000] {processor.py:925} INFO - DAG(s) 'weather_etl' retrieved from /opt/airflow/dags/weather_etl.py
[2026-09-25T01:28:29.602+0000] {logging_mixin.py:190} INFO - [2026-09-25T01:28:29.602+0000] {dag.py:3229} INFO - Sync 1 DAGs
[2026-09-25T01:28:29.617+0000] {logging_mixin.py:190} INFO - [2026-09-25T01:28:29.616+0000] {dag.py:4156} INFO - Setting next_dagrun for weather_etl to 2026-09-24 02:30:00+00:00, run_after=2026-09-25 02:30:00+00:00
[2026-09-25T01:28:29.625+0000] {processor.py:208} INFO - Processing /opt/airflow/dags/weather_etl.py took 0.075 seconds
[2026-09-25T01:28:59.915+0000] {processor.py:186} INFO - Started process (PID=38210) to work on /opt/airflow/dags/weather_etl.py
[2026-09-25T01:28:59.919+0000] {processor.py:914} INFO - Processing file /opt/airflow/dags/weather_etl.py for tasks to queue
[2026-09-25T01:28:59.921+0000] {logging_mixin.py:190} INFO - [2026-09-25T01:28:59.921+0000] {dagbag.py:587} INFO - Filling up the DagBag from /opt/airflow/dags/weather_etl.py
[2026-09-25T01:28:59.939+0000] {processor.py:925} INFO - DAG(s) 'weather_etl' retrieved from /opt/airflow/dags/weather_etl.py
[2026-09-25T01:28:59.948+0000] {logging_mixin.py:190} INFO - [2026-09-25T01:28:59.947+0000] {dag.py:3229} INFO - Sync 1 DAGs
[2026-09-25T01:28:59.958+0000] {logging_mixin.py:190} INFO - [2026-09-25T01:28:59.958+0000] {dag.py:4156} INFO - Setting next_dagrun for weather_etl to 2026-09-24 02:30:00+00:00, run_after=2026-09-25 02:30:00+00:00
[2026-09-25T01:28:59.964+0000] {processor.py:208} INFO - Processing /opt/airflow/dags/weather_etl.py took 0.055 seconds
[2026-09-25T01:29:30.282+0000] {processor.py:186} INFO - Started process (PID=38221) to work on /opt/airflow/dags/weather_etl.py
[2026-09-25T01:29:30.284+0000] {processor.py:914} INFO - Processing file /opt/airflow/dags/weather_etl.py for tasks to queue
[2026-09-25T01:29:30.288+0000] {logging_mixin.py:190} INFO - [2026-09-25T01:29:30.287+0000] {dagbag.py:587} INFO - Filling up the DagBag from /opt/airflow/dags/weather_etl.py
[2026-09-25T01:29:30.313+0000] {processor.py:925} INFO - DAG(s) 'weather_etl' retrieved from /opt/airflow/dags/weather_etl.py
[2026-09-25T01:29:30.324+0000] {logging_mixin.py:190} INFO - [2026-09-25T01:29:30.324+0000] {dag.py:3229} INFO - Sync 1 DAGs
[2026-09-25T01:29:30.337+0000] {logging_mixin.py:190} INFO - [2026-09-25T01:29:30.337+0000] {dag.py:4156} INFO - Setting next_dagrun for weather_etl to 2026-09-24 02:30:00+00:00, run_after=2026-09-25 02:30:00+00:00
[2026-09-25T01:29:30.345+0000] {processor.py:208} INFO - Processing /opt/airflow/dags/weather_etl.py took 0.071 seconds
[2026-09-25T01:30:00.689+0000] {processor.py:186} INFO - Started process (PID=38232) to work on /opt/airflow/dags/weather_etl.py
[2026-09-25T01:30:00.691+0000] {processor.py:914} INFO - Processing file /opt/airflow/dags/weather_etl.py for tasks to queue
[2026-09-25T01:30:00.693+0000] {logging_mixin.py:190} INFO - [2026-09-25T01:30:00.693+0000] {dagbag.py:587} INFO - Filling up the DagBag from /opt/airflow/dags/weather_etl.py
[2026-09-25T01:30:00.711+0000] {processor.py:925} INFO - DAG(s) 'weather_etl' retrieved from /opt/airflow/dags/weather_etl.py
[2026-09-25T01:30:00.720+0000] {logging_mixin.py:190} INFO - [2026-09-25T01:30:00.720+0000] {dag.py:3229} INFO - Sync 1 DAGs
[2026-09-25T01:30:00.732+0000] {logging_mixin.py:190} INFO - [2026-09-25T01:30:00.732+0000] {dag.py:4156} INFO - Setting next_dagrun for weather_etl to 2026-09-24 02:30:00+00:00, run_after=2026-09-25 02:30:00+00:00
[2026-09-25T01:30:00.743+0000] {processor.py:208} INFO - Processing /opt/airflow/dags/weather_etl.py took 0.060 seconds
[2026-09-25T01:30:31.025+0000] {processor.py:186} INFO - Started process (PID=38243) to work on /opt/airflow/dags/weather_etl.py
[2026-09-25T01:30:31.027+0000] {processor.py:914} INFO - Processing file /opt/airflow/dags/weather_etl.py for tasks to queue
[2026-09-25T01:30:31.032+0000] {logging_mixin.py:190} INFO - [2026-09-25T01:30:31.031+0000] {dagbag.py:587} INFO - Filling up the DagBag from /opt/airflow/dags/weather_etl.py
[2026-09-25T01:30:31.063+0000] {processor.py:925} INFO - DAG(s) 'weather_etl' retrieved from /opt/airflow/dags/weather_etl.py
[2026-09-25T01:30:31.081+0000] {logging_mixin.py:190} INFO - [2026-09-25T01:30:31.081+0000] {dag.py:3229} INFO - Sync 1 DAGs
[2026-09-25T01:30:31.101+0000] {logging_mixin.py:190} INFO - [2026-09-25T01:30:31.101+0000] {dag.py:4156} INFO - Setting next_dagrun for weather_etl to 2026-09-24 02:30:00+00:00, run_after=2026-09-25 02:30:00+00:00
[2026-09-25T01:30:31.110+0000] {processor.py:208} INFO - Processing /opt/airflow/dags/weather_etl.py took 0.096 seconds
[2026-09-25T01:31:01.483+0000] {processor.py:186} INFO - Started process (PID=38254) to work on /opt/airflow/dags/weather_etl.py
[2026-09-25T01:31:01.487+0000] {processor.py:914} INFO - Processing file /opt/airflow/dags/weather_etl.py for tasks to queue
[2026-09-25T01:31:01.494+0000] {logging_mixin.py:190} INFO - [2026-09-25T01:31:01.493+0000] {dagbag.py:587} INFO - Filling up the DagBag from /opt/airflow/dags/weather_etl.py
[2026-09-25T01:31:01.532+0000] {processor.py:925} INFO - DAG(s) 'weather_etl' retrieved from /opt/airflow/dags/weather_etl.py
[2026-09-25T01:31:01.554+0000] {logging_mixin.py:190} INFO - [2026-09-25T01:31:01.553+0000] {dag.py:3229} INFO - Sync 1 DAGs
[2026-09-25T01:31:01.574+0000] {logging_mixin.py:190} INFO - [2026-09-25T01:31:01.573+0000] {dag.py:4156} INFO - Setting next_dagrun for weather_etl to 2026-09-24 02:30:00+00:00, run_after=2026-09-25 02:30:00+00:00
[2026-09-25T01:31:01.583+0000] {processor.py:208} INFO - Processing /opt/airflow/dags/weather_etl.py took 0.112 seconds
[2026-09-25T01:31:31.896+0000] {processor.py:186} INFO - Started process (PID=38265) to work on /opt/airflow/dags/weather_etl.py
[2026-09-25T01:31:31.899+0000] {processor.py:914} INFO - Processing file /opt/airflow/dags/weather_etl.py for tasks to queue
[2026-09-25T01:31:31.903+0000] {logging_mixin.py:190} INFO - [2026-09-25T01:31:31.902+0000] {dagbag.py:587} INFO - Filling up the DagBag from /opt/airflow/dags/weather_etl.py
[2026-09-25T01:31:31.928+0000] {processor.py:925} INFO - DAG(s) 'weather_etl' retrieved from /opt/airflow/dags/weather_etl.py
[2026-09-25T01:31:31.939+0000] {logging_mixin.py:190} INFO - [2026-09-25T01:31:31.939+0000] {dag.py:3229} INFO - Sync 1 DAGs
[2026-09-25T01:31:31.953+0000] {logging_mixin.py:190} INFO - [2026-09-25T01:31:31.953+0000] {dag.py:4156} INFO - Setting next_dagrun for weather_etl to 2026-09-24 02:30:00+00:00, run_after=2026-09-25 02:30:00+00:00
[2026-09-25T01:31:31.961+0000] {processor.py:208} INFO - Processing /opt/airflow/dags/weather_etl.py took 0.073 seconds
[2026-09-25T01:32:02.249+0000] {processor.py:186} INFO - Started process (PID=38276) to work on /opt/airflow/dags/weather_etl.py
[2026-09-25T01:32:02.252+0000] {processor.py:914} INFO - Processing file /opt/airflow/dags/weather_etl.py for tasks to queue
[2026-09-25T01:32:02.254+0000] {logging_mixin.py:190} INFO - [2026-09-25T01:32:02.254+0000] {dagbag.py:587} INFO - Filling up the DagBag from /opt/airflow/dags/weather_etl.py
[2026-09-25T01:32:02.273+0000] {processor.py:925} INFO - DAG(s) 'weather_etl' retrieved from /opt/airflow/dags/weather_etl.py
[2026-09-25T01:32:02.282+0000] {logging_mixin.py:190} INFO - [2026-09-25T01:32:02.282+0000] {dag.py:3229} INFO - Sync 1 DAGs
[2026-09-25T01:32:02.293+0000] {logging_mixin.py:190} INFO - [2026-09-25T01:32:02.293+0000] {dag.py:4156} INFO - Setting next_dagrun for weather_etl to 2026-09-24 02:30:00+00:00, run_after=2026-09-25 02:30:00+00:00
[2026-09-25T01:32:02.301+0000] {processor.py:208} INFO - Processing /opt/airflow/dags/weather_etl.py took 0.057 seconds
[2026-09-25T01:32:32.646+0000] {processor.py:186} INFO - Started process (PID=38287) to work on /opt/airflow/dags/weather_etl.py
[2026-09-25T01:32:32.650+0000] {processor.py:914} INFO - Processing file /opt/airflow/dags/weather_etl.py for tasks to queue
[2026-09-25T01:32:32.653+0000] {logging_mixin.py:190} INFO - [2026-09-25T01:32:32.652+0000] {dagbag.py:587} INFO - Filling up the DagBag from /opt/airflow/dags/weather_etl.py
[2026-09-25T01:32:32.679+0000] {processor.py:925} INFO - DAG(s) 'weather_etl' retrieved from /opt/airflow/dags/weather_etl.py
[2026-09-25T01:32:32.690+0000] {logging_mixin.py:190} INFO - [2026-09-25T01:32:32.690+0000] {dag.py:3229} INFO - Sync 1 DAGs
[2026-09-25T01:32:32.703+0000] {logging_mixin.py:190} INFO - [2026-09-25T01:32:32.703+0000] {dag.py:4156} INFO - Setting next_dagrun for weather_etl to 2026-09-24 02:30:00+00:00, run_after=2026-09-25 02:30:00+00:00
[2026-09-25T01:32:32.711+0000] {processor.py:208} INFO - Processing /opt/airflow/dags/weather_etl.py took 0.072 seconds
[2026-09-25T01:33:03.013+0000] {processor.py:186} INFO - Started process (PID=38298) to work on /opt/airflow/dags/weather_etl.py
[2026-09-25T01:33:03.015+0000] {processor.py:914} INFO - Processing file /opt/airflow/dags/weather_etl.py for tasks to queue
[2026-09-25T01:33:03.016+0000] {logging_mixin.py:190} INFO - [2026-09-25T01:33:03.016+0000] {dagbag.py:587} INFO - Filling up the DagBag from /opt/airflow/dags/weather_etl.py
[2026-09-25T01:33:03.030+0000] {processor.py:925} INFO - DAG(s) 'weather_etl' retrieved from /opt/airflow/dags/weather_etl.py
[2026-09-25T01:33:03.041+0000] {logging_mixin.py:190} INFO - [2026-09-25T01:33:03.040+0000] {dag.py:3229} INFO - Sync 1 DAGs
[2026-09-25T01:33:03.053+0000] {logging_mixin.py:190} INFO - [2026-09-25T01:33:03.053+0000] {dag.py:4156} INFO - Setting next_dagrun for weather_etl to 2026-09-24 02:30:00+00:00, run_after=2026-09-25 02:30:00+00:00
[2026-09-25T01:33:03.060+0000] {processor.py:208} INFO - Processing /opt/airflow/dags/weather_etl.py took 0.051 seconds
[2026-09-25T01:33:33.475+0000] {processor.py:186} INFO - Started process (PID=38309) to work on /opt/airflow/dags/weather_etl.py
[2026-09-25T01:33:33.478+0000] {processor.py:914} INFO - Processing file /opt/airflow/dags/weather_etl.py for tasks to queue
[2026-09-25T01:33:33.485+0000] {logging_mixin.py:190} INFO - [2026-09-25T01:33:33.484+0000] {dagbag.py:587} INFO - Filling up the DagBag from /opt/airflow/dags/weather_etl.py
[2026-09-25T01:33:33.523+0000] {processor.py:925} INFO - DAG(s) 'weather_etl' retrieved from /opt/airflow/dags/weather_etl.py
[2026-09-25T01:33:33.540+0000] {logging_mixin.py:190} INFO - [2026-09-25T01:33:33.540+0000] {dag.py:3229} INFO - Sync 1 DAGs
[2026-09-25T01:33:33.557+0000] {logging_mixin.py:190} INFO - [2026-09-25T01:33:33.557+0000] {dag.py:4156} INFO - Setting next_dagrun for weather_etl to 2026-09-24 02:30:00+00:00, run_after=2026-09-25 02:30:00+00:00
[2026-09-25T01:33:33.567+0000] {processor.py:208} INFO - Processing /opt/airflow/dags/weather_etl.py took 0.105 seconds
[2026-09-25T01:34:03.825+0000] {processor.py:186} INFO - Started process (PID=38320) to work on /opt/airflow/dags/weather_etl.py
[2026-09-25T01:34:03.826+0000] {processor.py:914} INFO - Processing file /opt/airflow/dags/weather_etl.py for tasks to queue
[2026-09-25T01:34:03.832+0000] {logging_mixin.py:190} INFO - [2026-09-25T01:34:03.831+0000] {dagbag.py:587} INFO - Filling up the DagBag from /opt/airflow/dags/weather_etl.py
[2026-09-25T01:34:03.870+0000] {processor.py:925} INFO - DAG(s) 'weather_etl' retrieved from /opt/airflow/dags/weather_etl.py
[2026-09-25T01:34:03.894+0000] {logging_mixin.py:190} INFO - [2026-09-25T01:34:03.894+0000] {dag.py:3229} INFO - Sync 1 DAGs
[2026-09-25T01:34:03.908+0000] {logging_mixin.py:190} INFO - [2026-09-25T01:34:03.908+0000] {dag.py:4156} INFO - Setting next_dagrun for weather_etl to 2026-09-24 02:30:00+00:00, run_after=2026-09-25 02:30:00+00:00
[2026-09-25T01:34:03.922+0000] {processor.py:208} INFO - Processing /opt/airflow/dags/weather_etl.py took 0.105 seconds
[2026-09-25T01:34:34.331+0000] {processor.py:186} INFO - Started process (PID=38331) to work on /opt/airflow/dags/weather_etl.py
[2026-09-25T01:34:34.333+0000] {processor.py:914} INFO - Processing file /opt/airflow/dags/weather_etl.py for tasks to queue
[2026-09-25T01:34:34.338+0000] {logging_mixin.py:190} INFO - [2026-09-25T01:34:34.337+0000] {dagbag.py:587} INFO - Filling up the DagBag from /opt/airflow/dags/weather_etl.py
[2026-09-25T01:34:34.368+0000] {processor.py:925} INFO - DAG(s) 'weather_etl' retrieved from /opt/airflow/dags/weather_etl.py
[2026-09-25T01:34:34.387+0000] {logging_mixin.py:190} INFO - [2026-09-25T01:34:34.387+0000] {dag.py:3229} INFO - Sync 1 DAGs
[2026-09-25T01:34:34.406+0000] {logging_mixin.py:190} INFO - [2026-09-25T01:34:34.406+0000] {dag.py:4156} INFO - Setting next_dagrun for weather_etl to 2026-09-24 02:30:00+00:00, run_after=2026-09-25 02:30:00+00:00
[2026-09-25T01:34:34.419+0000] {processor.py:208} INFO - Processing /opt/airflow/dags/weather_etl.py took 0.096 seconds
[2026-09-25T01:35:04.701+0000] {processor.py:186} INFO - Started process (PID=38342) to work on /opt/airflow/dags/weather_etl.py
[2026-09-25T01:35:04.705+0000] {processor.py:914} INFO - Processing file /opt/airflow/dags/weather_etl.py for tasks to queue
[2026-09-25T01:35:04.707+0000] {logging_mixin.py:190} INFO - [2026-09-25T01:35:04.707+0000] {dagbag.py:587} INFO - Filling up the DagBag from /opt/airflow/dags/weather_etl.py
[2026-09-25T01:35:04.727+0000] {processor.py:925} INFO - DAG(s) 'weather_etl' retrieved from /opt/airflow/dags/weather_etl.py
[2026-09-25T01:35:04.735+0000] {logging_mixin.py:190} INFO - [2026-09-25T01:35:04.735+0000] {dag.py:3229} INFO - Sync 1 DAGs
[2026-09-25T01:35:04.746+0000] {logging_mixin.py:190} INFO - [2026-09-25T01:35:04.746+0000] {dag.py:4156} INFO - Setting next_dagrun for weather_etl to 2026-09-24 02:30:00+00:00, run_after=2026-09-25 02:30:00+00:00
[2026-09-25T01:35:04.752+0000] {processor.py:208} INFO - Processing /opt/airflow/dags/weather_etl.py took 0.057 seconds
[2026-09-25T01:35:35.075+0000] {processor.py:186} INFO - Started process (PID=38353) to work on /opt/airflow/dags/weather_etl.py
[2026-09-25T01:35:35.079+0000] {processor.py:914} INFO - Processing file /opt/airflow/dags/weather_etl.py for tasks to queue
[2026-09-25T01:35:35.082+0000] {logging_mixin.py:190} INFO - [2026-09-25T01:35:35.082+0000] {dagbag.py:587} INFO - Filling up the DagBag from /opt/airflow/dags/weather_etl.py
[2026-09-25T01:35:35.105+0000] {processor.py:925} INFO - DAG(s) 'weather_etl' retrieved from /opt/airflow/dags/weather_etl.py
[2026-09-25T01:35:35.117+0000] {logging_mixin.py:190} INFO - [2026-09-25T01:35:35.116+0000] {dag.py:3229} INFO - Sync 1 DAGs
[2026-09-25T01:35:35.130+0000] {logging_mixin.py:190} INFO - [2026-09-25T01:35:35.130+0000] {dag.py:4156} INFO - Setting next_dagrun for weather_etl to 2026-09-24 02:30:00+00:00, run_after=2026-09-25 02:30:00+00:00
[2026-09-25T01:35:35.138+0000] {processor.py:208} INFO - Processing /opt/airflow/dags/weather_etl.py took 0.068 seconds
[2026-09-25T01:36:05.480+0000] {processor.py:186} INFO - Started process (PID=38364) to work on /opt/airflow/dags/weather_etl.py
[2026-09-25T01:36:05.485+0000] {processor.py:914} INFO - Processing file /opt/airflow/dags/weather_etl.py for tasks to queue
[2026-09-25T01:36:05.500+0000] {logging_mixin.py:190} INFO - [2026-09-25T01:36:05.499+0000] {dagbag.py:587} INFO - Filling up the DagBag from /opt/airflow/dags/weather_etl.py
[2026-09-25T01:36:05.569+0000] {processor.py:925} INFO - DAG(s) 'weather_etl' retrieved from /opt/airflow/dags/weather_etl.py
[2026-09-25T01:36:05.598+0000] {logging_mixin.py:190} INFO - [2026-09-25T01:36:05.597+0000] {dag.py:3229} INFO - Sync 1 DAGs
[2026-09-25T01:36:05.617+0000] {logging_mixin.py:190} INFO - [2026-09-25T01:36:05.617+0000] {dag.py:4156} INFO - Setting next_dagrun for weather_etl to 2026-09-24 02:30:00+00:00, run_after=2026-09-25 02:30:00+00:00
[2026-09-25T01:36:05.627+0000] {processor.py:208} INFO - Processing /opt/airflow/dags/weather_etl.py took 0.162 seconds
[2026-09-25T01:36:35.872+0000] {processor.py:186} INFO - Started process (PID=38375) to work on /opt/airflow/dags/weather_etl.py
[2026-09-25T01:36:35.876+0000] {processor.py:914} INFO - Processing file /opt/airflow/dags/weather_etl.py for tasks to queue
[2026-09-25T01:36:35.880+0000] {logging_mixin.py:190} INFO - [2026-09-25T01:36:35.880+0000] {dagbag.py:587} INFO - Filling up the DagBag from /opt/airflow/dags/weather_etl.py
[2026-09-25T01:36:35.908+0000] {processor.py:925} INFO - DAG(s) 'weather_etl' retrieved from /opt/airflow/dags/weather_etl.py
[2026-09-25T01:36:35.923+0000] {logging_mixin.py:190} INFO - [2026-09-25T01:36:35.923+0000] {dag.py:3229} INFO - Sync 1 DAGs
[2026-09-25T01:36:35.941+0000] {logging_mixin.py:190} INFO - [2026-09-25T01:36:35.941+0000] {dag.py:4156} INFO - Setting next_dagrun for weather_etl to 2026-09-24 02:30:00+00:00, run_after=2026-09-25 02:30:00+00:00
[2026-09-25T01:36:35.950+0000] {processor.py:208} INFO - Processing /opt/airflow/dags/weather_etl.py took 0.089 seconds
[2026-09-25T01:37:06.308+0000] {processor.py:186} INFO - Started process (PID=38386) to work on /opt/airflow/dags/weather_etl.py
[2026-09-25T01:37:06.312+0000] {processor.py:914} INFO - Processing file /opt/airflow/dags/weather_etl.py for tasks to queue
[2026-09-25T01:37:06.314+0000] {logging_mixin.py:190} INFO - [2026-09-25T01:37:06.313+0000] {dagbag.py:587} INFO - Filling up the DagBag from /opt/airflow/dags/weather_etl.py
[2026-09-25T01:37:06.334+0000] {processor.py:925} INFO - DAG(s) 'weather_etl' retrieved from /opt/airflow/dags/weather_etl.py
[2026-09-25T01:37:06.345+0000] {logging_mixin.py:190} INFO - [2026-09-25T01:37:06.344+0000] {dag.py:3229} INFO - Sync 1 DAGs
[2026-09-25T01:37:06.355+0000] {logging_mixin.py:190} INFO - [2026-09-25T01:37:06.355+0000] {dag.py:4156} INFO - Setting next_dagrun for weather_etl to 2026-09-24 02:30:00+00:00, run_after=2026-09-25 02:30:00+00:00
[2026-09-25T01:37:06.363+0000] {processor.py:208} INFO - Processing /opt/airflow/dags/weather_etl.py took 0.061 seconds
[2026-09-25T01:37:36.669+0000] {processor.py:186} INFO - Started process (PID=38397) to work on /opt/airflow/dags/weather_etl.py
[2026-09-25T01:37:36.672+0000] {processor.py:914} INFO - Processing file /opt/airflow/dags/weather_etl.py for tasks to queue
[2026-09-25T01:37:36.679+0000] {logging_mixin.py:190} INFO - [2026-09-25T01:37:36.678+0000] {dagbag.py:587} INFO - Filling up the DagBag from /opt/airflow/dags/weather_etl.py
[2026-09-25T01:37:36.730+0000] {processor.py:925} INFO - DAG(s) 'weather_etl' retrieved from /opt/airflow/dags/weather_etl.py
[2026-09-25T01:37:36.754+0000] {logging_mixin.py:190} INFO - [2026-09-25T01:37:36.754+0000] {dag.py:3229} INFO - Sync 1 DAGs
[2026-09-25T01:37:36.783+0000] {logging_mixin.py:190} INFO - [2026-09-25T01:37:36.783+0000] {dag.py:4156} INFO - Setting next_dagrun for weather_etl to 2026-09-24 02:30:00+00:00, run_after=2026-09-25 02:30:00+00:00
[2026-09-25T01:37:36.806+0000] {processor.py:208} INFO - Processing /opt/airflow/dags/weather_etl.py took 0.150 seconds
[2026-09-25T01:38:06.998+0000] {processor.py:186} INFO - Started process (PID=38414) to work on /opt/airflow/dags/weather_etl.py
[2026-09-25T01:38:07.000+0000] {processor.py:914} INFO - Processing file /opt/airflow/dags/weather_etl.py for tasks to queue
[2026-09-25T01:38:07.003+0000] {logging_mixin.py:190} INFO - [2026-09-25T01:38:07.002+0000] {dagbag.py:587} INFO - Filling up the DagBag from /opt/airflow/dags/weather_etl.py
[2026-09-25T01:38:07.031+0000] {processor.py:925} INFO - DAG(s) 'weather_etl' retrieved from /opt/airflow/dags/weather_etl.py
[2026-09-25T01:38:07.043+0000] {logging_mixin.py:190} INFO - [2026-09-25T01:38:07.042+0000] {dag.py:3229} INFO - Sync 1 DAGs
[2026-09-25T01:38:07.057+0000] {logging_mixin.py:190} INFO - [2026-09-25T01:38:07.057+0000] {dag.py:4156} INFO - Setting next_dagrun for weather_etl to 2026-09-24 02:30:00+00:00, run_after=2026-09-25 02:30:00+00:00
[2026-09-25T01:38:07.067+0000] {processor.py:208} INFO - Processing /opt/airflow/dags/weather_etl.py took 0.075 seconds
[2026-09-25T01:38:37.395+0000] {processor.py:186} INFO - Started process (PID=38425) to work on /opt/airflow/dags/weather_etl.py
[2026-09-25T01:38:37.397+0000] {processor.py:914} INFO - Processing file /opt/airflow/dags/weather_etl.py for tasks to queue
[2026-09-25T01:38:37.401+0000] {logging_mixin.py:190} INFO - [2026-09-25T01:38:37.401+0000] {dagbag.py:587} INFO - Filling up the DagBag from /opt/airflow/dags/weather_etl.py
[2026-09-25T01:38:37.423+0000] {processor.py:925} INFO - DAG(s) 'weather_etl' retrieved from /opt/airflow/dags/weather_etl.py
[2026-09-25T01:38:37.436+0000] {logging_mixin.py:190} INFO - [2026-09-25T01:38:37.436+0000] {dag.py:3229} INFO - Sync 1 DAGs
[2026-09-25T01:38:37.453+0000] {logging_mixin.py:190} INFO - [2026-09-25T01:38:37.452+0000] {dag.py:4156} INFO - Setting next_dagrun for weather_etl to 2026-09-24 02:30:00+00:00, run_after=2026-09-25 02:30:00+00:00
[2026-09-25T01:38:37.465+0000] {processor.py:208} INFO - Processing /opt/airflow/dags/weather_etl.py took 0.077 seconds
[2026-09-25T01:39:07.789+0000] {processor.py:186} INFO - Started process (PID=38436) to work on /opt/airflow/dags/weather_etl.py
[2026-09-25T01:39:07.792+0000] {processor.py:914} INFO - Processing file /opt/airflow/dags/weather_etl.py for tasks to queue
[2026-09-25T01:39:07.794+0000] {logging_mixin.py:190} INFO - [2026-09-25T01:39:07.794+0000] {dagbag.py:587} INFO - Filling up the DagBag from /opt/airflow/dags/weather_etl.py
[2026-09-25T01:39:07.816+0000] {processor.py:925} INFO - DAG(s) 'weather_etl' retrieved from /opt/airflow/dags/weather_etl.py
[2026-09-25T01:39:07.827+0000] {logging_mixin.py:190} INFO - [2026-09-25T01:39:07.827+0000] {dag.py:3229} INFO - Sync 1 DAGs
[2026-09-25T01:39:07.839+0000] {logging_mixin.py:190} INFO - [2026-09-25T01:39:07.839+0000] {dag.py:4156} INFO - Setting next_dagrun for weather_etl to 2026-09-24 02:30:00+00:00, run_after=2026-09-25 02:30:00+00:00
[2026-09-25T01:39:07.847+0000] {processor.py:208} INFO - Processing /opt/airflow/dags/weather_etl.py took 0.065 seconds
[2026-09-25T01:39:38.311+0000] {processor.py:186} INFO - Started process (PID=38447) to work on /opt/airflow/dags/weather_etl.py
[2026-09-25T01:39:38.317+0000] {processor.py:914} INFO - Processing file /opt/airflow/dags/weather_etl.py for tasks to queue
[2026-09-25T01:39:38.324+0000] {logging_mixin.py:190} INFO - [2026-09-25T01:39:38.322+0000] {dagbag.py:587} INFO - Filling up the DagBag from /opt/airflow/dags/weather_etl.py
[2026-09-25T01:39:38.387+0000] {processor.py:925} INFO - DAG(s) 'weather_etl' retrieved from /opt/airflow/dags/weather_etl.py
[2026-09-25T01:39:38.411+0000] {logging_mixin.py:190} INFO - [2026-09-25T01:39:38.411+0000] {dag.py:3229} INFO - Sync 1 DAGs
[2026-09-25T01:39:38.442+0000] {logging_mixin.py:190} INFO - [2026-09-25T01:39:38.442+0000] {dag.py:4156} INFO - Setting next_dagrun for weather_etl to 2026-09-24 02:30:00+00:00, run_after=2026-09-25 02:30:00+00:00
[2026-09-25T01:39:38.458+0000] {processor.py:208} INFO - Processing /opt/airflow/dags/weather_etl.py took 0.160 seconds
[2026-09-25T01:40:08.766+0000] {processor.py:186} INFO - Started process (PID=38458) to work on /opt/airflow/dags/weather_etl.py
[2026-09-25T01:40:08.771+0000] {processor.py:914} INFO - Processing file /opt/airflow/dags/weather_etl.py for tasks to queue
[2026-09-25T01:40:08.775+0000] {logging_mixin.py:190} INFO - [2026-09-25T01:40:08.775+0000] {dagbag.py:587} INFO - Filling up the DagBag from /opt/airflow/dags/weather_etl.py
[2026-09-25T01:40:08.827+0000] {processor.py:925} INFO - DAG(s) 'weather_etl' retrieved from /opt/airflow/dags/weather_etl.py
[2026-09-25T01:40:08.855+0000] {logging_mixin.py:190} INFO - [2026-09-25T01:40:08.855+0000] {dag.py:3229} INFO - Sync 1 DAGs
[2026-09-25T01:40:08.883+0000] {logging_mixin.py:190} INFO - [2026-09-25T01:40:08.882+0000] {dag.py:4156} INFO - Setting next_dagrun for weather_etl to 2026-09-24 02:30:00+00:00, run_after=2026-09-25 02:30:00+00:00
[2026-09-25T01:40:08.900+0000] {processor.py:208} INFO - Processing /opt/airflow/dags/weather_etl.py took 0.144 seconds
[2026-09-25T01:40:39.087+0000] {processor.py:186} INFO - Started process (PID=38469) to work on /opt/airflow/dags/weather_etl.py
[2026-09-25T01:40:39.089+0000] {processor.py:914} INFO - Processing file /opt/airflow/dags/weather_etl.py for tasks to queue
[2026-09-25T01:40:39.093+0000] {logging_mixin.py:190} INFO - [2026-09-25T01:40:39.092+0000] {dagbag.py:587} INFO - Filling up the DagBag from /opt/airflow/dags/weather_etl.py
[2026-09-25T01:40:39.118+0000] {processor.py:925} INFO - DAG(s) 'weather_etl' retrieved from /opt/airflow/dags/weather_etl.py
[2026-09-25T01:40:39.129+0000] {logging_mixin.py:190} INFO - [2026-09-25T01:40:39.129+0000] {dag.py:3229} INFO - Sync 1 DAGs
[2026-09-25T01:40:39.141+0000] {logging_mixin.py:190} INFO - [2026-09-25T01:40:39.141+0000] {dag.py:4156} INFO - Setting next_dagrun for weather_etl to 2026-09-24 02:30:00+00:00, run_after=2026-09-25 02:30:00+00:00
[2026-09-25T01:40:39.148+0000] {processor.py:208} INFO - Processing /opt/airflow/dags/weather_etl.py took 0.072 seconds
[2026-09-25T01:41:09.461+0000] {processor.py:186} INFO - Started process (PID=38480) to work on /opt/airflow/dags/weather_etl.py
[2026-09-25T01:41:09.463+0000] {processor.py:914} INFO - Processing file /opt/airflow/dags/weather_etl.py for tasks to queue
[2026-09-25T01:41:09.465+0000] {logging_mixin.py:190} INFO - [2026-09-25T01:41:09.465+0000] {dagbag.py:587} INFO - Filling up the DagBag from /opt/airflow/dags/weather_etl.py
[2026-09-25T01:41:09.487+0000] {processor.py:925} INFO - DAG(s) 'weather_etl' retrieved from /opt/airflow/dags/weather_etl.py
[2026-09-25T01:41:09.495+0000] {logging_mixin.py:190} INFO - [2026-09-25T01:41:09.495+0000] {dag.py:3229} INFO - Sync 1 DAGs
[2026-09-25T01:41:09.505+0000] {logging_mixin.py:190} INFO - [2026-09-25T01:41:09.505+0000] {dag.py:4156} INFO - Setting next_dagrun for weather_etl to 2026-09-24 02:30:00+00:00, run_after=2026-09-25 02:30:00+00:00
[2026-09-25T01:41:09.513+0000] {processor.py:208} INFO - Processing /opt/airflow/dags/weather_etl.py took 0.058 seconds
[2026-09-25T01:41:39.848+0000] {processor.py:186} INFO - Started process (PID=38491) to work on /opt/airflow/dags/weather_etl.py
[2026-09-25T01:41:39.850+0000] {processor.py:914} INFO - Processing file /opt/airflow/dags/weather_etl.py for tasks to queue
[2026-09-25T01:41:39.852+0000] {logging_mixin.py:190} INFO - [2026-09-25T01:41:39.852+0000] {dagbag.py:587} INFO - Filling up the DagBag from /opt/airflow/dags/weather_etl.py
[2026-09-25T01:41:39.871+0000] {processor.py:925} INFO - DAG(s) 'weather_etl' retrieved from /opt/airflow/dags/weather_etl.py
[2026-09-25T01:41:39.880+0000] {logging_mixin.py:190} INFO - [2026-09-25T01:41:39.880+0000] {dag.py:3229} INFO - Sync 1 DAGs
[2026-09-25T01:41:39.890+0000] {logging_mixin.py:190} INFO - [2026-09-25T01:41:39.890+0000] {dag.py:4156} INFO - Setting next_dagrun for weather_etl to 2026-09-24 02:30:00+00:00, run_after=2026-09-25 02:30:00+00:00
[2026-09-25T01:41:39.896+0000] {processor.py:208} INFO - Processing /opt/airflow/dags/weather_etl.py took 0.054 seconds
[2026-09-25T01:42:10.217+0000] {processor.py:186} INFO - Started process (PID=38502) to work on /opt/airflow/dags/weather_etl.py
[2026-09-25T01:42:10.219+0000] {processor.py:914} INFO - Processing file /opt/airflow/dags/weather_etl.py for tasks to queue
[2026-09-25T01:42:10.221+0000] {logging_mixin.py:190} INFO - [2026-09-25T01:42:10.221+0000] {dagbag.py:587} INFO - Filling up the DagBag from /opt/airflow/dags/weather_etl.py
[2026-09-25T01:42:10.241+0000] {processor.py:925} INFO - DAG(s) 'weather_etl' retrieved from /opt/airflow/dags/weather_etl.py
[2026-09-25T01:42:10.250+0000] {logging_mixin.py:190} INFO - [2026-09-25T01:42:10.250+0000] {dag.py:3229} INFO - Sync 1 DAGs
[2026-09-25T01:42:10.261+0000] {logging_mixin.py:190} INFO - [2026-09-25T01:42:10.261+0000] {dag.py:4156} INFO - Setting next_dagrun for weather_etl to 2026-09-24 02:30:00+00:00, run_after=2026-09-25 02:30:00+00:00
[2026-09-25T01:42:10.268+0000] {processor.py:208} INFO - Processing /opt/airflow/dags/weather_etl.py took 0.057 seconds
[2026-09-25T01:42:40.595+0000] {processor.py:186} INFO - Started process (PID=38513) to work on /opt/airflow/dags/weather_etl.py
[2026-09-25T01:42:40.598+0000] {processor.py:914} INFO - Processing file /opt/airflow/dags/weather_etl.py for tasks to queue
[2026-09-25T01:42:40.600+0000] {logging_mixin.py:190} INFO - [2026-09-25T01:42:40.600+0000] {dagbag.py:587} INFO - Filling up the DagBag from /opt/airflow/dags/weather_etl.py
[2026-09-25T01:42:40.618+0000] {processor.py:925} INFO - DAG(s) 'weather_etl' retrieved from /opt/airflow/dags/weather_etl.py
[2026-09-25T01:42:40.626+0000] {logging_mixin.py:190} INFO - [2026-09-25T01:42:40.626+0000] {dag.py:3229} INFO - Sync 1 DAGs
[2026-09-25T01:42:40.636+0000] {logging_mixin.py:190} INFO - [2026-09-25T01:42:40.636+0000] {dag.py:4156} INFO - Setting next_dagrun for weather_etl to 2026-09-24 02:30:00+00:00, run_after=2026-09-25 02:30:00+00:00
[2026-09-25T01:42:40.644+0000] {processor.py:208} INFO - Processing /opt/airflow/dags/weather_etl.py took 0.055 seconds
[2026-09-25T01:43:10.953+0000] {processor.py:186} INFO - Started process (PID=38524) to work on /opt/airflow/dags/weather_etl.py
[2026-09-25T01:43:10.955+0000] {processor.py:914} INFO - Processing file /opt/airflow/dags/weather_etl.py for tasks to queue
[2026-09-25T01:43:10.957+0000] {logging_mixin.py:190} INFO - [2026-09-25T01:43:10.956+0000] {dagbag.py:587} INFO - Filling up the DagBag from /opt/airflow/dags/weather_etl.py
[2026-09-25T01:43:10.973+0000] {processor.py:925} INFO - DAG(s) 'weather_etl' retrieved from /opt/airflow/dags/weather_etl.py
[2026-09-25T01:43:10.982+0000] {logging_mixin.py:190} INFO - [2026-09-25T01:43:10.982+0000] {dag.py:3229} INFO - Sync 1 DAGs
[2026-09-25T01:43:10.992+0000] {logging_mixin.py:190} INFO - [2026-09-25T01:43:10.992+0000] {dag.py:4156} INFO - Setting next_dagrun for weather_etl to 2026-09-24 02:30:00+00:00, run_after=2026-09-25 02:30:00+00:00
[2026-09-25T01:43:11.000+0000] {processor.py:208} INFO - Processing /opt/airflow/dags/weather_etl.py took 0.053 seconds
[2026-09-25T01:43:41.285+0000] {processor.py:186} INFO - Started process (PID=38535) to work on /opt/airflow/dags/weather_etl.py
[2026-09-25T01:43:41.289+0000] {processor.py:914} INFO - Processing file /opt/airflow/dags/weather_etl.py for tasks to queue
[2026-09-25T01:43:41.291+0000] {logging_mixin.py:190} INFO - [2026-09-25T01:43:41.291+0000] {dagbag.py:587} INFO - Filling up the DagBag from /opt/airflow/dags/weather_etl.py
[2026-09-25T01:43:41.311+0000] {processor.py:925} INFO - DAG(s) 'weather_etl' retrieved from /opt/airflow/dags/weather_etl.py
[2026-09-25T01:43:41.322+0000] {logging_mixin.py:190} INFO - [2026-09-25T01:43:41.321+0000] {dag.py:3229} INFO - Sync 1 DAGs
[2026-09-25T01:43:41.332+0000] {logging_mixin.py:190} INFO - [2026-09-25T01:43:41.332+0000] {dag.py:4156} INFO - Setting next_dagrun for weather_etl to 2026-09-24 02:30:00+00:00, run_after=2026-09-25 02:30:00+00:00
[2026-09-25T01:43:41.339+0000] {processor.py:208} INFO - Processing /opt/airflow/dags/weather_etl.py took 0.060 seconds
[2026-09-25T01:44:11.606+0000] {processor.py:186} INFO - Started process (PID=38546) to work on /opt/airflow/dags/weather_etl.py
[2026-09-25T01:44:11.607+0000] {processor.py:914} INFO - Processing file /opt/airflow/dags/weather_etl.py for tasks to queue
[2026-09-25T01:44:11.611+0000] {logging_mixin.py:190} INFO - [2026-09-25T01:44:11.610+0000] {dagbag.py:587} INFO - Filling up the DagBag from /opt/airflow/dags/weather_etl.py
[2026-09-25T01:44:11.632+0000] {processor.py:925} INFO - DAG(s) 'weather_etl' retrieved from /opt/airflow/dags/weather_etl.py
[2026-09-25T01:44:11.643+0000] {logging_mixin.py:190} INFO - [2026-09-25T01:44:11.643+0000] {dag.py:3229} INFO - Sync 1 DAGs
[2026-09-25T01:44:11.655+0000] {logging_mixin.py:190} INFO - [2026-09-25T01:44:11.655+0000] {dag.py:4156} INFO - Setting next_dagrun for weather_etl to 2026-09-24 02:30:00+00:00, run_after=2026-09-25 02:30:00+00:00
[2026-09-25T01:44:11.663+0000] {processor.py:208} INFO - Processing /opt/airflow/dags/weather_etl.py took 0.064 seconds
[2026-09-25T01:44:41.938+0000] {processor.py:186} INFO - Started process (PID=38558) to work on /opt/airflow/dags/weather_etl.py
[2026-09-25T01:44:41.941+0000] {processor.py:914} INFO - Processing file /opt/airflow/dags/weather_etl.py for tasks to queue
[2026-09-25T01:44:41.944+0000] {logging_mixin.py:190} INFO - [2026-09-25T01:44:41.944+0000] {dagbag.py:587} INFO - Filling up the DagBag from /opt/airflow/dags/weather_etl.py
[2026-09-25T01:44:41.962+0000] {processor.py:925} INFO - DAG(s) 'weather_etl' retrieved from /opt/airflow/dags/weather_etl.py
[2026-09-25T01:44:41.969+0000] {logging_mixin.py:190} INFO - [2026-09-25T01:44:41.969+0000] {dag.py:3229} INFO - Sync 1 DAGs
[2026-09-25T01:44:41.979+0000] {logging_mixin.py:190} INFO - [2026-09-25T01:44:41.979+0000] {dag.py:4156} INFO - Setting next_dagrun for weather_etl to 2026-09-24 02:30:00+00:00, run_after=2026-09-25 02:30:00+00:00
[2026-09-25T01:44:41.985+0000] {processor.py:208} INFO - Processing /opt/airflow/dags/weather_etl.py took 0.055 seconds
[2026-09-25T01:45:12.347+0000] {processor.py:186} INFO - Started process (PID=38569) to work on /opt/airflow/dags/weather_etl.py
[2026-09-25T01:45:12.348+0000] {processor.py:914} INFO - Processing file /opt/airflow/dags/weather_etl.py for tasks to queue
[2026-09-25T01:45:12.351+0000] {logging_mixin.py:190} INFO - [2026-09-25T01:45:12.350+0000] {dagbag.py:587} INFO - Filling up the DagBag from /opt/airflow/dags/weather_etl.py
[2026-09-25T01:45:12.369+0000] {processor.py:925} INFO - DAG(s) 'weather_etl' retrieved from /opt/airflow/dags/weather_etl.py
[2026-09-25T01:45:12.378+0000] {logging_mixin.py:190} INFO - [2026-09-25T01:45:12.378+0000] {dag.py:3229} INFO - Sync 1 DAGs
[2026-09-25T01:45:12.392+0000] {logging_mixin.py:190} INFO - [2026-09-25T01:45:12.392+0000] {dag.py:4156} INFO - Setting next_dagrun for weather_etl to 2026-09-24 02:30:00+00:00, run_after=2026-09-25 02:30:00+00:00
[2026-09-25T01:45:12.399+0000] {processor.py:208} INFO - Processing /opt/airflow/dags/weather_etl.py took 0.059 seconds
[2026-09-25T01:45:42.710+0000] {processor.py:186} INFO - Started process (PID=38580) to work on /opt/airflow/dags/weather_etl.py
[2026-09-25T01:45:42.712+0000] {processor.py:914} INFO - Processing file /opt/airflow/dags/weather_etl.py for tasks to queue
[2026-09-25T01:45:42.714+0000] {logging_mixin.py:190} INFO - [2026-09-25T01:45:42.714+0000] {dagbag.py:587} INFO - Filling up the DagBag from /opt/airflow/dags/weather_etl.py
[2026-09-25T01:45:42.732+0000] {processor.py:925} INFO - DAG(s) 'weather_etl' retrieved from /opt/airflow/dags/weather_etl.py
[2026-09-25T01:45:42.740+0000] {logging_mixin.py:190} INFO - [2026-09-25T01:45:42.739+0000] {dag.py:3229} INFO - Sync 1 DAGs
[2026-09-25T01:45:42.749+0000] {logging_mixin.py:190} INFO - [2026-09-25T01:45:42.749+0000] {dag.py:4156} INFO - Setting next_dagrun for weather_etl to 2026-09-24 02:30:00+00:00, run_after=2026-09-25 02:30:00+00:00
[2026-09-25T01:45:42.756+0000] {processor.py:208} INFO - Processing /opt/airflow/dags/weather_etl.py took 0.052 seconds
[2026-09-25T01:46:13.084+0000] {processor.py:186} INFO - Started process (PID=38591) to work on /opt/airflow/dags/weather_etl.py
[2026-09-25T01:46:13.086+0000] {processor.py:914} INFO - Processing file /opt/airflow/dags/weather_etl.py for tasks to queue
[2026-09-25T01:46:13.088+0000] {logging_mixin.py:190} INFO - [2026-09-25T01:46:13.088+0000] {dagbag.py:587} INFO - Filling up the DagBag from /opt/airflow/dags/weather_etl.py
[2026-09-25T01:46:13.106+0000] {processor.py:925} INFO - DAG(s) 'weather_etl' retrieved from /opt/airflow/dags/weather_etl.py
[2026-09-25T01:46:13.115+0000] {logging_mixin.py:190} INFO - [2026-09-25T01:46:13.114+0000] {dag.py:3229} INFO - Sync 1 DAGs
[2026-09-25T01:46:13.125+0000] {logging_mixin.py:190} INFO - [2026-09-25T01:46:13.125+0000] {dag.py:4156} INFO - Setting next_dagrun for weather_etl to 2026-09-24 02:30:00+00:00, run_after=2026-09-25 02:30:00+00:00
[2026-09-25T01:46:13.131+0000] {processor.py:208} INFO - Processing /opt/airflow/dags/weather_etl.py took 0.054 seconds
[2026-09-25T01:46:43.468+0000] {processor.py:186} INFO - Started process (PID=38602) to work on /opt/airflow/dags/weather_etl.py
[2026-09-25T01:46:43.470+0000] {processor.py:914} INFO - Processing file /opt/airflow/dags/weather_etl.py for tasks to queue
[2026-09-25T01:46:43.471+0000] {logging_mixin.py:190} INFO - [2026-09-25T01:46:43.471+0000] {dagbag.py:587} INFO - Filling up the DagBag from /opt/airflow/dags/weather_etl.py
[2026-09-25T01:46:43.499+0000] {processor.py:925} INFO - DAG(s) 'weather_etl' retrieved from /opt/airflow/dags/weather_etl.py
[2026-09-25T01:46:43.508+0000] {logging_mixin.py:190} INFO - [2026-09-25T01:46:43.508+0000] {dag.py:3229} INFO - Sync 1 DAGs
[2026-09-25T01:46:43.519+0000] {logging_mixin.py:190} INFO - [2026-09-25T01:46:43.519+0000] {dag.py:4156} INFO - Setting next_dagrun for weather_etl to 2026-09-24 02:30:00+00:00, run_after=2026-09-25 02:30:00+00:00
[2026-09-25T01:46:43.526+0000] {processor.py:208} INFO - Processing /opt/airflow/dags/weather_etl.py took 0.065 seconds
[2026-09-25T01:47:13.844+0000] {processor.py:186} INFO - Started process (PID=38613) to work on /opt/airflow/dags/weather_etl.py
[2026-09-25T01:47:13.847+0000] {processor.py:914} INFO - Processing file /opt/airflow/dags/weather_etl.py for tasks to queue
[2026-09-25T01:47:13.849+0000] {logging_mixin.py:190} INFO - [2026-09-25T01:47:13.848+0000] {dagbag.py:587} INFO - Filling up the DagBag from /opt/airflow/dags/weather_etl.py
[2026-09-25T01:47:13.867+0000] {processor.py:925} INFO - DAG(s) 'weather_etl' retrieved from /opt/airflow/dags/weather_etl.py
[2026-09-25T01:47:13.875+0000] {logging_mixin.py:190} INFO - [2026-09-25T01:47:13.875+0000] {dag.py:3229} INFO - Sync 1 DAGs
[2026-09-25T01:47:13.885+0000] {logging_mixin.py:190} INFO - [2026-09-25T01:47:13.885+0000] {dag.py:4156} INFO - Setting next_dagrun for weather_etl to 2026-09-24 02:30:00+00:00, run_after=2026-09-25 02:30:00+00:00
[2026-09-25T01:47:13.892+0000] {processor.py:208} INFO - Processing /opt/airflow/dags/weather_etl.py took 0.053 seconds
[2026-09-25T01:47:44.201+0000] {processor.py:186} INFO - Started process (PID=38624) to work on /opt/airflow/dags/weather_etl.py
[2026-09-25T01:47:44.204+0000] {processor.py:914} INFO - Processing file /opt/airflow/dags/weather_etl.py for tasks to queue
[2026-09-25T01:47:44.207+0000] {logging_mixin.py:190} INFO - [2026-09-25T01:47:44.207+0000] {dagbag.py:587} INFO - Filling up the DagBag from /opt/airflow/dags/weather_etl.py
[2026-09-25T01:47:44.230+0000] {processor.py:925} INFO - DAG(s) 'weather_etl' retrieved from /opt/airflow/dags/weather_etl.py
[2026-09-25T01:47:44.241+0000] {logging_mixin.py:190} INFO - [2026-09-25T01:47:44.241+0000] {dag.py:3229} INFO - Sync 1 DAGs
[2026-09-25T01:47:44.254+0000] {logging_mixin.py:190} INFO - [2026-09-25T01:47:44.254+0000] {dag.py:4156} INFO - Setting next_dagrun for weather_etl to 2026-09-24 02:30:00+00:00, run_after=2026-09-25 02:30:00+00:00
[2026-09-25T01:47:44.261+0000] {processor.py:208} INFO - Processing /opt/airflow/dags/weather_etl.py took 0.071 seconds
[2026-09-25T01:48:14.547+0000] {processor.py:186} INFO - Started process (PID=38635) to work on /opt/airflow/dags/weather_etl.py
[2026-09-25T01:48:14.549+0000] {processor.py:914} INFO - Processing file /opt/airflow/dags/weather_etl.py for tasks to queue
[2026-09-25T01:48:14.552+0000] {logging_mixin.py:190} INFO - [2026-09-25T01:48:14.551+0000] {dagbag.py:587} INFO - Filling up the DagBag from /opt/airflow/dags/weather_etl.py
[2026-09-25T01:48:14.572+0000] {processor.py:925} INFO - DAG(s) 'weather_etl' retrieved from /opt/airflow/dags/weather_etl.py
[2026-09-25T01:48:14.582+0000] {logging_mixin.py:190} INFO - [2026-09-25T01:48:14.582+0000] {dag.py:3229} INFO - Sync 1 DAGs
[2026-09-25T01:48:14.594+0000] {logging_mixin.py:190} INFO - [2026-09-25T01:48:14.594+0000] {dag.py:4156} INFO - Setting next_dagrun for weather_etl to 2026-09-24 02:30:00+00:00, run_after=2026-09-25 02:30:00+00:00
[2026-09-25T01:48:14.601+0000] {processor.py:208} INFO - Processing /opt/airflow/dags/weather_etl.py took 0.061 seconds
[2026-09-25T01:48:44.897+0000] {processor.py:186} INFO - Started process (PID=38646) to work on /opt/airflow/dags/weather_etl.py
[2026-09-25T01:48:44.900+0000] {processor.py:914} INFO - Processing file /opt/airflow/dags/weather_etl.py for tasks to queue
[2026-09-25T01:48:44.902+0000] {logging_mixin.py:190} INFO - [2026-09-25T01:48:44.902+0000] {dagbag.py:587} INFO - Filling up the DagBag from /opt/airflow/dags/weather_etl.py
[2026-09-25T01:48:44.922+0000] {processor.py:925} INFO - DAG(s) 'weather_etl' retrieved from /opt/airflow/dags/weather_etl.py
[2026-09-25T01:48:44.933+0000] {logging_mixin.py:190} INFO - [2026-09-25T01:48:44.932+0000] {dag.py:3229} INFO - Sync 1 DAGs
[2026-09-25T01:48:44.944+0000] {logging_mixin.py:190} INFO - [2026-09-25T01:48:44.944+0000] {dag.py:4156} INFO - Setting next_dagrun for weather_etl to 2026-09-24 02:30:00+00:00, run_after=2026-09-25 02:30:00+00:00
[2026-09-25T01:48:44.951+0000] {processor.py:208} INFO - Processing /opt/airflow/dags/weather_etl.py took 0.061 seconds
[2026-09-25T01:49:15.267+0000] {processor.py:186} INFO - Started process (PID=38657) to work on /opt/airflow/dags/weather_etl.py
[2026-09-25T01:49:15.268+0000] {processor.py:914} INFO - Processing file /opt/airflow/dags/weather_etl.py for tasks to queue
[2026-09-25T01:49:15.270+0000] {logging_mixin.py:190} INFO - [2026-09-25T01:49:15.269+0000] {dagbag.py:587} INFO - Filling up the DagBag from /opt/airflow/dags/weather_etl.py
[2026-09-25T01:49:15.285+0000] {processor.py:925} INFO - DAG(s) 'weather_etl' retrieved from /opt/airflow/dags/weather_etl.py
[2026-09-25T01:49:15.293+0000] {logging_mixin.py:190} INFO - [2026-09-25T01:49:15.292+0000] {dag.py:3229} INFO - Sync 1 DAGs
[2026-09-25T01:49:15.302+0000] {logging_mixin.py:190} INFO - [2026-09-25T01:49:15.302+0000] {dag.py:4156} INFO - Setting next_dagrun for weather_etl to 2026-09-24 02:30:00+00:00, run_after=2026-09-25 02:30:00+00:00
[2026-09-25T01:49:15.308+0000] {processor.py:208} INFO - Processing /opt/airflow/dags/weather_etl.py took 0.047 seconds
[2026-09-25T01:49:45.682+0000] {processor.py:186} INFO - Started process (PID=38668) to work on /opt/airflow/dags/weather_etl.py
[2026-09-25T01:49:45.686+0000] {processor.py:914} INFO - Processing file /opt/airflow/dags/weather_etl.py for tasks to queue
[2026-09-25T01:49:45.689+0000] {logging_mixin.py:190} INFO - [2026-09-25T01:49:45.688+0000] {dagbag.py:587} INFO - Filling up the DagBag from /opt/airflow/dags/weather_etl.py
[2026-09-25T01:49:45.708+0000] {processor.py:925} INFO - DAG(s) 'weather_etl' retrieved from /opt/airflow/dags/weather_etl.py
[2026-09-25T01:49:45.717+0000] {logging_mixin.py:190} INFO - [2026-09-25T01:49:45.716+0000] {dag.py:3229} INFO - Sync 1 DAGs
[2026-09-25T01:49:45.727+0000] {logging_mixin.py:190} INFO - [2026-09-25T01:49:45.727+0000] {dag.py:4156} INFO - Setting next_dagrun for weather_etl to 2026-09-24 02:30:00+00:00, run_after=2026-09-25 02:30:00+00:00
[2026-09-25T01:49:45.735+0000] {processor.py:208} INFO - Processing /opt/airflow/dags/weather_etl.py took 0.059 seconds
[2026-09-25T01:50:16.083+0000] {processor.py:186} INFO - Started process (PID=38679) to work on /opt/airflow/dags/weather_etl.py
[2026-09-25T01:50:16.086+0000] {processor.py:914} INFO - Processing file /opt/airflow/dags/weather_etl.py for tasks to queue
[2026-09-25T01:50:16.090+0000] {logging_mixin.py:190} INFO - [2026-09-25T01:50:16.090+0000] {dagbag.py:587} INFO - Filling up the DagBag from /opt/airflow/dags/weather_etl.py
[2026-09-25T01:50:16.114+0000] {processor.py:925} INFO - DAG(s) 'weather_etl' retrieved from /opt/airflow/dags/weather_etl.py
[2026-09-25T01:50:16.127+0000] {logging_mixin.py:190} INFO - [2026-09-25T01:50:16.126+0000] {dag.py:3229} INFO - Sync 1 DAGs
[2026-09-25T01:50:16.142+0000] {logging_mixin.py:190} INFO - [2026-09-25T01:50:16.142+0000] {dag.py:4156} INFO - Setting next_dagrun for weather_etl to 2026-09-24 02:30:00+00:00, run_after=2026-09-25 02:30:00+00:00
[2026-09-25T01:50:16.156+0000] {processor.py:208} INFO - Processing /opt/airflow/dags/weather_etl.py took 0.087 seconds
[2026-09-25T01:50:46.461+0000] {processor.py:186} INFO - Started process (PID=38690) to work on /opt/airflow/dags/weather_etl.py
[2026-09-25T01:50:46.464+0000] {processor.py:914} INFO - Processing file /opt/airflow/dags/weather_etl.py for tasks to queue
[2026-09-25T01:50:46.474+0000] {logging_mixin.py:190} INFO - [2026-09-25T01:50:46.473+0000] {dagbag.py:587} INFO - Filling up the DagBag from /opt/airflow/dags/weather_etl.py
[2026-09-25T01:50:46.506+0000] {processor.py:925} INFO - DAG(s) 'weather_etl' retrieved from /opt/airflow/dags/weather_etl.py
[2026-09-25T01:50:46.528+0000] {logging_mixin.py:190} INFO - [2026-09-25T01:50:46.527+0000] {dag.py:3229} INFO - Sync 1 DAGs
[2026-09-25T01:50:46.549+0000] {logging_mixin.py:190} INFO - [2026-09-25T01:50:46.549+0000] {dag.py:4156} INFO - Setting next_dagrun for weather_etl to 2026-09-24 02:30:00+00:00, run_after=2026-09-25 02:30:00+00:00
[2026-09-25T01:50:46.573+0000] {processor.py:208} INFO - Processing /opt/airflow/dags/weather_etl.py took 0.119 seconds
[2026-09-25T01:51:16.812+0000] {processor.py:186} INFO - Started process (PID=38701) to work on /opt/airflow/dags/weather_etl.py
[2026-09-25T01:51:16.815+0000] {processor.py:914} INFO - Processing file /opt/airflow/dags/weather_etl.py for tasks to queue
[2026-09-25T01:51:16.820+0000] {logging_mixin.py:190} INFO - [2026-09-25T01:51:16.819+0000] {dagbag.py:587} INFO - Filling up the DagBag from /opt/airflow/dags/weather_etl.py
[2026-09-25T01:51:16.865+0000] {processor.py:925} INFO - DAG(s) 'weather_etl' retrieved from /opt/airflow/dags/weather_etl.py
[2026-09-25T01:51:16.903+0000] {logging_mixin.py:190} INFO - [2026-09-25T01:51:16.902+0000] {dag.py:3229} INFO - Sync 1 DAGs
[2026-09-25T01:51:16.920+0000] {logging_mixin.py:190} INFO - [2026-09-25T01:51:16.920+0000] {dag.py:4156} INFO - Setting next_dagrun for weather_etl to 2026-09-24 02:30:00+00:00, run_after=2026-09-25 02:30:00+00:00
[2026-09-25T01:51:16.932+0000] {processor.py:208} INFO - Processing /opt/airflow/dags/weather_etl.py took 0.128 seconds
[2026-09-25T01:51:47.266+0000] {processor.py:186} INFO - Started process (PID=38712) to work on /opt/airflow/dags/weather_etl.py
[2026-09-25T01:51:47.268+0000] {processor.py:914} INFO - Processing file /opt/airflow/dags/weather_etl.py for tasks to queue
[2026-09-25T01:51:47.270+0000] {logging_mixin.py:190} INFO - [2026-09-25T01:51:47.270+0000] {dagbag.py:587} INFO - Filling up the DagBag from /opt/airflow/dags/weather_etl.py
[2026-09-25T01:51:47.288+0000] {processor.py:925} INFO - DAG(s) 'weather_etl' retrieved from /opt/airflow/dags/weather_etl.py
[2026-09-25T01:51:47.295+0000] {logging_mixin.py:190} INFO - [2026-09-25T01:51:47.295+0000] {dag.py:3229} INFO - Sync 1 DAGs
[2026-09-25T01:51:47.305+0000] {logging_mixin.py:190} INFO - [2026-09-25T01:51:47.304+0000] {dag.py:4156} INFO - Setting next_dagrun for weather_etl to 2026-09-24 02:30:00+00:00, run_after=2026-09-25 02:30:00+00:00
[2026-09-25T01:51:47.311+0000] {processor.py:208} INFO - Processing /opt/airflow/dags/weather_etl.py took 0.053 seconds
[2026-09-25T01:52:17.631+0000] {processor.py:186} INFO - Started process (PID=38723) to work on /opt/airflow/dags/weather_etl.py
[2026-09-25T01:52:17.635+0000] {processor.py:914} INFO - Processing file /opt/airflow/dags/weather_etl.py for tasks to queue
[2026-09-25T01:52:17.644+0000] {logging_mixin.py:190} INFO - [2026-09-25T01:52:17.640+0000] {dagbag.py:587} INFO - Filling up the DagBag from /opt/airflow/dags/weather_etl.py
[2026-09-25T01:52:17.700+0000] {processor.py:925} INFO - DAG(s) 'weather_etl' retrieved from /opt/airflow/dags/weather_etl.py
[2026-09-25T01:52:17.714+0000] {logging_mixin.py:190} INFO - [2026-09-25T01:52:17.713+0000] {dag.py:3229} INFO - Sync 1 DAGs
[2026-09-25T01:52:17.731+0000] {logging_mixin.py:190} INFO - [2026-09-25T01:52:17.730+0000] {dag.py:4156} INFO - Setting next_dagrun for weather_etl to 2026-09-24 02:30:00+00:00, run_after=2026-09-25 02:30:00+00:00
[2026-09-25T01:52:17.739+0000] {processor.py:208} INFO - Processing /opt/airflow/dags/weather_etl.py took 0.119 seconds
[2026-09-25T01:52:48.018+0000] {processor.py:186} INFO - Started process (PID=38734) to work on /opt/airflow/dags/weather_etl.py
[2026-09-25T01:52:48.021+0000] {processor.py:914} INFO - Processing file /opt/airflow/dags/weather_etl.py for tasks to queue
[2026-09-25T01:52:48.025+0000] {logging_mixin.py:190} INFO - [2026-09-25T01:52:48.024+0000] {dagbag.py:587} INFO - Filling up the DagBag from /opt/airflow/dags/weather_etl.py
[2026-09-25T01:52:48.054+0000] {processor.py:925} INFO - DAG(s) 'weather_etl' retrieved from /opt/airflow/dags/weather_etl.py
[2026-09-25T01:52:48.068+0000] {logging_mixin.py:190} INFO - [2026-09-25T01:52:48.068+0000] {dag.py:3229} INFO - Sync 1 DAGs
[2026-09-25T01:52:48.082+0000] {logging_mixin.py:190} INFO - [2026-09-25T01:52:48.082+0000] {dag.py:4156} INFO - Setting next_dagrun for weather_etl to 2026-09-24 02:30:00+00:00, run_after=2026-09-25 02:30:00+00:00
[2026-09-25T01:52:48.090+0000] {processor.py:208} INFO - Processing /opt/airflow/dags/weather_etl.py took 0.082 seconds
[2026-09-25T01:53:18.445+0000] {processor.py:186} INFO - Started process (PID=38744) to work on /opt/airflow/dags/weather_etl.py
[2026-09-25T01:53:18.447+0000] {processor.py:914} INFO - Processing file /opt/airflow/dags/weather_etl.py for tasks to queue
[2026-09-25T01:53:18.450+0000] {logging_mixin.py:190} INFO - [2026-09-25T01:53:18.450+0000] {dagbag.py:587} INFO - Filling up the DagBag from /opt/airflow/dags/weather_etl.py
[2026-09-25T01:53:18.468+0000] {processor.py:925} INFO - DAG(s) 'weather_etl' retrieved from /opt/airflow/dags/weather_etl.py
[2026-09-25T01:53:18.476+0000] {logging_mixin.py:190} INFO - [2026-09-25T01:53:18.476+0000] {dag.py:3229} INFO - Sync 1 DAGs
[2026-09-25T01:53:18.486+0000] {logging_mixin.py:190} INFO - [2026-09-25T01:53:18.486+0000] {dag.py:4156} INFO - Setting next_dagrun for weather_etl to 2026-09-24 02:30:00+00:00, run_after=2026-09-25 02:30:00+00:00
[2026-09-25T01:53:18.493+0000] {processor.py:208} INFO - Processing /opt/airflow/dags/weather_etl.py took 0.056 seconds
[2026-09-25T01:53:48.803+0000] {processor.py:186} INFO - Started process (PID=38755) to work on /opt/airflow/dags/weather_etl.py
[2026-09-25T01:53:48.805+0000] {processor.py:914} INFO - Processing file /opt/airflow/dags/weather_etl.py for tasks to queue
[2026-09-25T01:53:48.807+0000] {logging_mixin.py:190} INFO - [2026-09-25T01:53:48.806+0000] {dagbag.py:587} INFO - Filling up the DagBag from /opt/airflow/dags/weather_etl.py
[2026-09-25T01:53:48.825+0000] {processor.py:925} INFO - DAG(s) 'weather_etl' retrieved from /opt/airflow/dags/weather_etl.py
[2026-09-25T01:53:48.833+0000] {logging_mixin.py:190} INFO - [2026-09-25T01:53:48.833+0000] {dag.py:3229} INFO - Sync 1 DAGs
[2026-09-25T01:53:48.843+0000] {logging_mixin.py:190} INFO - [2026-09-25T01:53:48.842+0000] {dag.py:4156} INFO - Setting next_dagrun for weather_etl to 2026-09-24 02:30:00+00:00, run_after=2026-09-25 02:30:00+00:00
[2026-09-25T01:53:48.849+0000] {processor.py:208} INFO - Processing /opt/airflow/dags/weather_etl.py took 0.051 seconds
[2026-09-25T01:54:19.189+0000] {processor.py:186} INFO - Started process (PID=38766) to work on /opt/airflow/dags/weather_etl.py
[2026-09-25T01:54:19.191+0000] {processor.py:914} INFO - Processing file /opt/airflow/dags/weather_etl.py for tasks to queue
[2026-09-25T01:54:19.193+0000] {logging_mixin.py:190} INFO - [2026-09-25T01:54:19.193+0000] {dagbag.py:587} INFO - Filling up the DagBag from /opt/airflow/dags/weather_etl.py
[2026-09-25T01:54:19.209+0000] {processor.py:925} INFO - DAG(s) 'weather_etl' retrieved from /opt/airflow/dags/weather_etl.py
[2026-09-25T01:54:19.217+0000] {logging_mixin.py:190} INFO - [2026-09-25T01:54:19.217+0000] {dag.py:3229} INFO - Sync 1 DAGs
[2026-09-25T01:54:19.228+0000] {logging_mixin.py:190} INFO - [2026-09-25T01:54:19.227+0000] {dag.py:4156} INFO - Setting next_dagrun for weather_etl to 2026-09-24 02:30:00+00:00, run_after=2026-09-25 02:30:00+00:00
[2026-09-25T01:54:19.234+0000] {processor.py:208} INFO - Processing /opt/airflow/dags/weather_etl.py took 0.051 seconds
[2026-09-25T01:54:49.521+0000] {processor.py:186} INFO - Started process (PID=38777) to work on /opt/airflow/dags/weather_etl.py
[2026-09-25T01:54:49.524+0000] {processor.py:914} INFO - Processing file /opt/airflow/dags/weather_etl.py for tasks to queue
[2026-09-25T01:54:49.526+0000] {logging_mixin.py:190} INFO - [2026-09-25T01:54:49.526+0000] {dagbag.py:587} INFO - Filling up the DagBag from /opt/airflow/dags/weather_etl.py
[2026-09-25T01:54:49.543+0000] {processor.py:925} INFO - DAG(s) 'weather_etl' retrieved from /opt/airflow/dags/weather_etl.py
[2026-09-25T01:54:49.551+0000] {logging_mixin.py:190} INFO - [2026-09-25T01:54:49.551+0000] {dag.py:3229} INFO - Sync 1 DAGs
[2026-09-25T01:54:49.561+0000] {logging_mixin.py:190} INFO - [2026-09-25T01:54:49.561+0000] {dag.py:4156} INFO - Setting next_dagrun for weather_etl to 2026-09-24 02:30:00+00:00, run_after=2026-09-25 02:30:00+00:00
[2026-09-25T01:54:49.568+0000] {processor.py:208} INFO - Processing /opt/airflow/dags/weather_etl.py took 0.052 seconds
[2026-09-25T01:55:19.842+0000] {processor.py:186} INFO - Started process (PID=38788) to work on /opt/airflow/dags/weather_etl.py
[2026-09-25T01:55:19.843+0000] {processor.py:914} INFO - Processing file /opt/airflow/dags/weather_etl.py for tasks to queue
[2026-09-25T01:55:19.845+0000] {logging_mixin.py:190} INFO - [2026-09-25T01:55:19.845+0000] {dagbag.py:587} INFO - Filling up the DagBag from /opt/airflow/dags/weather_etl.py
[2026-09-25T01:55:19.862+0000] {processor.py:925} INFO - DAG(s) 'weather_etl' retrieved from /opt/airflow/dags/weather_etl.py
[2026-09-25T01:55:19.870+0000] {logging_mixin.py:190} INFO - [2026-09-25T01:55:19.870+0000] {dag.py:3229} INFO - Sync 1 DAGs
[2026-09-25T01:55:19.880+0000] {logging_mixin.py:190} INFO - [2026-09-25T01:55:19.880+0000] {dag.py:4156} INFO - Setting next_dagrun for weather_etl to 2026-09-24 02:30:00+00:00, run_after=2026-09-25 02:30:00+00:00
[2026-09-25T01:55:19.886+0000] {processor.py:208} INFO - Processing /opt/airflow/dags/weather_etl.py took 0.049 seconds
[2026-09-25T01:55:50.156+0000] {processor.py:186} INFO - Started process (PID=38799) to work on /opt/airflow/dags/weather_etl.py
[2026-09-25T01:55:50.158+0000] {processor.py:914} INFO - Processing file /opt/airflow/dags/weather_etl.py for tasks to queue
[2026-09-25T01:55:50.161+0000] {logging_mixin.py:190} INFO - [2026-09-25T01:55:50.160+0000] {dagbag.py:587} INFO - Filling up the DagBag from /opt/airflow/dags/weather_etl.py
[2026-09-25T01:55:50.179+0000] {processor.py:925} INFO - DAG(s) 'weather_etl' retrieved from /opt/airflow/dags/weather_etl.py
[2026-09-25T01:55:50.188+0000] {logging_mixin.py:190} INFO - [2026-09-25T01:55:50.188+0000] {dag.py:3229} INFO - Sync 1 DAGs
[2026-09-25T01:55:50.198+0000] {logging_mixin.py:190} INFO - [2026-09-25T01:55:50.198+0000] {dag.py:4156} INFO - Setting next_dagrun for weather_etl to 2026-09-24 02:30:00+00:00, run_after=2026-09-25 02:30:00+00:00
[2026-09-25T01:55:50.205+0000] {processor.py:208} INFO - Processing /opt/airflow/dags/weather_etl.py took 0.056 seconds
[2026-09-25T01:56:20.522+0000] {processor.py:186} INFO - Started process (PID=38810) to work on /opt/airflow/dags/weather_etl.py
[2026-09-25T01:56:20.523+0000] {processor.py:914} INFO - Processing file /opt/airflow/dags/weather_etl.py for tasks to queue
[2026-09-25T01:56:20.525+0000] {logging_mixin.py:190} INFO - [2026-09-25T01:56:20.525+0000] {dagbag.py:587} INFO - Filling up the DagBag from /opt/airflow/dags/weather_etl.py
[2026-09-25T01:56:20.545+0000] {processor.py:925} INFO - DAG(s) 'weather_etl' retrieved from /opt/airflow/dags/weather_etl.py
[2026-09-25T01:56:20.556+0000] {logging_mixin.py:190} INFO - [2026-09-25T01:56:20.556+0000] {dag.py:3229} INFO - Sync 1 DAGs
[2026-09-25T01:56:20.567+0000] {logging_mixin.py:190} INFO - [2026-09-25T01:56:20.567+0000] {dag.py:4156} INFO - Setting next_dagrun for weather_etl to 2026-09-24 02:30:00+00:00, run_after=2026-09-25 02:30:00+00:00
[2026-09-25T01:56:20.573+0000] {processor.py:208} INFO - Processing /opt/airflow/dags/weather_etl.py took 0.057 seconds
[2026-09-25T01:56:50.879+0000] {processor.py:186} INFO - Started process (PID=38821) to work on /opt/airflow/dags/weather_etl.py
[2026-09-25T01:56:50.880+0000] {processor.py:914} INFO - Processing file /opt/airflow/dags/weather_etl.py for tasks to queue
[2026-09-25T01:56:50.882+0000] {logging_mixin.py:190} INFO - [2026-09-25T01:56:50.882+0000] {dagbag.py:587} INFO - Filling up the DagBag from /opt/airflow/dags/weather_etl.py
[2026-09-25T01:56:50.900+0000] {processor.py:925} INFO - DAG(s) 'weather_etl' retrieved from /opt/airflow/dags/weather_etl.py
[2026-09-25T01:56:50.908+0000] {logging_mixin.py:190} INFO - [2026-09-25T01:56:50.908+0000] {dag.py:3229} INFO - Sync 1 DAGs
[2026-09-25T01:56:50.917+0000] {logging_mixin.py:190} INFO - [2026-09-25T01:56:50.917+0000] {dag.py:4156} INFO - Setting next_dagrun for weather_etl to 2026-09-24 02:30:00+00:00, run_after=2026-09-25 02:30:00+00:00
[2026-09-25T01:56:50.924+0000] {processor.py:208} INFO - Processing /opt/airflow/dags/weather_etl.py took 0.051 seconds
[2026-09-25T01:57:21.234+0000] {processor.py:186} INFO - Started process (PID=38832) to work on /opt/airflow/dags/weather_etl.py
[2026-09-25T01:57:21.237+0000] {processor.py:914} INFO - Processing file /opt/airflow/dags/weather_etl.py for tasks to queue
[2026-09-25T01:57:21.241+0000] {logging_mixin.py:190} INFO - [2026-09-25T01:57:21.240+0000] {dagbag.py:587} INFO - Filling up the DagBag from /opt/airflow/dags/weather_etl.py
[2026-09-25T01:57:21.259+0000] {processor.py:925} INFO - DAG(s) 'weather_etl' retrieved from /opt/airflow/dags/weather_etl.py
[2026-09-25T01:57:21.269+0000] {logging_mixin.py:190} INFO - [2026-09-25T01:57:21.268+0000] {dag.py:3229} INFO - Sync 1 DAGs
[2026-09-25T01:57:21.281+0000] {logging_mixin.py:190} INFO - [2026-09-25T01:57:21.281+0000] {dag.py:4156} INFO - Setting next_dagrun for weather_etl to 2026-09-24 02:30:00+00:00, run_after=2026-09-25 02:30:00+00:00
[2026-09-25T01:57:21.287+0000] {processor.py:208} INFO - Processing /opt/airflow/dags/weather_etl.py took 0.061 seconds
[2026-09-25T01:57:51.599+0000] {processor.py:186} INFO - Started process (PID=38843) to work on /opt/airflow/dags/weather_etl.py
[2026-09-25T01:57:51.600+0000] {processor.py:914} INFO - Processing file /opt/airflow/dags/weather_etl.py for tasks to queue
[2026-09-25T01:57:51.602+0000] {logging_mixin.py:190} INFO - [2026-09-25T01:57:51.602+0000] {dagbag.py:587} INFO - Filling up the DagBag from /opt/airflow/dags/weather_etl.py
[2026-09-25T01:57:51.620+0000] {processor.py:925} INFO - DAG(s) 'weather_etl' retrieved from /opt/airflow/dags/weather_etl.py
[2026-09-25T01:57:51.628+0000] {logging_mixin.py:190} INFO - [2026-09-25T01:57:51.628+0000] {dag.py:3229} INFO - Sync 1 DAGs
[2026-09-25T01:57:51.638+0000] {logging_mixin.py:190} INFO - [2026-09-25T01:57:51.638+0000] {dag.py:4156} INFO - Setting next_dagrun for weather_etl to 2026-09-24 02:30:00+00:00, run_after=2026-09-25 02:30:00+00:00
[2026-09-25T01:57:51.645+0000] {processor.py:208} INFO - Processing /opt/airflow/dags/weather_etl.py took 0.053 seconds
[2026-09-25T01:58:21.959+0000] {processor.py:186} INFO - Started process (PID=38854) to work on /opt/airflow/dags/weather_etl.py
[2026-09-25T01:58:21.962+0000] {processor.py:914} INFO - Processing file /opt/airflow/dags/weather_etl.py for tasks to queue
[2026-09-25T01:58:21.964+0000] {logging_mixin.py:190} INFO - [2026-09-25T01:58:21.963+0000] {dagbag.py:587} INFO - Filling up the DagBag from /opt/airflow/dags/weather_etl.py
[2026-09-25T01:58:21.982+0000] {processor.py:925} INFO - DAG(s) 'weather_etl' retrieved from /opt/airflow/dags/weather_etl.py
[2026-09-25T01:58:21.990+0000] {logging_mixin.py:190} INFO - [2026-09-25T01:58:21.989+0000] {dag.py:3229} INFO - Sync 1 DAGs
[2026-09-25T01:58:22.000+0000] {logging_mixin.py:190} INFO - [2026-09-25T01:58:22.000+0000] {dag.py:4156} INFO - Setting next_dagrun for weather_etl to 2026-09-24 02:30:00+00:00, run_after=2026-09-25 02:30:00+00:00
[2026-09-25T01:58:22.006+0000] {processor.py:208} INFO - Processing /opt/airflow/dags/weather_etl.py took 0.053 seconds
[2026-09-25T01:58:52.332+0000] {processor.py:186} INFO - Started process (PID=38866) to work on /opt/airflow/dags/weather_etl.py
[2026-09-25T01:58:52.334+0000] {processor.py:914} INFO - Processing file /opt/airflow/dags/weather_etl.py for tasks to queue
[2026-09-25T01:58:52.336+0000] {logging_mixin.py:190} INFO - [2026-09-25T01:58:52.335+0000] {dagbag.py:587} INFO - Filling up the DagBag from /opt/airflow/dags/weather_etl.py
[2026-09-25T01:58:52.356+0000] {processor.py:925} INFO - DAG(s) 'weather_etl' retrieved from /opt/airflow/dags/weather_etl.py
[2026-09-25T01:58:52.364+0000] {logging_mixin.py:190} INFO - [2026-09-25T01:58:52.364+0000] {dag.py:3229} INFO - Sync 1 DAGs
[2026-09-25T01:58:52.375+0000] {logging_mixin.py:190} INFO - [2026-09-25T01:58:52.375+0000] {dag.py:4156} INFO - Setting next_dagrun for weather_etl to 2026-09-24 02:30:00+00:00, run_after=2026-09-25 02:30:00+00:00
[2026-09-25T01:58:52.383+0000] {processor.py:208} INFO - Processing /opt/airflow/dags/weather_etl.py took 0.057 seconds
[2026-09-25T01:59:22.654+0000] {processor.py:186} INFO - Started process (PID=38877) to work on /opt/airflow/dags/weather_etl.py
[2026-09-25T01:59:22.656+0000] {processor.py:914} INFO - Processing file /opt/airflow/dags/weather_etl.py for tasks to queue
[2026-09-25T01:59:22.658+0000] {logging_mixin.py:190} INFO - [2026-09-25T01:59:22.657+0000] {dagbag.py:587} INFO - Filling up the DagBag from /opt/airflow/dags/weather_etl.py
[2026-09-25T01:59:22.672+0000] {processor.py:925} INFO - DAG(s) 'weather_etl' retrieved from /opt/airflow/dags/weather_etl.py
[2026-09-25T01:59:22.680+0000] {logging_mixin.py:190} INFO - [2026-09-25T01:59:22.680+0000] {dag.py:3229} INFO - Sync 1 DAGs
[2026-09-25T01:59:22.690+0000] {logging_mixin.py:190} INFO - [2026-09-25T01:59:22.690+0000] {dag.py:4156} INFO - Setting next_dagrun for weather_etl to 2026-09-24 02:30:00+00:00, run_after=2026-09-25 02:30:00+00:00
[2026-09-25T01:59:22.696+0000] {processor.py:208} INFO - Processing /opt/airflow/dags/weather_etl.py took 0.046 seconds
[2026-09-25T01:59:53.019+0000] {processor.py:186} INFO - Started process (PID=38888) to work on /opt/airflow/dags/weather_etl.py
[2026-09-25T01:59:53.020+0000] {processor.py:914} INFO - Processing file /opt/airflow/dags/weather_etl.py for tasks to queue
[2026-09-25T01:59:53.024+0000] {logging_mixin.py:190} INFO - [2026-09-25T01:59:53.023+0000] {dagbag.py:587} INFO - Filling up the DagBag from /opt/airflow/dags/weather_etl.py
[2026-09-25T01:59:53.069+0000] {processor.py:925} INFO - DAG(s) 'weather_etl' retrieved from /opt/airflow/dags/weather_etl.py
[2026-09-25T01:59:53.087+0000] {logging_mixin.py:190} INFO - [2026-09-25T01:59:53.086+0000] {dag.py:3229} INFO - Sync 1 DAGs
[2026-09-25T01:59:53.108+0000] {logging_mixin.py:190} INFO - [2026-09-25T01:59:53.108+0000] {dag.py:4156} INFO - Setting next_dagrun for weather_etl to 2026-09-24 02:30:00+00:00, run_after=2026-09-25 02:30:00+00:00
[2026-09-25T01:59:53.117+0000] {processor.py:208} INFO - Processing /opt/airflow/dags/weather_etl.py took 0.111 seconds
[2026-09-25T02:00:23.404+0000] {processor.py:186} INFO - Started process (PID=38899) to work on /opt/airflow/dags/weather_etl.py
[2026-09-25T02:00:23.408+0000] {processor.py:914} INFO - Processing file /opt/airflow/dags/weather_etl.py for tasks to queue
[2026-09-25T02:00:23.414+0000] {logging_mixin.py:190} INFO - [2026-09-25T02:00:23.413+0000] {dagbag.py:587} INFO - Filling up the DagBag from /opt/airflow/dags/weather_etl.py
[2026-09-25T02:00:23.443+0000] {processor.py:925} INFO - DAG(s) 'weather_etl' retrieved from /opt/airflow/dags/weather_etl.py
[2026-09-25T02:00:23.457+0000] {logging_mixin.py:190} INFO - [2026-09-25T02:00:23.456+0000] {dag.py:3229} INFO - Sync 1 DAGs
[2026-09-25T02:00:23.476+0000] {logging_mixin.py:190} INFO - [2026-09-25T02:00:23.476+0000] {dag.py:4156} INFO - Setting next_dagrun for weather_etl to 2026-09-24 02:30:00+00:00, run_after=2026-09-25 02:30:00+00:00
[2026-09-25T02:00:23.484+0000] {processor.py:208} INFO - Processing /opt/airflow/dags/weather_etl.py took 0.092 seconds
[2026-09-25T02:00:53.849+0000] {processor.py:186} INFO - Started process (PID=38910) to work on /opt/airflow/dags/weather_etl.py
[2026-09-25T02:00:53.852+0000] {processor.py:914} INFO - Processing file /opt/airflow/dags/weather_etl.py for tasks to queue
[2026-09-25T02:00:53.855+0000] {logging_mixin.py:190} INFO - [2026-09-25T02:00:53.855+0000] {dagbag.py:587} INFO - Filling up the DagBag from /opt/airflow/dags/weather_etl.py
[2026-09-25T02:00:53.882+0000] {processor.py:925} INFO - DAG(s) 'weather_etl' retrieved from /opt/airflow/dags/weather_etl.py
[2026-09-25T02:00:53.895+0000] {logging_mixin.py:190} INFO - [2026-09-25T02:00:53.895+0000] {dag.py:3229} INFO - Sync 1 DAGs
[2026-09-25T02:00:53.909+0000] {logging_mixin.py:190} INFO - [2026-09-25T02:00:53.909+0000] {dag.py:4156} INFO - Setting next_dagrun for weather_etl to 2026-09-24 02:30:00+00:00, run_after=2026-09-25 02:30:00+00:00
[2026-09-25T02:00:53.917+0000] {processor.py:208} INFO - Processing /opt/airflow/dags/weather_etl.py took 0.076 seconds
[2026-09-25T02:01:24.221+0000] {processor.py:186} INFO - Started process (PID=38921) to work on /opt/airflow/dags/weather_etl.py
[2026-09-25T02:01:24.223+0000] {processor.py:914} INFO - Processing file /opt/airflow/dags/weather_etl.py for tasks to queue
[2026-09-25T02:01:24.226+0000] {logging_mixin.py:190} INFO - [2026-09-25T02:01:24.225+0000] {dagbag.py:587} INFO - Filling up the DagBag from /opt/airflow/dags/weather_etl.py
[2026-09-25T02:01:24.246+0000] {processor.py:925} INFO - DAG(s) 'weather_etl' retrieved from /opt/airflow/dags/weather_etl.py
[2026-09-25T02:01:24.255+0000] {logging_mixin.py:190} INFO - [2026-09-25T02:01:24.255+0000] {dag.py:3229} INFO - Sync 1 DAGs
[2026-09-25T02:01:24.267+0000] {logging_mixin.py:190} INFO - [2026-09-25T02:01:24.267+0000] {dag.py:4156} INFO - Setting next_dagrun for weather_etl to 2026-09-24 02:30:00+00:00, run_after=2026-09-25 02:30:00+00:00
[2026-09-25T02:01:24.273+0000] {processor.py:208} INFO - Processing /opt/airflow/dags/weather_etl.py took 0.058 seconds
[2026-09-25T02:01:54.665+0000] {processor.py:186} INFO - Started process (PID=38932) to work on /opt/airflow/dags/weather_etl.py
[2026-09-25T02:01:54.668+0000] {processor.py:914} INFO - Processing file /opt/airflow/dags/weather_etl.py for tasks to queue
[2026-09-25T02:01:54.672+0000] {logging_mixin.py:190} INFO - [2026-09-25T02:01:54.671+0000] {dagbag.py:587} INFO - Filling up the DagBag from /opt/airflow/dags/weather_etl.py
[2026-09-25T02:01:54.708+0000] {processor.py:925} INFO - DAG(s) 'weather_etl' retrieved from /opt/airflow/dags/weather_etl.py
[2026-09-25T02:01:54.722+0000] {logging_mixin.py:190} INFO - [2026-09-25T02:01:54.722+0000] {dag.py:3229} INFO - Sync 1 DAGs
[2026-09-25T02:01:54.737+0000] {logging_mixin.py:190} INFO - [2026-09-25T02:01:54.737+0000] {dag.py:4156} INFO - Setting next_dagrun for weather_etl to 2026-09-24 02:30:00+00:00, run_after=2026-09-25 02:30:00+00:00
[2026-09-25T02:01:54.746+0000] {processor.py:208} INFO - Processing /opt/airflow/dags/weather_etl.py took 0.091 seconds
[2026-09-25T02:02:25.030+0000] {processor.py:186} INFO - Started process (PID=38943) to work on /opt/airflow/dags/weather_etl.py
[2026-09-25T02:02:25.034+0000] {processor.py:914} INFO - Processing file /opt/airflow/dags/weather_etl.py for tasks to queue
[2026-09-25T02:02:25.039+0000] {logging_mixin.py:190} INFO - [2026-09-25T02:02:25.038+0000] {dagbag.py:587} INFO - Filling up the DagBag from /opt/airflow/dags/weather_etl.py
[2026-09-25T02:02:25.083+0000] {processor.py:925} INFO - DAG(s) 'weather_etl' retrieved from /opt/airflow/dags/weather_etl.py
[2026-09-25T02:02:25.101+0000] {logging_mixin.py:190} INFO - [2026-09-25T02:02:25.101+0000] {dag.py:3229} INFO - Sync 1 DAGs
[2026-09-25T02:02:25.119+0000] {logging_mixin.py:190} INFO - [2026-09-25T02:02:25.119+0000] {dag.py:4156} INFO - Setting next_dagrun for weather_etl to 2026-09-24 02:30:00+00:00, run_after=2026-09-25 02:30:00+00:00
[2026-09-25T02:02:25.137+0000] {processor.py:208} INFO - Processing /opt/airflow/dags/weather_etl.py took 0.127 seconds
[2026-09-25T02:02:55.455+0000] {processor.py:186} INFO - Started process (PID=38954) to work on /opt/airflow/dags/weather_etl.py
[2026-09-25T02:02:55.457+0000] {processor.py:914} INFO - Processing file /opt/airflow/dags/weather_etl.py for tasks to queue
[2026-09-25T02:02:55.461+0000] {logging_mixin.py:190} INFO - [2026-09-25T02:02:55.460+0000] {dagbag.py:587} INFO - Filling up the DagBag from /opt/airflow/dags/weather_etl.py
[2026-09-25T02:02:55.482+0000] {processor.py:925} INFO - DAG(s) 'weather_etl' retrieved from /opt/airflow/dags/weather_etl.py
[2026-09-25T02:02:55.492+0000] {logging_mixin.py:190} INFO - [2026-09-25T02:02:55.491+0000] {dag.py:3229} INFO - Sync 1 DAGs
[2026-09-25T02:02:55.503+0000] {logging_mixin.py:190} INFO - [2026-09-25T02:02:55.503+0000] {dag.py:4156} INFO - Setting next_dagrun for weather_etl to 2026-09-24 02:30:00+00:00, run_after=2026-09-25 02:30:00+00:00
[2026-09-25T02:02:55.510+0000] {processor.py:208} INFO - Processing /opt/airflow/dags/weather_etl.py took 0.064 seconds
[2026-09-25T02:03:25.771+0000] {processor.py:186} INFO - Started process (PID=38965) to work on /opt/airflow/dags/weather_etl.py
[2026-09-25T02:03:25.774+0000] {processor.py:914} INFO - Processing file /opt/airflow/dags/weather_etl.py for tasks to queue
[2026-09-25T02:03:25.776+0000] {logging_mixin.py:190} INFO - [2026-09-25T02:03:25.776+0000] {dagbag.py:587} INFO - Filling up the DagBag from /opt/airflow/dags/weather_etl.py
[2026-09-25T02:03:25.797+0000] {processor.py:925} INFO - DAG(s) 'weather_etl' retrieved from /opt/airflow/dags/weather_etl.py
[2026-09-25T02:03:25.809+0000] {logging_mixin.py:190} INFO - [2026-09-25T02:03:25.809+0000] {dag.py:3229} INFO - Sync 1 DAGs
[2026-09-25T02:03:25.823+0000] {logging_mixin.py:190} INFO - [2026-09-25T02:03:25.822+0000] {dag.py:4156} INFO - Setting next_dagrun for weather_etl to 2026-09-24 02:30:00+00:00, run_after=2026-09-25 02:30:00+00:00
[2026-09-25T02:03:25.830+0000] {processor.py:208} INFO - Processing /opt/airflow/dags/weather_etl.py took 0.067 seconds
[2026-09-25T02:03:56.151+0000] {processor.py:186} INFO - Started process (PID=38976) to work on /opt/airflow/dags/weather_etl.py
[2026-09-25T02:03:56.154+0000] {processor.py:914} INFO - Processing file /opt/airflow/dags/weather_etl.py for tasks to queue
[2026-09-25T02:03:56.158+0000] {logging_mixin.py:190} INFO - [2026-09-25T02:03:56.158+0000] {dagbag.py:587} INFO - Filling up the DagBag from /opt/airflow/dags/weather_etl.py
[2026-09-25T02:03:56.189+0000] {processor.py:925} INFO - DAG(s) 'weather_etl' retrieved from /opt/airflow/dags/weather_etl.py
[2026-09-25T02:03:56.205+0000] {logging_mixin.py:190} INFO - [2026-09-25T02:03:56.204+0000] {dag.py:3229} INFO - Sync 1 DAGs
[2026-09-25T02:03:56.222+0000] {logging_mixin.py:190} INFO - [2026-09-25T02:03:56.222+0000] {dag.py:4156} INFO - Setting next_dagrun for weather_etl to 2026-09-24 02:30:00+00:00, run_after=2026-09-25 02:30:00+00:00
[2026-09-25T02:03:56.232+0000] {processor.py:208} INFO - Processing /opt/airflow/dags/weather_etl.py took 0.091 seconds
[2026-09-25T02:04:26.651+0000] {processor.py:186} INFO - Started process (PID=38987) to work on /opt/airflow/dags/weather_etl.py
[2026-09-25T02:04:26.653+0000] {processor.py:914} INFO - Processing file /opt/airflow/dags/weather_etl.py for tasks to queue
[2026-09-25T02:04:26.656+0000] {logging_mixin.py:190} INFO - [2026-09-25T02:04:26.656+0000] {dagbag.py:587} INFO - Filling up the DagBag from /opt/airflow/dags/weather_etl.py
[2026-09-25T02:04:26.683+0000] {processor.py:925} INFO - DAG(s) 'weather_etl' retrieved from /opt/airflow/dags/weather_etl.py
[2026-09-25T02:04:26.697+0000] {logging_mixin.py:190} INFO - [2026-09-25T02:04:26.697+0000] {dag.py:3229} INFO - Sync 1 DAGs
[2026-09-25T02:04:26.715+0000] {logging_mixin.py:190} INFO - [2026-09-25T02:04:26.714+0000] {dag.py:4156} INFO - Setting next_dagrun for weather_etl to 2026-09-24 02:30:00+00:00, run_after=2026-09-25 02:30:00+00:00
[2026-09-25T02:04:26.723+0000] {processor.py:208} INFO - Processing /opt/airflow/dags/weather_etl.py took 0.085 seconds
[2026-09-25T02:04:57.131+0000] {processor.py:186} INFO - Started process (PID=38998) to work on /opt/airflow/dags/weather_etl.py
[2026-09-25T02:04:57.133+0000] {processor.py:914} INFO - Processing file /opt/airflow/dags/weather_etl.py for tasks to queue
[2026-09-25T02:04:57.140+0000] {logging_mixin.py:190} INFO - [2026-09-25T02:04:57.139+0000] {dagbag.py:587} INFO - Filling up the DagBag from /opt/airflow/dags/weather_etl.py
[2026-09-25T02:04:57.180+0000] {processor.py:925} INFO - DAG(s) 'weather_etl' retrieved from /opt/airflow/dags/weather_etl.py
[2026-09-25T02:04:57.221+0000] {logging_mixin.py:190} INFO - [2026-09-25T02:04:57.220+0000] {dag.py:3229} INFO - Sync 1 DAGs
[2026-09-25T02:04:57.239+0000] {logging_mixin.py:190} INFO - [2026-09-25T02:04:57.239+0000] {dag.py:4156} INFO - Setting next_dagrun for weather_etl to 2026-09-24 02:30:00+00:00, run_after=2026-09-25 02:30:00+00:00
[2026-09-25T02:04:57.260+0000] {processor.py:208} INFO - Processing /opt/airflow/dags/weather_etl.py took 0.140 seconds
[2026-09-25T02:05:27.515+0000] {processor.py:186} INFO - Started process (PID=39009) to work on /opt/airflow/dags/weather_etl.py
[2026-09-25T02:05:27.518+0000] {processor.py:914} INFO - Processing file /opt/airflow/dags/weather_etl.py for tasks to queue
[2026-09-25T02:05:27.522+0000] {logging_mixin.py:190} INFO - [2026-09-25T02:05:27.522+0000] {dagbag.py:587} INFO - Filling up the DagBag from /opt/airflow/dags/weather_etl.py
[2026-09-25T02:05:27.547+0000] {processor.py:925} INFO - DAG(s) 'weather_etl' retrieved from /opt/airflow/dags/weather_etl.py
[2026-09-25T02:05:27.559+0000] {logging_mixin.py:190} INFO - [2026-09-25T02:05:27.559+0000] {dag.py:3229} INFO - Sync 1 DAGs
[2026-09-25T02:05:27.572+0000] {logging_mixin.py:190} INFO - [2026-09-25T02:05:27.572+0000] {dag.py:4156} INFO - Setting next_dagrun for weather_etl to 2026-09-24 02:30:00+00:00, run_after=2026-09-25 02:30:00+00:00
[2026-09-25T02:05:27.581+0000] {processor.py:208} INFO - Processing /opt/airflow/dags/weather_etl.py took 0.078 seconds
[2026-09-25T02:05:57.975+0000] {processor.py:186} INFO - Started process (PID=39020) to work on /opt/airflow/dags/weather_etl.py
[2026-09-25T02:05:57.977+0000] {processor.py:914} INFO - Processing file /opt/airflow/dags/weather_etl.py for tasks to queue
[2026-09-25T02:05:57.979+0000] {logging_mixin.py:190} INFO - [2026-09-25T02:05:57.979+0000] {dagbag.py:587} INFO - Filling up the DagBag from /opt/airflow/dags/weather_etl.py
[2026-09-25T02:05:57.998+0000] {processor.py:925} INFO - DAG(s) 'weather_etl' retrieved from /opt/airflow/dags/weather_etl.py
[2026-09-25T02:05:58.009+0000] {logging_mixin.py:190} INFO - [2026-09-25T02:05:58.008+0000] {dag.py:3229} INFO - Sync 1 DAGs
[2026-09-25T02:05:58.022+0000] {logging_mixin.py:190} INFO - [2026-09-25T02:05:58.022+0000] {dag.py:4156} INFO - Setting next_dagrun for weather_etl to 2026-09-24 02:30:00+00:00, run_after=2026-09-25 02:30:00+00:00
[2026-09-25T02:05:58.029+0000] {processor.py:208} INFO - Processing /opt/airflow/dags/weather_etl.py took 0.060 seconds
[2026-09-25T02:06:28.306+0000] {processor.py:186} INFO - Started process (PID=39031) to work on /opt/airflow/dags/weather_etl.py
[2026-09-25T02:06:28.309+0000] {processor.py:914} INFO - Processing file /opt/airflow/dags/weather_etl.py for tasks to queue
[2026-09-25T02:06:28.312+0000] {logging_mixin.py:190} INFO - [2026-09-25T02:06:28.311+0000] {dagbag.py:587} INFO - Filling up the DagBag from /opt/airflow/dags/weather_etl.py
[2026-09-25T02:06:28.331+0000] {processor.py:925} INFO - DAG(s) 'weather_etl' retrieved from /opt/airflow/dags/weather_etl.py
[2026-09-25T02:06:28.339+0000] {logging_mixin.py:190} INFO - [2026-09-25T02:06:28.338+0000] {dag.py:3229} INFO - Sync 1 DAGs
[2026-09-25T02:06:28.349+0000] {logging_mixin.py:190} INFO - [2026-09-25T02:06:28.349+0000] {dag.py:4156} INFO - Setting next_dagrun for weather_etl to 2026-09-24 02:30:00+00:00, run_after=2026-09-25 02:30:00+00:00
[2026-09-25T02:06:28.355+0000] {processor.py:208} INFO - Processing /opt/airflow/dags/weather_etl.py took 0.056 seconds
[2026-09-25T02:06:58.666+0000] {processor.py:186} INFO - Started process (PID=39042) to work on /opt/airflow/dags/weather_etl.py
[2026-09-25T02:06:58.669+0000] {processor.py:914} INFO - Processing file /opt/airflow/dags/weather_etl.py for tasks to queue
[2026-09-25T02:06:58.671+0000] {logging_mixin.py:190} INFO - [2026-09-25T02:06:58.670+0000] {dagbag.py:587} INFO - Filling up the DagBag from /opt/airflow/dags/weather_etl.py
[2026-09-25T02:06:58.688+0000] {processor.py:925} INFO - DAG(s) 'weather_etl' retrieved from /opt/airflow/dags/weather_etl.py
[2026-09-25T02:06:58.697+0000] {logging_mixin.py:190} INFO - [2026-09-25T02:06:58.696+0000] {dag.py:3229} INFO - Sync 1 DAGs
[2026-09-25T02:06:58.709+0000] {logging_mixin.py:190} INFO - [2026-09-25T02:06:58.709+0000] {dag.py:4156} INFO - Setting next_dagrun for weather_etl to 2026-09-24 02:30:00+00:00, run_after=2026-09-25 02:30:00+00:00
[2026-09-25T02:06:58.716+0000] {processor.py:208} INFO - Processing /opt/airflow/dags/weather_etl.py took 0.056 seconds
[2026-09-25T02:07:28.996+0000] {processor.py:186} INFO - Started process (PID=39053) to work on /opt/airflow/dags/weather_etl.py
[2026-09-25T02:07:28.998+0000] {processor.py:914} INFO - Processing file /opt/airflow/dags/weather_etl.py for tasks to queue
[2026-09-25T02:07:29.001+0000] {logging_mixin.py:190} INFO - [2026-09-25T02:07:29.001+0000] {dagbag.py:587} INFO - Filling up the DagBag from /opt/airflow/dags/weather_etl.py
[2026-09-25T02:07:29.027+0000] {processor.py:925} INFO - DAG(s) 'weather_etl' retrieved from /opt/airflow/dags/weather_etl.py
[2026-09-25T02:07:29.039+0000] {logging_mixin.py:190} INFO - [2026-09-25T02:07:29.039+0000] {dag.py:3229} INFO - Sync 1 DAGs
[2026-09-25T02:07:29.053+0000] {logging_mixin.py:190} INFO - [2026-09-25T02:07:29.053+0000] {dag.py:4156} INFO - Setting next_dagrun for weather_etl to 2026-09-24 02:30:00+00:00, run_after=2026-09-25 02:30:00+00:00
[2026-09-25T02:07:29.061+0000] {processor.py:208} INFO - Processing /opt/airflow/dags/weather_etl.py took 0.071 seconds
[2026-09-25T02:07:59.381+0000] {processor.py:186} INFO - Started process (PID=39064) to work on /opt/airflow/dags/weather_etl.py
[2026-09-25T02:07:59.383+0000] {processor.py:914} INFO - Processing file /opt/airflow/dags/weather_etl.py for tasks to queue
[2026-09-25T02:07:59.385+0000] {logging_mixin.py:190} INFO - [2026-09-25T02:07:59.385+0000] {dagbag.py:587} INFO - Filling up the DagBag from /opt/airflow/dags/weather_etl.py
[2026-09-25T02:07:59.403+0000] {processor.py:925} INFO - DAG(s) 'weather_etl' retrieved from /opt/airflow/dags/weather_etl.py
[2026-09-25T02:07:59.412+0000] {logging_mixin.py:190} INFO - [2026-09-25T02:07:59.412+0000] {dag.py:3229} INFO - Sync 1 DAGs
[2026-09-25T02:07:59.424+0000] {logging_mixin.py:190} INFO - [2026-09-25T02:07:59.424+0000] {dag.py:4156} INFO - Setting next_dagrun for weather_etl to 2026-09-24 02:30:00+00:00, run_after=2026-09-25 02:30:00+00:00
[2026-09-25T02:07:59.430+0000] {processor.py:208} INFO - Processing /opt/airflow/dags/weather_etl.py took 0.056 seconds
[2026-09-25T02:08:29.774+0000] {processor.py:186} INFO - Started process (PID=39075) to work on /opt/airflow/dags/weather_etl.py
[2026-09-25T02:08:29.776+0000] {processor.py:914} INFO - Processing file /opt/airflow/dags/weather_etl.py for tasks to queue
[2026-09-25T02:08:29.780+0000] {logging_mixin.py:190} INFO - [2026-09-25T02:08:29.779+0000] {dagbag.py:587} INFO - Filling up the DagBag from /opt/airflow/dags/weather_etl.py
[2026-09-25T02:08:29.803+0000] {processor.py:925} INFO - DAG(s) 'weather_etl' retrieved from /opt/airflow/dags/weather_etl.py
[2026-09-25T02:08:29.814+0000] {logging_mixin.py:190} INFO - [2026-09-25T02:08:29.813+0000] {dag.py:3229} INFO - Sync 1 DAGs
[2026-09-25T02:08:29.827+0000] {logging_mixin.py:190} INFO - [2026-09-25T02:08:29.827+0000] {dag.py:4156} INFO - Setting next_dagrun for weather_etl to 2026-09-24 02:30:00+00:00, run_after=2026-09-25 02:30:00+00:00
[2026-09-25T02:08:29.835+0000] {processor.py:208} INFO - Processing /opt/airflow/dags/weather_etl.py took 0.071 seconds
[2026-09-25T02:09:00.115+0000] {processor.py:186} INFO - Started process (PID=39086) to work on /opt/airflow/dags/weather_etl.py
[2026-09-25T02:09:00.117+0000] {processor.py:914} INFO - Processing file /opt/airflow/dags/weather_etl.py for tasks to queue
[2026-09-25T02:09:00.120+0000] {logging_mixin.py:190} INFO - [2026-09-25T02:09:00.119+0000] {dagbag.py:587} INFO - Filling up the DagBag from /opt/airflow/dags/weather_etl.py
[2026-09-25T02:09:00.137+0000] {processor.py:925} INFO - DAG(s) 'weather_etl' retrieved from /opt/airflow/dags/weather_etl.py
[2026-09-25T02:09:00.145+0000] {logging_mixin.py:190} INFO - [2026-09-25T02:09:00.144+0000] {dag.py:3229} INFO - Sync 1 DAGs
[2026-09-25T02:09:00.154+0000] {logging_mixin.py:190} INFO - [2026-09-25T02:09:00.154+0000] {dag.py:4156} INFO - Setting next_dagrun for weather_etl to 2026-09-24 02:30:00+00:00, run_after=2026-09-25 02:30:00+00:00
[2026-09-25T02:09:00.161+0000] {processor.py:208} INFO - Processing /opt/airflow/dags/weather_etl.py took 0.053 seconds
[2026-09-25T02:09:30.513+0000] {processor.py:186} INFO - Started process (PID=39097) to work on /opt/airflow/dags/weather_etl.py
[2026-09-25T02:09:30.515+0000] {processor.py:914} INFO - Processing file /opt/airflow/dags/weather_etl.py for tasks to queue
[2026-09-25T02:09:30.517+0000] {logging_mixin.py:190} INFO - [2026-09-25T02:09:30.517+0000] {dagbag.py:587} INFO - Filling up the DagBag from /opt/airflow/dags/weather_etl.py
[2026-09-25T02:09:30.536+0000] {processor.py:925} INFO - DAG(s) 'weather_etl' retrieved from /opt/airflow/dags/weather_etl.py
[2026-09-25T02:09:30.547+0000] {logging_mixin.py:190} INFO - [2026-09-25T02:09:30.546+0000] {dag.py:3229} INFO - Sync 1 DAGs
[2026-09-25T02:09:30.558+0000] {logging_mixin.py:190} INFO - [2026-09-25T02:09:30.558+0000] {dag.py:4156} INFO - Setting next_dagrun for weather_etl to 2026-09-24 02:30:00+00:00, run_after=2026-09-25 02:30:00+00:00
[2026-09-25T02:09:30.565+0000] {processor.py:208} INFO - Processing /opt/airflow/dags/weather_etl.py took 0.057 seconds
[2026-09-25T02:10:00.902+0000] {processor.py:186} INFO - Started process (PID=39108) to work on /opt/airflow/dags/weather_etl.py
[2026-09-25T02:10:00.904+0000] {processor.py:914} INFO - Processing file /opt/airflow/dags/weather_etl.py for tasks to queue
[2026-09-25T02:10:00.906+0000] {logging_mixin.py:190} INFO - [2026-09-25T02:10:00.906+0000] {dagbag.py:587} INFO - Filling up the DagBag from /opt/airflow/dags/weather_etl.py
[2026-09-25T02:10:00.926+0000] {processor.py:925} INFO - DAG(s) 'weather_etl' retrieved from /opt/airflow/dags/weather_etl.py
[2026-09-25T02:10:00.935+0000] {logging_mixin.py:190} INFO - [2026-09-25T02:10:00.934+0000] {dag.py:3229} INFO - Sync 1 DAGs
[2026-09-25T02:10:00.945+0000] {logging_mixin.py:190} INFO - [2026-09-25T02:10:00.945+0000] {dag.py:4156} INFO - Setting next_dagrun for weather_etl to 2026-09-24 02:30:00+00:00, run_after=2026-09-25 02:30:00+00:00
[2026-09-25T02:10:00.952+0000] {processor.py:208} INFO - Processing /opt/airflow/dags/weather_etl.py took 0.056 seconds
[2026-09-25T02:10:31.254+0000] {processor.py:186} INFO - Started process (PID=39119) to work on /opt/airflow/dags/weather_etl.py
[2026-09-25T02:10:31.256+0000] {processor.py:914} INFO - Processing file /opt/airflow/dags/weather_etl.py for tasks to queue
[2026-09-25T02:10:31.260+0000] {logging_mixin.py:190} INFO - [2026-09-25T02:10:31.259+0000] {dagbag.py:587} INFO - Filling up the DagBag from /opt/airflow/dags/weather_etl.py
[2026-09-25T02:10:31.283+0000] {processor.py:925} INFO - DAG(s) 'weather_etl' retrieved from /opt/airflow/dags/weather_etl.py
[2026-09-25T02:10:31.294+0000] {logging_mixin.py:190} INFO - [2026-09-25T02:10:31.294+0000] {dag.py:3229} INFO - Sync 1 DAGs
[2026-09-25T02:10:31.306+0000] {logging_mixin.py:190} INFO - [2026-09-25T02:10:31.306+0000] {dag.py:4156} INFO - Setting next_dagrun for weather_etl to 2026-09-24 02:30:00+00:00, run_after=2026-09-25 02:30:00+00:00
[2026-09-25T02:10:31.313+0000] {processor.py:208} INFO - Processing /opt/airflow/dags/weather_etl.py took 0.068 seconds
[2026-09-25T02:11:01.674+0000] {processor.py:186} INFO - Started process (PID=39130) to work on /opt/airflow/dags/weather_etl.py
[2026-09-25T02:11:01.675+0000] {processor.py:914} INFO - Processing file /opt/airflow/dags/weather_etl.py for tasks to queue
[2026-09-25T02:11:01.680+0000] {logging_mixin.py:190} INFO - [2026-09-25T02:11:01.679+0000] {dagbag.py:587} INFO - Filling up the DagBag from /opt/airflow/dags/weather_etl.py
[2026-09-25T02:11:01.712+0000] {processor.py:925} INFO - DAG(s) 'weather_etl' retrieved from /opt/airflow/dags/weather_etl.py
[2026-09-25T02:11:01.726+0000] {logging_mixin.py:190} INFO - [2026-09-25T02:11:01.725+0000] {dag.py:3229} INFO - Sync 1 DAGs
[2026-09-25T02:11:01.739+0000] {logging_mixin.py:190} INFO - [2026-09-25T02:11:01.739+0000] {dag.py:4156} INFO - Setting next_dagrun for weather_etl to 2026-09-24 02:30:00+00:00, run_after=2026-09-25 02:30:00+00:00
[2026-09-25T02:11:01.749+0000] {processor.py:208} INFO - Processing /opt/airflow/dags/weather_etl.py took 0.083 seconds
[2026-09-25T02:11:31.986+0000] {processor.py:186} INFO - Started process (PID=39141) to work on /opt/airflow/dags/weather_etl.py
[2026-09-25T02:11:31.988+0000] {processor.py:914} INFO - Processing file /opt/airflow/dags/weather_etl.py for tasks to queue
[2026-09-25T02:11:31.989+0000] {logging_mixin.py:190} INFO - [2026-09-25T02:11:31.989+0000] {dagbag.py:587} INFO - Filling up the DagBag from /opt/airflow/dags/weather_etl.py
[2026-09-25T02:11:32.013+0000] {processor.py:925} INFO - DAG(s) 'weather_etl' retrieved from /opt/airflow/dags/weather_etl.py
[2026-09-25T02:11:32.047+0000] {logging_mixin.py:190} INFO - [2026-09-25T02:11:32.046+0000] {dag.py:3229} INFO - Sync 1 DAGs
[2026-09-25T02:11:32.061+0000] {logging_mixin.py:190} INFO - [2026-09-25T02:11:32.061+0000] {dag.py:4156} INFO - Setting next_dagrun for weather_etl to 2026-09-24 02:30:00+00:00, run_after=2026-09-25 02:30:00+00:00
[2026-09-25T02:11:32.074+0000] {processor.py:208} INFO - Processing /opt/airflow/dags/weather_etl.py took 0.099 seconds
[2026-09-25T02:12:02.447+0000] {processor.py:186} INFO - Started process (PID=39152) to work on /opt/airflow/dags/weather_etl.py
[2026-09-25T02:12:02.449+0000] {processor.py:914} INFO - Processing file /opt/airflow/dags/weather_etl.py for tasks to queue
[2026-09-25T02:12:02.451+0000] {logging_mixin.py:190} INFO - [2026-09-25T02:12:02.451+0000] {dagbag.py:587} INFO - Filling up the DagBag from /opt/airflow/dags/weather_etl.py
[2026-09-25T02:12:02.470+0000] {processor.py:925} INFO - DAG(s) 'weather_etl' retrieved from /opt/airflow/dags/weather_etl.py
[2026-09-25T02:12:02.480+0000] {logging_mixin.py:190} INFO - [2026-09-25T02:12:02.480+0000] {dag.py:3229} INFO - Sync 1 DAGs
[2026-09-25T02:12:02.491+0000] {logging_mixin.py:190} INFO - [2026-09-25T02:12:02.491+0000] {dag.py:4156} INFO - Setting next_dagrun for weather_etl to 2026-09-24 02:30:00+00:00, run_after=2026-09-25 02:30:00+00:00
[2026-09-25T02:12:02.498+0000] {processor.py:208} INFO - Processing /opt/airflow/dags/weather_etl.py took 0.058 seconds
[2026-09-25T02:12:32.836+0000] {processor.py:186} INFO - Started process (PID=39163) to work on /opt/airflow/dags/weather_etl.py
[2026-09-25T02:12:32.838+0000] {processor.py:914} INFO - Processing file /opt/airflow/dags/weather_etl.py for tasks to queue
[2026-09-25T02:12:32.841+0000] {logging_mixin.py:190} INFO - [2026-09-25T02:12:32.840+0000] {dagbag.py:587} INFO - Filling up the DagBag from /opt/airflow/dags/weather_etl.py
[2026-09-25T02:12:32.860+0000] {processor.py:925} INFO - DAG(s) 'weather_etl' retrieved from /opt/airflow/dags/weather_etl.py
[2026-09-25T02:12:32.868+0000] {logging_mixin.py:190} INFO - [2026-09-25T02:12:32.868+0000] {dag.py:3229} INFO - Sync 1 DAGs
[2026-09-25T02:12:32.877+0000] {logging_mixin.py:190} INFO - [2026-09-25T02:12:32.877+0000] {dag.py:4156} INFO - Setting next_dagrun for weather_etl to 2026-09-24 02:30:00+00:00, run_after=2026-09-25 02:30:00+00:00
[2026-09-25T02:12:32.883+0000] {processor.py:208} INFO - Processing /opt/airflow/dags/weather_etl.py took 0.053 seconds
[2026-09-25T02:13:03.240+0000] {processor.py:186} INFO - Started process (PID=39174) to work on /opt/airflow/dags/weather_etl.py
[2026-09-25T02:13:03.242+0000] {processor.py:914} INFO - Processing file /opt/airflow/dags/weather_etl.py for tasks to queue
[2026-09-25T02:13:03.246+0000] {logging_mixin.py:190} INFO - [2026-09-25T02:13:03.245+0000] {dagbag.py:587} INFO - Filling up the DagBag from /opt/airflow/dags/weather_etl.py
[2026-09-25T02:13:03.276+0000] {processor.py:925} INFO - DAG(s) 'weather_etl' retrieved from /opt/airflow/dags/weather_etl.py
[2026-09-25T02:13:03.294+0000] {logging_mixin.py:190} INFO - [2026-09-25T02:13:03.293+0000] {dag.py:3229} INFO - Sync 1 DAGs
[2026-09-25T02:13:03.311+0000] {logging_mixin.py:190} INFO - [2026-09-25T02:13:03.311+0000] {dag.py:4156} INFO - Setting next_dagrun for weather_etl to 2026-09-24 02:30:00+00:00, run_after=2026-09-25 02:30:00+00:00
[2026-09-25T02:13:03.319+0000] {processor.py:208} INFO - Processing /opt/airflow/dags/weather_etl.py took 0.086 seconds
[2026-09-25T02:13:33.590+0000] {processor.py:186} INFO - Started process (PID=39185) to work on /opt/airflow/dags/weather_etl.py
[2026-09-25T02:13:33.593+0000] {processor.py:914} INFO - Processing file /opt/airflow/dags/weather_etl.py for tasks to queue
[2026-09-25T02:13:33.595+0000] {logging_mixin.py:190} INFO - [2026-09-25T02:13:33.595+0000] {dagbag.py:587} INFO - Filling up the DagBag from /opt/airflow/dags/weather_etl.py
[2026-09-25T02:13:33.614+0000] {processor.py:925} INFO - DAG(s) 'weather_etl' retrieved from /opt/airflow/dags/weather_etl.py
[2026-09-25T02:13:33.623+0000] {logging_mixin.py:190} INFO - [2026-09-25T02:13:33.622+0000] {dag.py:3229} INFO - Sync 1 DAGs
[2026-09-25T02:13:33.634+0000] {logging_mixin.py:190} INFO - [2026-09-25T02:13:33.634+0000] {dag.py:4156} INFO - Setting next_dagrun for weather_etl to 2026-09-24 02:30:00+00:00, run_after=2026-09-25 02:30:00+00:00
[2026-09-25T02:13:33.640+0000] {processor.py:208} INFO - Processing /opt/airflow/dags/weather_etl.py took 0.059 seconds
[2026-09-25T02:14:03.978+0000] {processor.py:186} INFO - Started process (PID=39196) to work on /opt/airflow/dags/weather_etl.py
[2026-09-25T02:14:03.979+0000] {processor.py:914} INFO - Processing file /opt/airflow/dags/weather_etl.py for tasks to queue
[2026-09-25T02:14:03.983+0000] {logging_mixin.py:190} INFO - [2026-09-25T02:14:03.983+0000] {dagbag.py:587} INFO - Filling up the DagBag from /opt/airflow/dags/weather_etl.py
[2026-09-25T02:14:04.009+0000] {processor.py:925} INFO - DAG(s) 'weather_etl' retrieved from /opt/airflow/dags/weather_etl.py
[2026-09-25T02:14:04.020+0000] {logging_mixin.py:190} INFO - [2026-09-25T02:14:04.020+0000] {dag.py:3229} INFO - Sync 1 DAGs
[2026-09-25T02:14:04.032+0000] {logging_mixin.py:190} INFO - [2026-09-25T02:14:04.032+0000] {dag.py:4156} INFO - Setting next_dagrun for weather_etl to 2026-09-24 02:30:00+00:00, run_after=2026-09-25 02:30:00+00:00
[2026-09-25T02:14:04.042+0000] {processor.py:208} INFO - Processing /opt/airflow/dags/weather_etl.py took 0.071 seconds
[2026-09-25T02:14:34.359+0000] {processor.py:186} INFO - Started process (PID=39207) to work on /opt/airflow/dags/weather_etl.py
[2026-09-25T02:14:34.363+0000] {processor.py:914} INFO - Processing file /opt/airflow/dags/weather_etl.py for tasks to queue
[2026-09-25T02:14:34.365+0000] {logging_mixin.py:190} INFO - [2026-09-25T02:14:34.365+0000] {dagbag.py:587} INFO - Filling up the DagBag from /opt/airflow/dags/weather_etl.py
[2026-09-25T02:14:34.384+0000] {processor.py:925} INFO - DAG(s) 'weather_etl' retrieved from /opt/airflow/dags/weather_etl.py
[2026-09-25T02:14:34.393+0000] {logging_mixin.py:190} INFO - [2026-09-25T02:14:34.393+0000] {dag.py:3229} INFO - Sync 1 DAGs
[2026-09-25T02:14:34.403+0000] {logging_mixin.py:190} INFO - [2026-09-25T02:14:34.403+0000] {dag.py:4156} INFO - Setting next_dagrun for weather_etl to 2026-09-24 02:30:00+00:00, run_after=2026-09-25 02:30:00+00:00
[2026-09-25T02:14:34.410+0000] {processor.py:208} INFO - Processing /opt/airflow/dags/weather_etl.py took 0.056 seconds
[2026-09-25T02:15:04.679+0000] {processor.py:186} INFO - Started process (PID=39218) to work on /opt/airflow/dags/weather_etl.py
[2026-09-25T02:15:04.682+0000] {processor.py:914} INFO - Processing file /opt/airflow/dags/weather_etl.py for tasks to queue
[2026-09-25T02:15:04.684+0000] {logging_mixin.py:190} INFO - [2026-09-25T02:15:04.684+0000] {dagbag.py:587} INFO - Filling up the DagBag from /opt/airflow/dags/weather_etl.py
[2026-09-25T02:15:04.702+0000] {processor.py:925} INFO - DAG(s) 'weather_etl' retrieved from /opt/airflow/dags/weather_etl.py
[2026-09-25T02:15:04.711+0000] {logging_mixin.py:190} INFO - [2026-09-25T02:15:04.711+0000] {dag.py:3229} INFO - Sync 1 DAGs
[2026-09-25T02:15:04.721+0000] {logging_mixin.py:190} INFO - [2026-09-25T02:15:04.721+0000] {dag.py:4156} INFO - Setting next_dagrun for weather_etl to 2026-09-24 02:30:00+00:00, run_after=2026-09-25 02:30:00+00:00
[2026-09-25T02:15:04.727+0000] {processor.py:208} INFO - Processing /opt/airflow/dags/weather_etl.py took 0.056 seconds
[2026-09-25T02:15:35.051+0000] {processor.py:186} INFO - Started process (PID=39229) to work on /opt/airflow/dags/weather_etl.py
[2026-09-25T02:15:35.054+0000] {processor.py:914} INFO - Processing file /opt/airflow/dags/weather_etl.py for tasks to queue
[2026-09-25T02:15:35.056+0000] {logging_mixin.py:190} INFO - [2026-09-25T02:15:35.056+0000] {dagbag.py:587} INFO - Filling up the DagBag from /opt/airflow/dags/weather_etl.py
[2026-09-25T02:15:35.074+0000] {processor.py:925} INFO - DAG(s) 'weather_etl' retrieved from /opt/airflow/dags/weather_etl.py
[2026-09-25T02:15:35.084+0000] {logging_mixin.py:190} INFO - [2026-09-25T02:15:35.084+0000] {dag.py:3229} INFO - Sync 1 DAGs
[2026-09-25T02:15:35.096+0000] {logging_mixin.py:190} INFO - [2026-09-25T02:15:35.096+0000] {dag.py:4156} INFO - Setting next_dagrun for weather_etl to 2026-09-24 02:30:00+00:00, run_after=2026-09-25 02:30:00+00:00
[2026-09-25T02:15:35.103+0000] {processor.py:208} INFO - Processing /opt/airflow/dags/weather_etl.py took 0.058 seconds
[2026-09-25T02:16:05.449+0000] {processor.py:186} INFO - Started process (PID=39240) to work on /opt/airflow/dags/weather_etl.py
[2026-09-25T02:16:05.451+0000] {processor.py:914} INFO - Processing file /opt/airflow/dags/weather_etl.py for tasks to queue
[2026-09-25T02:16:05.456+0000] {logging_mixin.py:190} INFO - [2026-09-25T02:16:05.455+0000] {dagbag.py:587} INFO - Filling up the DagBag from /opt/airflow/dags/weather_etl.py
[2026-09-25T02:16:05.488+0000] {processor.py:925} INFO - DAG(s) 'weather_etl' retrieved from /opt/airflow/dags/weather_etl.py
[2026-09-25T02:16:05.504+0000] {logging_mixin.py:190} INFO - [2026-09-25T02:16:05.504+0000] {dag.py:3229} INFO - Sync 1 DAGs
[2026-09-25T02:16:05.520+0000] {logging_mixin.py:190} INFO - [2026-09-25T02:16:05.520+0000] {dag.py:4156} INFO - Setting next_dagrun for weather_etl to 2026-09-24 02:30:00+00:00, run_after=2026-09-25 02:30:00+00:00
[2026-09-25T02:16:05.532+0000] {processor.py:208} INFO - Processing /opt/airflow/dags/weather_etl.py took 0.094 seconds
[2026-09-25T02:16:35.764+0000] {processor.py:186} INFO - Started process (PID=39251) to work on /opt/airflow/dags/weather_etl.py
[2026-09-25T02:16:35.766+0000] {processor.py:914} INFO - Processing file /opt/airflow/dags/weather_etl.py for tasks to queue
[2026-09-25T02:16:35.768+0000] {logging_mixin.py:190} INFO - [2026-09-25T02:16:35.768+0000] {dagbag.py:587} INFO - Filling up the DagBag from /opt/airflow/dags/weather_etl.py
[2026-09-25T02:16:35.788+0000] {processor.py:925} INFO - DAG(s) 'weather_etl' retrieved from /opt/airflow/dags/weather_etl.py
[2026-09-25T02:16:35.800+0000] {logging_mixin.py:190} INFO - [2026-09-25T02:16:35.800+0000] {dag.py:3229} INFO - Sync 1 DAGs
[2026-09-25T02:16:35.814+0000] {logging_mixin.py:190} INFO - [2026-09-25T02:16:35.814+0000] {dag.py:4156} INFO - Setting next_dagrun for weather_etl to 2026-09-24 02:30:00+00:00, run_after=2026-09-25 02:30:00+00:00
[2026-09-25T02:16:35.821+0000] {processor.py:208} INFO - Processing /opt/airflow/dags/weather_etl.py took 0.063 seconds
[2026-09-25T02:17:06.160+0000] {processor.py:186} INFO - Started process (PID=39262) to work on /opt/airflow/dags/weather_etl.py
[2026-09-25T02:17:06.163+0000] {processor.py:914} INFO - Processing file /opt/airflow/dags/weather_etl.py for tasks to queue
[2026-09-25T02:17:06.166+0000] {logging_mixin.py:190} INFO - [2026-09-25T02:17:06.166+0000] {dagbag.py:587} INFO - Filling up the DagBag from /opt/airflow/dags/weather_etl.py
[2026-09-25T02:17:06.187+0000] {processor.py:925} INFO - DAG(s) 'weather_etl' retrieved from /opt/airflow/dags/weather_etl.py
[2026-09-25T02:17:06.197+0000] {logging_mixin.py:190} INFO - [2026-09-25T02:17:06.197+0000] {dag.py:3229} INFO - Sync 1 DAGs
[2026-09-25T02:17:06.208+0000] {logging_mixin.py:190} INFO - [2026-09-25T02:17:06.208+0000] {dag.py:4156} INFO - Setting next_dagrun for weather_etl to 2026-09-24 02:30:00+00:00, run_after=2026-09-25 02:30:00+00:00
[2026-09-25T02:17:06.215+0000] {processor.py:208} INFO - Processing /opt/airflow/dags/weather_etl.py took 0.061 seconds
[2026-09-25T02:17:36.475+0000] {processor.py:186} INFO - Started process (PID=39273) to work on /opt/airflow/dags/weather_etl.py
[2026-09-25T02:17:36.477+0000] {processor.py:914} INFO - Processing file /opt/airflow/dags/weather_etl.py for tasks to queue
[2026-09-25T02:17:36.479+0000] {logging_mixin.py:190} INFO - [2026-09-25T02:17:36.479+0000] {dagbag.py:587} INFO - Filling up the DagBag from /opt/airflow/dags/weather_etl.py
[2026-09-25T02:17:36.499+0000] {processor.py:925} INFO - DAG(s) 'weather_etl' retrieved from /opt/airflow/dags/weather_etl.py
[2026-09-25T02:17:36.511+0000] {logging_mixin.py:190} INFO - [2026-09-25T02:17:36.510+0000] {dag.py:3229} INFO - Sync 1 DAGs
[2026-09-25T02:17:36.524+0000] {logging_mixin.py:190} INFO - [2026-09-25T02:17:36.524+0000] {dag.py:4156} INFO - Setting next_dagrun for weather_etl to 2026-09-24 02:30:00+00:00, run_after=2026-09-25 02:30:00+00:00
[2026-09-25T02:17:36.531+0000] {processor.py:208} INFO - Processing /opt/airflow/dags/weather_etl.py took 0.062 seconds
[2026-09-25T02:18:06.831+0000] {processor.py:186} INFO - Started process (PID=39284) to work on /opt/airflow/dags/weather_etl.py
[2026-09-25T02:18:06.833+0000] {processor.py:914} INFO - Processing file /opt/airflow/dags/weather_etl.py for tasks to queue
[2026-09-25T02:18:06.835+0000] {logging_mixin.py:190} INFO - [2026-09-25T02:18:06.835+0000] {dagbag.py:587} INFO - Filling up the DagBag from /opt/airflow/dags/weather_etl.py
[2026-09-25T02:18:06.853+0000] {processor.py:925} INFO - DAG(s) 'weather_etl' retrieved from /opt/airflow/dags/weather_etl.py
[2026-09-25T02:18:06.863+0000] {logging_mixin.py:190} INFO - [2026-09-25T02:18:06.862+0000] {dag.py:3229} INFO - Sync 1 DAGs
[2026-09-25T02:18:06.879+0000] {logging_mixin.py:190} INFO - [2026-09-25T02:18:06.879+0000] {dag.py:4156} INFO - Setting next_dagrun for weather_etl to 2026-09-24 02:30:00+00:00, run_after=2026-09-25 02:30:00+00:00
[2026-09-25T02:18:06.887+0000] {processor.py:208} INFO - Processing /opt/airflow/dags/weather_etl.py took 0.063 seconds
[2026-09-25T02:18:37.379+0000] {processor.py:186} INFO - Started process (PID=39295) to work on /opt/airflow/dags/weather_etl.py
[2026-09-25T02:18:37.381+0000] {processor.py:914} INFO - Processing file /opt/airflow/dags/weather_etl.py for tasks to queue
[2026-09-25T02:18:37.385+0000] {logging_mixin.py:190} INFO - [2026-09-25T02:18:37.384+0000] {dagbag.py:587} INFO - Filling up the DagBag from /opt/airflow/dags/weather_etl.py
[2026-09-25T02:18:37.415+0000] {processor.py:925} INFO - DAG(s) 'weather_etl' retrieved from /opt/airflow/dags/weather_etl.py
[2026-09-25T02:18:37.434+0000] {logging_mixin.py:190} INFO - [2026-09-25T02:18:37.433+0000] {dag.py:3229} INFO - Sync 1 DAGs
[2026-09-25T02:18:37.454+0000] {logging_mixin.py:190} INFO - [2026-09-25T02:18:37.454+0000] {dag.py:4156} INFO - Setting next_dagrun for weather_etl to 2026-09-24 02:30:00+00:00, run_after=2026-09-25 02:30:00+00:00
[2026-09-25T02:18:37.462+0000] {processor.py:208} INFO - Processing /opt/airflow/dags/weather_etl.py took 0.093 seconds
[2026-09-25T02:19:07.715+0000] {processor.py:186} INFO - Started process (PID=39306) to work on /opt/airflow/dags/weather_etl.py
[2026-09-25T02:19:07.718+0000] {processor.py:914} INFO - Processing file /opt/airflow/dags/weather_etl.py for tasks to queue
[2026-09-25T02:19:07.720+0000] {logging_mixin.py:190} INFO - [2026-09-25T02:19:07.720+0000] {dagbag.py:587} INFO - Filling up the DagBag from /opt/airflow/dags/weather_etl.py
[2026-09-25T02:19:07.741+0000] {processor.py:925} INFO - DAG(s) 'weather_etl' retrieved from /opt/airflow/dags/weather_etl.py
[2026-09-25T02:19:07.749+0000] {logging_mixin.py:190} INFO - [2026-09-25T02:19:07.749+0000] {dag.py:3229} INFO - Sync 1 DAGs
[2026-09-25T02:19:07.759+0000] {logging_mixin.py:190} INFO - [2026-09-25T02:19:07.759+0000] {dag.py:4156} INFO - Setting next_dagrun for weather_etl to 2026-09-24 02:30:00+00:00, run_after=2026-09-25 02:30:00+00:00
[2026-09-25T02:19:07.767+0000] {processor.py:208} INFO - Processing /opt/airflow/dags/weather_etl.py took 0.060 seconds
[2026-09-25T02:19:38.147+0000] {processor.py:186} INFO - Started process (PID=39317) to work on /opt/airflow/dags/weather_etl.py
[2026-09-25T02:19:38.149+0000] {processor.py:914} INFO - Processing file /opt/airflow/dags/weather_etl.py for tasks to queue
[2026-09-25T02:19:38.152+0000] {logging_mixin.py:190} INFO - [2026-09-25T02:19:38.151+0000] {dagbag.py:587} INFO - Filling up the DagBag from /opt/airflow/dags/weather_etl.py
[2026-09-25T02:19:38.170+0000] {processor.py:925} INFO - DAG(s) 'weather_etl' retrieved from /opt/airflow/dags/weather_etl.py
[2026-09-25T02:19:38.179+0000] {logging_mixin.py:190} INFO - [2026-09-25T02:19:38.178+0000] {dag.py:3229} INFO - Sync 1 DAGs
[2026-09-25T02:19:38.189+0000] {logging_mixin.py:190} INFO - [2026-09-25T02:19:38.189+0000] {dag.py:4156} INFO - Setting next_dagrun for weather_etl to 2026-09-24 02:30:00+00:00, run_after=2026-09-25 02:30:00+00:00
[2026-09-25T02:19:38.196+0000] {processor.py:208} INFO - Processing /opt/airflow/dags/weather_etl.py took 0.056 seconds
[2026-09-25T02:20:08.592+0000] {processor.py:186} INFO - Started process (PID=39328) to work on /opt/airflow/dags/weather_etl.py
[2026-09-25T02:20:08.594+0000] {processor.py:914} INFO - Processing file /opt/airflow/dags/weather_etl.py for tasks to queue
[2026-09-25T02:20:08.598+0000] {logging_mixin.py:190} INFO - [2026-09-25T02:20:08.597+0000] {dagbag.py:587} INFO - Filling up the DagBag from /opt/airflow/dags/weather_etl.py
[2026-09-25T02:20:08.627+0000] {processor.py:925} INFO - DAG(s) 'weather_etl' retrieved from /opt/airflow/dags/weather_etl.py
[2026-09-25T02:20:08.642+0000] {logging_mixin.py:190} INFO - [2026-09-25T02:20:08.642+0000] {dag.py:3229} INFO - Sync 1 DAGs
[2026-09-25T02:20:08.657+0000] {logging_mixin.py:190} INFO - [2026-09-25T02:20:08.657+0000] {dag.py:4156} INFO - Setting next_dagrun for weather_etl to 2026-09-24 02:30:00+00:00, run_after=2026-09-25 02:30:00+00:00
[2026-09-25T02:20:08.665+0000] {processor.py:208} INFO - Processing /opt/airflow/dags/weather_etl.py took 0.082 seconds
[2026-09-25T02:20:38.972+0000] {processor.py:186} INFO - Started process (PID=39339) to work on /opt/airflow/dags/weather_etl.py
[2026-09-25T02:20:38.975+0000] {processor.py:914} INFO - Processing file /opt/airflow/dags/weather_etl.py for tasks to queue
[2026-09-25T02:20:38.977+0000] {logging_mixin.py:190} INFO - [2026-09-25T02:20:38.977+0000] {dagbag.py:587} INFO - Filling up the DagBag from /opt/airflow/dags/weather_etl.py
[2026-09-25T02:20:38.995+0000] {processor.py:925} INFO - DAG(s) 'weather_etl' retrieved from /opt/airflow/dags/weather_etl.py
[2026-09-25T02:20:39.003+0000] {logging_mixin.py:190} INFO - [2026-09-25T02:20:39.003+0000] {dag.py:3229} INFO - Sync 1 DAGs
[2026-09-25T02:20:39.015+0000] {logging_mixin.py:190} INFO - [2026-09-25T02:20:39.015+0000] {dag.py:4156} INFO - Setting next_dagrun for weather_etl to 2026-09-24 02:30:00+00:00, run_after=2026-09-25 02:30:00+00:00
[2026-09-25T02:20:39.023+0000] {processor.py:208} INFO - Processing /opt/airflow/dags/weather_etl.py took 0.057 seconds
[2026-09-25T02:21:09.355+0000] {processor.py:186} INFO - Started process (PID=39350) to work on /opt/airflow/dags/weather_etl.py
[2026-09-25T02:21:09.359+0000] {processor.py:914} INFO - Processing file /opt/airflow/dags/weather_etl.py for tasks to queue
[2026-09-25T02:21:09.363+0000] {logging_mixin.py:190} INFO - [2026-09-25T02:21:09.362+0000] {dagbag.py:587} INFO - Filling up the DagBag from /opt/airflow/dags/weather_etl.py
[2026-09-25T02:21:09.398+0000] {processor.py:925} INFO - DAG(s) 'weather_etl' retrieved from /opt/airflow/dags/weather_etl.py
[2026-09-25T02:21:09.417+0000] {logging_mixin.py:190} INFO - [2026-09-25T02:21:09.416+0000] {dag.py:3229} INFO - Sync 1 DAGs
[2026-09-25T02:21:09.436+0000] {logging_mixin.py:190} INFO - [2026-09-25T02:21:09.436+0000] {dag.py:4156} INFO - Setting next_dagrun for weather_etl to 2026-09-24 02:30:00+00:00, run_after=2026-09-25 02:30:00+00:00
[2026-09-25T02:21:09.445+0000] {processor.py:208} INFO - Processing /opt/airflow/dags/weather_etl.py took 0.100 seconds
[2026-09-25T02:21:39.771+0000] {processor.py:186} INFO - Started process (PID=39361) to work on /opt/airflow/dags/weather_etl.py
[2026-09-25T02:21:39.773+0000] {processor.py:914} INFO - Processing file /opt/airflow/dags/weather_etl.py for tasks to queue
[2026-09-25T02:21:39.775+0000] {logging_mixin.py:190} INFO - [2026-09-25T02:21:39.775+0000] {dagbag.py:587} INFO - Filling up the DagBag from /opt/airflow/dags/weather_etl.py
[2026-09-25T02:21:39.791+0000] {processor.py:925} INFO - DAG(s) 'weather_etl' retrieved from /opt/airflow/dags/weather_etl.py
[2026-09-25T02:21:39.800+0000] {logging_mixin.py:190} INFO - [2026-09-25T02:21:39.800+0000] {dag.py:3229} INFO - Sync 1 DAGs
[2026-09-25T02:21:39.810+0000] {logging_mixin.py:190} INFO - [2026-09-25T02:21:39.810+0000] {dag.py:4156} INFO - Setting next_dagrun for weather_etl to 2026-09-24 02:30:00+00:00, run_after=2026-09-25 02:30:00+00:00
[2026-09-25T02:21:39.817+0000] {processor.py:208} INFO - Processing /opt/airflow/dags/weather_etl.py took 0.052 seconds
[2026-09-25T02:22:10.114+0000] {processor.py:186} INFO - Started process (PID=39372) to work on /opt/airflow/dags/weather_etl.py
[2026-09-25T02:22:10.116+0000] {processor.py:914} INFO - Processing file /opt/airflow/dags/weather_etl.py for tasks to queue
[2026-09-25T02:22:10.118+0000] {logging_mixin.py:190} INFO - [2026-09-25T02:22:10.117+0000] {dagbag.py:587} INFO - Filling up the DagBag from /opt/airflow/dags/weather_etl.py
[2026-09-25T02:22:10.135+0000] {processor.py:925} INFO - DAG(s) 'weather_etl' retrieved from /opt/airflow/dags/weather_etl.py
[2026-09-25T02:22:10.143+0000] {logging_mixin.py:190} INFO - [2026-09-25T02:22:10.143+0000] {dag.py:3229} INFO - Sync 1 DAGs
[2026-09-25T02:22:10.153+0000] {logging_mixin.py:190} INFO - [2026-09-25T02:22:10.153+0000] {dag.py:4156} INFO - Setting next_dagrun for weather_etl to 2026-09-24 02:30:00+00:00, run_after=2026-09-25 02:30:00+00:00
[2026-09-25T02:22:10.160+0000] {processor.py:208} INFO - Processing /opt/airflow/dags/weather_etl.py took 0.053 seconds
[2026-09-25T02:22:40.480+0000] {processor.py:186} INFO - Started process (PID=39383) to work on /opt/airflow/dags/weather_etl.py
[2026-09-25T02:22:40.482+0000] {processor.py:914} INFO - Processing file /opt/airflow/dags/weather_etl.py for tasks to queue
[2026-09-25T02:22:40.484+0000] {logging_mixin.py:190} INFO - [2026-09-25T02:22:40.483+0000] {dagbag.py:587} INFO - Filling up the DagBag from /opt/airflow/dags/weather_etl.py
[2026-09-25T02:22:40.501+0000] {processor.py:925} INFO - DAG(s) 'weather_etl' retrieved from /opt/airflow/dags/weather_etl.py
[2026-09-25T02:22:40.509+0000] {logging_mixin.py:190} INFO - [2026-09-25T02:22:40.509+0000] {dag.py:3229} INFO - Sync 1 DAGs
[2026-09-25T02:22:40.519+0000] {logging_mixin.py:190} INFO - [2026-09-25T02:22:40.519+0000] {dag.py:4156} INFO - Setting next_dagrun for weather_etl to 2026-09-24 02:30:00+00:00, run_after=2026-09-25 02:30:00+00:00
[2026-09-25T02:22:40.525+0000] {processor.py:208} INFO - Processing /opt/airflow/dags/weather_etl.py took 0.052 seconds
[2026-09-25T02:23:10.857+0000] {processor.py:186} INFO - Started process (PID=39394) to work on /opt/airflow/dags/weather_etl.py
[2026-09-25T02:23:10.861+0000] {processor.py:914} INFO - Processing file /opt/airflow/dags/weather_etl.py for tasks to queue
[2026-09-25T02:23:10.865+0000] {logging_mixin.py:190} INFO - [2026-09-25T02:23:10.864+0000] {dagbag.py:587} INFO - Filling up the DagBag from /opt/airflow/dags/weather_etl.py
[2026-09-25T02:23:10.888+0000] {processor.py:925} INFO - DAG(s) 'weather_etl' retrieved from /opt/airflow/dags/weather_etl.py
[2026-09-25T02:23:10.899+0000] {logging_mixin.py:190} INFO - [2026-09-25T02:23:10.899+0000] {dag.py:3229} INFO - Sync 1 DAGs
[2026-09-25T02:23:10.911+0000] {logging_mixin.py:190} INFO - [2026-09-25T02:23:10.911+0000] {dag.py:4156} INFO - Setting next_dagrun for weather_etl to 2026-09-24 02:30:00+00:00, run_after=2026-09-25 02:30:00+00:00
[2026-09-25T02:23:10.919+0000] {processor.py:208} INFO - Processing /opt/airflow/dags/weather_etl.py took 0.069 seconds
[2026-09-25T02:23:41.229+0000] {processor.py:186} INFO - Started process (PID=39405) to work on /opt/airflow/dags/weather_etl.py
[2026-09-25T02:23:41.232+0000] {processor.py:914} INFO - Processing file /opt/airflow/dags/weather_etl.py for tasks to queue
[2026-09-25T02:23:41.235+0000] {logging_mixin.py:190} INFO - [2026-09-25T02:23:41.235+0000] {dagbag.py:587} INFO - Filling up the DagBag from /opt/airflow/dags/weather_etl.py
[2026-09-25T02:23:41.255+0000] {processor.py:925} INFO - DAG(s) 'weather_etl' retrieved from /opt/airflow/dags/weather_etl.py
[2026-09-25T02:23:41.264+0000] {logging_mixin.py:190} INFO - [2026-09-25T02:23:41.264+0000] {dag.py:3229} INFO - Sync 1 DAGs
[2026-09-25T02:23:41.275+0000] {logging_mixin.py:190} INFO - [2026-09-25T02:23:41.275+0000] {dag.py:4156} INFO - Setting next_dagrun for weather_etl to 2026-09-24 02:30:00+00:00, run_after=2026-09-25 02:30:00+00:00
[2026-09-25T02:23:41.282+0000] {processor.py:208} INFO - Processing /opt/airflow/dags/weather_etl.py took 0.061 seconds
[2026-09-25T02:24:11.579+0000] {processor.py:186} INFO - Started process (PID=39416) to work on /opt/airflow/dags/weather_etl.py
[2026-09-25T02:24:11.582+0000] {processor.py:914} INFO - Processing file /opt/airflow/dags/weather_etl.py for tasks to queue
[2026-09-25T02:24:11.584+0000] {logging_mixin.py:190} INFO - [2026-09-25T02:24:11.583+0000] {dagbag.py:587} INFO - Filling up the DagBag from /opt/airflow/dags/weather_etl.py
[2026-09-25T02:24:11.602+0000] {processor.py:925} INFO - DAG(s) 'weather_etl' retrieved from /opt/airflow/dags/weather_etl.py
[2026-09-25T02:24:11.611+0000] {logging_mixin.py:190} INFO - [2026-09-25T02:24:11.611+0000] {dag.py:3229} INFO - Sync 1 DAGs
[2026-09-25T02:24:11.621+0000] {logging_mixin.py:190} INFO - [2026-09-25T02:24:11.621+0000] {dag.py:4156} INFO - Setting next_dagrun for weather_etl to 2026-09-24 02:30:00+00:00, run_after=2026-09-25 02:30:00+00:00
[2026-09-25T02:24:11.627+0000] {processor.py:208} INFO - Processing /opt/airflow/dags/weather_etl.py took 0.056 seconds
[2026-09-25T02:24:41.956+0000] {processor.py:186} INFO - Started process (PID=39427) to work on /opt/airflow/dags/weather_etl.py
[2026-09-25T02:24:41.958+0000] {processor.py:914} INFO - Processing file /opt/airflow/dags/weather_etl.py for tasks to queue
[2026-09-25T02:24:41.960+0000] {logging_mixin.py:190} INFO - [2026-09-25T02:24:41.960+0000] {dagbag.py:587} INFO - Filling up the DagBag from /opt/airflow/dags/weather_etl.py
[2026-09-25T02:24:41.977+0000] {processor.py:925} INFO - DAG(s) 'weather_etl' retrieved from /opt/airflow/dags/weather_etl.py
[2026-09-25T02:24:41.985+0000] {logging_mixin.py:190} INFO - [2026-09-25T02:24:41.985+0000] {dag.py:3229} INFO - Sync 1 DAGs
[2026-09-25T02:24:41.995+0000] {logging_mixin.py:190} INFO - [2026-09-25T02:24:41.995+0000] {dag.py:4156} INFO - Setting next_dagrun for weather_etl to 2026-09-24 02:30:00+00:00, run_after=2026-09-25 02:30:00+00:00
[2026-09-25T02:24:42.001+0000] {processor.py:208} INFO - Processing /opt/airflow/dags/weather_etl.py took 0.050 seconds
[2026-09-25T02:25:12.357+0000] {processor.py:186} INFO - Started process (PID=39438) to work on /opt/airflow/dags/weather_etl.py
[2026-09-25T02:25:12.360+0000] {processor.py:914} INFO - Processing file /opt/airflow/dags/weather_etl.py for tasks to queue
[2026-09-25T02:25:12.362+0000] {logging_mixin.py:190} INFO - [2026-09-25T02:25:12.362+0000] {dagbag.py:587} INFO - Filling up the DagBag from /opt/airflow/dags/weather_etl.py
[2026-09-25T02:25:12.383+0000] {processor.py:925} INFO - DAG(s) 'weather_etl' retrieved from /opt/airflow/dags/weather_etl.py
[2026-09-25T02:25:12.393+0000] {logging_mixin.py:190} INFO - [2026-09-25T02:25:12.392+0000] {dag.py:3229} INFO - Sync 1 DAGs
[2026-09-25T02:25:12.405+0000] {logging_mixin.py:190} INFO - [2026-09-25T02:25:12.404+0000] {dag.py:4156} INFO - Setting next_dagrun for weather_etl to 2026-09-24 02:30:00+00:00, run_after=2026-09-25 02:30:00+00:00
[2026-09-25T02:25:12.411+0000] {processor.py:208} INFO - Processing /opt/airflow/dags/weather_etl.py took 0.061 seconds
[2026-09-25T02:25:42.712+0000] {processor.py:186} INFO - Started process (PID=39455) to work on /opt/airflow/dags/weather_etl.py
[2026-09-25T02:25:42.714+0000] {processor.py:914} INFO - Processing file /opt/airflow/dags/weather_etl.py for tasks to queue
[2026-09-25T02:25:42.715+0000] {logging_mixin.py:190} INFO - [2026-09-25T02:25:42.715+0000] {dagbag.py:587} INFO - Filling up the DagBag from /opt/airflow/dags/weather_etl.py
[2026-09-25T02:25:42.731+0000] {processor.py:925} INFO - DAG(s) 'weather_etl' retrieved from /opt/airflow/dags/weather_etl.py
[2026-09-25T02:25:42.740+0000] {logging_mixin.py:190} INFO - [2026-09-25T02:25:42.739+0000] {dag.py:3229} INFO - Sync 1 DAGs
[2026-09-25T02:25:42.751+0000] {logging_mixin.py:190} INFO - [2026-09-25T02:25:42.751+0000] {dag.py:4156} INFO - Setting next_dagrun for weather_etl to 2026-09-24 02:30:00+00:00, run_after=2026-09-25 02:30:00+00:00
[2026-09-25T02:25:42.758+0000] {processor.py:208} INFO - Processing /opt/airflow/dags/weather_etl.py took 0.052 seconds
[2026-09-25T02:26:13.077+0000] {processor.py:186} INFO - Started process (PID=39466) to work on /opt/airflow/dags/weather_etl.py
[2026-09-25T02:26:13.080+0000] {processor.py:914} INFO - Processing file /opt/airflow/dags/weather_etl.py for tasks to queue
[2026-09-25T02:26:13.084+0000] {logging_mixin.py:190} INFO - [2026-09-25T02:26:13.083+0000] {dagbag.py:587} INFO - Filling up the DagBag from /opt/airflow/dags/weather_etl.py
[2026-09-25T02:26:13.106+0000] {processor.py:925} INFO - DAG(s) 'weather_etl' retrieved from /opt/airflow/dags/weather_etl.py
[2026-09-25T02:26:13.117+0000] {logging_mixin.py:190} INFO - [2026-09-25T02:26:13.117+0000] {dag.py:3229} INFO - Sync 1 DAGs
[2026-09-25T02:26:13.129+0000] {logging_mixin.py:190} INFO - [2026-09-25T02:26:13.129+0000] {dag.py:4156} INFO - Setting next_dagrun for weather_etl to 2026-09-24 02:30:00+00:00, run_after=2026-09-25 02:30:00+00:00
[2026-09-25T02:26:13.136+0000] {processor.py:208} INFO - Processing /opt/airflow/dags/weather_etl.py took 0.067 seconds
[2026-09-25T02:26:43.456+0000] {processor.py:186} INFO - Started process (PID=39477) to work on /opt/airflow/dags/weather_etl.py
[2026-09-25T02:26:43.458+0000] {processor.py:914} INFO - Processing file /opt/airflow/dags/weather_etl.py for tasks to queue
[2026-09-25T02:26:43.460+0000] {logging_mixin.py:190} INFO - [2026-09-25T02:26:43.460+0000] {dagbag.py:587} INFO - Filling up the DagBag from /opt/airflow/dags/weather_etl.py
[2026-09-25T02:26:43.478+0000] {processor.py:925} INFO - DAG(s) 'weather_etl' retrieved from /opt/airflow/dags/weather_etl.py
[2026-09-25T02:26:43.486+0000] {logging_mixin.py:190} INFO - [2026-09-25T02:26:43.486+0000] {dag.py:3229} INFO - Sync 1 DAGs
[2026-09-25T02:26:43.496+0000] {logging_mixin.py:190} INFO - [2026-09-25T02:26:43.496+0000] {dag.py:4156} INFO - Setting next_dagrun for weather_etl to 2026-09-24 02:30:00+00:00, run_after=2026-09-25 02:30:00+00:00
[2026-09-25T02:26:43.502+0000] {processor.py:208} INFO - Processing /opt/airflow/dags/weather_etl.py took 0.052 seconds
[2026-09-25T02:27:13.823+0000] {processor.py:186} INFO - Started process (PID=39488) to work on /opt/airflow/dags/weather_etl.py
[2026-09-25T02:27:13.826+0000] {processor.py:914} INFO - Processing file /opt/airflow/dags/weather_etl.py for tasks to queue
[2026-09-25T02:27:13.828+0000] {logging_mixin.py:190} INFO - [2026-09-25T02:27:13.828+0000] {dagbag.py:587} INFO - Filling up the DagBag from /opt/airflow/dags/weather_etl.py
[2026-09-25T02:27:13.845+0000] {processor.py:925} INFO - DAG(s) 'weather_etl' retrieved from /opt/airflow/dags/weather_etl.py
[2026-09-25T02:27:13.853+0000] {logging_mixin.py:190} INFO - [2026-09-25T02:27:13.853+0000] {dag.py:3229} INFO - Sync 1 DAGs
[2026-09-25T02:27:13.864+0000] {logging_mixin.py:190} INFO - [2026-09-25T02:27:13.864+0000] {dag.py:4156} INFO - Setting next_dagrun for weather_etl to 2026-09-24 02:30:00+00:00, run_after=2026-09-25 02:30:00+00:00
[2026-09-25T02:27:13.871+0000] {processor.py:208} INFO - Processing /opt/airflow/dags/weather_etl.py took 0.054 seconds
[2026-09-25T02:27:44.250+0000] {processor.py:186} INFO - Started process (PID=39499) to work on /opt/airflow/dags/weather_etl.py
[2026-09-25T02:27:44.252+0000] {processor.py:914} INFO - Processing file /opt/airflow/dags/weather_etl.py for tasks to queue
[2026-09-25T02:27:44.255+0000] {logging_mixin.py:190} INFO - [2026-09-25T02:27:44.255+0000] {dagbag.py:587} INFO - Filling up the DagBag from /opt/airflow/dags/weather_etl.py
[2026-09-25T02:27:44.283+0000] {processor.py:925} INFO - DAG(s) 'weather_etl' retrieved from /opt/airflow/dags/weather_etl.py
[2026-09-25T02:27:44.295+0000] {logging_mixin.py:190} INFO - [2026-09-25T02:27:44.295+0000] {dag.py:3229} INFO - Sync 1 DAGs
[2026-09-25T02:27:44.308+0000] {logging_mixin.py:190} INFO - [2026-09-25T02:27:44.308+0000] {dag.py:4156} INFO - Setting next_dagrun for weather_etl to 2026-09-24 02:30:00+00:00, run_after=2026-09-25 02:30:00+00:00
[2026-09-25T02:27:44.315+0000] {processor.py:208} INFO - Processing /opt/airflow/dags/weather_etl.py took 0.073 seconds
[2026-09-25T02:28:14.700+0000] {processor.py:186} INFO - Started process (PID=39510) to work on /opt/airflow/dags/weather_etl.py
[2026-09-25T02:28:14.702+0000] {processor.py:914} INFO - Processing file /opt/airflow/dags/weather_etl.py for tasks to queue
[2026-09-25T02:28:14.709+0000] {logging_mixin.py:190} INFO - [2026-09-25T02:28:14.707+0000] {dagbag.py:587} INFO - Filling up the DagBag from /opt/airflow/dags/weather_etl.py
[2026-09-25T02:28:14.740+0000] {processor.py:925} INFO - DAG(s) 'weather_etl' retrieved from /opt/airflow/dags/weather_etl.py
[2026-09-25T02:28:14.755+0000] {logging_mixin.py:190} INFO - [2026-09-25T02:28:14.755+0000] {dag.py:3229} INFO - Sync 1 DAGs
[2026-09-25T02:28:14.771+0000] {logging_mixin.py:190} INFO - [2026-09-25T02:28:14.771+0000] {dag.py:4156} INFO - Setting next_dagrun for weather_etl to 2026-09-24 02:30:00+00:00, run_after=2026-09-25 02:30:00+00:00
[2026-09-25T02:28:14.784+0000] {processor.py:208} INFO - Processing /opt/airflow/dags/weather_etl.py took 0.092 seconds
[2026-09-25T02:28:45.099+0000] {processor.py:186} INFO - Started process (PID=39521) to work on /opt/airflow/dags/weather_etl.py
[2026-09-25T02:28:45.101+0000] {processor.py:914} INFO - Processing file /opt/airflow/dags/weather_etl.py for tasks to queue
[2026-09-25T02:28:45.103+0000] {logging_mixin.py:190} INFO - [2026-09-25T02:28:45.103+0000] {dagbag.py:587} INFO - Filling up the DagBag from /opt/airflow/dags/weather_etl.py
[2026-09-25T02:28:45.125+0000] {processor.py:925} INFO - DAG(s) 'weather_etl' retrieved from /opt/airflow/dags/weather_etl.py
[2026-09-25T02:28:45.136+0000] {logging_mixin.py:190} INFO - [2026-09-25T02:28:45.135+0000] {dag.py:3229} INFO - Sync 1 DAGs
[2026-09-25T02:28:45.147+0000] {logging_mixin.py:190} INFO - [2026-09-25T02:28:45.147+0000] {dag.py:4156} INFO - Setting next_dagrun for weather_etl to 2026-09-24 02:30:00+00:00, run_after=2026-09-25 02:30:00+00:00
[2026-09-25T02:28:45.154+0000] {processor.py:208} INFO - Processing /opt/airflow/dags/weather_etl.py took 0.064 seconds
[2026-09-25T02:29:15.557+0000] {processor.py:186} INFO - Started process (PID=39532) to work on /opt/airflow/dags/weather_etl.py
[2026-09-25T02:29:15.560+0000] {processor.py:914} INFO - Processing file /opt/airflow/dags/weather_etl.py for tasks to queue
[2026-09-25T02:29:15.566+0000] {logging_mixin.py:190} INFO - [2026-09-25T02:29:15.565+0000] {dagbag.py:587} INFO - Filling up the DagBag from /opt/airflow/dags/weather_etl.py
[2026-09-25T02:29:15.600+0000] {processor.py:925} INFO - DAG(s) 'weather_etl' retrieved from /opt/airflow/dags/weather_etl.py
[2026-09-25T02:29:15.614+0000] {logging_mixin.py:190} INFO - [2026-09-25T02:29:15.614+0000] {dag.py:3229} INFO - Sync 1 DAGs
[2026-09-25T02:29:15.629+0000] {logging_mixin.py:190} INFO - [2026-09-25T02:29:15.629+0000] {dag.py:4156} INFO - Setting next_dagrun for weather_etl to 2026-09-24 02:30:00+00:00, run_after=2026-09-25 02:30:00+00:00
[2026-09-25T02:29:15.637+0000] {processor.py:208} INFO - Processing /opt/airflow/dags/weather_etl.py took 0.089 seconds
[2026-09-25T02:29:45.950+0000] {processor.py:186} INFO - Started process (PID=39543) to work on /opt/airflow/dags/weather_etl.py
[2026-09-25T02:29:45.952+0000] {processor.py:914} INFO - Processing file /opt/airflow/dags/weather_etl.py for tasks to queue
[2026-09-25T02:29:45.954+0000] {logging_mixin.py:190} INFO - [2026-09-25T02:29:45.954+0000] {dagbag.py:587} INFO - Filling up the DagBag from /opt/airflow/dags/weather_etl.py
[2026-09-25T02:29:45.979+0000] {processor.py:925} INFO - DAG(s) 'weather_etl' retrieved from /opt/airflow/dags/weather_etl.py
[2026-09-25T02:29:45.988+0000] {logging_mixin.py:190} INFO - [2026-09-25T02:29:45.988+0000] {dag.py:3229} INFO - Sync 1 DAGs
[2026-09-25T02:29:46.000+0000] {logging_mixin.py:190} INFO - [2026-09-25T02:29:46.000+0000] {dag.py:4156} INFO - Setting next_dagrun for weather_etl to 2026-09-24 02:30:00+00:00, run_after=2026-09-25 02:30:00+00:00
[2026-09-25T02:29:46.007+0000] {processor.py:208} INFO - Processing /opt/airflow/dags/weather_etl.py took 0.065 seconds
[2026-09-25T02:30:16.352+0000] {processor.py:186} INFO - Started process (PID=39569) to work on /opt/airflow/dags/weather_etl.py
[2026-09-25T02:30:16.355+0000] {processor.py:914} INFO - Processing file /opt/airflow/dags/weather_etl.py for tasks to queue
[2026-09-25T02:30:16.358+0000] {logging_mixin.py:190} INFO - [2026-09-25T02:30:16.357+0000] {dagbag.py:587} INFO - Filling up the DagBag from /opt/airflow/dags/weather_etl.py
[2026-09-25T02:30:16.377+0000] {processor.py:925} INFO - DAG(s) 'weather_etl' retrieved from /opt/airflow/dags/weather_etl.py
[2026-09-25T02:30:16.387+0000] {logging_mixin.py:190} INFO - [2026-09-25T02:30:16.387+0000] {dag.py:3229} INFO - Sync 1 DAGs
[2026-09-25T02:30:16.398+0000] {logging_mixin.py:190} INFO - [2026-09-25T02:30:16.398+0000] {dag.py:4156} INFO - Setting next_dagrun for weather_etl to 2026-09-25 02:30:00+00:00, run_after=2026-09-26 02:30:00+00:00
[2026-09-25T02:30:16.406+0000] {processor.py:208} INFO - Processing /opt/airflow/dags/weather_etl.py took 0.060 seconds
[2026-09-25T02:30:46.711+0000] {processor.py:186} INFO - Started process (PID=39580) to work on /opt/airflow/dags/weather_etl.py
[2026-09-25T02:30:46.713+0000] {processor.py:914} INFO - Processing file /opt/airflow/dags/weather_etl.py for tasks to queue
[2026-09-25T02:30:46.715+0000] {logging_mixin.py:190} INFO - [2026-09-25T02:30:46.715+0000] {dagbag.py:587} INFO - Filling up the DagBag from /opt/airflow/dags/weather_etl.py
[2026-09-25T02:30:46.732+0000] {processor.py:925} INFO - DAG(s) 'weather_etl' retrieved from /opt/airflow/dags/weather_etl.py
[2026-09-25T02:30:46.741+0000] {logging_mixin.py:190} INFO - [2026-09-25T02:30:46.741+0000] {dag.py:3229} INFO - Sync 1 DAGs
[2026-09-25T02:30:46.752+0000] {logging_mixin.py:190} INFO - [2026-09-25T02:30:46.752+0000] {dag.py:4156} INFO - Setting next_dagrun for weather_etl to 2026-09-25 02:30:00+00:00, run_after=2026-09-26 02:30:00+00:00
[2026-09-25T02:30:46.759+0000] {processor.py:208} INFO - Processing /opt/airflow/dags/weather_etl.py took 0.054 seconds
[2026-09-25T02:31:17.052+0000] {processor.py:186} INFO - Started process (PID=39592) to work on /opt/airflow/dags/weather_etl.py
[2026-09-25T02:31:17.055+0000] {processor.py:914} INFO - Processing file /opt/airflow/dags/weather_etl.py for tasks to queue
[2026-09-25T02:31:17.058+0000] {logging_mixin.py:190} INFO - [2026-09-25T02:31:17.057+0000] {dagbag.py:587} INFO - Filling up the DagBag from /opt/airflow/dags/weather_etl.py
[2026-09-25T02:31:17.075+0000] {processor.py:925} INFO - DAG(s) 'weather_etl' retrieved from /opt/airflow/dags/weather_etl.py
[2026-09-25T02:31:17.085+0000] {logging_mixin.py:190} INFO - [2026-09-25T02:31:17.084+0000] {dag.py:3229} INFO - Sync 1 DAGs
[2026-09-25T02:31:17.096+0000] {logging_mixin.py:190} INFO - [2026-09-25T02:31:17.096+0000] {dag.py:4156} INFO - Setting next_dagrun for weather_etl to 2026-09-25 02:30:00+00:00, run_after=2026-09-26 02:30:00+00:00
[2026-09-25T02:31:17.102+0000] {processor.py:208} INFO - Processing /opt/airflow/dags/weather_etl.py took 0.057 seconds
[2026-09-25T02:31:47.428+0000] {processor.py:186} INFO - Started process (PID=39603) to work on /opt/airflow/dags/weather_etl.py
[2026-09-25T02:31:47.432+0000] {processor.py:914} INFO - Processing file /opt/airflow/dags/weather_etl.py for tasks to queue
[2026-09-25T02:31:47.434+0000] {logging_mixin.py:190} INFO - [2026-09-25T02:31:47.433+0000] {dagbag.py:587} INFO - Filling up the DagBag from /opt/airflow/dags/weather_etl.py
[2026-09-25T02:31:47.451+0000] {processor.py:925} INFO - DAG(s) 'weather_etl' retrieved from /opt/airflow/dags/weather_etl.py
[2026-09-25T02:31:47.460+0000] {logging_mixin.py:190} INFO - [2026-09-25T02:31:47.460+0000] {dag.py:3229} INFO - Sync 1 DAGs
[2026-09-25T02:31:47.469+0000] {logging_mixin.py:190} INFO - [2026-09-25T02:31:47.469+0000] {dag.py:4156} INFO - Setting next_dagrun for weather_etl to 2026-09-25 02:30:00+00:00, run_after=2026-09-26 02:30:00+00:00
[2026-09-25T02:31:47.475+0000] {processor.py:208} INFO - Processing /opt/airflow/dags/weather_etl.py took 0.053 seconds
[2026-09-25T02:32:17.777+0000] {processor.py:186} INFO - Started process (PID=39614) to work on /opt/airflow/dags/weather_etl.py
[2026-09-25T02:32:17.779+0000] {processor.py:914} INFO - Processing file /opt/airflow/dags/weather_etl.py for tasks to queue
[2026-09-25T02:32:17.782+0000] {logging_mixin.py:190} INFO - [2026-09-25T02:32:17.782+0000] {dagbag.py:587} INFO - Filling up the DagBag from /opt/airflow/dags/weather_etl.py
[2026-09-25T02:32:17.805+0000] {processor.py:925} INFO - DAG(s) 'weather_etl' retrieved from /opt/airflow/dags/weather_etl.py
[2026-09-25T02:32:17.815+0000] {logging_mixin.py:190} INFO - [2026-09-25T02:32:17.815+0000] {dag.py:3229} INFO - Sync 1 DAGs
[2026-09-25T02:32:17.826+0000] {logging_mixin.py:190} INFO - [2026-09-25T02:32:17.826+0000] {dag.py:4156} INFO - Setting next_dagrun for weather_etl to 2026-09-25 02:30:00+00:00, run_after=2026-09-26 02:30:00+00:00
[2026-09-25T02:32:17.833+0000] {processor.py:208} INFO - Processing /opt/airflow/dags/weather_etl.py took 0.064 seconds
[2026-09-25T02:32:48.156+0000] {processor.py:186} INFO - Started process (PID=39625) to work on /opt/airflow/dags/weather_etl.py
[2026-09-25T02:32:48.160+0000] {processor.py:914} INFO - Processing file /opt/airflow/dags/weather_etl.py for tasks to queue
[2026-09-25T02:32:48.162+0000] {logging_mixin.py:190} INFO - [2026-09-25T02:32:48.162+0000] {dagbag.py:587} INFO - Filling up the DagBag from /opt/airflow/dags/weather_etl.py
[2026-09-25T02:32:48.180+0000] {processor.py:925} INFO - DAG(s) 'weather_etl' retrieved from /opt/airflow/dags/weather_etl.py
[2026-09-25T02:32:48.188+0000] {logging_mixin.py:190} INFO - [2026-09-25T02:32:48.188+0000] {dag.py:3229} INFO - Sync 1 DAGs
[2026-09-25T02:32:48.199+0000] {logging_mixin.py:190} INFO - [2026-09-25T02:32:48.199+0000] {dag.py:4156} INFO - Setting next_dagrun for weather_etl to 2026-09-25 02:30:00+00:00, run_after=2026-09-26 02:30:00+00:00
[2026-09-25T02:32:48.205+0000] {processor.py:208} INFO - Processing /opt/airflow/dags/weather_etl.py took 0.055 seconds
[2026-09-25T02:33:18.527+0000] {processor.py:186} INFO - Started process (PID=39636) to work on /opt/airflow/dags/weather_etl.py
[2026-09-25T02:33:18.531+0000] {processor.py:914} INFO - Processing file /opt/airflow/dags/weather_etl.py for tasks to queue
[2026-09-25T02:33:18.533+0000] {logging_mixin.py:190} INFO - [2026-09-25T02:33:18.533+0000] {dagbag.py:587} INFO - Filling up the DagBag from /opt/airflow/dags/weather_etl.py
[2026-09-25T02:33:18.553+0000] {processor.py:925} INFO - DAG(s) 'weather_etl' retrieved from /opt/airflow/dags/weather_etl.py
[2026-09-25T02:33:18.563+0000] {logging_mixin.py:190} INFO - [2026-09-25T02:33:18.562+0000] {dag.py:3229} INFO - Sync 1 DAGs
[2026-09-25T02:33:18.574+0000] {logging_mixin.py:190} INFO - [2026-09-25T02:33:18.574+0000] {dag.py:4156} INFO - Setting next_dagrun for weather_etl to 2026-09-25 02:30:00+00:00, run_after=2026-09-26 02:30:00+00:00
[2026-09-25T02:33:18.581+0000] {processor.py:208} INFO - Processing /opt/airflow/dags/weather_etl.py took 0.060 seconds
[2026-09-25T02:33:48.887+0000] {processor.py:186} INFO - Started process (PID=39647) to work on /opt/airflow/dags/weather_etl.py
[2026-09-25T02:33:48.890+0000] {processor.py:914} INFO - Processing file /opt/airflow/dags/weather_etl.py for tasks to queue
[2026-09-25T02:33:48.894+0000] {logging_mixin.py:190} INFO - [2026-09-25T02:33:48.893+0000] {dagbag.py:587} INFO - Filling up the DagBag from /opt/airflow/dags/weather_etl.py
[2026-09-25T02:33:48.919+0000] {processor.py:925} INFO - DAG(s) 'weather_etl' retrieved from /opt/airflow/dags/weather_etl.py
[2026-09-25T02:33:48.930+0000] {logging_mixin.py:190} INFO - [2026-09-25T02:33:48.930+0000] {dag.py:3229} INFO - Sync 1 DAGs
[2026-09-25T02:33:48.943+0000] {logging_mixin.py:190} INFO - [2026-09-25T02:33:48.943+0000] {dag.py:4156} INFO - Setting next_dagrun for weather_etl to 2026-09-25 02:30:00+00:00, run_after=2026-09-26 02:30:00+00:00
[2026-09-25T02:33:48.950+0000] {processor.py:208} INFO - Processing /opt/airflow/dags/weather_etl.py took 0.072 seconds
[2026-09-25T02:34:19.196+0000] {processor.py:186} INFO - Started process (PID=39658) to work on /opt/airflow/dags/weather_etl.py
[2026-09-25T02:34:19.198+0000] {processor.py:914} INFO - Processing file /opt/airflow/dags/weather_etl.py for tasks to queue
[2026-09-25T02:34:19.200+0000] {logging_mixin.py:190} INFO - [2026-09-25T02:34:19.200+0000] {dagbag.py:587} INFO - Filling up the DagBag from /opt/airflow/dags/weather_etl.py
[2026-09-25T02:34:19.219+0000] {processor.py:925} INFO - DAG(s) 'weather_etl' retrieved from /opt/airflow/dags/weather_etl.py
[2026-09-25T02:34:19.228+0000] {logging_mixin.py:190} INFO - [2026-09-25T02:34:19.228+0000] {dag.py:3229} INFO - Sync 1 DAGs
[2026-09-25T02:34:19.237+0000] {logging_mixin.py:190} INFO - [2026-09-25T02:34:19.237+0000] {dag.py:4156} INFO - Setting next_dagrun for weather_etl to 2026-09-25 02:30:00+00:00, run_after=2026-09-26 02:30:00+00:00
[2026-09-25T02:34:19.244+0000] {processor.py:208} INFO - Processing /opt/airflow/dags/weather_etl.py took 0.056 seconds
[2026-09-25T02:34:49.746+0000] {processor.py:186} INFO - Started process (PID=39669) to work on /opt/airflow/dags/weather_etl.py
[2026-09-25T02:34:49.749+0000] {processor.py:914} INFO - Processing file /opt/airflow/dags/weather_etl.py for tasks to queue
[2026-09-25T02:34:49.757+0000] {logging_mixin.py:190} INFO - [2026-09-25T02:34:49.756+0000] {dagbag.py:587} INFO - Filling up the DagBag from /opt/airflow/dags/weather_etl.py
[2026-09-25T02:34:49.800+0000] {processor.py:925} INFO - DAG(s) 'weather_etl' retrieved from /opt/airflow/dags/weather_etl.py
[2026-09-25T02:34:49.820+0000] {logging_mixin.py:190} INFO - [2026-09-25T02:34:49.820+0000] {dag.py:3229} INFO - Sync 1 DAGs
[2026-09-25T02:34:49.840+0000] {logging_mixin.py:190} INFO - [2026-09-25T02:34:49.840+0000] {dag.py:4156} INFO - Setting next_dagrun for weather_etl to 2026-09-25 02:30:00+00:00, run_after=2026-09-26 02:30:00+00:00
[2026-09-25T02:34:49.854+0000] {processor.py:208} INFO - Processing /opt/airflow/dags/weather_etl.py took 0.128 seconds
[2026-09-25T02:35:20.146+0000] {processor.py:186} INFO - Started process (PID=39680) to work on /opt/airflow/dags/weather_etl.py
[2026-09-25T02:35:20.148+0000] {processor.py:914} INFO - Processing file /opt/airflow/dags/weather_etl.py for tasks to queue
[2026-09-25T02:35:20.153+0000] {logging_mixin.py:190} INFO - [2026-09-25T02:35:20.152+0000] {dagbag.py:587} INFO - Filling up the DagBag from /opt/airflow/dags/weather_etl.py
[2026-09-25T02:35:20.184+0000] {processor.py:925} INFO - DAG(s) 'weather_etl' retrieved from /opt/airflow/dags/weather_etl.py
[2026-09-25T02:35:20.197+0000] {logging_mixin.py:190} INFO - [2026-09-25T02:35:20.197+0000] {dag.py:3229} INFO - Sync 1 DAGs
[2026-09-25T02:35:20.212+0000] {logging_mixin.py:190} INFO - [2026-09-25T02:35:20.212+0000] {dag.py:4156} INFO - Setting next_dagrun for weather_etl to 2026-09-25 02:30:00+00:00, run_after=2026-09-26 02:30:00+00:00
[2026-09-25T02:35:20.220+0000] {processor.py:208} INFO - Processing /opt/airflow/dags/weather_etl.py took 0.087 seconds
[2026-09-25T02:35:50.558+0000] {processor.py:186} INFO - Started process (PID=39691) to work on /opt/airflow/dags/weather_etl.py
[2026-09-25T02:35:50.560+0000] {processor.py:914} INFO - Processing file /opt/airflow/dags/weather_etl.py for tasks to queue
[2026-09-25T02:35:50.563+0000] {logging_mixin.py:190} INFO - [2026-09-25T02:35:50.562+0000] {dagbag.py:587} INFO - Filling up the DagBag from /opt/airflow/dags/weather_etl.py
[2026-09-25T02:35:50.579+0000] {processor.py:925} INFO - DAG(s) 'weather_etl' retrieved from /opt/airflow/dags/weather_etl.py
[2026-09-25T02:35:50.587+0000] {logging_mixin.py:190} INFO - [2026-09-25T02:35:50.587+0000] {dag.py:3229} INFO - Sync 1 DAGs
[2026-09-25T02:35:50.599+0000] {logging_mixin.py:190} INFO - [2026-09-25T02:35:50.599+0000] {dag.py:4156} INFO - Setting next_dagrun for weather_etl to 2026-09-25 02:30:00+00:00, run_after=2026-09-26 02:30:00+00:00
[2026-09-25T02:35:50.607+0000] {processor.py:208} INFO - Processing /opt/airflow/dags/weather_etl.py took 0.054 seconds
[2026-09-25T02:36:20.968+0000] {processor.py:186} INFO - Started process (PID=39702) to work on /opt/airflow/dags/weather_etl.py
[2026-09-25T02:36:20.971+0000] {processor.py:914} INFO - Processing file /opt/airflow/dags/weather_etl.py for tasks to queue
[2026-09-25T02:36:20.977+0000] {logging_mixin.py:190} INFO - [2026-09-25T02:36:20.976+0000] {dagbag.py:587} INFO - Filling up the DagBag from /opt/airflow/dags/weather_etl.py
[2026-09-25T02:36:21.006+0000] {processor.py:925} INFO - DAG(s) 'weather_etl' retrieved from /opt/airflow/dags/weather_etl.py
[2026-09-25T02:36:21.020+0000] {logging_mixin.py:190} INFO - [2026-09-25T02:36:21.020+0000] {dag.py:3229} INFO - Sync 1 DAGs
[2026-09-25T02:36:21.037+0000] {logging_mixin.py:190} INFO - [2026-09-25T02:36:21.037+0000] {dag.py:4156} INFO - Setting next_dagrun for weather_etl to 2026-09-25 02:30:00+00:00, run_after=2026-09-26 02:30:00+00:00
[2026-09-25T02:36:21.046+0000] {processor.py:208} INFO - Processing /opt/airflow/dags/weather_etl.py took 0.088 seconds
[2026-09-25T02:36:51.349+0000] {processor.py:186} INFO - Started process (PID=39713) to work on /opt/airflow/dags/weather_etl.py
[2026-09-25T02:36:51.352+0000] {processor.py:914} INFO - Processing file /opt/airflow/dags/weather_etl.py for tasks to queue
[2026-09-25T02:36:51.356+0000] {logging_mixin.py:190} INFO - [2026-09-25T02:36:51.356+0000] {dagbag.py:587} INFO - Filling up the DagBag from /opt/airflow/dags/weather_etl.py
[2026-09-25T02:36:51.383+0000] {processor.py:925} INFO - DAG(s) 'weather_etl' retrieved from /opt/airflow/dags/weather_etl.py
[2026-09-25T02:36:51.397+0000] {logging_mixin.py:190} INFO - [2026-09-25T02:36:51.397+0000] {dag.py:3229} INFO - Sync 1 DAGs
[2026-09-25T02:36:51.411+0000] {logging_mixin.py:190} INFO - [2026-09-25T02:36:51.411+0000] {dag.py:4156} INFO - Setting next_dagrun for weather_etl to 2026-09-25 02:30:00+00:00, run_after=2026-09-26 02:30:00+00:00
[2026-09-25T02:36:51.419+0000] {processor.py:208} INFO - Processing /opt/airflow/dags/weather_etl.py took 0.077 seconds
[2026-09-25T02:37:21.671+0000] {processor.py:186} INFO - Started process (PID=39724) to work on /opt/airflow/dags/weather_etl.py
[2026-09-25T02:37:21.672+0000] {processor.py:914} INFO - Processing file /opt/airflow/dags/weather_etl.py for tasks to queue
[2026-09-25T02:37:21.674+0000] {logging_mixin.py:190} INFO - [2026-09-25T02:37:21.674+0000] {dagbag.py:587} INFO - Filling up the DagBag from /opt/airflow/dags/weather_etl.py
[2026-09-25T02:37:21.688+0000] {processor.py:925} INFO - DAG(s) 'weather_etl' retrieved from /opt/airflow/dags/weather_etl.py
[2026-09-25T02:37:21.696+0000] {logging_mixin.py:190} INFO - [2026-09-25T02:37:21.696+0000] {dag.py:3229} INFO - Sync 1 DAGs
[2026-09-25T02:37:21.706+0000] {logging_mixin.py:190} INFO - [2026-09-25T02:37:21.706+0000] {dag.py:4156} INFO - Setting next_dagrun for weather_etl to 2026-09-25 02:30:00+00:00, run_after=2026-09-26 02:30:00+00:00
[2026-09-25T02:37:21.712+0000] {processor.py:208} INFO - Processing /opt/airflow/dags/weather_etl.py took 0.046 seconds
[2026-09-25T02:37:52.036+0000] {processor.py:186} INFO - Started process (PID=39735) to work on /opt/airflow/dags/weather_etl.py
[2026-09-25T02:37:52.039+0000] {processor.py:914} INFO - Processing file /opt/airflow/dags/weather_etl.py for tasks to queue
[2026-09-25T02:37:52.042+0000] {logging_mixin.py:190} INFO - [2026-09-25T02:37:52.042+0000] {dagbag.py:587} INFO - Filling up the DagBag from /opt/airflow/dags/weather_etl.py
[2026-09-25T02:37:52.070+0000] {processor.py:925} INFO - DAG(s) 'weather_etl' retrieved from /opt/airflow/dags/weather_etl.py
[2026-09-25T02:37:52.092+0000] {logging_mixin.py:190} INFO - [2026-09-25T02:37:52.091+0000] {dag.py:3229} INFO - Sync 1 DAGs
[2026-09-25T02:37:52.108+0000] {logging_mixin.py:190} INFO - [2026-09-25T02:37:52.108+0000] {dag.py:4156} INFO - Setting next_dagrun for weather_etl to 2026-09-25 02:30:00+00:00, run_after=2026-09-26 02:30:00+00:00
[2026-09-25T02:37:52.119+0000] {processor.py:208} INFO - Processing /opt/airflow/dags/weather_etl.py took 0.091 seconds
[2026-09-25T02:38:22.388+0000] {processor.py:186} INFO - Started process (PID=39746) to work on /opt/airflow/dags/weather_etl.py
[2026-09-25T02:38:22.390+0000] {processor.py:914} INFO - Processing file /opt/airflow/dags/weather_etl.py for tasks to queue
[2026-09-25T02:38:22.393+0000] {logging_mixin.py:190} INFO - [2026-09-25T02:38:22.393+0000] {dagbag.py:587} INFO - Filling up the DagBag from /opt/airflow/dags/weather_etl.py
[2026-09-25T02:38:22.414+0000] {processor.py:925} INFO - DAG(s) 'weather_etl' retrieved from /opt/airflow/dags/weather_etl.py
[2026-09-25T02:38:22.423+0000] {logging_mixin.py:190} INFO - [2026-09-25T02:38:22.422+0000] {dag.py:3229} INFO - Sync 1 DAGs
[2026-09-25T02:38:22.435+0000] {logging_mixin.py:190} INFO - [2026-09-25T02:38:22.434+0000] {dag.py:4156} INFO - Setting next_dagrun for weather_etl to 2026-09-25 02:30:00+00:00, run_after=2026-09-26 02:30:00+00:00
[2026-09-25T02:38:22.441+0000] {processor.py:208} INFO - Processing /opt/airflow/dags/weather_etl.py took 0.063 seconds
[2026-09-25T02:38:52.833+0000] {processor.py:186} INFO - Started process (PID=39757) to work on /opt/airflow/dags/weather_etl.py
[2026-09-25T02:38:52.836+0000] {processor.py:914} INFO - Processing file /opt/airflow/dags/weather_etl.py for tasks to queue
[2026-09-25T02:38:52.840+0000] {logging_mixin.py:190} INFO - [2026-09-25T02:38:52.839+0000] {dagbag.py:587} INFO - Filling up the DagBag from /opt/airflow/dags/weather_etl.py
[2026-09-25T02:38:52.863+0000] {processor.py:925} INFO - DAG(s) 'weather_etl' retrieved from /opt/airflow/dags/weather_etl.py
[2026-09-25T02:38:52.874+0000] {logging_mixin.py:190} INFO - [2026-09-25T02:38:52.873+0000] {dag.py:3229} INFO - Sync 1 DAGs
[2026-09-25T02:38:52.886+0000] {logging_mixin.py:190} INFO - [2026-09-25T02:38:52.886+0000] {dag.py:4156} INFO - Setting next_dagrun for weather_etl to 2026-09-25 02:30:00+00:00, run_after=2026-09-26 02:30:00+00:00
[2026-09-25T02:38:52.894+0000] {processor.py:208} INFO - Processing /opt/airflow/dags/weather_etl.py took 0.069 seconds
[2026-09-25T02:39:23.294+0000] {processor.py:186} INFO - Started process (PID=39768) to work on /opt/airflow/dags/weather_etl.py
[2026-09-25T02:39:23.296+0000] {processor.py:914} INFO - Processing file /opt/airflow/dags/weather_etl.py for tasks to queue
[2026-09-25T02:39:23.301+0000] {logging_mixin.py:190} INFO - [2026-09-25T02:39:23.300+0000] {dagbag.py:587} INFO - Filling up the DagBag from /opt/airflow/dags/weather_etl.py
[2026-09-25T02:39:23.335+0000] {processor.py:925} INFO - DAG(s) 'weather_etl' retrieved from /opt/airflow/dags/weather_etl.py
[2026-09-25T02:39:23.353+0000] {logging_mixin.py:190} INFO - [2026-09-25T02:39:23.353+0000] {dag.py:3229} INFO - Sync 1 DAGs
[2026-09-25T02:39:23.373+0000] {logging_mixin.py:190} INFO - [2026-09-25T02:39:23.373+0000] {dag.py:4156} INFO - Setting next_dagrun for weather_etl to 2026-09-25 02:30:00+00:00, run_after=2026-09-26 02:30:00+00:00
[2026-09-25T02:39:23.386+0000] {processor.py:208} INFO - Processing /opt/airflow/dags/weather_etl.py took 0.100 seconds
[2026-09-25T02:39:53.658+0000] {processor.py:186} INFO - Started process (PID=39779) to work on /opt/airflow/dags/weather_etl.py
[2026-09-25T02:39:53.662+0000] {processor.py:914} INFO - Processing file /opt/airflow/dags/weather_etl.py for tasks to queue
[2026-09-25T02:39:53.666+0000] {logging_mixin.py:190} INFO - [2026-09-25T02:39:53.665+0000] {dagbag.py:587} INFO - Filling up the DagBag from /opt/airflow/dags/weather_etl.py
[2026-09-25T02:39:53.696+0000] {processor.py:925} INFO - DAG(s) 'weather_etl' retrieved from /opt/airflow/dags/weather_etl.py
[2026-09-25T02:39:53.710+0000] {logging_mixin.py:190} INFO - [2026-09-25T02:39:53.710+0000] {dag.py:3229} INFO - Sync 1 DAGs
[2026-09-25T02:39:53.725+0000] {logging_mixin.py:190} INFO - [2026-09-25T02:39:53.725+0000] {dag.py:4156} INFO - Setting next_dagrun for weather_etl to 2026-09-25 02:30:00+00:00, run_after=2026-09-26 02:30:00+00:00
[2026-09-25T02:39:53.736+0000] {processor.py:208} INFO - Processing /opt/airflow/dags/weather_etl.py took 0.088 seconds
[2026-09-25T02:40:24.059+0000] {processor.py:186} INFO - Started process (PID=39790) to work on /opt/airflow/dags/weather_etl.py
[2026-09-25T02:40:24.061+0000] {processor.py:914} INFO - Processing file /opt/airflow/dags/weather_etl.py for tasks to queue
[2026-09-25T02:40:24.063+0000] {logging_mixin.py:190} INFO - [2026-09-25T02:40:24.063+0000] {dagbag.py:587} INFO - Filling up the DagBag from /opt/airflow/dags/weather_etl.py
[2026-09-25T02:40:24.081+0000] {processor.py:925} INFO - DAG(s) 'weather_etl' retrieved from /opt/airflow/dags/weather_etl.py
[2026-09-25T02:40:24.091+0000] {logging_mixin.py:190} INFO - [2026-09-25T02:40:24.090+0000] {dag.py:3229} INFO - Sync 1 DAGs
[2026-09-25T02:40:24.106+0000] {logging_mixin.py:190} INFO - [2026-09-25T02:40:24.106+0000] {dag.py:4156} INFO - Setting next_dagrun for weather_etl to 2026-09-25 02:30:00+00:00, run_after=2026-09-26 02:30:00+00:00
[2026-09-25T02:40:24.115+0000] {processor.py:208} INFO - Processing /opt/airflow/dags/weather_etl.py took 0.062 seconds
[2026-09-25T02:40:54.431+0000] {processor.py:186} INFO - Started process (PID=39801) to work on /opt/airflow/dags/weather_etl.py
[2026-09-25T02:40:54.434+0000] {processor.py:914} INFO - Processing file /opt/airflow/dags/weather_etl.py for tasks to queue
[2026-09-25T02:40:54.437+0000] {logging_mixin.py:190} INFO - [2026-09-25T02:40:54.437+0000] {dagbag.py:587} INFO - Filling up the DagBag from /opt/airflow/dags/weather_etl.py
[2026-09-25T02:40:54.460+0000] {processor.py:925} INFO - DAG(s) 'weather_etl' retrieved from /opt/airflow/dags/weather_etl.py
[2026-09-25T02:40:54.471+0000] {logging_mixin.py:190} INFO - [2026-09-25T02:40:54.471+0000] {dag.py:3229} INFO - Sync 1 DAGs
[2026-09-25T02:40:54.484+0000] {logging_mixin.py:190} INFO - [2026-09-25T02:40:54.484+0000] {dag.py:4156} INFO - Setting next_dagrun for weather_etl to 2026-09-25 02:30:00+00:00, run_after=2026-09-26 02:30:00+00:00
[2026-09-25T02:40:54.491+0000] {processor.py:208} INFO - Processing /opt/airflow/dags/weather_etl.py took 0.068 seconds
[2026-09-25T02:41:24.737+0000] {processor.py:186} INFO - Started process (PID=39812) to work on /opt/airflow/dags/weather_etl.py
[2026-09-25T02:41:24.740+0000] {processor.py:914} INFO - Processing file /opt/airflow/dags/weather_etl.py for tasks to queue
[2026-09-25T02:41:24.742+0000] {logging_mixin.py:190} INFO - [2026-09-25T02:41:24.742+0000] {dagbag.py:587} INFO - Filling up the DagBag from /opt/airflow/dags/weather_etl.py
[2026-09-25T02:41:24.762+0000] {processor.py:925} INFO - DAG(s) 'weather_etl' retrieved from /opt/airflow/dags/weather_etl.py
[2026-09-25T02:41:24.772+0000] {logging_mixin.py:190} INFO - [2026-09-25T02:41:24.771+0000] {dag.py:3229} INFO - Sync 1 DAGs
[2026-09-25T02:41:24.784+0000] {logging_mixin.py:190} INFO - [2026-09-25T02:41:24.784+0000] {dag.py:4156} INFO - Setting next_dagrun for weather_etl to 2026-09-25 02:30:00+00:00, run_after=2026-09-26 02:30:00+00:00
[2026-09-25T02:41:24.792+0000] {processor.py:208} INFO - Processing /opt/airflow/dags/weather_etl.py took 0.061 seconds
[2026-09-25T02:41:55.085+0000] {processor.py:186} INFO - Started process (PID=39823) to work on /opt/airflow/dags/weather_etl.py
[2026-09-25T02:41:55.088+0000] {processor.py:914} INFO - Processing file /opt/airflow/dags/weather_etl.py for tasks to queue
[2026-09-25T02:41:55.090+0000] {logging_mixin.py:190} INFO - [2026-09-25T02:41:55.090+0000] {dagbag.py:587} INFO - Filling up the DagBag from /opt/airflow/dags/weather_etl.py
[2026-09-25T02:41:55.109+0000] {processor.py:925} INFO - DAG(s) 'weather_etl' retrieved from /opt/airflow/dags/weather_etl.py
[2026-09-25T02:41:55.117+0000] {logging_mixin.py:190} INFO - [2026-09-25T02:41:55.117+0000] {dag.py:3229} INFO - Sync 1 DAGs
[2026-09-25T02:41:55.128+0000] {logging_mixin.py:190} INFO - [2026-09-25T02:41:55.128+0000] {dag.py:4156} INFO - Setting next_dagrun for weather_etl to 2026-09-25 02:30:00+00:00, run_after=2026-09-26 02:30:00+00:00
[2026-09-25T02:41:55.135+0000] {processor.py:208} INFO - Processing /opt/airflow/dags/weather_etl.py took 0.056 seconds
[2026-09-25T02:42:25.458+0000] {processor.py:186} INFO - Started process (PID=39834) to work on /opt/airflow/dags/weather_etl.py
[2026-09-25T02:42:25.460+0000] {processor.py:914} INFO - Processing file /opt/airflow/dags/weather_etl.py for tasks to queue
[2026-09-25T02:42:25.462+0000] {logging_mixin.py:190} INFO - [2026-09-25T02:42:25.462+0000] {dagbag.py:587} INFO - Filling up the DagBag from /opt/airflow/dags/weather_etl.py
[2026-09-25T02:42:25.480+0000] {processor.py:925} INFO - DAG(s) 'weather_etl' retrieved from /opt/airflow/dags/weather_etl.py
[2026-09-25T02:42:25.488+0000] {logging_mixin.py:190} INFO - [2026-09-25T02:42:25.488+0000] {dag.py:3229} INFO - Sync 1 DAGs
[2026-09-25T02:42:25.498+0000] {logging_mixin.py:190} INFO - [2026-09-25T02:42:25.498+0000] {dag.py:4156} INFO - Setting next_dagrun for weather_etl to 2026-09-25 02:30:00+00:00, run_after=2026-09-26 02:30:00+00:00
[2026-09-25T02:42:25.505+0000] {processor.py:208} INFO - Processing /opt/airflow/dags/weather_etl.py took 0.053 seconds
[2026-09-25T02:42:55.854+0000] {processor.py:186} INFO - Started process (PID=39845) to work on /opt/airflow/dags/weather_etl.py
[2026-09-25T02:42:55.857+0000] {processor.py:914} INFO - Processing file /opt/airflow/dags/weather_etl.py for tasks to queue
[2026-09-25T02:42:55.860+0000] {logging_mixin.py:190} INFO - [2026-09-25T02:42:55.860+0000] {dagbag.py:587} INFO - Filling up the DagBag from /opt/airflow/dags/weather_etl.py
[2026-09-25T02:42:55.883+0000] {processor.py:925} INFO - DAG(s) 'weather_etl' retrieved from /opt/airflow/dags/weather_etl.py
[2026-09-25T02:42:55.895+0000] {logging_mixin.py:190} INFO - [2026-09-25T02:42:55.895+0000] {dag.py:3229} INFO - Sync 1 DAGs
[2026-09-25T02:42:55.909+0000] {logging_mixin.py:190} INFO - [2026-09-25T02:42:55.909+0000] {dag.py:4156} INFO - Setting next_dagrun for weather_etl to 2026-09-25 02:30:00+00:00, run_after=2026-09-26 02:30:00+00:00
[2026-09-25T02:42:55.918+0000] {processor.py:208} INFO - Processing /opt/airflow/dags/weather_etl.py took 0.071 seconds
[2026-09-25T02:43:26.247+0000] {processor.py:186} INFO - Started process (PID=39856) to work on /opt/airflow/dags/weather_etl.py
[2026-09-25T02:43:26.249+0000] {processor.py:914} INFO - Processing file /opt/airflow/dags/weather_etl.py for tasks to queue
[2026-09-25T02:43:26.252+0000] {logging_mixin.py:190} INFO - [2026-09-25T02:43:26.252+0000] {dagbag.py:587} INFO - Filling up the DagBag from /opt/airflow/dags/weather_etl.py
[2026-09-25T02:43:26.272+0000] {processor.py:925} INFO - DAG(s) 'weather_etl' retrieved from /opt/airflow/dags/weather_etl.py
[2026-09-25T02:43:26.281+0000] {logging_mixin.py:190} INFO - [2026-09-25T02:43:26.281+0000] {dag.py:3229} INFO - Sync 1 DAGs
[2026-09-25T02:43:26.291+0000] {logging_mixin.py:190} INFO - [2026-09-25T02:43:26.291+0000] {dag.py:4156} INFO - Setting next_dagrun for weather_etl to 2026-09-25 02:30:00+00:00, run_after=2026-09-26 02:30:00+00:00
[2026-09-25T02:43:26.298+0000] {processor.py:208} INFO - Processing /opt/airflow/dags/weather_etl.py took 0.057 seconds
[2026-09-25T02:43:56.609+0000] {processor.py:186} INFO - Started process (PID=39867) to work on /opt/airflow/dags/weather_etl.py
[2026-09-25T02:43:56.611+0000] {processor.py:914} INFO - Processing file /opt/airflow/dags/weather_etl.py for tasks to queue
[2026-09-25T02:43:56.614+0000] {logging_mixin.py:190} INFO - [2026-09-25T02:43:56.613+0000] {dagbag.py:587} INFO - Filling up the DagBag from /opt/airflow/dags/weather_etl.py
[2026-09-25T02:43:56.632+0000] {processor.py:925} INFO - DAG(s) 'weather_etl' retrieved from /opt/airflow/dags/weather_etl.py
[2026-09-25T02:43:56.641+0000] {logging_mixin.py:190} INFO - [2026-09-25T02:43:56.640+0000] {dag.py:3229} INFO - Sync 1 DAGs
[2026-09-25T02:43:56.651+0000] {logging_mixin.py:190} INFO - [2026-09-25T02:43:56.651+0000] {dag.py:4156} INFO - Setting next_dagrun for weather_etl to 2026-09-25 02:30:00+00:00, run_after=2026-09-26 02:30:00+00:00
[2026-09-25T02:43:56.658+0000] {processor.py:208} INFO - Processing /opt/airflow/dags/weather_etl.py took 0.056 seconds
[2026-09-25T02:44:27.014+0000] {processor.py:186} INFO - Started process (PID=39879) to work on /opt/airflow/dags/weather_etl.py
[2026-09-25T02:44:27.016+0000] {processor.py:914} INFO - Processing file /opt/airflow/dags/weather_etl.py for tasks to queue
[2026-09-25T02:44:27.020+0000] {logging_mixin.py:190} INFO - [2026-09-25T02:44:27.019+0000] {dagbag.py:587} INFO - Filling up the DagBag from /opt/airflow/dags/weather_etl.py
[2026-09-25T02:44:27.044+0000] {processor.py:925} INFO - DAG(s) 'weather_etl' retrieved from /opt/airflow/dags/weather_etl.py
[2026-09-25T02:44:27.057+0000] {logging_mixin.py:190} INFO - [2026-09-25T02:44:27.056+0000] {dag.py:3229} INFO - Sync 1 DAGs
[2026-09-25T02:44:27.069+0000] {logging_mixin.py:190} INFO - [2026-09-25T02:44:27.069+0000] {dag.py:4156} INFO - Setting next_dagrun for weather_etl to 2026-09-25 02:30:00+00:00, run_after=2026-09-26 02:30:00+00:00
[2026-09-25T02:44:27.077+0000] {processor.py:208} INFO - Processing /opt/airflow/dags/weather_etl.py took 0.069 seconds
[2026-09-25T02:44:57.389+0000] {processor.py:186} INFO - Started process (PID=39890) to work on /opt/airflow/dags/weather_etl.py
[2026-09-25T02:44:57.393+0000] {processor.py:914} INFO - Processing file /opt/airflow/dags/weather_etl.py for tasks to queue
[2026-09-25T02:44:57.395+0000] {logging_mixin.py:190} INFO - [2026-09-25T02:44:57.395+0000] {dagbag.py:587} INFO - Filling up the DagBag from /opt/airflow/dags/weather_etl.py
[2026-09-25T02:44:57.411+0000] {processor.py:925} INFO - DAG(s) 'weather_etl' retrieved from /opt/airflow/dags/weather_etl.py
[2026-09-25T02:44:57.421+0000] {logging_mixin.py:190} INFO - [2026-09-25T02:44:57.421+0000] {dag.py:3229} INFO - Sync 1 DAGs
[2026-09-25T02:44:57.431+0000] {logging_mixin.py:190} INFO - [2026-09-25T02:44:57.431+0000] {dag.py:4156} INFO - Setting next_dagrun for weather_etl to 2026-09-25 02:30:00+00:00, run_after=2026-09-26 02:30:00+00:00
[2026-09-25T02:44:57.438+0000] {processor.py:208} INFO - Processing /opt/airflow/dags/weather_etl.py took 0.058 seconds
[2026-09-25T02:45:27.728+0000] {processor.py:186} INFO - Started process (PID=39901) to work on /opt/airflow/dags/weather_etl.py
[2026-09-25T02:45:27.731+0000] {processor.py:914} INFO - Processing file /opt/airflow/dags/weather_etl.py for tasks to queue
[2026-09-25T02:45:27.733+0000] {logging_mixin.py:190} INFO - [2026-09-25T02:45:27.733+0000] {dagbag.py:587} INFO - Filling up the DagBag from /opt/airflow/dags/weather_etl.py
[2026-09-25T02:45:27.751+0000] {processor.py:925} INFO - DAG(s) 'weather_etl' retrieved from /opt/airflow/dags/weather_etl.py
[2026-09-25T02:45:27.760+0000] {logging_mixin.py:190} INFO - [2026-09-25T02:45:27.760+0000] {dag.py:3229} INFO - Sync 1 DAGs
[2026-09-25T02:45:27.770+0000] {logging_mixin.py:190} INFO - [2026-09-25T02:45:27.770+0000] {dag.py:4156} INFO - Setting next_dagrun for weather_etl to 2026-09-25 02:30:00+00:00, run_after=2026-09-26 02:30:00+00:00
[2026-09-25T02:45:27.776+0000] {processor.py:208} INFO - Processing /opt/airflow/dags/weather_etl.py took 0.054 seconds
[2026-09-25T02:45:58.088+0000] {processor.py:186} INFO - Started process (PID=39912) to work on /opt/airflow/dags/weather_etl.py
[2026-09-25T02:45:58.091+0000] {processor.py:914} INFO - Processing file /opt/airflow/dags/weather_etl.py for tasks to queue
[2026-09-25T02:45:58.093+0000] {logging_mixin.py:190} INFO - [2026-09-25T02:45:58.093+0000] {dagbag.py:587} INFO - Filling up the DagBag from /opt/airflow/dags/weather_etl.py
[2026-09-25T02:45:58.112+0000] {processor.py:925} INFO - DAG(s) 'weather_etl' retrieved from /opt/airflow/dags/weather_etl.py
[2026-09-25T02:45:58.120+0000] {logging_mixin.py:190} INFO - [2026-09-25T02:45:58.120+0000] {dag.py:3229} INFO - Sync 1 DAGs
[2026-09-25T02:45:58.130+0000] {logging_mixin.py:190} INFO - [2026-09-25T02:45:58.130+0000] {dag.py:4156} INFO - Setting next_dagrun for weather_etl to 2026-09-25 02:30:00+00:00, run_after=2026-09-26 02:30:00+00:00
[2026-09-25T02:45:58.137+0000] {processor.py:208} INFO - Processing /opt/airflow/dags/weather_etl.py took 0.057 seconds
[2026-09-25T02:46:28.439+0000] {processor.py:186} INFO - Started process (PID=39923) to work on /opt/airflow/dags/weather_etl.py
[2026-09-25T02:46:28.441+0000] {processor.py:914} INFO - Processing file /opt/airflow/dags/weather_etl.py for tasks to queue
[2026-09-25T02:46:28.444+0000] {logging_mixin.py:190} INFO - [2026-09-25T02:46:28.444+0000] {dagbag.py:587} INFO - Filling up the DagBag from /opt/airflow/dags/weather_etl.py
[2026-09-25T02:46:28.468+0000] {processor.py:925} INFO - DAG(s) 'weather_etl' retrieved from /opt/airflow/dags/weather_etl.py
[2026-09-25T02:46:28.482+0000] {logging_mixin.py:190} INFO - [2026-09-25T02:46:28.481+0000] {dag.py:3229} INFO - Sync 1 DAGs
[2026-09-25T02:46:28.495+0000] {logging_mixin.py:190} INFO - [2026-09-25T02:46:28.494+0000] {dag.py:4156} INFO - Setting next_dagrun for weather_etl to 2026-09-25 02:30:00+00:00, run_after=2026-09-26 02:30:00+00:00
[2026-09-25T02:46:28.502+0000] {processor.py:208} INFO - Processing /opt/airflow/dags/weather_etl.py took 0.070 seconds
[2026-09-25T02:46:58.815+0000] {processor.py:186} INFO - Started process (PID=39934) to work on /opt/airflow/dags/weather_etl.py
[2026-09-25T02:46:58.819+0000] {processor.py:914} INFO - Processing file /opt/airflow/dags/weather_etl.py for tasks to queue
[2026-09-25T02:46:58.821+0000] {logging_mixin.py:190} INFO - [2026-09-25T02:46:58.821+0000] {dagbag.py:587} INFO - Filling up the DagBag from /opt/airflow/dags/weather_etl.py
[2026-09-25T02:46:58.842+0000] {processor.py:925} INFO - DAG(s) 'weather_etl' retrieved from /opt/airflow/dags/weather_etl.py
[2026-09-25T02:46:58.851+0000] {logging_mixin.py:190} INFO - [2026-09-25T02:46:58.851+0000] {dag.py:3229} INFO - Sync 1 DAGs
[2026-09-25T02:46:58.862+0000] {logging_mixin.py:190} INFO - [2026-09-25T02:46:58.862+0000] {dag.py:4156} INFO - Setting next_dagrun for weather_etl to 2026-09-25 02:30:00+00:00, run_after=2026-09-26 02:30:00+00:00
[2026-09-25T02:46:58.868+0000] {processor.py:208} INFO - Processing /opt/airflow/dags/weather_etl.py took 0.059 seconds
[2026-09-25T02:47:29.212+0000] {processor.py:186} INFO - Started process (PID=39945) to work on /opt/airflow/dags/weather_etl.py
[2026-09-25T02:47:29.215+0000] {processor.py:914} INFO - Processing file /opt/airflow/dags/weather_etl.py for tasks to queue
[2026-09-25T02:47:29.224+0000] {logging_mixin.py:190} INFO - [2026-09-25T02:47:29.222+0000] {dagbag.py:587} INFO - Filling up the DagBag from /opt/airflow/dags/weather_etl.py
[2026-09-25T02:47:29.280+0000] {processor.py:925} INFO - DAG(s) 'weather_etl' retrieved from /opt/airflow/dags/weather_etl.py
[2026-09-25T02:47:29.311+0000] {logging_mixin.py:190} INFO - [2026-09-25T02:47:29.311+0000] {dag.py:3229} INFO - Sync 1 DAGs
[2026-09-25T02:47:29.325+0000] {logging_mixin.py:190} INFO - [2026-09-25T02:47:29.325+0000] {dag.py:4156} INFO - Setting next_dagrun for weather_etl to 2026-09-25 02:30:00+00:00, run_after=2026-09-26 02:30:00+00:00
[2026-09-25T02:47:29.333+0000] {processor.py:208} INFO - Processing /opt/airflow/dags/weather_etl.py took 0.129 seconds
[2026-09-25T02:47:59.633+0000] {processor.py:186} INFO - Started process (PID=39956) to work on /opt/airflow/dags/weather_etl.py
[2026-09-25T02:47:59.636+0000] {processor.py:914} INFO - Processing file /opt/airflow/dags/weather_etl.py for tasks to queue
[2026-09-25T02:47:59.640+0000] {logging_mixin.py:190} INFO - [2026-09-25T02:47:59.640+0000] {dagbag.py:587} INFO - Filling up the DagBag from /opt/airflow/dags/weather_etl.py
[2026-09-25T02:47:59.664+0000] {processor.py:925} INFO - DAG(s) 'weather_etl' retrieved from /opt/airflow/dags/weather_etl.py
[2026-09-25T02:47:59.677+0000] {logging_mixin.py:190} INFO - [2026-09-25T02:47:59.677+0000] {dag.py:3229} INFO - Sync 1 DAGs
[2026-09-25T02:47:59.692+0000] {logging_mixin.py:190} INFO - [2026-09-25T02:47:59.692+0000] {dag.py:4156} INFO - Setting next_dagrun for weather_etl to 2026-09-25 02:30:00+00:00, run_after=2026-09-26 02:30:00+00:00
[2026-09-25T02:47:59.702+0000] {processor.py:208} INFO - Processing /opt/airflow/dags/weather_etl.py took 0.076 seconds
[2026-09-25T02:48:29.939+0000] {processor.py:186} INFO - Started process (PID=39967) to work on /opt/airflow/dags/weather_etl.py
[2026-09-25T02:48:29.941+0000] {processor.py:914} INFO - Processing file /opt/airflow/dags/weather_etl.py for tasks to queue
[2026-09-25T02:48:29.943+0000] {logging_mixin.py:190} INFO - [2026-09-25T02:48:29.943+0000] {dagbag.py:587} INFO - Filling up the DagBag from /opt/airflow/dags/weather_etl.py
[2026-09-25T02:48:29.958+0000] {processor.py:925} INFO - DAG(s) 'weather_etl' retrieved from /opt/airflow/dags/weather_etl.py
[2026-09-25T02:48:29.965+0000] {logging_mixin.py:190} INFO - [2026-09-25T02:48:29.965+0000] {dag.py:3229} INFO - Sync 1 DAGs
[2026-09-25T02:48:29.974+0000] {logging_mixin.py:190} INFO - [2026-09-25T02:48:29.974+0000] {dag.py:4156} INFO - Setting next_dagrun for weather_etl to 2026-09-25 02:30:00+00:00, run_after=2026-09-26 02:30:00+00:00
[2026-09-25T02:48:29.981+0000] {processor.py:208} INFO - Processing /opt/airflow/dags/weather_etl.py took 0.050 seconds
[2026-09-25T02:49:00.304+0000] {processor.py:186} INFO - Started process (PID=39978) to work on /opt/airflow/dags/weather_etl.py
[2026-09-25T02:49:00.307+0000] {processor.py:914} INFO - Processing file /opt/airflow/dags/weather_etl.py for tasks to queue
[2026-09-25T02:49:00.309+0000] {logging_mixin.py:190} INFO - [2026-09-25T02:49:00.309+0000] {dagbag.py:587} INFO - Filling up the DagBag from /opt/airflow/dags/weather_etl.py
[2026-09-25T02:49:00.327+0000] {processor.py:925} INFO - DAG(s) 'weather_etl' retrieved from /opt/airflow/dags/weather_etl.py
[2026-09-25T02:49:00.336+0000] {logging_mixin.py:190} INFO - [2026-09-25T02:49:00.336+0000] {dag.py:3229} INFO - Sync 1 DAGs
[2026-09-25T02:49:00.347+0000] {logging_mixin.py:190} INFO - [2026-09-25T02:49:00.347+0000] {dag.py:4156} INFO - Setting next_dagrun for weather_etl to 2026-09-25 02:30:00+00:00, run_after=2026-09-26 02:30:00+00:00
[2026-09-25T02:49:00.354+0000] {processor.py:208} INFO - Processing /opt/airflow/dags/weather_etl.py took 0.058 seconds
[2026-09-25T02:49:30.680+0000] {processor.py:186} INFO - Started process (PID=39989) to work on /opt/airflow/dags/weather_etl.py
[2026-09-25T02:49:30.684+0000] {processor.py:914} INFO - Processing file /opt/airflow/dags/weather_etl.py for tasks to queue
[2026-09-25T02:49:30.688+0000] {logging_mixin.py:190} INFO - [2026-09-25T02:49:30.687+0000] {dagbag.py:587} INFO - Filling up the DagBag from /opt/airflow/dags/weather_etl.py
[2026-09-25T02:49:30.710+0000] {processor.py:925} INFO - DAG(s) 'weather_etl' retrieved from /opt/airflow/dags/weather_etl.py
[2026-09-25T02:49:30.720+0000] {logging_mixin.py:190} INFO - [2026-09-25T02:49:30.720+0000] {dag.py:3229} INFO - Sync 1 DAGs
[2026-09-25T02:49:30.732+0000] {logging_mixin.py:190} INFO - [2026-09-25T02:49:30.732+0000] {dag.py:4156} INFO - Setting next_dagrun for weather_etl to 2026-09-25 02:30:00+00:00, run_after=2026-09-26 02:30:00+00:00
[2026-09-25T02:49:30.739+0000] {processor.py:208} INFO - Processing /opt/airflow/dags/weather_etl.py took 0.068 seconds
[2026-09-25T02:50:01.070+0000] {processor.py:186} INFO - Started process (PID=40000) to work on /opt/airflow/dags/weather_etl.py
[2026-09-25T02:50:01.073+0000] {processor.py:914} INFO - Processing file /opt/airflow/dags/weather_etl.py for tasks to queue
[2026-09-25T02:50:01.075+0000] {logging_mixin.py:190} INFO - [2026-09-25T02:50:01.075+0000] {dagbag.py:587} INFO - Filling up the DagBag from /opt/airflow/dags/weather_etl.py
[2026-09-25T02:50:01.092+0000] {processor.py:925} INFO - DAG(s) 'weather_etl' retrieved from /opt/airflow/dags/weather_etl.py
[2026-09-25T02:50:01.100+0000] {logging_mixin.py:190} INFO - [2026-09-25T02:50:01.100+0000] {dag.py:3229} INFO - Sync 1 DAGs
[2026-09-25T02:50:01.110+0000] {logging_mixin.py:190} INFO - [2026-09-25T02:50:01.110+0000] {dag.py:4156} INFO - Setting next_dagrun for weather_etl to 2026-09-25 02:30:00+00:00, run_after=2026-09-26 02:30:00+00:00
[2026-09-25T02:50:01.116+0000] {processor.py:208} INFO - Processing /opt/airflow/dags/weather_etl.py took 0.054 seconds
[2026-09-25T02:50:31.508+0000] {processor.py:186} INFO - Started process (PID=40012) to work on /opt/airflow/dags/weather_etl.py
[2026-09-25T02:50:31.510+0000] {processor.py:914} INFO - Processing file /opt/airflow/dags/weather_etl.py for tasks to queue
[2026-09-25T02:50:31.512+0000] {logging_mixin.py:190} INFO - [2026-09-25T02:50:31.512+0000] {dagbag.py:587} INFO - Filling up the DagBag from /opt/airflow/dags/weather_etl.py
[2026-09-25T02:50:31.532+0000] {processor.py:925} INFO - DAG(s) 'weather_etl' retrieved from /opt/airflow/dags/weather_etl.py
[2026-09-25T02:50:31.541+0000] {logging_mixin.py:190} INFO - [2026-09-25T02:50:31.541+0000] {dag.py:3229} INFO - Sync 1 DAGs
[2026-09-25T02:50:31.552+0000] {logging_mixin.py:190} INFO - [2026-09-25T02:50:31.552+0000] {dag.py:4156} INFO - Setting next_dagrun for weather_etl to 2026-09-25 02:30:00+00:00, run_after=2026-09-26 02:30:00+00:00
[2026-09-25T02:50:31.558+0000] {processor.py:208} INFO - Processing /opt/airflow/dags/weather_etl.py took 0.056 seconds
[2026-09-25T02:51:01.894+0000] {processor.py:186} INFO - Started process (PID=40023) to work on /opt/airflow/dags/weather_etl.py
[2026-09-25T02:51:01.897+0000] {processor.py:914} INFO - Processing file /opt/airflow/dags/weather_etl.py for tasks to queue
[2026-09-25T02:51:01.900+0000] {logging_mixin.py:190} INFO - [2026-09-25T02:51:01.900+0000] {dagbag.py:587} INFO - Filling up the DagBag from /opt/airflow/dags/weather_etl.py
[2026-09-25T02:51:01.922+0000] {processor.py:925} INFO - DAG(s) 'weather_etl' retrieved from /opt/airflow/dags/weather_etl.py
[2026-09-25T02:51:01.931+0000] {logging_mixin.py:190} INFO - [2026-09-25T02:51:01.931+0000] {dag.py:3229} INFO - Sync 1 DAGs
[2026-09-25T02:51:01.942+0000] {logging_mixin.py:190} INFO - [2026-09-25T02:51:01.942+0000] {dag.py:4156} INFO - Setting next_dagrun for weather_etl to 2026-09-25 02:30:00+00:00, run_after=2026-09-26 02:30:00+00:00
[2026-09-25T02:51:01.949+0000] {processor.py:208} INFO - Processing /opt/airflow/dags/weather_etl.py took 0.064 seconds
[2026-09-25T02:51:32.265+0000] {processor.py:186} INFO - Started process (PID=40034) to work on /opt/airflow/dags/weather_etl.py
[2026-09-25T02:51:32.267+0000] {processor.py:914} INFO - Processing file /opt/airflow/dags/weather_etl.py for tasks to queue
[2026-09-25T02:51:32.270+0000] {logging_mixin.py:190} INFO - [2026-09-25T02:51:32.269+0000] {dagbag.py:587} INFO - Filling up the DagBag from /opt/airflow/dags/weather_etl.py
[2026-09-25T02:51:32.284+0000] {processor.py:925} INFO - DAG(s) 'weather_etl' retrieved from /opt/airflow/dags/weather_etl.py
[2026-09-25T02:51:32.294+0000] {logging_mixin.py:190} INFO - [2026-09-25T02:51:32.294+0000] {dag.py:3229} INFO - Sync 1 DAGs
[2026-09-25T02:51:32.306+0000] {logging_mixin.py:190} INFO - [2026-09-25T02:51:32.306+0000] {dag.py:4156} INFO - Setting next_dagrun for weather_etl to 2026-09-25 02:30:00+00:00, run_after=2026-09-26 02:30:00+00:00
[2026-09-25T02:51:32.314+0000] {processor.py:208} INFO - Processing /opt/airflow/dags/weather_etl.py took 0.054 seconds
[2026-09-25T02:52:02.587+0000] {processor.py:186} INFO - Started process (PID=40045) to work on /opt/airflow/dags/weather_etl.py
[2026-09-25T02:52:02.590+0000] {processor.py:914} INFO - Processing file /opt/airflow/dags/weather_etl.py for tasks to queue
[2026-09-25T02:52:02.592+0000] {logging_mixin.py:190} INFO - [2026-09-25T02:52:02.592+0000] {dagbag.py:587} INFO - Filling up the DagBag from /opt/airflow/dags/weather_etl.py
[2026-09-25T02:52:02.612+0000] {processor.py:925} INFO - DAG(s) 'weather_etl' retrieved from /opt/airflow/dags/weather_etl.py
[2026-09-25T02:52:02.621+0000] {logging_mixin.py:190} INFO - [2026-09-25T02:52:02.621+0000] {dag.py:3229} INFO - Sync 1 DAGs
[2026-09-25T02:52:02.632+0000] {logging_mixin.py:190} INFO - [2026-09-25T02:52:02.632+0000] {dag.py:4156} INFO - Setting next_dagrun for weather_etl to 2026-09-25 02:30:00+00:00, run_after=2026-09-26 02:30:00+00:00
[2026-09-25T02:52:02.638+0000] {processor.py:208} INFO - Processing /opt/airflow/dags/weather_etl.py took 0.057 seconds
[2026-09-25T02:52:32.967+0000] {processor.py:186} INFO - Started process (PID=40056) to work on /opt/airflow/dags/weather_etl.py
[2026-09-25T02:52:32.969+0000] {processor.py:914} INFO - Processing file /opt/airflow/dags/weather_etl.py for tasks to queue
[2026-09-25T02:52:32.973+0000] {logging_mixin.py:190} INFO - [2026-09-25T02:52:32.972+0000] {dagbag.py:587} INFO - Filling up the DagBag from /opt/airflow/dags/weather_etl.py
[2026-09-25T02:52:32.998+0000] {processor.py:925} INFO - DAG(s) 'weather_etl' retrieved from /opt/airflow/dags/weather_etl.py
[2026-09-25T02:52:33.010+0000] {logging_mixin.py:190} INFO - [2026-09-25T02:52:33.010+0000] {dag.py:3229} INFO - Sync 1 DAGs
[2026-09-25T02:52:33.025+0000] {logging_mixin.py:190} INFO - [2026-09-25T02:52:33.025+0000] {dag.py:4156} INFO - Setting next_dagrun for weather_etl to 2026-09-25 02:30:00+00:00, run_after=2026-09-26 02:30:00+00:00
[2026-09-25T02:52:33.033+0000] {processor.py:208} INFO - Processing /opt/airflow/dags/weather_etl.py took 0.074 seconds
[2026-09-25T02:53:03.348+0000] {processor.py:186} INFO - Started process (PID=40067) to work on /opt/airflow/dags/weather_etl.py
[2026-09-25T02:53:03.351+0000] {processor.py:914} INFO - Processing file /opt/airflow/dags/weather_etl.py for tasks to queue
[2026-09-25T02:53:03.353+0000] {logging_mixin.py:190} INFO - [2026-09-25T02:53:03.353+0000] {dagbag.py:587} INFO - Filling up the DagBag from /opt/airflow/dags/weather_etl.py
[2026-09-25T02:53:03.372+0000] {processor.py:925} INFO - DAG(s) 'weather_etl' retrieved from /opt/airflow/dags/weather_etl.py
[2026-09-25T02:53:03.379+0000] {logging_mixin.py:190} INFO - [2026-09-25T02:53:03.379+0000] {dag.py:3229} INFO - Sync 1 DAGs
[2026-09-25T02:53:03.389+0000] {logging_mixin.py:190} INFO - [2026-09-25T02:53:03.389+0000] {dag.py:4156} INFO - Setting next_dagrun for weather_etl to 2026-09-25 02:30:00+00:00, run_after=2026-09-26 02:30:00+00:00
[2026-09-25T02:53:03.396+0000] {processor.py:208} INFO - Processing /opt/airflow/dags/weather_etl.py took 0.054 seconds
[2026-09-25T02:53:33.714+0000] {processor.py:186} INFO - Started process (PID=40078) to work on /opt/airflow/dags/weather_etl.py
[2026-09-25T02:53:33.716+0000] {processor.py:914} INFO - Processing file /opt/airflow/dags/weather_etl.py for tasks to queue
[2026-09-25T02:53:33.718+0000] {logging_mixin.py:190} INFO - [2026-09-25T02:53:33.718+0000] {dagbag.py:587} INFO - Filling up the DagBag from /opt/airflow/dags/weather_etl.py
[2026-09-25T02:53:33.737+0000] {processor.py:925} INFO - DAG(s) 'weather_etl' retrieved from /opt/airflow/dags/weather_etl.py
[2026-09-25T02:53:33.745+0000] {logging_mixin.py:190} INFO - [2026-09-25T02:53:33.745+0000] {dag.py:3229} INFO - Sync 1 DAGs
[2026-09-25T02:53:33.754+0000] {logging_mixin.py:190} INFO - [2026-09-25T02:53:33.754+0000] {dag.py:4156} INFO - Setting next_dagrun for weather_etl to 2026-09-25 02:30:00+00:00, run_after=2026-09-26 02:30:00+00:00
[2026-09-25T02:53:33.761+0000] {processor.py:208} INFO - Processing /opt/airflow/dags/weather_etl.py took 0.053 seconds
[2026-09-25T02:54:04.086+0000] {processor.py:186} INFO - Started process (PID=40089) to work on /opt/airflow/dags/weather_etl.py
[2026-09-25T02:54:04.089+0000] {processor.py:914} INFO - Processing file /opt/airflow/dags/weather_etl.py for tasks to queue
[2026-09-25T02:54:04.091+0000] {logging_mixin.py:190} INFO - [2026-09-25T02:54:04.091+0000] {dagbag.py:587} INFO - Filling up the DagBag from /opt/airflow/dags/weather_etl.py
[2026-09-25T02:54:04.110+0000] {processor.py:925} INFO - DAG(s) 'weather_etl' retrieved from /opt/airflow/dags/weather_etl.py
[2026-09-25T02:54:04.118+0000] {logging_mixin.py:190} INFO - [2026-09-25T02:54:04.118+0000] {dag.py:3229} INFO - Sync 1 DAGs
[2026-09-25T02:54:04.128+0000] {logging_mixin.py:190} INFO - [2026-09-25T02:54:04.128+0000] {dag.py:4156} INFO - Setting next_dagrun for weather_etl to 2026-09-25 02:30:00+00:00, run_after=2026-09-26 02:30:00+00:00
[2026-09-25T02:54:04.134+0000] {processor.py:208} INFO - Processing /opt/airflow/dags/weather_etl.py took 0.054 seconds
[2026-09-25T02:54:34.476+0000] {processor.py:186} INFO - Started process (PID=40100) to work on /opt/airflow/dags/weather_etl.py
[2026-09-25T02:54:34.479+0000] {processor.py:914} INFO - Processing file /opt/airflow/dags/weather_etl.py for tasks to queue
[2026-09-25T02:54:34.483+0000] {logging_mixin.py:190} INFO - [2026-09-25T02:54:34.482+0000] {dagbag.py:587} INFO - Filling up the DagBag from /opt/airflow/dags/weather_etl.py
[2026-09-25T02:54:34.507+0000] {processor.py:925} INFO - DAG(s) 'weather_etl' retrieved from /opt/airflow/dags/weather_etl.py
[2026-09-25T02:54:34.518+0000] {logging_mixin.py:190} INFO - [2026-09-25T02:54:34.518+0000] {dag.py:3229} INFO - Sync 1 DAGs
[2026-09-25T02:54:34.530+0000] {logging_mixin.py:190} INFO - [2026-09-25T02:54:34.530+0000] {dag.py:4156} INFO - Setting next_dagrun for weather_etl to 2026-09-25 02:30:00+00:00, run_after=2026-09-26 02:30:00+00:00
[2026-09-25T02:54:34.538+0000] {processor.py:208} INFO - Processing /opt/airflow/dags/weather_etl.py took 0.070 seconds
[2026-09-25T02:55:04.893+0000] {processor.py:186} INFO - Started process (PID=40111) to work on /opt/airflow/dags/weather_etl.py
[2026-09-25T02:55:04.896+0000] {processor.py:914} INFO - Processing file /opt/airflow/dags/weather_etl.py for tasks to queue
[2026-09-25T02:55:04.899+0000] {logging_mixin.py:190} INFO - [2026-09-25T02:55:04.898+0000] {dagbag.py:587} INFO - Filling up the DagBag from /opt/airflow/dags/weather_etl.py
[2026-09-25T02:55:04.918+0000] {processor.py:925} INFO - DAG(s) 'weather_etl' retrieved from /opt/airflow/dags/weather_etl.py
[2026-09-25T02:55:04.926+0000] {logging_mixin.py:190} INFO - [2026-09-25T02:55:04.926+0000] {dag.py:3229} INFO - Sync 1 DAGs
[2026-09-25T02:55:04.937+0000] {logging_mixin.py:190} INFO - [2026-09-25T02:55:04.937+0000] {dag.py:4156} INFO - Setting next_dagrun for weather_etl to 2026-09-25 02:30:00+00:00, run_after=2026-09-26 02:30:00+00:00
[2026-09-25T02:55:04.943+0000] {processor.py:208} INFO - Processing /opt/airflow/dags/weather_etl.py took 0.058 seconds
[2026-09-25T02:55:35.210+0000] {processor.py:186} INFO - Started process (PID=40122) to work on /opt/airflow/dags/weather_etl.py
[2026-09-25T02:55:35.213+0000] {processor.py:914} INFO - Processing file /opt/airflow/dags/weather_etl.py for tasks to queue
[2026-09-25T02:55:35.215+0000] {logging_mixin.py:190} INFO - [2026-09-25T02:55:35.214+0000] {dagbag.py:587} INFO - Filling up the DagBag from /opt/airflow/dags/weather_etl.py
[2026-09-25T02:55:35.230+0000] {processor.py:925} INFO - DAG(s) 'weather_etl' retrieved from /opt/airflow/dags/weather_etl.py
[2026-09-25T02:55:35.239+0000] {logging_mixin.py:190} INFO - [2026-09-25T02:55:35.239+0000] {dag.py:3229} INFO - Sync 1 DAGs
[2026-09-25T02:55:35.249+0000] {logging_mixin.py:190} INFO - [2026-09-25T02:55:35.249+0000] {dag.py:4156} INFO - Setting next_dagrun for weather_etl to 2026-09-25 02:30:00+00:00, run_after=2026-09-26 02:30:00+00:00
[2026-09-25T02:55:35.255+0000] {processor.py:208} INFO - Processing /opt/airflow/dags/weather_etl.py took 0.051 seconds
[2026-09-25T02:56:05.561+0000] {processor.py:186} INFO - Started process (PID=40133) to work on /opt/airflow/dags/weather_etl.py
[2026-09-25T02:56:05.563+0000] {processor.py:914} INFO - Processing file /opt/airflow/dags/weather_etl.py for tasks to queue
[2026-09-25T02:56:05.564+0000] {logging_mixin.py:190} INFO - [2026-09-25T02:56:05.564+0000] {dagbag.py:587} INFO - Filling up the DagBag from /opt/airflow/dags/weather_etl.py
[2026-09-25T02:56:05.579+0000] {processor.py:925} INFO - DAG(s) 'weather_etl' retrieved from /opt/airflow/dags/weather_etl.py
[2026-09-25T02:56:05.588+0000] {logging_mixin.py:190} INFO - [2026-09-25T02:56:05.588+0000] {dag.py:3229} INFO - Sync 1 DAGs
[2026-09-25T02:56:05.600+0000] {logging_mixin.py:190} INFO - [2026-09-25T02:56:05.600+0000] {dag.py:4156} INFO - Setting next_dagrun for weather_etl to 2026-09-25 02:30:00+00:00, run_after=2026-09-26 02:30:00+00:00
[2026-09-25T02:56:05.608+0000] {processor.py:208} INFO - Processing /opt/airflow/dags/weather_etl.py took 0.052 seconds
[2026-09-25T02:56:35.901+0000] {processor.py:186} INFO - Started process (PID=40144) to work on /opt/airflow/dags/weather_etl.py
[2026-09-25T02:56:35.904+0000] {processor.py:914} INFO - Processing file /opt/airflow/dags/weather_etl.py for tasks to queue
[2026-09-25T02:56:35.907+0000] {logging_mixin.py:190} INFO - [2026-09-25T02:56:35.907+0000] {dagbag.py:587} INFO - Filling up the DagBag from /opt/airflow/dags/weather_etl.py
[2026-09-25T02:56:35.931+0000] {processor.py:925} INFO - DAG(s) 'weather_etl' retrieved from /opt/airflow/dags/weather_etl.py
[2026-09-25T02:56:35.941+0000] {logging_mixin.py:190} INFO - [2026-09-25T02:56:35.941+0000] {dag.py:3229} INFO - Sync 1 DAGs
[2026-09-25T02:56:35.953+0000] {logging_mixin.py:190} INFO - [2026-09-25T02:56:35.953+0000] {dag.py:4156} INFO - Setting next_dagrun for weather_etl to 2026-09-25 02:30:00+00:00, run_after=2026-09-26 02:30:00+00:00
[2026-09-25T02:56:35.960+0000] {processor.py:208} INFO - Processing /opt/airflow/dags/weather_etl.py took 0.066 seconds
[2026-09-25T02:57:06.270+0000] {processor.py:186} INFO - Started process (PID=40155) to work on /opt/airflow/dags/weather_etl.py
[2026-09-25T02:57:06.274+0000] {processor.py:914} INFO - Processing file /opt/airflow/dags/weather_etl.py for tasks to queue
[2026-09-25T02:57:06.276+0000] {logging_mixin.py:190} INFO - [2026-09-25T02:57:06.276+0000] {dagbag.py:587} INFO - Filling up the DagBag from /opt/airflow/dags/weather_etl.py
[2026-09-25T02:57:06.294+0000] {processor.py:925} INFO - DAG(s) 'weather_etl' retrieved from /opt/airflow/dags/weather_etl.py
[2026-09-25T02:57:06.303+0000] {logging_mixin.py:190} INFO - [2026-09-25T02:57:06.303+0000] {dag.py:3229} INFO - Sync 1 DAGs
[2026-09-25T02:57:06.313+0000] {logging_mixin.py:190} INFO - [2026-09-25T02:57:06.313+0000] {dag.py:4156} INFO - Setting next_dagrun for weather_etl to 2026-09-25 02:30:00+00:00, run_after=2026-09-26 02:30:00+00:00
[2026-09-25T02:57:06.320+0000] {processor.py:208} INFO - Processing /opt/airflow/dags/weather_etl.py took 0.058 seconds
[2026-09-25T02:57:36.642+0000] {processor.py:186} INFO - Started process (PID=40166) to work on /opt/airflow/dags/weather_etl.py
[2026-09-25T02:57:36.645+0000] {processor.py:914} INFO - Processing file /opt/airflow/dags/weather_etl.py for tasks to queue
[2026-09-25T02:57:36.647+0000] {logging_mixin.py:190} INFO - [2026-09-25T02:57:36.647+0000] {dagbag.py:587} INFO - Filling up the DagBag from /opt/airflow/dags/weather_etl.py
[2026-09-25T02:57:36.668+0000] {processor.py:925} INFO - DAG(s) 'weather_etl' retrieved from /opt/airflow/dags/weather_etl.py
[2026-09-25T02:57:36.677+0000] {logging_mixin.py:190} INFO - [2026-09-25T02:57:36.677+0000] {dag.py:3229} INFO - Sync 1 DAGs
[2026-09-25T02:57:36.688+0000] {logging_mixin.py:190} INFO - [2026-09-25T02:57:36.688+0000] {dag.py:4156} INFO - Setting next_dagrun for weather_etl to 2026-09-25 02:30:00+00:00, run_after=2026-09-26 02:30:00+00:00
[2026-09-25T02:57:36.694+0000] {processor.py:208} INFO - Processing /opt/airflow/dags/weather_etl.py took 0.060 seconds
[2026-09-25T02:58:07.032+0000] {processor.py:186} INFO - Started process (PID=40177) to work on /opt/airflow/dags/weather_etl.py
[2026-09-25T02:58:07.035+0000] {processor.py:914} INFO - Processing file /opt/airflow/dags/weather_etl.py for tasks to queue
[2026-09-25T02:58:07.039+0000] {logging_mixin.py:190} INFO - [2026-09-25T02:58:07.038+0000] {dagbag.py:587} INFO - Filling up the DagBag from /opt/airflow/dags/weather_etl.py
[2026-09-25T02:58:07.061+0000] {processor.py:925} INFO - DAG(s) 'weather_etl' retrieved from /opt/airflow/dags/weather_etl.py
[2026-09-25T02:58:07.072+0000] {logging_mixin.py:190} INFO - [2026-09-25T02:58:07.071+0000] {dag.py:3229} INFO - Sync 1 DAGs
[2026-09-25T02:58:07.083+0000] {logging_mixin.py:190} INFO - [2026-09-25T02:58:07.083+0000] {dag.py:4156} INFO - Setting next_dagrun for weather_etl to 2026-09-25 02:30:00+00:00, run_after=2026-09-26 02:30:00+00:00
[2026-09-25T02:58:07.090+0000] {processor.py:208} INFO - Processing /opt/airflow/dags/weather_etl.py took 0.067 seconds
[2026-09-25T02:58:37.377+0000] {processor.py:186} INFO - Started process (PID=40188) to work on /opt/airflow/dags/weather_etl.py
[2026-09-25T02:58:37.379+0000] {processor.py:914} INFO - Processing file /opt/airflow/dags/weather_etl.py for tasks to queue
[2026-09-25T02:58:37.381+0000] {logging_mixin.py:190} INFO - [2026-09-25T02:58:37.380+0000] {dagbag.py:587} INFO - Filling up the DagBag from /opt/airflow/dags/weather_etl.py
[2026-09-25T02:58:37.397+0000] {processor.py:925} INFO - DAG(s) 'weather_etl' retrieved from /opt/airflow/dags/weather_etl.py
[2026-09-25T02:58:37.406+0000] {logging_mixin.py:190} INFO - [2026-09-25T02:58:37.406+0000] {dag.py:3229} INFO - Sync 1 DAGs
[2026-09-25T02:58:37.416+0000] {logging_mixin.py:190} INFO - [2026-09-25T02:58:37.415+0000] {dag.py:4156} INFO - Setting next_dagrun for weather_etl to 2026-09-25 02:30:00+00:00, run_after=2026-09-26 02:30:00+00:00
[2026-09-25T02:58:37.423+0000] {processor.py:208} INFO - Processing /opt/airflow/dags/weather_etl.py took 0.052 seconds
[2026-09-25T02:59:07.728+0000] {processor.py:186} INFO - Started process (PID=40199) to work on /opt/airflow/dags/weather_etl.py
[2026-09-25T02:59:07.731+0000] {processor.py:914} INFO - Processing file /opt/airflow/dags/weather_etl.py for tasks to queue
[2026-09-25T02:59:07.733+0000] {logging_mixin.py:190} INFO - [2026-09-25T02:59:07.733+0000] {dagbag.py:587} INFO - Filling up the DagBag from /opt/airflow/dags/weather_etl.py
[2026-09-25T02:59:07.751+0000] {processor.py:925} INFO - DAG(s) 'weather_etl' retrieved from /opt/airflow/dags/weather_etl.py
[2026-09-25T02:59:07.759+0000] {logging_mixin.py:190} INFO - [2026-09-25T02:59:07.758+0000] {dag.py:3229} INFO - Sync 1 DAGs
[2026-09-25T02:59:07.769+0000] {logging_mixin.py:190} INFO - [2026-09-25T02:59:07.769+0000] {dag.py:4156} INFO - Setting next_dagrun for weather_etl to 2026-09-25 02:30:00+00:00, run_after=2026-09-26 02:30:00+00:00
[2026-09-25T02:59:07.775+0000] {processor.py:208} INFO - Processing /opt/airflow/dags/weather_etl.py took 0.052 seconds
[2026-09-25T02:59:38.066+0000] {processor.py:186} INFO - Started process (PID=40210) to work on /opt/airflow/dags/weather_etl.py
[2026-09-25T02:59:38.069+0000] {processor.py:914} INFO - Processing file /opt/airflow/dags/weather_etl.py for tasks to queue
[2026-09-25T02:59:38.071+0000] {logging_mixin.py:190} INFO - [2026-09-25T02:59:38.071+0000] {dagbag.py:587} INFO - Filling up the DagBag from /opt/airflow/dags/weather_etl.py
[2026-09-25T02:59:38.090+0000] {processor.py:925} INFO - DAG(s) 'weather_etl' retrieved from /opt/airflow/dags/weather_etl.py
[2026-09-25T02:59:38.099+0000] {logging_mixin.py:190} INFO - [2026-09-25T02:59:38.099+0000] {dag.py:3229} INFO - Sync 1 DAGs
[2026-09-25T02:59:38.109+0000] {logging_mixin.py:190} INFO - [2026-09-25T02:59:38.109+0000] {dag.py:4156} INFO - Setting next_dagrun for weather_etl to 2026-09-25 02:30:00+00:00, run_after=2026-09-26 02:30:00+00:00
[2026-09-25T02:59:38.116+0000] {processor.py:208} INFO - Processing /opt/airflow/dags/weather_etl.py took 0.056 seconds
[2026-09-25T03:00:08.454+0000] {processor.py:186} INFO - Started process (PID=40221) to work on /opt/airflow/dags/weather_etl.py
[2026-09-25T03:00:08.457+0000] {processor.py:914} INFO - Processing file /opt/airflow/dags/weather_etl.py for tasks to queue
[2026-09-25T03:00:08.459+0000] {logging_mixin.py:190} INFO - [2026-09-25T03:00:08.459+0000] {dagbag.py:587} INFO - Filling up the DagBag from /opt/airflow/dags/weather_etl.py
[2026-09-25T03:00:08.478+0000] {processor.py:925} INFO - DAG(s) 'weather_etl' retrieved from /opt/airflow/dags/weather_etl.py
[2026-09-25T03:00:08.486+0000] {logging_mixin.py:190} INFO - [2026-09-25T03:00:08.486+0000] {dag.py:3229} INFO - Sync 1 DAGs
[2026-09-25T03:00:08.496+0000] {logging_mixin.py:190} INFO - [2026-09-25T03:00:08.496+0000] {dag.py:4156} INFO - Setting next_dagrun for weather_etl to 2026-09-25 02:30:00+00:00, run_after=2026-09-26 02:30:00+00:00
[2026-09-25T03:00:08.502+0000] {processor.py:208} INFO - Processing /opt/airflow/dags/weather_etl.py took 0.055 seconds
[2026-09-25T03:00:38.823+0000] {processor.py:186} INFO - Started process (PID=40232) to work on /opt/airflow/dags/weather_etl.py
[2026-09-25T03:00:38.825+0000] {processor.py:914} INFO - Processing file /opt/airflow/dags/weather_etl.py for tasks to queue
[2026-09-25T03:00:38.827+0000] {logging_mixin.py:190} INFO - [2026-09-25T03:00:38.826+0000] {dagbag.py:587} INFO - Filling up the DagBag from /opt/airflow/dags/weather_etl.py
[2026-09-25T03:00:38.841+0000] {processor.py:925} INFO - DAG(s) 'weather_etl' retrieved from /opt/airflow/dags/weather_etl.py
[2026-09-25T03:00:38.850+0000] {logging_mixin.py:190} INFO - [2026-09-25T03:00:38.849+0000] {dag.py:3229} INFO - Sync 1 DAGs
[2026-09-25T03:00:38.860+0000] {logging_mixin.py:190} INFO - [2026-09-25T03:00:38.860+0000] {dag.py:4156} INFO - Setting next_dagrun for weather_etl to 2026-09-25 02:30:00+00:00, run_after=2026-09-26 02:30:00+00:00
[2026-09-25T03:00:38.866+0000] {processor.py:208} INFO - Processing /opt/airflow/dags/weather_etl.py took 0.048 seconds
[2026-09-25T03:01:09.148+0000] {processor.py:186} INFO - Started process (PID=40243) to work on /opt/airflow/dags/weather_etl.py
[2026-09-25T03:01:09.151+0000] {processor.py:914} INFO - Processing file /opt/airflow/dags/weather_etl.py for tasks to queue
[2026-09-25T03:01:09.154+0000] {logging_mixin.py:190} INFO - [2026-09-25T03:01:09.153+0000] {dagbag.py:587} INFO - Filling up the DagBag from /opt/airflow/dags/weather_etl.py
[2026-09-25T03:01:09.176+0000] {processor.py:925} INFO - DAG(s) 'weather_etl' retrieved from /opt/airflow/dags/weather_etl.py
[2026-09-25T03:01:09.188+0000] {logging_mixin.py:190} INFO - [2026-09-25T03:01:09.188+0000] {dag.py:3229} INFO - Sync 1 DAGs
[2026-09-25T03:01:09.201+0000] {logging_mixin.py:190} INFO - [2026-09-25T03:01:09.201+0000] {dag.py:4156} INFO - Setting next_dagrun for weather_etl to 2026-09-25 02:30:00+00:00, run_after=2026-09-26 02:30:00+00:00
[2026-09-25T03:01:09.209+0000] {processor.py:208} INFO - Processing /opt/airflow/dags/weather_etl.py took 0.068 seconds
[2026-09-25T03:01:39.492+0000] {processor.py:186} INFO - Started process (PID=40254) to work on /opt/airflow/dags/weather_etl.py
[2026-09-25T03:01:39.495+0000] {processor.py:914} INFO - Processing file /opt/airflow/dags/weather_etl.py for tasks to queue
[2026-09-25T03:01:39.498+0000] {logging_mixin.py:190} INFO - [2026-09-25T03:01:39.498+0000] {dagbag.py:587} INFO - Filling up the DagBag from /opt/airflow/dags/weather_etl.py
[2026-09-25T03:01:39.517+0000] {processor.py:925} INFO - DAG(s) 'weather_etl' retrieved from /opt/airflow/dags/weather_etl.py
[2026-09-25T03:01:39.526+0000] {logging_mixin.py:190} INFO - [2026-09-25T03:01:39.526+0000] {dag.py:3229} INFO - Sync 1 DAGs
[2026-09-25T03:01:39.538+0000] {logging_mixin.py:190} INFO - [2026-09-25T03:01:39.537+0000] {dag.py:4156} INFO - Setting next_dagrun for weather_etl to 2026-09-25 02:30:00+00:00, run_after=2026-09-26 02:30:00+00:00
[2026-09-25T03:01:39.544+0000] {processor.py:208} INFO - Processing /opt/airflow/dags/weather_etl.py took 0.060 seconds
[2026-09-25T03:02:09.885+0000] {processor.py:186} INFO - Started process (PID=40265) to work on /opt/airflow/dags/weather_etl.py
[2026-09-25T03:02:09.887+0000] {processor.py:914} INFO - Processing file /opt/airflow/dags/weather_etl.py for tasks to queue
[2026-09-25T03:02:09.890+0000] {logging_mixin.py:190} INFO - [2026-09-25T03:02:09.890+0000] {dagbag.py:587} INFO - Filling up the DagBag from /opt/airflow/dags/weather_etl.py
[2026-09-25T03:02:09.924+0000] {processor.py:925} INFO - DAG(s) 'weather_etl' retrieved from /opt/airflow/dags/weather_etl.py
[2026-09-25T03:02:09.945+0000] {logging_mixin.py:190} INFO - [2026-09-25T03:02:09.945+0000] {dag.py:3229} INFO - Sync 1 DAGs
[2026-09-25T03:02:09.960+0000] {logging_mixin.py:190} INFO - [2026-09-25T03:02:09.959+0000] {dag.py:4156} INFO - Setting next_dagrun for weather_etl to 2026-09-25 02:30:00+00:00, run_after=2026-09-26 02:30:00+00:00
[2026-09-25T03:02:09.968+0000] {processor.py:208} INFO - Processing /opt/airflow/dags/weather_etl.py took 0.100 seconds
[2026-09-25T03:02:40.267+0000] {processor.py:186} INFO - Started process (PID=40276) to work on /opt/airflow/dags/weather_etl.py
[2026-09-25T03:02:40.269+0000] {processor.py:914} INFO - Processing file /opt/airflow/dags/weather_etl.py for tasks to queue
[2026-09-25T03:02:40.275+0000] {logging_mixin.py:190} INFO - [2026-09-25T03:02:40.274+0000] {dagbag.py:587} INFO - Filling up the DagBag from /opt/airflow/dags/weather_etl.py
[2026-09-25T03:02:40.299+0000] {processor.py:925} INFO - DAG(s) 'weather_etl' retrieved from /opt/airflow/dags/weather_etl.py
[2026-09-25T03:02:40.311+0000] {logging_mixin.py:190} INFO - [2026-09-25T03:02:40.311+0000] {dag.py:3229} INFO - Sync 1 DAGs
[2026-09-25T03:02:40.324+0000] {logging_mixin.py:190} INFO - [2026-09-25T03:02:40.324+0000] {dag.py:4156} INFO - Setting next_dagrun for weather_etl to 2026-09-25 02:30:00+00:00, run_after=2026-09-26 02:30:00+00:00
[2026-09-25T03:02:40.332+0000] {processor.py:208} INFO - Processing /opt/airflow/dags/weather_etl.py took 0.074 seconds
[2026-09-25T03:03:10.639+0000] {processor.py:186} INFO - Started process (PID=40287) to work on /opt/airflow/dags/weather_etl.py
[2026-09-25T03:03:10.642+0000] {processor.py:914} INFO - Processing file /opt/airflow/dags/weather_etl.py for tasks to queue
[2026-09-25T03:03:10.644+0000] {logging_mixin.py:190} INFO - [2026-09-25T03:03:10.643+0000] {dagbag.py:587} INFO - Filling up the DagBag from /opt/airflow/dags/weather_etl.py
[2026-09-25T03:03:10.660+0000] {processor.py:925} INFO - DAG(s) 'weather_etl' retrieved from /opt/airflow/dags/weather_etl.py
[2026-09-25T03:03:10.668+0000] {logging_mixin.py:190} INFO - [2026-09-25T03:03:10.668+0000] {dag.py:3229} INFO - Sync 1 DAGs
[2026-09-25T03:03:10.677+0000] {logging_mixin.py:190} INFO - [2026-09-25T03:03:10.677+0000] {dag.py:4156} INFO - Setting next_dagrun for weather_etl to 2026-09-25 02:30:00+00:00, run_after=2026-09-26 02:30:00+00:00
[2026-09-25T03:03:10.683+0000] {processor.py:208} INFO - Processing /opt/airflow/dags/weather_etl.py took 0.051 seconds
[2026-09-25T03:03:41.053+0000] {processor.py:186} INFO - Started process (PID=40298) to work on /opt/airflow/dags/weather_etl.py
[2026-09-25T03:03:41.056+0000] {processor.py:914} INFO - Processing file /opt/airflow/dags/weather_etl.py for tasks to queue
[2026-09-25T03:03:41.060+0000] {logging_mixin.py:190} INFO - [2026-09-25T03:03:41.060+0000] {dagbag.py:587} INFO - Filling up the DagBag from /opt/airflow/dags/weather_etl.py
[2026-09-25T03:03:41.088+0000] {processor.py:925} INFO - DAG(s) 'weather_etl' retrieved from /opt/airflow/dags/weather_etl.py
[2026-09-25T03:03:41.102+0000] {logging_mixin.py:190} INFO - [2026-09-25T03:03:41.102+0000] {dag.py:3229} INFO - Sync 1 DAGs
[2026-09-25T03:03:41.117+0000] {logging_mixin.py:190} INFO - [2026-09-25T03:03:41.117+0000] {dag.py:4156} INFO - Setting next_dagrun for weather_etl to 2026-09-25 02:30:00+00:00, run_after=2026-09-26 02:30:00+00:00
[2026-09-25T03:03:41.126+0000] {processor.py:208} INFO - Processing /opt/airflow/dags/weather_etl.py took 0.081 seconds
[2026-09-25T03:04:11.389+0000] {processor.py:186} INFO - Started process (PID=40309) to work on /opt/airflow/dags/weather_etl.py
[2026-09-25T03:04:11.393+0000] {processor.py:914} INFO - Processing file /opt/airflow/dags/weather_etl.py for tasks to queue
[2026-09-25T03:04:11.395+0000] {logging_mixin.py:190} INFO - [2026-09-25T03:04:11.394+0000] {dagbag.py:587} INFO - Filling up the DagBag from /opt/airflow/dags/weather_etl.py
[2026-09-25T03:04:11.409+0000] {processor.py:925} INFO - DAG(s) 'weather_etl' retrieved from /opt/airflow/dags/weather_etl.py
[2026-09-25T03:04:11.418+0000] {logging_mixin.py:190} INFO - [2026-09-25T03:04:11.418+0000] {dag.py:3229} INFO - Sync 1 DAGs
[2026-09-25T03:04:11.428+0000] {logging_mixin.py:190} INFO - [2026-09-25T03:04:11.428+0000] {dag.py:4156} INFO - Setting next_dagrun for weather_etl to 2026-09-25 02:30:00+00:00, run_after=2026-09-26 02:30:00+00:00
[2026-09-25T03:04:11.435+0000] {processor.py:208} INFO - Processing /opt/airflow/dags/weather_etl.py took 0.056 seconds
[2026-09-25T03:04:41.801+0000] {processor.py:186} INFO - Started process (PID=40320) to work on /opt/airflow/dags/weather_etl.py
[2026-09-25T03:04:41.803+0000] {processor.py:914} INFO - Processing file /opt/airflow/dags/weather_etl.py for tasks to queue
[2026-09-25T03:04:41.806+0000] {logging_mixin.py:190} INFO - [2026-09-25T03:04:41.805+0000] {dagbag.py:587} INFO - Filling up the DagBag from /opt/airflow/dags/weather_etl.py
[2026-09-25T03:04:41.829+0000] {processor.py:925} INFO - DAG(s) 'weather_etl' retrieved from /opt/airflow/dags/weather_etl.py
[2026-09-25T03:04:41.842+0000] {logging_mixin.py:190} INFO - [2026-09-25T03:04:41.842+0000] {dag.py:3229} INFO - Sync 1 DAGs
[2026-09-25T03:04:41.856+0000] {logging_mixin.py:190} INFO - [2026-09-25T03:04:41.856+0000] {dag.py:4156} INFO - Setting next_dagrun for weather_etl to 2026-09-25 02:30:00+00:00, run_after=2026-09-26 02:30:00+00:00
[2026-09-25T03:04:41.864+0000] {processor.py:208} INFO - Processing /opt/airflow/dags/weather_etl.py took 0.071 seconds
[2026-09-25T03:05:12.243+0000] {processor.py:186} INFO - Started process (PID=40331) to work on /opt/airflow/dags/weather_etl.py
[2026-09-25T03:05:12.246+0000] {processor.py:914} INFO - Processing file /opt/airflow/dags/weather_etl.py for tasks to queue
[2026-09-25T03:05:12.249+0000] {logging_mixin.py:190} INFO - [2026-09-25T03:05:12.248+0000] {dagbag.py:587} INFO - Filling up the DagBag from /opt/airflow/dags/weather_etl.py
[2026-09-25T03:05:12.268+0000] {processor.py:925} INFO - DAG(s) 'weather_etl' retrieved from /opt/airflow/dags/weather_etl.py
[2026-09-25T03:05:12.278+0000] {logging_mixin.py:190} INFO - [2026-09-25T03:05:12.277+0000] {dag.py:3229} INFO - Sync 1 DAGs
[2026-09-25T03:05:12.289+0000] {logging_mixin.py:190} INFO - [2026-09-25T03:05:12.289+0000] {dag.py:4156} INFO - Setting next_dagrun for weather_etl to 2026-09-25 02:30:00+00:00, run_after=2026-09-26 02:30:00+00:00
[2026-09-25T03:05:12.296+0000] {processor.py:208} INFO - Processing /opt/airflow/dags/weather_etl.py took 0.061 seconds
[2026-09-25T03:05:42.620+0000] {processor.py:186} INFO - Started process (PID=40342) to work on /opt/airflow/dags/weather_etl.py
[2026-09-25T03:05:42.622+0000] {processor.py:914} INFO - Processing file /opt/airflow/dags/weather_etl.py for tasks to queue
[2026-09-25T03:05:42.626+0000] {logging_mixin.py:190} INFO - [2026-09-25T03:05:42.625+0000] {dagbag.py:587} INFO - Filling up the DagBag from /opt/airflow/dags/weather_etl.py
[2026-09-25T03:05:42.648+0000] {processor.py:925} INFO - DAG(s) 'weather_etl' retrieved from /opt/airflow/dags/weather_etl.py
[2026-09-25T03:05:42.660+0000] {logging_mixin.py:190} INFO - [2026-09-25T03:05:42.660+0000] {dag.py:3229} INFO - Sync 1 DAGs
[2026-09-25T03:05:42.674+0000] {logging_mixin.py:190} INFO - [2026-09-25T03:05:42.674+0000] {dag.py:4156} INFO - Setting next_dagrun for weather_etl to 2026-09-25 02:30:00+00:00, run_after=2026-09-26 02:30:00+00:00
[2026-09-25T03:05:42.683+0000] {processor.py:208} INFO - Processing /opt/airflow/dags/weather_etl.py took 0.069 seconds
[2026-09-25T03:06:12.944+0000] {processor.py:186} INFO - Started process (PID=40353) to work on /opt/airflow/dags/weather_etl.py
[2026-09-25T03:06:12.946+0000] {processor.py:914} INFO - Processing file /opt/airflow/dags/weather_etl.py for tasks to queue
[2026-09-25T03:06:12.947+0000] {logging_mixin.py:190} INFO - [2026-09-25T03:06:12.947+0000] {dagbag.py:587} INFO - Filling up the DagBag from /opt/airflow/dags/weather_etl.py
[2026-09-25T03:06:12.962+0000] {processor.py:925} INFO - DAG(s) 'weather_etl' retrieved from /opt/airflow/dags/weather_etl.py
[2026-09-25T03:06:12.970+0000] {logging_mixin.py:190} INFO - [2026-09-25T03:06:12.970+0000] {dag.py:3229} INFO - Sync 1 DAGs
[2026-09-25T03:06:12.979+0000] {logging_mixin.py:190} INFO - [2026-09-25T03:06:12.979+0000] {dag.py:4156} INFO - Setting next_dagrun for weather_etl to 2026-09-25 02:30:00+00:00, run_after=2026-09-26 02:30:00+00:00
[2026-09-25T03:06:12.986+0000] {processor.py:208} INFO - Processing /opt/airflow/dags/weather_etl.py took 0.046 seconds
[2026-09-25T03:06:43.366+0000] {processor.py:186} INFO - Started process (PID=40364) to work on /opt/airflow/dags/weather_etl.py
[2026-09-25T03:06:43.368+0000] {processor.py:914} INFO - Processing file /opt/airflow/dags/weather_etl.py for tasks to queue
[2026-09-25T03:06:43.371+0000] {logging_mixin.py:190} INFO - [2026-09-25T03:06:43.370+0000] {dagbag.py:587} INFO - Filling up the DagBag from /opt/airflow/dags/weather_etl.py
[2026-09-25T03:06:43.387+0000] {processor.py:925} INFO - DAG(s) 'weather_etl' retrieved from /opt/airflow/dags/weather_etl.py
[2026-09-25T03:06:43.397+0000] {logging_mixin.py:190} INFO - [2026-09-25T03:06:43.396+0000] {dag.py:3229} INFO - Sync 1 DAGs
[2026-09-25T03:06:43.408+0000] {logging_mixin.py:190} INFO - [2026-09-25T03:06:43.408+0000] {dag.py:4156} INFO - Setting next_dagrun for weather_etl to 2026-09-25 02:30:00+00:00, run_after=2026-09-26 02:30:00+00:00
[2026-09-25T03:06:43.414+0000] {processor.py:208} INFO - Processing /opt/airflow/dags/weather_etl.py took 0.056 seconds
[2026-09-25T03:07:13.768+0000] {processor.py:186} INFO - Started process (PID=40375) to work on /opt/airflow/dags/weather_etl.py
[2026-09-25T03:07:13.772+0000] {processor.py:914} INFO - Processing file /opt/airflow/dags/weather_etl.py for tasks to queue
[2026-09-25T03:07:13.787+0000] {logging_mixin.py:190} INFO - [2026-09-25T03:07:13.784+0000] {dagbag.py:587} INFO - Filling up the DagBag from /opt/airflow/dags/weather_etl.py
[2026-09-25T03:07:13.821+0000] {processor.py:925} INFO - DAG(s) 'weather_etl' retrieved from /opt/airflow/dags/weather_etl.py
[2026-09-25T03:07:13.839+0000] {logging_mixin.py:190} INFO - [2026-09-25T03:07:13.839+0000] {dag.py:3229} INFO - Sync 1 DAGs
[2026-09-25T03:07:13.853+0000] {logging_mixin.py:190} INFO - [2026-09-25T03:07:13.852+0000] {dag.py:4156} INFO - Setting next_dagrun for weather_etl to 2026-09-25 02:30:00+00:00, run_after=2026-09-26 02:30:00+00:00
[2026-09-25T03:07:13.860+0000] {processor.py:208} INFO - Processing /opt/airflow/dags/weather_etl.py took 0.102 seconds
[2026-09-25T03:07:44.158+0000] {processor.py:186} INFO - Started process (PID=40386) to work on /opt/airflow/dags/weather_etl.py
[2026-09-25T03:07:44.160+0000] {processor.py:914} INFO - Processing file /opt/airflow/dags/weather_etl.py for tasks to queue
[2026-09-25T03:07:44.162+0000] {logging_mixin.py:190} INFO - [2026-09-25T03:07:44.162+0000] {dagbag.py:587} INFO - Filling up the DagBag from /opt/airflow/dags/weather_etl.py
[2026-09-25T03:07:44.180+0000] {processor.py:925} INFO - DAG(s) 'weather_etl' retrieved from /opt/airflow/dags/weather_etl.py
[2026-09-25T03:07:44.189+0000] {logging_mixin.py:190} INFO - [2026-09-25T03:07:44.189+0000] {dag.py:3229} INFO - Sync 1 DAGs
[2026-09-25T03:07:44.199+0000] {logging_mixin.py:190} INFO - [2026-09-25T03:07:44.199+0000] {dag.py:4156} INFO - Setting next_dagrun for weather_etl to 2026-09-25 02:30:00+00:00, run_after=2026-09-26 02:30:00+00:00
[2026-09-25T03:07:44.205+0000] {processor.py:208} INFO - Processing /opt/airflow/dags/weather_etl.py took 0.056 seconds
[2026-09-25T03:08:14.553+0000] {processor.py:186} INFO - Started process (PID=40397) to work on /opt/airflow/dags/weather_etl.py
[2026-09-25T03:08:14.556+0000] {processor.py:914} INFO - Processing file /opt/airflow/dags/weather_etl.py for tasks to queue
[2026-09-25T03:08:14.558+0000] {logging_mixin.py:190} INFO - [2026-09-25T03:08:14.558+0000] {dagbag.py:587} INFO - Filling up the DagBag from /opt/airflow/dags/weather_etl.py
[2026-09-25T03:08:14.578+0000] {processor.py:925} INFO - DAG(s) 'weather_etl' retrieved from /opt/airflow/dags/weather_etl.py
[2026-09-25T03:08:14.590+0000] {logging_mixin.py:190} INFO - [2026-09-25T03:08:14.589+0000] {dag.py:3229} INFO - Sync 1 DAGs
[2026-09-25T03:08:14.601+0000] {logging_mixin.py:190} INFO - [2026-09-25T03:08:14.601+0000] {dag.py:4156} INFO - Setting next_dagrun for weather_etl to 2026-09-25 02:30:00+00:00, run_after=2026-09-26 02:30:00+00:00
[2026-09-25T03:08:14.607+0000] {processor.py:208} INFO - Processing /opt/airflow/dags/weather_etl.py took 0.062 seconds
[2026-09-25T03:08:44.907+0000] {processor.py:186} INFO - Started process (PID=40408) to work on /opt/airflow/dags/weather_etl.py
[2026-09-25T03:08:44.910+0000] {processor.py:914} INFO - Processing file /opt/airflow/dags/weather_etl.py for tasks to queue
[2026-09-25T03:08:44.916+0000] {logging_mixin.py:190} INFO - [2026-09-25T03:08:44.915+0000] {dagbag.py:587} INFO - Filling up the DagBag from /opt/airflow/dags/weather_etl.py
[2026-09-25T03:08:44.964+0000] {processor.py:925} INFO - DAG(s) 'weather_etl' retrieved from /opt/airflow/dags/weather_etl.py
[2026-09-25T03:08:44.979+0000] {logging_mixin.py:190} INFO - [2026-09-25T03:08:44.979+0000] {dag.py:3229} INFO - Sync 1 DAGs
[2026-09-25T03:08:44.993+0000] {logging_mixin.py:190} INFO - [2026-09-25T03:08:44.993+0000] {dag.py:4156} INFO - Setting next_dagrun for weather_etl to 2026-09-25 02:30:00+00:00, run_after=2026-09-26 02:30:00+00:00
[2026-09-25T03:08:45.002+0000] {processor.py:208} INFO - Processing /opt/airflow/dags/weather_etl.py took 0.111 seconds
[2026-09-25T03:09:15.223+0000] {processor.py:186} INFO - Started process (PID=40419) to work on /opt/airflow/dags/weather_etl.py
[2026-09-25T03:09:15.225+0000] {processor.py:914} INFO - Processing file /opt/airflow/dags/weather_etl.py for tasks to queue
[2026-09-25T03:09:15.227+0000] {logging_mixin.py:190} INFO - [2026-09-25T03:09:15.226+0000] {dagbag.py:587} INFO - Filling up the DagBag from /opt/airflow/dags/weather_etl.py
[2026-09-25T03:09:15.248+0000] {processor.py:925} INFO - DAG(s) 'weather_etl' retrieved from /opt/airflow/dags/weather_etl.py
[2026-09-25T03:09:15.275+0000] {logging_mixin.py:190} INFO - [2026-09-25T03:09:15.275+0000] {dag.py:3229} INFO - Sync 1 DAGs
[2026-09-25T03:09:15.298+0000] {logging_mixin.py:190} INFO - [2026-09-25T03:09:15.298+0000] {dag.py:4156} INFO - Setting next_dagrun for weather_etl to 2026-09-25 02:30:00+00:00, run_after=2026-09-26 02:30:00+00:00
[2026-09-25T03:09:15.313+0000] {processor.py:208} INFO - Processing /opt/airflow/dags/weather_etl.py took 0.097 seconds
[2026-09-25T03:09:45.718+0000] {processor.py:186} INFO - Started process (PID=40430) to work on /opt/airflow/dags/weather_etl.py
[2026-09-25T03:09:45.722+0000] {processor.py:914} INFO - Processing file /opt/airflow/dags/weather_etl.py for tasks to queue
[2026-09-25T03:09:45.725+0000] {logging_mixin.py:190} INFO - [2026-09-25T03:09:45.725+0000] {dagbag.py:587} INFO - Filling up the DagBag from /opt/airflow/dags/weather_etl.py
[2026-09-25T03:09:45.750+0000] {processor.py:925} INFO - DAG(s) 'weather_etl' retrieved from /opt/airflow/dags/weather_etl.py
[2026-09-25T03:09:45.762+0000] {logging_mixin.py:190} INFO - [2026-09-25T03:09:45.762+0000] {dag.py:3229} INFO - Sync 1 DAGs
[2026-09-25T03:09:45.775+0000] {logging_mixin.py:190} INFO - [2026-09-25T03:09:45.775+0000] {dag.py:4156} INFO - Setting next_dagrun for weather_etl to 2026-09-25 02:30:00+00:00, run_after=2026-09-26 02:30:00+00:00
[2026-09-25T03:09:45.783+0000] {processor.py:208} INFO - Processing /opt/airflow/dags/weather_etl.py took 0.073 seconds
[2026-09-25T03:10:16.130+0000] {processor.py:186} INFO - Started process (PID=40441) to work on /opt/airflow/dags/weather_etl.py
[2026-09-25T03:10:16.133+0000] {processor.py:914} INFO - Processing file /opt/airflow/dags/weather_etl.py for tasks to queue
[2026-09-25T03:10:16.136+0000] {logging_mixin.py:190} INFO - [2026-09-25T03:10:16.135+0000] {dagbag.py:587} INFO - Filling up the DagBag from /opt/airflow/dags/weather_etl.py
[2026-09-25T03:10:16.163+0000] {processor.py:925} INFO - DAG(s) 'weather_etl' retrieved from /opt/airflow/dags/weather_etl.py
[2026-09-25T03:10:16.175+0000] {logging_mixin.py:190} INFO - [2026-09-25T03:10:16.175+0000] {dag.py:3229} INFO - Sync 1 DAGs
[2026-09-25T03:10:16.187+0000] {logging_mixin.py:190} INFO - [2026-09-25T03:10:16.187+0000] {dag.py:4156} INFO - Setting next_dagrun for weather_etl to 2026-09-25 02:30:00+00:00, run_after=2026-09-26 02:30:00+00:00
[2026-09-25T03:10:16.194+0000] {processor.py:208} INFO - Processing /opt/airflow/dags/weather_etl.py took 0.073 seconds
[2026-09-25T03:10:46.522+0000] {processor.py:186} INFO - Started process (PID=40452) to work on /opt/airflow/dags/weather_etl.py
[2026-09-25T03:10:46.524+0000] {processor.py:914} INFO - Processing file /opt/airflow/dags/weather_etl.py for tasks to queue
[2026-09-25T03:10:46.527+0000] {logging_mixin.py:190} INFO - [2026-09-25T03:10:46.527+0000] {dagbag.py:587} INFO - Filling up the DagBag from /opt/airflow/dags/weather_etl.py
[2026-09-25T03:10:46.550+0000] {processor.py:925} INFO - DAG(s) 'weather_etl' retrieved from /opt/airflow/dags/weather_etl.py
[2026-09-25T03:10:46.561+0000] {logging_mixin.py:190} INFO - [2026-09-25T03:10:46.560+0000] {dag.py:3229} INFO - Sync 1 DAGs
[2026-09-25T03:10:46.573+0000] {logging_mixin.py:190} INFO - [2026-09-25T03:10:46.572+0000] {dag.py:4156} INFO - Setting next_dagrun for weather_etl to 2026-09-25 02:30:00+00:00, run_after=2026-09-26 02:30:00+00:00
[2026-09-25T03:10:46.580+0000] {processor.py:208} INFO - Processing /opt/airflow/dags/weather_etl.py took 0.066 seconds
[2026-09-25T03:11:16.850+0000] {processor.py:186} INFO - Started process (PID=40463) to work on /opt/airflow/dags/weather_etl.py
[2026-09-25T03:11:16.852+0000] {processor.py:914} INFO - Processing file /opt/airflow/dags/weather_etl.py for tasks to queue
[2026-09-25T03:11:16.854+0000] {logging_mixin.py:190} INFO - [2026-09-25T03:11:16.853+0000] {dagbag.py:587} INFO - Filling up the DagBag from /opt/airflow/dags/weather_etl.py
[2026-09-25T03:11:16.882+0000] {processor.py:925} INFO - DAG(s) 'weather_etl' retrieved from /opt/airflow/dags/weather_etl.py
[2026-09-25T03:11:16.893+0000] {logging_mixin.py:190} INFO - [2026-09-25T03:11:16.893+0000] {dag.py:3229} INFO - Sync 1 DAGs
[2026-09-25T03:11:16.911+0000] {logging_mixin.py:190} INFO - [2026-09-25T03:11:16.910+0000] {dag.py:4156} INFO - Setting next_dagrun for weather_etl to 2026-09-25 02:30:00+00:00, run_after=2026-09-26 02:30:00+00:00
[2026-09-25T03:11:16.919+0000] {processor.py:208} INFO - Processing /opt/airflow/dags/weather_etl.py took 0.077 seconds
[2026-09-25T03:11:47.257+0000] {processor.py:186} INFO - Started process (PID=40474) to work on /opt/airflow/dags/weather_etl.py
[2026-09-25T03:11:47.260+0000] {processor.py:914} INFO - Processing file /opt/airflow/dags/weather_etl.py for tasks to queue
[2026-09-25T03:11:47.263+0000] {logging_mixin.py:190} INFO - [2026-09-25T03:11:47.263+0000] {dagbag.py:587} INFO - Filling up the DagBag from /opt/airflow/dags/weather_etl.py
[2026-09-25T03:11:47.286+0000] {processor.py:925} INFO - DAG(s) 'weather_etl' retrieved from /opt/airflow/dags/weather_etl.py
[2026-09-25T03:11:47.298+0000] {logging_mixin.py:190} INFO - [2026-09-25T03:11:47.298+0000] {dag.py:3229} INFO - Sync 1 DAGs
[2026-09-25T03:11:47.311+0000] {logging_mixin.py:190} INFO - [2026-09-25T03:11:47.311+0000] {dag.py:4156} INFO - Setting next_dagrun for weather_etl to 2026-09-25 02:30:00+00:00, run_after=2026-09-26 02:30:00+00:00
[2026-09-25T03:11:47.319+0000] {processor.py:208} INFO - Processing /opt/airflow/dags/weather_etl.py took 0.070 seconds
[2026-09-25T03:12:17.658+0000] {processor.py:186} INFO - Started process (PID=40485) to work on /opt/airflow/dags/weather_etl.py
[2026-09-25T03:12:17.660+0000] {processor.py:914} INFO - Processing file /opt/airflow/dags/weather_etl.py for tasks to queue
[2026-09-25T03:12:17.662+0000] {logging_mixin.py:190} INFO - [2026-09-25T03:12:17.662+0000] {dagbag.py:587} INFO - Filling up the DagBag from /opt/airflow/dags/weather_etl.py
[2026-09-25T03:12:17.684+0000] {processor.py:925} INFO - DAG(s) 'weather_etl' retrieved from /opt/airflow/dags/weather_etl.py
[2026-09-25T03:12:17.693+0000] {logging_mixin.py:190} INFO - [2026-09-25T03:12:17.693+0000] {dag.py:3229} INFO - Sync 1 DAGs
[2026-09-25T03:12:17.704+0000] {logging_mixin.py:190} INFO - [2026-09-25T03:12:17.704+0000] {dag.py:4156} INFO - Setting next_dagrun for weather_etl to 2026-09-25 02:30:00+00:00, run_after=2026-09-26 02:30:00+00:00
[2026-09-25T03:12:17.711+0000] {processor.py:208} INFO - Processing /opt/airflow/dags/weather_etl.py took 0.061 seconds
[2026-09-25T03:12:48.016+0000] {processor.py:186} INFO - Started process (PID=40496) to work on /opt/airflow/dags/weather_etl.py
[2026-09-25T03:12:48.019+0000] {processor.py:914} INFO - Processing file /opt/airflow/dags/weather_etl.py for tasks to queue
[2026-09-25T03:12:48.022+0000] {logging_mixin.py:190} INFO - [2026-09-25T03:12:48.021+0000] {dagbag.py:587} INFO - Filling up the DagBag from /opt/airflow/dags/weather_etl.py
[2026-09-25T03:12:48.039+0000] {processor.py:925} INFO - DAG(s) 'weather_etl' retrieved from /opt/airflow/dags/weather_etl.py
[2026-09-25T03:12:48.048+0000] {logging_mixin.py:190} INFO - [2026-09-25T03:12:48.048+0000] {dag.py:3229} INFO - Sync 1 DAGs
[2026-09-25T03:12:48.059+0000] {logging_mixin.py:190} INFO - [2026-09-25T03:12:48.059+0000] {dag.py:4156} INFO - Setting next_dagrun for weather_etl to 2026-09-25 02:30:00+00:00, run_after=2026-09-26 02:30:00+00:00
[2026-09-25T03:12:48.065+0000] {processor.py:208} INFO - Processing /opt/airflow/dags/weather_etl.py took 0.054 seconds
[2026-09-25T03:13:18.364+0000] {processor.py:186} INFO - Started process (PID=40507) to work on /opt/airflow/dags/weather_etl.py
[2026-09-25T03:13:18.367+0000] {processor.py:914} INFO - Processing file /opt/airflow/dags/weather_etl.py for tasks to queue
[2026-09-25T03:13:18.370+0000] {logging_mixin.py:190} INFO - [2026-09-25T03:13:18.370+0000] {dagbag.py:587} INFO - Filling up the DagBag from /opt/airflow/dags/weather_etl.py
[2026-09-25T03:13:18.394+0000] {processor.py:925} INFO - DAG(s) 'weather_etl' retrieved from /opt/airflow/dags/weather_etl.py
[2026-09-25T03:13:18.408+0000] {logging_mixin.py:190} INFO - [2026-09-25T03:13:18.407+0000] {dag.py:3229} INFO - Sync 1 DAGs
[2026-09-25T03:13:18.421+0000] {logging_mixin.py:190} INFO - [2026-09-25T03:13:18.421+0000] {dag.py:4156} INFO - Setting next_dagrun for weather_etl to 2026-09-25 02:30:00+00:00, run_after=2026-09-26 02:30:00+00:00
[2026-09-25T03:13:18.429+0000] {processor.py:208} INFO - Processing /opt/airflow/dags/weather_etl.py took 0.073 seconds
[2026-09-25T03:13:48.694+0000] {processor.py:186} INFO - Started process (PID=40518) to work on /opt/airflow/dags/weather_etl.py
[2026-09-25T03:13:48.697+0000] {processor.py:914} INFO - Processing file /opt/airflow/dags/weather_etl.py for tasks to queue
[2026-09-25T03:13:48.699+0000] {logging_mixin.py:190} INFO - [2026-09-25T03:13:48.699+0000] {dagbag.py:587} INFO - Filling up the DagBag from /opt/airflow/dags/weather_etl.py
[2026-09-25T03:13:48.715+0000] {processor.py:925} INFO - DAG(s) 'weather_etl' retrieved from /opt/airflow/dags/weather_etl.py
[2026-09-25T03:13:48.724+0000] {logging_mixin.py:190} INFO - [2026-09-25T03:13:48.723+0000] {dag.py:3229} INFO - Sync 1 DAGs
[2026-09-25T03:13:48.734+0000] {logging_mixin.py:190} INFO - [2026-09-25T03:13:48.734+0000] {dag.py:4156} INFO - Setting next_dagrun for weather_etl to 2026-09-25 02:30:00+00:00, run_after=2026-09-26 02:30:00+00:00
[2026-09-25T03:13:48.740+0000] {processor.py:208} INFO - Processing /opt/airflow/dags/weather_etl.py took 0.052 seconds
[2026-09-25T03:14:19.055+0000] {processor.py:186} INFO - Started process (PID=40535) to work on /opt/airflow/dags/weather_etl.py
[2026-09-25T03:14:19.057+0000] {processor.py:914} INFO - Processing file /opt/airflow/dags/weather_etl.py for tasks to queue
[2026-09-25T03:14:19.059+0000] {logging_mixin.py:190} INFO - [2026-09-25T03:14:19.059+0000] {dagbag.py:587} INFO - Filling up the DagBag from /opt/airflow/dags/weather_etl.py
[2026-09-25T03:14:19.077+0000] {processor.py:925} INFO - DAG(s) 'weather_etl' retrieved from /opt/airflow/dags/weather_etl.py
[2026-09-25T03:14:19.085+0000] {logging_mixin.py:190} INFO - [2026-09-25T03:14:19.085+0000] {dag.py:3229} INFO - Sync 1 DAGs
[2026-09-25T03:14:19.096+0000] {logging_mixin.py:190} INFO - [2026-09-25T03:14:19.096+0000] {dag.py:4156} INFO - Setting next_dagrun for weather_etl to 2026-09-25 02:30:00+00:00, run_after=2026-09-26 02:30:00+00:00
[2026-09-25T03:14:19.102+0000] {processor.py:208} INFO - Processing /opt/airflow/dags/weather_etl.py took 0.053 seconds
[2026-09-25T03:14:49.432+0000] {processor.py:186} INFO - Started process (PID=40546) to work on /opt/airflow/dags/weather_etl.py
[2026-09-25T03:14:49.435+0000] {processor.py:914} INFO - Processing file /opt/airflow/dags/weather_etl.py for tasks to queue
[2026-09-25T03:14:49.437+0000] {logging_mixin.py:190} INFO - [2026-09-25T03:14:49.437+0000] {dagbag.py:587} INFO - Filling up the DagBag from /opt/airflow/dags/weather_etl.py
[2026-09-25T03:14:49.454+0000] {processor.py:925} INFO - DAG(s) 'weather_etl' retrieved from /opt/airflow/dags/weather_etl.py
[2026-09-25T03:14:49.462+0000] {logging_mixin.py:190} INFO - [2026-09-25T03:14:49.462+0000] {dag.py:3229} INFO - Sync 1 DAGs
[2026-09-25T03:14:49.472+0000] {logging_mixin.py:190} INFO - [2026-09-25T03:14:49.472+0000] {dag.py:4156} INFO - Setting next_dagrun for weather_etl to 2026-09-25 02:30:00+00:00, run_after=2026-09-26 02:30:00+00:00
[2026-09-25T03:14:49.478+0000] {processor.py:208} INFO - Processing /opt/airflow/dags/weather_etl.py took 0.052 seconds
[2026-09-25T03:15:19.844+0000] {processor.py:186} INFO - Started process (PID=40557) to work on /opt/airflow/dags/weather_etl.py
[2026-09-25T03:15:19.847+0000] {processor.py:914} INFO - Processing file /opt/airflow/dags/weather_etl.py for tasks to queue
[2026-09-25T03:15:19.850+0000] {logging_mixin.py:190} INFO - [2026-09-25T03:15:19.849+0000] {dagbag.py:587} INFO - Filling up the DagBag from /opt/airflow/dags/weather_etl.py
[2026-09-25T03:15:19.872+0000] {processor.py:925} INFO - DAG(s) 'weather_etl' retrieved from /opt/airflow/dags/weather_etl.py
[2026-09-25T03:15:19.885+0000] {logging_mixin.py:190} INFO - [2026-09-25T03:15:19.884+0000] {dag.py:3229} INFO - Sync 1 DAGs
[2026-09-25T03:15:19.903+0000] {logging_mixin.py:190} INFO - [2026-09-25T03:15:19.903+0000] {dag.py:4156} INFO - Setting next_dagrun for weather_etl to 2026-09-25 02:30:00+00:00, run_after=2026-09-26 02:30:00+00:00
[2026-09-25T03:15:19.915+0000] {processor.py:208} INFO - Processing /opt/airflow/dags/weather_etl.py took 0.079 seconds
[2026-09-25T03:15:50.240+0000] {processor.py:186} INFO - Started process (PID=40568) to work on /opt/airflow/dags/weather_etl.py
[2026-09-25T03:15:50.243+0000] {processor.py:914} INFO - Processing file /opt/airflow/dags/weather_etl.py for tasks to queue
[2026-09-25T03:15:50.246+0000] {logging_mixin.py:190} INFO - [2026-09-25T03:15:50.245+0000] {dagbag.py:587} INFO - Filling up the DagBag from /opt/airflow/dags/weather_etl.py
[2026-09-25T03:15:50.265+0000] {processor.py:925} INFO - DAG(s) 'weather_etl' retrieved from /opt/airflow/dags/weather_etl.py
[2026-09-25T03:15:50.275+0000] {logging_mixin.py:190} INFO - [2026-09-25T03:15:50.275+0000] {dag.py:3229} INFO - Sync 1 DAGs
[2026-09-25T03:15:50.286+0000] {logging_mixin.py:190} INFO - [2026-09-25T03:15:50.286+0000] {dag.py:4156} INFO - Setting next_dagrun for weather_etl to 2026-09-25 02:30:00+00:00, run_after=2026-09-26 02:30:00+00:00
[2026-09-25T03:15:50.292+0000] {processor.py:208} INFO - Processing /opt/airflow/dags/weather_etl.py took 0.059 seconds
[2026-09-25T03:16:20.630+0000] {processor.py:186} INFO - Started process (PID=40579) to work on /opt/airflow/dags/weather_etl.py
[2026-09-25T03:16:20.632+0000] {processor.py:914} INFO - Processing file /opt/airflow/dags/weather_etl.py for tasks to queue
[2026-09-25T03:16:20.635+0000] {logging_mixin.py:190} INFO - [2026-09-25T03:16:20.635+0000] {dagbag.py:587} INFO - Filling up the DagBag from /opt/airflow/dags/weather_etl.py
[2026-09-25T03:16:20.658+0000] {processor.py:925} INFO - DAG(s) 'weather_etl' retrieved from /opt/airflow/dags/weather_etl.py
[2026-09-25T03:16:20.670+0000] {logging_mixin.py:190} INFO - [2026-09-25T03:16:20.670+0000] {dag.py:3229} INFO - Sync 1 DAGs
[2026-09-25T03:16:20.684+0000] {logging_mixin.py:190} INFO - [2026-09-25T03:16:20.684+0000] {dag.py:4156} INFO - Setting next_dagrun for weather_etl to 2026-09-25 02:30:00+00:00, run_after=2026-09-26 02:30:00+00:00
[2026-09-25T03:16:20.692+0000] {processor.py:208} INFO - Processing /opt/airflow/dags/weather_etl.py took 0.069 seconds
[2026-09-25T03:16:50.970+0000] {processor.py:186} INFO - Started process (PID=40590) to work on /opt/airflow/dags/weather_etl.py
[2026-09-25T03:16:50.972+0000] {processor.py:914} INFO - Processing file /opt/airflow/dags/weather_etl.py for tasks to queue
[2026-09-25T03:16:50.974+0000] {logging_mixin.py:190} INFO - [2026-09-25T03:16:50.974+0000] {dagbag.py:587} INFO - Filling up the DagBag from /opt/airflow/dags/weather_etl.py
[2026-09-25T03:16:50.992+0000] {processor.py:925} INFO - DAG(s) 'weather_etl' retrieved from /opt/airflow/dags/weather_etl.py
[2026-09-25T03:16:51.002+0000] {logging_mixin.py:190} INFO - [2026-09-25T03:16:51.002+0000] {dag.py:3229} INFO - Sync 1 DAGs
[2026-09-25T03:16:51.014+0000] {logging_mixin.py:190} INFO - [2026-09-25T03:16:51.014+0000] {dag.py:4156} INFO - Setting next_dagrun for weather_etl to 2026-09-25 02:30:00+00:00, run_after=2026-09-26 02:30:00+00:00
[2026-09-25T03:16:51.021+0000] {processor.py:208} INFO - Processing /opt/airflow/dags/weather_etl.py took 0.056 seconds
[2026-09-25T03:17:21.298+0000] {processor.py:186} INFO - Started process (PID=40601) to work on /opt/airflow/dags/weather_etl.py
[2026-09-25T03:17:21.301+0000] {processor.py:914} INFO - Processing file /opt/airflow/dags/weather_etl.py for tasks to queue
[2026-09-25T03:17:21.304+0000] {logging_mixin.py:190} INFO - [2026-09-25T03:17:21.304+0000] {dagbag.py:587} INFO - Filling up the DagBag from /opt/airflow/dags/weather_etl.py
[2026-09-25T03:17:21.327+0000] {processor.py:925} INFO - DAG(s) 'weather_etl' retrieved from /opt/airflow/dags/weather_etl.py
[2026-09-25T03:17:21.338+0000] {logging_mixin.py:190} INFO - [2026-09-25T03:17:21.338+0000] {dag.py:3229} INFO - Sync 1 DAGs
[2026-09-25T03:17:21.351+0000] {logging_mixin.py:190} INFO - [2026-09-25T03:17:21.351+0000] {dag.py:4156} INFO - Setting next_dagrun for weather_etl to 2026-09-25 02:30:00+00:00, run_after=2026-09-26 02:30:00+00:00
[2026-09-25T03:17:21.359+0000] {processor.py:208} INFO - Processing /opt/airflow/dags/weather_etl.py took 0.066 seconds
[2026-09-25T03:17:51.641+0000] {processor.py:186} INFO - Started process (PID=40612) to work on /opt/airflow/dags/weather_etl.py
[2026-09-25T03:17:51.644+0000] {processor.py:914} INFO - Processing file /opt/airflow/dags/weather_etl.py for tasks to queue
[2026-09-25T03:17:51.647+0000] {logging_mixin.py:190} INFO - [2026-09-25T03:17:51.646+0000] {dagbag.py:587} INFO - Filling up the DagBag from /opt/airflow/dags/weather_etl.py
[2026-09-25T03:17:51.669+0000] {processor.py:925} INFO - DAG(s) 'weather_etl' retrieved from /opt/airflow/dags/weather_etl.py
[2026-09-25T03:17:51.704+0000] {logging_mixin.py:190} INFO - [2026-09-25T03:17:51.702+0000] {dag.py:3229} INFO - Sync 1 DAGs
[2026-09-25T03:17:51.719+0000] {logging_mixin.py:190} INFO - [2026-09-25T03:17:51.718+0000] {dag.py:4156} INFO - Setting next_dagrun for weather_etl to 2026-09-25 02:30:00+00:00, run_after=2026-09-26 02:30:00+00:00
[2026-09-25T03:17:51.731+0000] {processor.py:208} INFO - Processing /opt/airflow/dags/weather_etl.py took 0.096 seconds
[2026-09-25T03:18:22.102+0000] {processor.py:186} INFO - Started process (PID=40623) to work on /opt/airflow/dags/weather_etl.py
[2026-09-25T03:18:22.105+0000] {processor.py:914} INFO - Processing file /opt/airflow/dags/weather_etl.py for tasks to queue
[2026-09-25T03:18:22.112+0000] {logging_mixin.py:190} INFO - [2026-09-25T03:18:22.111+0000] {dagbag.py:587} INFO - Filling up the DagBag from /opt/airflow/dags/weather_etl.py
[2026-09-25T03:18:22.154+0000] {processor.py:925} INFO - DAG(s) 'weather_etl' retrieved from /opt/airflow/dags/weather_etl.py
[2026-09-25T03:18:22.175+0000] {logging_mixin.py:190} INFO - [2026-09-25T03:18:22.174+0000] {dag.py:3229} INFO - Sync 1 DAGs
[2026-09-25T03:18:22.198+0000] {logging_mixin.py:190} INFO - [2026-09-25T03:18:22.197+0000] {dag.py:4156} INFO - Setting next_dagrun for weather_etl to 2026-09-25 02:30:00+00:00, run_after=2026-09-26 02:30:00+00:00
[2026-09-25T03:18:22.210+0000] {processor.py:208} INFO - Processing /opt/airflow/dags/weather_etl.py took 0.121 seconds
[2026-09-25T03:18:52.569+0000] {processor.py:186} INFO - Started process (PID=40634) to work on /opt/airflow/dags/weather_etl.py
[2026-09-25T03:18:52.571+0000] {processor.py:914} INFO - Processing file /opt/airflow/dags/weather_etl.py for tasks to queue
[2026-09-25T03:18:52.577+0000] {logging_mixin.py:190} INFO - [2026-09-25T03:18:52.577+0000] {dagbag.py:587} INFO - Filling up the DagBag from /opt/airflow/dags/weather_etl.py
[2026-09-25T03:18:52.664+0000] {processor.py:925} INFO - DAG(s) 'weather_etl' retrieved from /opt/airflow/dags/weather_etl.py
[2026-09-25T03:18:52.691+0000] {logging_mixin.py:190} INFO - [2026-09-25T03:18:52.690+0000] {dag.py:3229} INFO - Sync 1 DAGs
[2026-09-25T03:18:52.710+0000] {logging_mixin.py:190} INFO - [2026-09-25T03:18:52.710+0000] {dag.py:4156} INFO - Setting next_dagrun for weather_etl to 2026-09-25 02:30:00+00:00, run_after=2026-09-26 02:30:00+00:00
[2026-09-25T03:18:52.722+0000] {processor.py:208} INFO - Processing /opt/airflow/dags/weather_etl.py took 0.167 seconds
[2026-09-25T20:39:14.585+0000] {processor.py:186} INFO - Started process (PID=192) to work on /opt/airflow/dags/weather_etl.py
[2026-09-25T20:39:14.612+0000] {processor.py:914} INFO - Processing file /opt/airflow/dags/weather_etl.py for tasks to queue
[2026-09-25T20:39:14.614+0000] {logging_mixin.py:190} INFO - [2026-09-25T20:39:14.614+0000] {dagbag.py:587} INFO - Filling up the DagBag from /opt/airflow/dags/weather_etl.py
[2026-09-25T20:39:14.642+0000] {processor.py:925} INFO - DAG(s) 'weather_etl' retrieved from /opt/airflow/dags/weather_etl.py
[2026-09-25T20:39:14.660+0000] {logging_mixin.py:190} INFO - [2026-09-25T20:39:14.660+0000] {dag.py:3229} INFO - Sync 1 DAGs
[2026-09-25T20:39:14.678+0000] {logging_mixin.py:190} INFO - [2026-09-25T20:39:14.678+0000] {dag.py:4156} INFO - Setting next_dagrun for weather_etl to 2026-09-25 02:30:00+00:00, run_after=2026-09-26 02:30:00+00:00
[2026-09-25T20:39:14.689+0000] {processor.py:208} INFO - Processing /opt/airflow/dags/weather_etl.py took 0.108 seconds
[2026-09-25T20:39:44.893+0000] {processor.py:186} INFO - Started process (PID=228) to work on /opt/airflow/dags/weather_etl.py
[2026-09-25T20:39:44.895+0000] {processor.py:914} INFO - Processing file /opt/airflow/dags/weather_etl.py for tasks to queue
[2026-09-25T20:39:44.900+0000] {logging_mixin.py:190} INFO - [2026-09-25T20:39:44.899+0000] {dagbag.py:587} INFO - Filling up the DagBag from /opt/airflow/dags/weather_etl.py
[2026-09-25T20:39:44.921+0000] {processor.py:925} INFO - DAG(s) 'weather_etl' retrieved from /opt/airflow/dags/weather_etl.py
[2026-09-25T20:39:44.936+0000] {logging_mixin.py:190} INFO - [2026-09-25T20:39:44.935+0000] {dag.py:3229} INFO - Sync 1 DAGs
[2026-09-25T20:39:44.953+0000] {logging_mixin.py:190} INFO - [2026-09-25T20:39:44.952+0000] {dag.py:4156} INFO - Setting next_dagrun for weather_etl to 2026-09-25 02:30:00+00:00, run_after=2026-09-26 02:30:00+00:00
[2026-09-25T20:39:44.962+0000] {processor.py:208} INFO - Processing /opt/airflow/dags/weather_etl.py took 0.073 seconds
[2026-09-25T20:40:15.161+0000] {processor.py:186} INFO - Started process (PID=254) to work on /opt/airflow/dags/weather_etl.py
[2026-09-25T20:40:15.163+0000] {processor.py:914} INFO - Processing file /opt/airflow/dags/weather_etl.py for tasks to queue
[2026-09-25T20:40:15.164+0000] {logging_mixin.py:190} INFO - [2026-09-25T20:40:15.164+0000] {dagbag.py:587} INFO - Filling up the DagBag from /opt/airflow/dags/weather_etl.py
[2026-09-25T20:40:15.179+0000] {processor.py:925} INFO - DAG(s) 'weather_etl' retrieved from /opt/airflow/dags/weather_etl.py
[2026-09-25T20:40:15.187+0000] {logging_mixin.py:190} INFO - [2026-09-25T20:40:15.187+0000] {dag.py:3229} INFO - Sync 1 DAGs
[2026-09-25T20:40:15.200+0000] {logging_mixin.py:190} INFO - [2026-09-25T20:40:15.200+0000] {dag.py:4156} INFO - Setting next_dagrun for weather_etl to 2026-09-25 02:30:00+00:00, run_after=2026-09-26 02:30:00+00:00
[2026-09-25T20:40:15.206+0000] {processor.py:208} INFO - Processing /opt/airflow/dags/weather_etl.py took 0.049 seconds
[2026-09-25T20:40:45.554+0000] {processor.py:186} INFO - Started process (PID=265) to work on /opt/airflow/dags/weather_etl.py
[2026-09-25T20:40:45.555+0000] {processor.py:914} INFO - Processing file /opt/airflow/dags/weather_etl.py for tasks to queue
[2026-09-25T20:40:45.558+0000] {logging_mixin.py:190} INFO - [2026-09-25T20:40:45.558+0000] {dagbag.py:587} INFO - Filling up the DagBag from /opt/airflow/dags/weather_etl.py
[2026-09-25T20:40:45.579+0000] {processor.py:925} INFO - DAG(s) 'weather_etl' retrieved from /opt/airflow/dags/weather_etl.py
[2026-09-25T20:40:45.590+0000] {logging_mixin.py:190} INFO - [2026-09-25T20:40:45.589+0000] {dag.py:3229} INFO - Sync 1 DAGs
[2026-09-25T20:40:45.602+0000] {logging_mixin.py:190} INFO - [2026-09-25T20:40:45.602+0000] {dag.py:4156} INFO - Setting next_dagrun for weather_etl to 2026-09-25 02:30:00+00:00, run_after=2026-09-26 02:30:00+00:00
[2026-09-25T20:40:45.609+0000] {processor.py:208} INFO - Processing /opt/airflow/dags/weather_etl.py took 0.064 seconds
[2026-09-25T20:41:15.879+0000] {processor.py:186} INFO - Started process (PID=276) to work on /opt/airflow/dags/weather_etl.py
[2026-09-25T20:41:15.883+0000] {processor.py:914} INFO - Processing file /opt/airflow/dags/weather_etl.py for tasks to queue
[2026-09-25T20:41:15.885+0000] {logging_mixin.py:190} INFO - [2026-09-25T20:41:15.885+0000] {dagbag.py:587} INFO - Filling up the DagBag from /opt/airflow/dags/weather_etl.py
[2026-09-25T20:41:15.903+0000] {processor.py:925} INFO - DAG(s) 'weather_etl' retrieved from /opt/airflow/dags/weather_etl.py
[2026-09-25T20:41:15.912+0000] {logging_mixin.py:190} INFO - [2026-09-25T20:41:15.912+0000] {dag.py:3229} INFO - Sync 1 DAGs
[2026-09-25T20:41:15.922+0000] {logging_mixin.py:190} INFO - [2026-09-25T20:41:15.922+0000] {dag.py:4156} INFO - Setting next_dagrun for weather_etl to 2026-09-25 02:30:00+00:00, run_after=2026-09-26 02:30:00+00:00
[2026-09-25T20:41:15.929+0000] {processor.py:208} INFO - Processing /opt/airflow/dags/weather_etl.py took 0.056 seconds
[2026-09-25T20:41:46.261+0000] {processor.py:186} INFO - Started process (PID=287) to work on /opt/airflow/dags/weather_etl.py
[2026-09-25T20:41:46.263+0000] {processor.py:914} INFO - Processing file /opt/airflow/dags/weather_etl.py for tasks to queue
[2026-09-25T20:41:46.267+0000] {logging_mixin.py:190} INFO - [2026-09-25T20:41:46.267+0000] {dagbag.py:587} INFO - Filling up the DagBag from /opt/airflow/dags/weather_etl.py
[2026-09-25T20:41:46.303+0000] {processor.py:925} INFO - DAG(s) 'weather_etl' retrieved from /opt/airflow/dags/weather_etl.py
[2026-09-25T20:41:46.316+0000] {logging_mixin.py:190} INFO - [2026-09-25T20:41:46.316+0000] {dag.py:3229} INFO - Sync 1 DAGs
[2026-09-25T20:41:46.330+0000] {logging_mixin.py:190} INFO - [2026-09-25T20:41:46.329+0000] {dag.py:4156} INFO - Setting next_dagrun for weather_etl to 2026-09-25 02:30:00+00:00, run_after=2026-09-26 02:30:00+00:00
[2026-09-25T20:41:46.337+0000] {processor.py:208} INFO - Processing /opt/airflow/dags/weather_etl.py took 0.084 seconds
[2026-09-25T20:42:07.531+0000] {processor.py:186} INFO - Started process (PID=298) to work on /opt/airflow/dags/weather_etl.py
[2026-09-25T20:42:07.534+0000] {processor.py:914} INFO - Processing file /opt/airflow/dags/weather_etl.py for tasks to queue
[2026-09-25T20:42:07.538+0000] {logging_mixin.py:190} INFO - [2026-09-25T20:42:07.538+0000] {dagbag.py:587} INFO - Filling up the DagBag from /opt/airflow/dags/weather_etl.py
[2026-09-25T20:42:07.569+0000] {processor.py:925} INFO - DAG(s) 'weather_etl' retrieved from /opt/airflow/dags/weather_etl.py
[2026-09-25T20:42:07.582+0000] {logging_mixin.py:190} INFO - [2026-09-25T20:42:07.582+0000] {dag.py:3229} INFO - Sync 1 DAGs
[2026-09-25T20:42:07.598+0000] {logging_mixin.py:190} INFO - [2026-09-25T20:42:07.598+0000] {dag.py:4156} INFO - Setting next_dagrun for weather_etl to 2026-09-25 02:30:00+00:00, run_after=2026-09-26 02:30:00+00:00
[2026-09-25T20:42:07.611+0000] {processor.py:208} INFO - Processing /opt/airflow/dags/weather_etl.py took 0.088 seconds
[2026-09-25T20:42:37.893+0000] {processor.py:186} INFO - Started process (PID=324) to work on /opt/airflow/dags/weather_etl.py
[2026-09-25T20:42:37.898+0000] {processor.py:914} INFO - Processing file /opt/airflow/dags/weather_etl.py for tasks to queue
[2026-09-25T20:42:37.910+0000] {logging_mixin.py:190} INFO - [2026-09-25T20:42:37.909+0000] {dagbag.py:587} INFO - Filling up the DagBag from /opt/airflow/dags/weather_etl.py
[2026-09-25T20:42:37.985+0000] {processor.py:925} INFO - DAG(s) 'weather_etl' retrieved from /opt/airflow/dags/weather_etl.py
[2026-09-25T20:42:38.004+0000] {logging_mixin.py:190} INFO - [2026-09-25T20:42:38.003+0000] {dag.py:3229} INFO - Sync 1 DAGs
[2026-09-25T20:42:38.020+0000] {logging_mixin.py:190} INFO - [2026-09-25T20:42:38.019+0000] {dag.py:4156} INFO - Setting next_dagrun for weather_etl to 2026-09-25 02:30:00+00:00, run_after=2026-09-26 02:30:00+00:00
[2026-09-25T20:42:38.030+0000] {processor.py:208} INFO - Processing /opt/airflow/dags/weather_etl.py took 0.184 seconds
[2026-09-25T20:43:08.260+0000] {processor.py:186} INFO - Started process (PID=335) to work on /opt/airflow/dags/weather_etl.py
[2026-09-25T20:43:08.261+0000] {processor.py:914} INFO - Processing file /opt/airflow/dags/weather_etl.py for tasks to queue
[2026-09-25T20:43:08.265+0000] {logging_mixin.py:190} INFO - [2026-09-25T20:43:08.264+0000] {dagbag.py:587} INFO - Filling up the DagBag from /opt/airflow/dags/weather_etl.py
[2026-09-25T20:43:08.292+0000] {processor.py:925} INFO - DAG(s) 'weather_etl' retrieved from /opt/airflow/dags/weather_etl.py
[2026-09-25T20:43:08.314+0000] {logging_mixin.py:190} INFO - [2026-09-25T20:43:08.313+0000] {dag.py:3229} INFO - Sync 1 DAGs
[2026-09-25T20:43:08.336+0000] {logging_mixin.py:190} INFO - [2026-09-25T20:43:08.336+0000] {dag.py:4156} INFO - Setting next_dagrun for weather_etl to 2026-09-25 02:30:00+00:00, run_after=2026-09-26 02:30:00+00:00
[2026-09-25T20:43:08.345+0000] {processor.py:208} INFO - Processing /opt/airflow/dags/weather_etl.py took 0.094 seconds
[2026-09-25T20:43:38.742+0000] {processor.py:186} INFO - Started process (PID=346) to work on /opt/airflow/dags/weather_etl.py
[2026-09-25T20:43:38.743+0000] {processor.py:914} INFO - Processing file /opt/airflow/dags/weather_etl.py for tasks to queue
[2026-09-25T20:43:38.748+0000] {logging_mixin.py:190} INFO - [2026-09-25T20:43:38.747+0000] {dagbag.py:587} INFO - Filling up the DagBag from /opt/airflow/dags/weather_etl.py
[2026-09-25T20:43:38.814+0000] {processor.py:925} INFO - DAG(s) 'weather_etl' retrieved from /opt/airflow/dags/weather_etl.py
[2026-09-25T20:43:38.832+0000] {logging_mixin.py:190} INFO - [2026-09-25T20:43:38.832+0000] {dag.py:3229} INFO - Sync 1 DAGs
[2026-09-25T20:43:38.851+0000] {logging_mixin.py:190} INFO - [2026-09-25T20:43:38.851+0000] {dag.py:4156} INFO - Setting next_dagrun for weather_etl to 2026-09-25 02:30:00+00:00, run_after=2026-09-26 02:30:00+00:00
[2026-09-25T20:43:38.871+0000] {processor.py:208} INFO - Processing /opt/airflow/dags/weather_etl.py took 0.134 seconds
[2026-09-25T20:44:09.118+0000] {processor.py:186} INFO - Started process (PID=357) to work on /opt/airflow/dags/weather_etl.py
[2026-09-25T20:44:09.120+0000] {processor.py:914} INFO - Processing file /opt/airflow/dags/weather_etl.py for tasks to queue
[2026-09-25T20:44:09.123+0000] {logging_mixin.py:190} INFO - [2026-09-25T20:44:09.122+0000] {dagbag.py:587} INFO - Filling up the DagBag from /opt/airflow/dags/weather_etl.py
[2026-09-25T20:44:09.150+0000] {processor.py:925} INFO - DAG(s) 'weather_etl' retrieved from /opt/airflow/dags/weather_etl.py
[2026-09-25T20:44:09.167+0000] {logging_mixin.py:190} INFO - [2026-09-25T20:44:09.166+0000] {dag.py:3229} INFO - Sync 1 DAGs
[2026-09-25T20:44:09.181+0000] {logging_mixin.py:190} INFO - [2026-09-25T20:44:09.181+0000] {dag.py:4156} INFO - Setting next_dagrun for weather_etl to 2026-09-25 02:30:00+00:00, run_after=2026-09-26 02:30:00+00:00
[2026-09-25T20:44:09.191+0000] {processor.py:208} INFO - Processing /opt/airflow/dags/weather_etl.py took 0.081 seconds
[2026-09-25T20:44:39.582+0000] {processor.py:186} INFO - Started process (PID=368) to work on /opt/airflow/dags/weather_etl.py
[2026-09-25T20:44:39.584+0000] {processor.py:914} INFO - Processing file /opt/airflow/dags/weather_etl.py for tasks to queue
[2026-09-25T20:44:39.595+0000] {logging_mixin.py:190} INFO - [2026-09-25T20:44:39.591+0000] {dagbag.py:587} INFO - Filling up the DagBag from /opt/airflow/dags/weather_etl.py
[2026-09-25T20:44:39.694+0000] {processor.py:925} INFO - DAG(s) 'weather_etl' retrieved from /opt/airflow/dags/weather_etl.py
[2026-09-25T20:44:39.711+0000] {logging_mixin.py:190} INFO - [2026-09-25T20:44:39.710+0000] {dag.py:3229} INFO - Sync 1 DAGs
[2026-09-25T20:44:39.729+0000] {logging_mixin.py:190} INFO - [2026-09-25T20:44:39.728+0000] {dag.py:4156} INFO - Setting next_dagrun for weather_etl to 2026-09-25 02:30:00+00:00, run_after=2026-09-26 02:30:00+00:00
[2026-09-25T20:44:39.737+0000] {processor.py:208} INFO - Processing /opt/airflow/dags/weather_etl.py took 0.171 seconds
[2026-09-25T20:45:09.914+0000] {processor.py:186} INFO - Started process (PID=379) to work on /opt/airflow/dags/weather_etl.py
[2026-09-25T20:45:09.916+0000] {processor.py:914} INFO - Processing file /opt/airflow/dags/weather_etl.py for tasks to queue
[2026-09-25T20:45:09.923+0000] {logging_mixin.py:190} INFO - [2026-09-25T20:45:09.923+0000] {dagbag.py:587} INFO - Filling up the DagBag from /opt/airflow/dags/weather_etl.py
[2026-09-25T20:45:09.962+0000] {processor.py:925} INFO - DAG(s) 'weather_etl' retrieved from /opt/airflow/dags/weather_etl.py
[2026-09-25T20:45:09.975+0000] {logging_mixin.py:190} INFO - [2026-09-25T20:45:09.974+0000] {dag.py:3229} INFO - Sync 1 DAGs
[2026-09-25T20:45:09.988+0000] {logging_mixin.py:190} INFO - [2026-09-25T20:45:09.988+0000] {dag.py:4156} INFO - Setting next_dagrun for weather_etl to 2026-09-25 02:30:00+00:00, run_after=2026-09-26 02:30:00+00:00
[2026-09-25T20:45:09.999+0000] {processor.py:208} INFO - Processing /opt/airflow/dags/weather_etl.py took 0.095 seconds
[2026-09-25T20:45:40.307+0000] {processor.py:186} INFO - Started process (PID=390) to work on /opt/airflow/dags/weather_etl.py
[2026-09-25T20:45:40.308+0000] {processor.py:914} INFO - Processing file /opt/airflow/dags/weather_etl.py for tasks to queue
[2026-09-25T20:45:40.312+0000] {logging_mixin.py:190} INFO - [2026-09-25T20:45:40.311+0000] {dagbag.py:587} INFO - Filling up the DagBag from /opt/airflow/dags/weather_etl.py
[2026-09-25T20:45:40.341+0000] {processor.py:925} INFO - DAG(s) 'weather_etl' retrieved from /opt/airflow/dags/weather_etl.py
[2026-09-25T20:45:40.353+0000] {logging_mixin.py:190} INFO - [2026-09-25T20:45:40.353+0000] {dag.py:3229} INFO - Sync 1 DAGs
[2026-09-25T20:45:40.373+0000] {logging_mixin.py:190} INFO - [2026-09-25T20:45:40.373+0000] {dag.py:4156} INFO - Setting next_dagrun for weather_etl to 2026-09-25 02:30:00+00:00, run_after=2026-09-26 02:30:00+00:00
[2026-09-25T20:45:40.382+0000] {processor.py:208} INFO - Processing /opt/airflow/dags/weather_etl.py took 0.081 seconds
[2026-09-25T20:46:10.718+0000] {processor.py:186} INFO - Started process (PID=401) to work on /opt/airflow/dags/weather_etl.py
[2026-09-25T20:46:10.719+0000] {processor.py:914} INFO - Processing file /opt/airflow/dags/weather_etl.py for tasks to queue
[2026-09-25T20:46:10.722+0000] {logging_mixin.py:190} INFO - [2026-09-25T20:46:10.722+0000] {dagbag.py:587} INFO - Filling up the DagBag from /opt/airflow/dags/weather_etl.py
[2026-09-25T20:46:10.751+0000] {processor.py:925} INFO - DAG(s) 'weather_etl' retrieved from /opt/airflow/dags/weather_etl.py
[2026-09-25T20:46:10.770+0000] {logging_mixin.py:190} INFO - [2026-09-25T20:46:10.768+0000] {dag.py:3229} INFO - Sync 1 DAGs
[2026-09-25T20:46:10.792+0000] {logging_mixin.py:190} INFO - [2026-09-25T20:46:10.792+0000] {dag.py:4156} INFO - Setting next_dagrun for weather_etl to 2026-09-25 02:30:00+00:00, run_after=2026-09-26 02:30:00+00:00
[2026-09-25T20:46:10.805+0000] {processor.py:208} INFO - Processing /opt/airflow/dags/weather_etl.py took 0.096 seconds
[2026-09-25T20:46:41.041+0000] {processor.py:186} INFO - Started process (PID=412) to work on /opt/airflow/dags/weather_etl.py
[2026-09-25T20:46:41.043+0000] {processor.py:914} INFO - Processing file /opt/airflow/dags/weather_etl.py for tasks to queue
[2026-09-25T20:46:41.046+0000] {logging_mixin.py:190} INFO - [2026-09-25T20:46:41.045+0000] {dagbag.py:587} INFO - Filling up the DagBag from /opt/airflow/dags/weather_etl.py
[2026-09-25T20:46:41.071+0000] {processor.py:925} INFO - DAG(s) 'weather_etl' retrieved from /opt/airflow/dags/weather_etl.py
[2026-09-25T20:46:41.084+0000] {logging_mixin.py:190} INFO - [2026-09-25T20:46:41.083+0000] {dag.py:3229} INFO - Sync 1 DAGs
[2026-09-25T20:46:41.095+0000] {logging_mixin.py:190} INFO - [2026-09-25T20:46:41.095+0000] {dag.py:4156} INFO - Setting next_dagrun for weather_etl to 2026-09-25 02:30:00+00:00, run_after=2026-09-26 02:30:00+00:00
[2026-09-25T20:46:41.102+0000] {processor.py:208} INFO - Processing /opt/airflow/dags/weather_etl.py took 0.078 seconds
[2026-09-25T20:47:11.461+0000] {processor.py:186} INFO - Started process (PID=423) to work on /opt/airflow/dags/weather_etl.py
[2026-09-25T20:47:11.466+0000] {processor.py:914} INFO - Processing file /opt/airflow/dags/weather_etl.py for tasks to queue
[2026-09-25T20:47:11.470+0000] {logging_mixin.py:190} INFO - [2026-09-25T20:47:11.469+0000] {dagbag.py:587} INFO - Filling up the DagBag from /opt/airflow/dags/weather_etl.py
[2026-09-25T20:47:11.493+0000] {processor.py:925} INFO - DAG(s) 'weather_etl' retrieved from /opt/airflow/dags/weather_etl.py
[2026-09-25T20:47:11.505+0000] {logging_mixin.py:190} INFO - [2026-09-25T20:47:11.505+0000] {dag.py:3229} INFO - Sync 1 DAGs
[2026-09-25T20:47:11.519+0000] {logging_mixin.py:190} INFO - [2026-09-25T20:47:11.518+0000] {dag.py:4156} INFO - Setting next_dagrun for weather_etl to 2026-09-25 02:30:00+00:00, run_after=2026-09-26 02:30:00+00:00
[2026-09-25T20:47:11.526+0000] {processor.py:208} INFO - Processing /opt/airflow/dags/weather_etl.py took 0.072 seconds
[2026-09-25T20:47:41.913+0000] {processor.py:186} INFO - Started process (PID=434) to work on /opt/airflow/dags/weather_etl.py
[2026-09-25T20:47:41.914+0000] {processor.py:914} INFO - Processing file /opt/airflow/dags/weather_etl.py for tasks to queue
[2026-09-25T20:47:41.922+0000] {logging_mixin.py:190} INFO - [2026-09-25T20:47:41.922+0000] {dagbag.py:587} INFO - Filling up the DagBag from /opt/airflow/dags/weather_etl.py
[2026-09-25T20:47:41.956+0000] {processor.py:925} INFO - DAG(s) 'weather_etl' retrieved from /opt/airflow/dags/weather_etl.py
[2026-09-25T20:47:41.972+0000] {logging_mixin.py:190} INFO - [2026-09-25T20:47:41.972+0000] {dag.py:3229} INFO - Sync 1 DAGs
[2026-09-25T20:47:41.990+0000] {logging_mixin.py:190} INFO - [2026-09-25T20:47:41.990+0000] {dag.py:4156} INFO - Setting next_dagrun for weather_etl to 2026-09-25 02:30:00+00:00, run_after=2026-09-26 02:30:00+00:00
[2026-09-25T20:47:42.003+0000] {processor.py:208} INFO - Processing /opt/airflow/dags/weather_etl.py took 0.097 seconds
[2026-09-25T20:48:12.268+0000] {processor.py:186} INFO - Started process (PID=445) to work on /opt/airflow/dags/weather_etl.py
[2026-09-25T20:48:12.270+0000] {processor.py:914} INFO - Processing file /opt/airflow/dags/weather_etl.py for tasks to queue
[2026-09-25T20:48:12.273+0000] {logging_mixin.py:190} INFO - [2026-09-25T20:48:12.273+0000] {dagbag.py:587} INFO - Filling up the DagBag from /opt/airflow/dags/weather_etl.py
[2026-09-25T20:48:12.299+0000] {processor.py:925} INFO - DAG(s) 'weather_etl' retrieved from /opt/airflow/dags/weather_etl.py
[2026-09-25T20:48:12.310+0000] {logging_mixin.py:190} INFO - [2026-09-25T20:48:12.310+0000] {dag.py:3229} INFO - Sync 1 DAGs
[2026-09-25T20:48:12.323+0000] {logging_mixin.py:190} INFO - [2026-09-25T20:48:12.323+0000] {dag.py:4156} INFO - Setting next_dagrun for weather_etl to 2026-09-25 02:30:00+00:00, run_after=2026-09-26 02:30:00+00:00
[2026-09-25T20:48:12.331+0000] {processor.py:208} INFO - Processing /opt/airflow/dags/weather_etl.py took 0.072 seconds
[2026-09-25T20:48:42.693+0000] {processor.py:186} INFO - Started process (PID=457) to work on /opt/airflow/dags/weather_etl.py
[2026-09-25T20:48:42.696+0000] {processor.py:914} INFO - Processing file /opt/airflow/dags/weather_etl.py for tasks to queue
[2026-09-25T20:48:42.700+0000] {logging_mixin.py:190} INFO - [2026-09-25T20:48:42.699+0000] {dagbag.py:587} INFO - Filling up the DagBag from /opt/airflow/dags/weather_etl.py
[2026-09-25T20:48:42.740+0000] {processor.py:925} INFO - DAG(s) 'weather_etl' retrieved from /opt/airflow/dags/weather_etl.py
[2026-09-25T20:48:42.758+0000] {logging_mixin.py:190} INFO - [2026-09-25T20:48:42.758+0000] {dag.py:3229} INFO - Sync 1 DAGs
[2026-09-25T20:48:42.780+0000] {logging_mixin.py:190} INFO - [2026-09-25T20:48:42.780+0000] {dag.py:4156} INFO - Setting next_dagrun for weather_etl to 2026-09-25 02:30:00+00:00, run_after=2026-09-26 02:30:00+00:00
[2026-09-25T20:48:42.794+0000] {processor.py:208} INFO - Processing /opt/airflow/dags/weather_etl.py took 0.108 seconds
[2026-09-25T20:49:13.087+0000] {processor.py:186} INFO - Started process (PID=468) to work on /opt/airflow/dags/weather_etl.py
[2026-09-25T20:49:13.089+0000] {processor.py:914} INFO - Processing file /opt/airflow/dags/weather_etl.py for tasks to queue
[2026-09-25T20:49:13.094+0000] {logging_mixin.py:190} INFO - [2026-09-25T20:49:13.093+0000] {dagbag.py:587} INFO - Filling up the DagBag from /opt/airflow/dags/weather_etl.py
[2026-09-25T20:49:13.123+0000] {processor.py:925} INFO - DAG(s) 'weather_etl' retrieved from /opt/airflow/dags/weather_etl.py
[2026-09-25T20:49:13.136+0000] {logging_mixin.py:190} INFO - [2026-09-25T20:49:13.136+0000] {dag.py:3229} INFO - Sync 1 DAGs
[2026-09-25T20:49:13.151+0000] {logging_mixin.py:190} INFO - [2026-09-25T20:49:13.151+0000] {dag.py:4156} INFO - Setting next_dagrun for weather_etl to 2026-09-25 02:30:00+00:00, run_after=2026-09-26 02:30:00+00:00
[2026-09-25T20:49:13.160+0000] {processor.py:208} INFO - Processing /opt/airflow/dags/weather_etl.py took 0.083 seconds
[2026-09-25T20:49:43.463+0000] {processor.py:186} INFO - Started process (PID=479) to work on /opt/airflow/dags/weather_etl.py
[2026-09-25T20:49:43.465+0000] {processor.py:914} INFO - Processing file /opt/airflow/dags/weather_etl.py for tasks to queue
[2026-09-25T20:49:43.466+0000] {logging_mixin.py:190} INFO - [2026-09-25T20:49:43.466+0000] {dagbag.py:587} INFO - Filling up the DagBag from /opt/airflow/dags/weather_etl.py
[2026-09-25T20:49:43.480+0000] {processor.py:925} INFO - DAG(s) 'weather_etl' retrieved from /opt/airflow/dags/weather_etl.py
[2026-09-25T20:49:43.487+0000] {logging_mixin.py:190} INFO - [2026-09-25T20:49:43.487+0000] {dag.py:3229} INFO - Sync 1 DAGs
[2026-09-25T20:49:43.498+0000] {logging_mixin.py:190} INFO - [2026-09-25T20:49:43.498+0000] {dag.py:4156} INFO - Setting next_dagrun for weather_etl to 2026-09-25 02:30:00+00:00, run_after=2026-09-26 02:30:00+00:00
[2026-09-25T20:49:43.505+0000] {processor.py:208} INFO - Processing /opt/airflow/dags/weather_etl.py took 0.046 seconds
[2026-09-25T20:50:13.865+0000] {processor.py:186} INFO - Started process (PID=490) to work on /opt/airflow/dags/weather_etl.py
[2026-09-25T20:50:13.867+0000] {processor.py:914} INFO - Processing file /opt/airflow/dags/weather_etl.py for tasks to queue
[2026-09-25T20:50:13.872+0000] {logging_mixin.py:190} INFO - [2026-09-25T20:50:13.872+0000] {dagbag.py:587} INFO - Filling up the DagBag from /opt/airflow/dags/weather_etl.py
[2026-09-25T20:50:13.924+0000] {processor.py:925} INFO - DAG(s) 'weather_etl' retrieved from /opt/airflow/dags/weather_etl.py
[2026-09-25T20:50:13.944+0000] {logging_mixin.py:190} INFO - [2026-09-25T20:50:13.943+0000] {dag.py:3229} INFO - Sync 1 DAGs
[2026-09-25T20:50:13.966+0000] {logging_mixin.py:190} INFO - [2026-09-25T20:50:13.965+0000] {dag.py:4156} INFO - Setting next_dagrun for weather_etl to 2026-09-25 02:30:00+00:00, run_after=2026-09-26 02:30:00+00:00
[2026-09-25T20:50:13.977+0000] {processor.py:208} INFO - Processing /opt/airflow/dags/weather_etl.py took 0.120 seconds
[2026-09-25T20:50:44.213+0000] {processor.py:186} INFO - Started process (PID=501) to work on /opt/airflow/dags/weather_etl.py
[2026-09-25T20:50:44.217+0000] {processor.py:914} INFO - Processing file /opt/airflow/dags/weather_etl.py for tasks to queue
[2026-09-25T20:50:44.221+0000] {logging_mixin.py:190} INFO - [2026-09-25T20:50:44.220+0000] {dagbag.py:587} INFO - Filling up the DagBag from /opt/airflow/dags/weather_etl.py
[2026-09-25T20:50:44.251+0000] {processor.py:925} INFO - DAG(s) 'weather_etl' retrieved from /opt/airflow/dags/weather_etl.py
[2026-09-25T20:50:44.267+0000] {logging_mixin.py:190} INFO - [2026-09-25T20:50:44.267+0000] {dag.py:3229} INFO - Sync 1 DAGs
[2026-09-25T20:50:44.283+0000] {logging_mixin.py:190} INFO - [2026-09-25T20:50:44.283+0000] {dag.py:4156} INFO - Setting next_dagrun for weather_etl to 2026-09-25 02:30:00+00:00, run_after=2026-09-26 02:30:00+00:00
[2026-09-25T20:50:44.291+0000] {processor.py:208} INFO - Processing /opt/airflow/dags/weather_etl.py took 0.088 seconds
[2026-09-25T20:51:14.648+0000] {processor.py:186} INFO - Started process (PID=512) to work on /opt/airflow/dags/weather_etl.py
[2026-09-25T20:51:14.650+0000] {processor.py:914} INFO - Processing file /opt/airflow/dags/weather_etl.py for tasks to queue
[2026-09-25T20:51:14.653+0000] {logging_mixin.py:190} INFO - [2026-09-25T20:51:14.653+0000] {dagbag.py:587} INFO - Filling up the DagBag from /opt/airflow/dags/weather_etl.py
[2026-09-25T20:51:14.677+0000] {processor.py:925} INFO - DAG(s) 'weather_etl' retrieved from /opt/airflow/dags/weather_etl.py
[2026-09-25T20:51:14.690+0000] {logging_mixin.py:190} INFO - [2026-09-25T20:51:14.690+0000] {dag.py:3229} INFO - Sync 1 DAGs
[2026-09-25T20:51:14.703+0000] {logging_mixin.py:190} INFO - [2026-09-25T20:51:14.702+0000] {dag.py:4156} INFO - Setting next_dagrun for weather_etl to 2026-09-25 02:30:00+00:00, run_after=2026-09-26 02:30:00+00:00
[2026-09-25T20:51:14.710+0000] {processor.py:208} INFO - Processing /opt/airflow/dags/weather_etl.py took 0.070 seconds
[2026-09-25T20:51:44.981+0000] {processor.py:186} INFO - Started process (PID=523) to work on /opt/airflow/dags/weather_etl.py
[2026-09-25T20:51:44.983+0000] {processor.py:914} INFO - Processing file /opt/airflow/dags/weather_etl.py for tasks to queue
[2026-09-25T20:51:44.986+0000] {logging_mixin.py:190} INFO - [2026-09-25T20:51:44.986+0000] {dagbag.py:587} INFO - Filling up the DagBag from /opt/airflow/dags/weather_etl.py
[2026-09-25T20:51:45.010+0000] {logging_mixin.py:190} INFO - [2026-09-25T20:51:45.005+0000] {dagbag.py:386} ERROR - Failed to import: /opt/airflow/dags/weather_etl.py
Traceback (most recent call last):
  File "/home/airflow/.local/lib/python3.12/site-packages/airflow/models/dagbag.py", line 382, in parse
    loader.exec_module(new_module)
  File "<frozen importlib._bootstrap_external>", line 995, in exec_module
  File "<frozen importlib._bootstrap>", line 488, in _call_with_frames_removed
  File "/opt/airflow/dags/weather_etl.py", line 110, in <module>
    latitude = float(Variable.get("LATITUDE"))
                     ^^^^^^^^^^^^^^^^^^^^^^^^
  File "/home/airflow/.local/lib/python3.12/site-packages/airflow/models/variable.py", line 145, in get
    raise KeyError(f"Variable {key} does not exist")
KeyError: 'Variable LATITUDE does not exist'
[2026-09-25T20:51:45.010+0000] {processor.py:927} WARNING - No viable dags retrieved from /opt/airflow/dags/weather_etl.py
[2026-09-25T20:51:45.022+0000] {processor.py:208} INFO - Processing /opt/airflow/dags/weather_etl.py took 0.048 seconds
[2026-09-25T20:52:15.325+0000] {processor.py:186} INFO - Started process (PID=534) to work on /opt/airflow/dags/weather_etl.py
[2026-09-25T20:52:15.327+0000] {processor.py:914} INFO - Processing file /opt/airflow/dags/weather_etl.py for tasks to queue
[2026-09-25T20:52:15.332+0000] {logging_mixin.py:190} INFO - [2026-09-25T20:52:15.331+0000] {dagbag.py:587} INFO - Filling up the DagBag from /opt/airflow/dags/weather_etl.py
[2026-09-25T20:52:15.354+0000] {logging_mixin.py:190} INFO - [2026-09-25T20:52:15.353+0000] {dagbag.py:386} ERROR - Failed to import: /opt/airflow/dags/weather_etl.py
Traceback (most recent call last):
  File "/home/airflow/.local/lib/python3.12/site-packages/airflow/models/dagbag.py", line 382, in parse
    loader.exec_module(new_module)
  File "<frozen importlib._bootstrap_external>", line 995, in exec_module
  File "<frozen importlib._bootstrap>", line 488, in _call_with_frames_removed
  File "/opt/airflow/dags/weather_etl.py", line 110, in <module>
    latitude = float(Variable.get("LATITUDE"))
                     ^^^^^^^^^^^^^^^^^^^^^^^^
  File "/home/airflow/.local/lib/python3.12/site-packages/airflow/models/variable.py", line 145, in get
    raise KeyError(f"Variable {key} does not exist")
KeyError: 'Variable LATITUDE does not exist'
[2026-09-25T20:52:15.354+0000] {processor.py:927} WARNING - No viable dags retrieved from /opt/airflow/dags/weather_etl.py
[2026-09-25T20:52:15.360+0000] {processor.py:208} INFO - Processing /opt/airflow/dags/weather_etl.py took 0.044 seconds
[2026-09-25T20:52:45.705+0000] {processor.py:186} INFO - Started process (PID=545) to work on /opt/airflow/dags/weather_etl.py
[2026-09-25T20:52:45.707+0000] {processor.py:914} INFO - Processing file /opt/airflow/dags/weather_etl.py for tasks to queue
[2026-09-25T20:52:45.708+0000] {logging_mixin.py:190} INFO - [2026-09-25T20:52:45.707+0000] {dagbag.py:587} INFO - Filling up the DagBag from /opt/airflow/dags/weather_etl.py
[2026-09-25T20:52:45.732+0000] {logging_mixin.py:190} INFO - [2026-09-25T20:52:45.731+0000] {dagbag.py:386} ERROR - Failed to import: /opt/airflow/dags/weather_etl.py
Traceback (most recent call last):
  File "/home/airflow/.local/lib/python3.12/site-packages/airflow/models/dagbag.py", line 382, in parse
    loader.exec_module(new_module)
  File "<frozen importlib._bootstrap_external>", line 995, in exec_module
  File "<frozen importlib._bootstrap>", line 488, in _call_with_frames_removed
  File "/opt/airflow/dags/weather_etl.py", line 110, in <module>
    latitude = float(Variable.get("LATITUDE"))
                     ^^^^^^^^^^^^^^^^^^^^^^^^
  File "/home/airflow/.local/lib/python3.12/site-packages/airflow/models/variable.py", line 145, in get
    raise KeyError(f"Variable {key} does not exist")
KeyError: 'Variable LATITUDE does not exist'
[2026-09-25T20:52:45.732+0000] {processor.py:927} WARNING - No viable dags retrieved from /opt/airflow/dags/weather_etl.py
[2026-09-25T20:52:45.738+0000] {processor.py:208} INFO - Processing /opt/airflow/dags/weather_etl.py took 0.040 seconds
[2026-09-25T20:53:16.086+0000] {processor.py:186} INFO - Started process (PID=556) to work on /opt/airflow/dags/weather_etl.py
[2026-09-25T20:53:16.088+0000] {processor.py:914} INFO - Processing file /opt/airflow/dags/weather_etl.py for tasks to queue
[2026-09-25T20:53:16.089+0000] {logging_mixin.py:190} INFO - [2026-09-25T20:53:16.088+0000] {dagbag.py:587} INFO - Filling up the DagBag from /opt/airflow/dags/weather_etl.py
[2026-09-25T20:53:16.106+0000] {logging_mixin.py:190} INFO - [2026-09-25T20:53:16.105+0000] {dagbag.py:386} ERROR - Failed to import: /opt/airflow/dags/weather_etl.py
Traceback (most recent call last):
  File "/home/airflow/.local/lib/python3.12/site-packages/airflow/models/dagbag.py", line 382, in parse
    loader.exec_module(new_module)
  File "<frozen importlib._bootstrap_external>", line 995, in exec_module
  File "<frozen importlib._bootstrap>", line 488, in _call_with_frames_removed
  File "/opt/airflow/dags/weather_etl.py", line 110, in <module>
    latitude = float(Variable.get("LATITUDE"))
                     ^^^^^^^^^^^^^^^^^^^^^^^^
  File "/home/airflow/.local/lib/python3.12/site-packages/airflow/models/variable.py", line 145, in get
    raise KeyError(f"Variable {key} does not exist")
KeyError: 'Variable LATITUDE does not exist'
[2026-09-25T20:53:16.106+0000] {processor.py:927} WARNING - No viable dags retrieved from /opt/airflow/dags/weather_etl.py
[2026-09-25T20:53:16.111+0000] {processor.py:208} INFO - Processing /opt/airflow/dags/weather_etl.py took 0.032 seconds
[2026-09-25T20:53:46.440+0000] {processor.py:186} INFO - Started process (PID=567) to work on /opt/airflow/dags/weather_etl.py
[2026-09-25T20:53:46.442+0000] {processor.py:914} INFO - Processing file /opt/airflow/dags/weather_etl.py for tasks to queue
[2026-09-25T20:53:46.443+0000] {logging_mixin.py:190} INFO - [2026-09-25T20:53:46.443+0000] {dagbag.py:587} INFO - Filling up the DagBag from /opt/airflow/dags/weather_etl.py
[2026-09-25T20:53:46.456+0000] {logging_mixin.py:190} INFO - [2026-09-25T20:53:46.455+0000] {dagbag.py:386} ERROR - Failed to import: /opt/airflow/dags/weather_etl.py
Traceback (most recent call last):
  File "/home/airflow/.local/lib/python3.12/site-packages/airflow/models/dagbag.py", line 382, in parse
    loader.exec_module(new_module)
  File "<frozen importlib._bootstrap_external>", line 995, in exec_module
  File "<frozen importlib._bootstrap>", line 488, in _call_with_frames_removed
  File "/opt/airflow/dags/weather_etl.py", line 110, in <module>
    latitude = float(Variable.get("LATITUDE"))
                     ^^^^^^^^^^^^^^^^^^^^^^^^
  File "/home/airflow/.local/lib/python3.12/site-packages/airflow/models/variable.py", line 145, in get
    raise KeyError(f"Variable {key} does not exist")
KeyError: 'Variable LATITUDE does not exist'
[2026-09-25T20:53:46.456+0000] {processor.py:927} WARNING - No viable dags retrieved from /opt/airflow/dags/weather_etl.py
[2026-09-25T20:53:46.461+0000] {processor.py:208} INFO - Processing /opt/airflow/dags/weather_etl.py took 0.025 seconds
[2026-09-25T20:54:16.876+0000] {processor.py:186} INFO - Started process (PID=578) to work on /opt/airflow/dags/weather_etl.py
[2026-09-25T20:54:16.879+0000] {processor.py:914} INFO - Processing file /opt/airflow/dags/weather_etl.py for tasks to queue
[2026-09-25T20:54:16.880+0000] {logging_mixin.py:190} INFO - [2026-09-25T20:54:16.880+0000] {dagbag.py:587} INFO - Filling up the DagBag from /opt/airflow/dags/weather_etl.py
[2026-09-25T20:54:16.902+0000] {logging_mixin.py:190} INFO - [2026-09-25T20:54:16.900+0000] {dagbag.py:386} ERROR - Failed to import: /opt/airflow/dags/weather_etl.py
Traceback (most recent call last):
  File "/home/airflow/.local/lib/python3.12/site-packages/airflow/models/dagbag.py", line 382, in parse
    loader.exec_module(new_module)
  File "<frozen importlib._bootstrap_external>", line 995, in exec_module
  File "<frozen importlib._bootstrap>", line 488, in _call_with_frames_removed
  File "/opt/airflow/dags/weather_etl.py", line 110, in <module>
    latitude = float(Variable.get("LATITUDE"))
                     ^^^^^^^^^^^^^^^^^^^^^^^^
  File "/home/airflow/.local/lib/python3.12/site-packages/airflow/models/variable.py", line 145, in get
    raise KeyError(f"Variable {key} does not exist")
KeyError: 'Variable LATITUDE does not exist'
[2026-09-25T20:54:16.902+0000] {processor.py:927} WARNING - No viable dags retrieved from /opt/airflow/dags/weather_etl.py
[2026-09-25T20:54:16.909+0000] {processor.py:208} INFO - Processing /opt/airflow/dags/weather_etl.py took 0.041 seconds
[2026-09-25T20:54:39.140+0000] {processor.py:186} INFO - Started process (PID=589) to work on /opt/airflow/dags/weather_etl.py
[2026-09-25T20:54:39.143+0000] {processor.py:914} INFO - Processing file /opt/airflow/dags/weather_etl.py for tasks to queue
[2026-09-25T20:54:39.145+0000] {logging_mixin.py:190} INFO - [2026-09-25T20:54:39.144+0000] {dagbag.py:587} INFO - Filling up the DagBag from /opt/airflow/dags/weather_etl.py
[2026-09-25T20:54:39.167+0000] {logging_mixin.py:190} INFO - [2026-09-25T20:54:39.166+0000] {dagbag.py:386} ERROR - Failed to import: /opt/airflow/dags/weather_etl.py
Traceback (most recent call last):
  File "/home/airflow/.local/lib/python3.12/site-packages/airflow/models/dagbag.py", line 382, in parse
    loader.exec_module(new_module)
  File "<frozen importlib._bootstrap_external>", line 995, in exec_module
  File "<frozen importlib._bootstrap>", line 488, in _call_with_frames_removed
  File "/opt/airflow/dags/weather_etl.py", line 110, in <module>
    latitude = float(Variable.get("LATITUDE"))
                     ^^^^^^^^^^^^^^^^^^^^^^^^
  File "/home/airflow/.local/lib/python3.12/site-packages/airflow/models/variable.py", line 145, in get
    raise KeyError(f"Variable {key} does not exist")
KeyError: 'Variable LATITUDE does not exist'
[2026-09-25T20:54:39.168+0000] {processor.py:927} WARNING - No viable dags retrieved from /opt/airflow/dags/weather_etl.py
[2026-09-25T20:54:39.175+0000] {processor.py:208} INFO - Processing /opt/airflow/dags/weather_etl.py took 0.042 seconds
[2026-09-25T20:55:09.518+0000] {processor.py:186} INFO - Started process (PID=600) to work on /opt/airflow/dags/weather_etl.py
[2026-09-25T20:55:09.521+0000] {processor.py:914} INFO - Processing file /opt/airflow/dags/weather_etl.py for tasks to queue
[2026-09-25T20:55:09.522+0000] {logging_mixin.py:190} INFO - [2026-09-25T20:55:09.521+0000] {dagbag.py:587} INFO - Filling up the DagBag from /opt/airflow/dags/weather_etl.py
[2026-09-25T20:55:09.540+0000] {logging_mixin.py:190} INFO - [2026-09-25T20:55:09.539+0000] {dagbag.py:386} ERROR - Failed to import: /opt/airflow/dags/weather_etl.py
Traceback (most recent call last):
  File "/home/airflow/.local/lib/python3.12/site-packages/airflow/models/dagbag.py", line 382, in parse
    loader.exec_module(new_module)
  File "<frozen importlib._bootstrap_external>", line 995, in exec_module
  File "<frozen importlib._bootstrap>", line 488, in _call_with_frames_removed
  File "/opt/airflow/dags/weather_etl.py", line 110, in <module>
    latitude = float(Variable.get("LATITUDE"))
                     ^^^^^^^^^^^^^^^^^^^^^^^^
  File "/home/airflow/.local/lib/python3.12/site-packages/airflow/models/variable.py", line 145, in get
    raise KeyError(f"Variable {key} does not exist")
KeyError: 'Variable LATITUDE does not exist'
[2026-09-25T20:55:09.540+0000] {processor.py:927} WARNING - No viable dags retrieved from /opt/airflow/dags/weather_etl.py
[2026-09-25T20:55:09.546+0000] {processor.py:208} INFO - Processing /opt/airflow/dags/weather_etl.py took 0.034 seconds
[2026-09-25T20:55:20.650+0000] {processor.py:186} INFO - Started process (PID=605) to work on /opt/airflow/dags/weather_etl.py
[2026-09-25T20:55:20.653+0000] {processor.py:914} INFO - Processing file /opt/airflow/dags/weather_etl.py for tasks to queue
[2026-09-25T20:55:20.654+0000] {logging_mixin.py:190} INFO - [2026-09-25T20:55:20.653+0000] {dagbag.py:587} INFO - Filling up the DagBag from /opt/airflow/dags/weather_etl.py
[2026-09-25T20:55:20.672+0000] {logging_mixin.py:190} INFO - [2026-09-25T20:55:20.671+0000] {dagbag.py:386} ERROR - Failed to import: /opt/airflow/dags/weather_etl.py
Traceback (most recent call last):
  File "/home/airflow/.local/lib/python3.12/site-packages/airflow/models/dagbag.py", line 382, in parse
    loader.exec_module(new_module)
  File "<frozen importlib._bootstrap_external>", line 995, in exec_module
  File "<frozen importlib._bootstrap>", line 488, in _call_with_frames_removed
  File "/opt/airflow/dags/weather_etl.py", line 112, in <module>
    latitude = float(Variable.get("LATITUDE"))
                     ^^^^^^^^^^^^^^^^^^^^^^^^
  File "/home/airflow/.local/lib/python3.12/site-packages/airflow/models/variable.py", line 145, in get
    raise KeyError(f"Variable {key} does not exist")
KeyError: 'Variable LATITUDE does not exist'
[2026-09-25T20:55:20.673+0000] {processor.py:927} WARNING - No viable dags retrieved from /opt/airflow/dags/weather_etl.py
[2026-09-25T20:55:20.679+0000] {processor.py:208} INFO - Processing /opt/airflow/dags/weather_etl.py took 0.035 seconds
[2026-09-25T20:55:38.949+0000] {processor.py:186} INFO - Started process (PID=616) to work on /opt/airflow/dags/weather_etl.py
[2026-09-25T20:55:38.953+0000] {processor.py:914} INFO - Processing file /opt/airflow/dags/weather_etl.py for tasks to queue
[2026-09-25T20:55:38.954+0000] {logging_mixin.py:190} INFO - [2026-09-25T20:55:38.954+0000] {dagbag.py:587} INFO - Filling up the DagBag from /opt/airflow/dags/weather_etl.py
[2026-09-25T20:55:38.974+0000] {logging_mixin.py:190} INFO - [2026-09-25T20:55:38.973+0000] {dagbag.py:386} ERROR - Failed to import: /opt/airflow/dags/weather_etl.py
Traceback (most recent call last):
  File "/home/airflow/.local/lib/python3.12/site-packages/airflow/models/dagbag.py", line 382, in parse
    loader.exec_module(new_module)
  File "<frozen importlib._bootstrap_external>", line 995, in exec_module
  File "<frozen importlib._bootstrap>", line 488, in _call_with_frames_removed
  File "/opt/airflow/dags/weather_etl.py", line 113, in <module>
    latitude = float(Variable.get("LATITUDE"))
                     ^^^^^^^^^^^^^^^^^^^^^^^^
  File "/home/airflow/.local/lib/python3.12/site-packages/airflow/models/variable.py", line 145, in get
    raise KeyError(f"Variable {key} does not exist")
KeyError: 'Variable LATITUDE does not exist'
[2026-09-25T20:55:38.975+0000] {processor.py:927} WARNING - No viable dags retrieved from /opt/airflow/dags/weather_etl.py
[2026-09-25T20:55:38.981+0000] {processor.py:208} INFO - Processing /opt/airflow/dags/weather_etl.py took 0.039 seconds
[2026-09-25T20:55:47.093+0000] {processor.py:186} INFO - Started process (PID=621) to work on /opt/airflow/dags/weather_etl.py
[2026-09-25T20:55:47.095+0000] {processor.py:914} INFO - Processing file /opt/airflow/dags/weather_etl.py for tasks to queue
[2026-09-25T20:55:47.095+0000] {logging_mixin.py:190} INFO - [2026-09-25T20:55:47.095+0000] {dagbag.py:587} INFO - Filling up the DagBag from /opt/airflow/dags/weather_etl.py
[2026-09-25T20:55:47.112+0000] {logging_mixin.py:190} INFO - [2026-09-25T20:55:47.110+0000] {dagbag.py:386} ERROR - Failed to import: /opt/airflow/dags/weather_etl.py
Traceback (most recent call last):
  File "/home/airflow/.local/lib/python3.12/site-packages/airflow/models/dagbag.py", line 382, in parse
    loader.exec_module(new_module)
  File "<frozen importlib._bootstrap_external>", line 995, in exec_module
  File "<frozen importlib._bootstrap>", line 488, in _call_with_frames_removed
  File "/opt/airflow/dags/weather_etl.py", line 113, in <module>
    latitude = float(Variable.get("LATITUDE"))
                     ^^^^^^^^^^^^^^^^^^^^^^^^
  File "/home/airflow/.local/lib/python3.12/site-packages/airflow/models/variable.py", line 145, in get
    raise KeyError(f"Variable {key} does not exist")
KeyError: 'Variable LATITUDE does not exist'
[2026-09-25T20:55:47.112+0000] {processor.py:927} WARNING - No viable dags retrieved from /opt/airflow/dags/weather_etl.py
[2026-09-25T20:55:47.118+0000] {processor.py:208} INFO - Processing /opt/airflow/dags/weather_etl.py took 0.029 seconds
[2026-09-25T20:55:56.229+0000] {processor.py:186} INFO - Started process (PID=632) to work on /opt/airflow/dags/weather_etl.py
[2026-09-25T20:55:56.233+0000] {processor.py:914} INFO - Processing file /opt/airflow/dags/weather_etl.py for tasks to queue
[2026-09-25T20:55:56.235+0000] {logging_mixin.py:190} INFO - [2026-09-25T20:55:56.234+0000] {dagbag.py:587} INFO - Filling up the DagBag from /opt/airflow/dags/weather_etl.py
[2026-09-25T20:55:56.259+0000] {logging_mixin.py:190} INFO - [2026-09-25T20:55:56.258+0000] {dagbag.py:386} ERROR - Failed to import: /opt/airflow/dags/weather_etl.py
Traceback (most recent call last):
  File "/home/airflow/.local/lib/python3.12/site-packages/airflow/models/dagbag.py", line 382, in parse
    loader.exec_module(new_module)
  File "<frozen importlib._bootstrap_external>", line 995, in exec_module
  File "<frozen importlib._bootstrap>", line 488, in _call_with_frames_removed
  File "/opt/airflow/dags/weather_etl.py", line 114, in <module>
    latitude = float(Variable.get("LATITUDE"))
                     ^^^^^^^^^^^^^^^^^^^^^^^^
  File "/home/airflow/.local/lib/python3.12/site-packages/airflow/models/variable.py", line 145, in get
    raise KeyError(f"Variable {key} does not exist")
KeyError: 'Variable LATITUDE does not exist'
[2026-09-25T20:55:56.259+0000] {processor.py:927} WARNING - No viable dags retrieved from /opt/airflow/dags/weather_etl.py
[2026-09-25T20:55:56.266+0000] {processor.py:208} INFO - Processing /opt/airflow/dags/weather_etl.py took 0.045 seconds
[2026-09-25T20:56:09.373+0000] {processor.py:186} INFO - Started process (PID=637) to work on /opt/airflow/dags/weather_etl.py
[2026-09-25T20:56:09.377+0000] {processor.py:914} INFO - Processing file /opt/airflow/dags/weather_etl.py for tasks to queue
[2026-09-25T20:56:09.378+0000] {logging_mixin.py:190} INFO - [2026-09-25T20:56:09.377+0000] {dagbag.py:587} INFO - Filling up the DagBag from /opt/airflow/dags/weather_etl.py
[2026-09-25T20:56:09.396+0000] {logging_mixin.py:190} INFO - [2026-09-25T20:56:09.395+0000] {dagbag.py:386} ERROR - Failed to import: /opt/airflow/dags/weather_etl.py
Traceback (most recent call last):
  File "/home/airflow/.local/lib/python3.12/site-packages/airflow/models/dagbag.py", line 382, in parse
    loader.exec_module(new_module)
  File "<frozen importlib._bootstrap_external>", line 995, in exec_module
  File "<frozen importlib._bootstrap>", line 488, in _call_with_frames_removed
  File "/opt/airflow/dags/weather_etl.py", line 114, in <module>
    latitude = float(Variable.get("LATITUDE"))
                     ^^^^^^^^^^^^^^^^^^^^^^^^
  File "/home/airflow/.local/lib/python3.12/site-packages/airflow/models/variable.py", line 145, in get
    raise KeyError(f"Variable {key} does not exist")
KeyError: 'Variable LATITUDE does not exist'
[2026-09-25T20:56:09.396+0000] {processor.py:927} WARNING - No viable dags retrieved from /opt/airflow/dags/weather_etl.py
[2026-09-25T20:56:09.401+0000] {processor.py:208} INFO - Processing /opt/airflow/dags/weather_etl.py took 0.034 seconds
[2026-09-25T20:56:14.460+0000] {processor.py:186} INFO - Started process (PID=642) to work on /opt/airflow/dags/weather_etl.py
[2026-09-25T20:56:14.462+0000] {processor.py:914} INFO - Processing file /opt/airflow/dags/weather_etl.py for tasks to queue
[2026-09-25T20:56:14.463+0000] {logging_mixin.py:190} INFO - [2026-09-25T20:56:14.462+0000] {dagbag.py:587} INFO - Filling up the DagBag from /opt/airflow/dags/weather_etl.py
[2026-09-25T20:56:14.480+0000] {logging_mixin.py:190} INFO - [2026-09-25T20:56:14.479+0000] {dagbag.py:386} ERROR - Failed to import: /opt/airflow/dags/weather_etl.py
Traceback (most recent call last):
  File "/home/airflow/.local/lib/python3.12/site-packages/airflow/models/dagbag.py", line 382, in parse
    loader.exec_module(new_module)
  File "<frozen importlib._bootstrap_external>", line 995, in exec_module
  File "<frozen importlib._bootstrap>", line 488, in _call_with_frames_removed
  File "/opt/airflow/dags/weather_etl.py", line 114, in <module>
    latitude = float(Variable.get("LATITUDE"))
                     ^^^^^^^^^^^^^^^^^^^^^^^^
  File "/home/airflow/.local/lib/python3.12/site-packages/airflow/models/variable.py", line 145, in get
    raise KeyError(f"Variable {key} does not exist")
KeyError: 'Variable LATITUDE does not exist'
[2026-09-25T20:56:14.480+0000] {processor.py:927} WARNING - No viable dags retrieved from /opt/airflow/dags/weather_etl.py
[2026-09-25T20:56:14.486+0000] {processor.py:208} INFO - Processing /opt/airflow/dags/weather_etl.py took 0.034 seconds
[2026-09-25T20:56:20.553+0000] {processor.py:186} INFO - Started process (PID=647) to work on /opt/airflow/dags/weather_etl.py
[2026-09-25T20:56:20.557+0000] {processor.py:914} INFO - Processing file /opt/airflow/dags/weather_etl.py for tasks to queue
[2026-09-25T20:56:20.558+0000] {logging_mixin.py:190} INFO - [2026-09-25T20:56:20.557+0000] {dagbag.py:587} INFO - Filling up the DagBag from /opt/airflow/dags/weather_etl.py
[2026-09-25T20:56:20.581+0000] {logging_mixin.py:190} INFO - [2026-09-25T20:56:20.580+0000] {dagbag.py:386} ERROR - Failed to import: /opt/airflow/dags/weather_etl.py
Traceback (most recent call last):
  File "/home/airflow/.local/lib/python3.12/site-packages/airflow/models/dagbag.py", line 382, in parse
    loader.exec_module(new_module)
  File "<frozen importlib._bootstrap_external>", line 995, in exec_module
  File "<frozen importlib._bootstrap>", line 488, in _call_with_frames_removed
  File "/opt/airflow/dags/weather_etl.py", line 114, in <module>
    latitude = float(Variable.get("LATITUDE"))
                     ^^^^^^^^^^^^^^^^^^^^^^^^
  File "/home/airflow/.local/lib/python3.12/site-packages/airflow/models/variable.py", line 145, in get
    raise KeyError(f"Variable {key} does not exist")
KeyError: 'Variable LATITUDE does not exist'
[2026-09-25T20:56:20.581+0000] {processor.py:927} WARNING - No viable dags retrieved from /opt/airflow/dags/weather_etl.py
[2026-09-25T20:56:20.586+0000] {processor.py:208} INFO - Processing /opt/airflow/dags/weather_etl.py took 0.041 seconds
[2026-09-25T20:56:37.782+0000] {processor.py:186} INFO - Started process (PID=658) to work on /opt/airflow/dags/weather_etl.py
[2026-09-25T20:56:37.786+0000] {processor.py:914} INFO - Processing file /opt/airflow/dags/weather_etl.py for tasks to queue
[2026-09-25T20:56:37.787+0000] {logging_mixin.py:190} INFO - [2026-09-25T20:56:37.787+0000] {dagbag.py:587} INFO - Filling up the DagBag from /opt/airflow/dags/weather_etl.py
[2026-09-25T20:56:37.805+0000] {logging_mixin.py:190} INFO - [2026-09-25T20:56:37.804+0000] {dagbag.py:386} ERROR - Failed to import: /opt/airflow/dags/weather_etl.py
Traceback (most recent call last):
  File "/home/airflow/.local/lib/python3.12/site-packages/airflow/models/dagbag.py", line 382, in parse
    loader.exec_module(new_module)
  File "<frozen importlib._bootstrap_external>", line 995, in exec_module
  File "<frozen importlib._bootstrap>", line 488, in _call_with_frames_removed
  File "/opt/airflow/dags/weather_etl.py", line 115, in <module>
    latitude = float(Variable.get("LATITUDE"))
                     ^^^^^^^^^^^^^^^^^^^^^^^^
  File "/home/airflow/.local/lib/python3.12/site-packages/airflow/models/variable.py", line 145, in get
    raise KeyError(f"Variable {key} does not exist")
KeyError: 'Variable LATITUDE does not exist'
[2026-09-25T20:56:37.805+0000] {processor.py:927} WARNING - No viable dags retrieved from /opt/airflow/dags/weather_etl.py
[2026-09-25T20:56:37.811+0000] {processor.py:208} INFO - Processing /opt/airflow/dags/weather_etl.py took 0.035 seconds
[2026-09-25T20:56:47.943+0000] {processor.py:186} INFO - Started process (PID=663) to work on /opt/airflow/dags/weather_etl.py
[2026-09-25T20:56:47.946+0000] {processor.py:914} INFO - Processing file /opt/airflow/dags/weather_etl.py for tasks to queue
[2026-09-25T20:56:47.948+0000] {logging_mixin.py:190} INFO - [2026-09-25T20:56:47.947+0000] {dagbag.py:587} INFO - Filling up the DagBag from /opt/airflow/dags/weather_etl.py
[2026-09-25T20:56:48.034+0000] {logging_mixin.py:190} INFO - [2026-09-25T20:56:48.031+0000] {dagbag.py:386} ERROR - Failed to import: /opt/airflow/dags/weather_etl.py
Traceback (most recent call last):
  File "/home/airflow/.local/lib/python3.12/site-packages/airflow/models/dagbag.py", line 382, in parse
    loader.exec_module(new_module)
  File "<frozen importlib._bootstrap_external>", line 995, in exec_module
  File "<frozen importlib._bootstrap>", line 488, in _call_with_frames_removed
  File "/opt/airflow/dags/weather_etl.py", line 115, in <module>
    latitude = float(Variable.get("LATITUDE"))
                     ^^^^^^^^^^^^^^^^^^^^^^^^
  File "/home/airflow/.local/lib/python3.12/site-packages/airflow/models/variable.py", line 145, in get
    raise KeyError(f"Variable {key} does not exist")
KeyError: 'Variable LATITUDE does not exist'
[2026-09-25T20:56:48.034+0000] {processor.py:927} WARNING - No viable dags retrieved from /opt/airflow/dags/weather_etl.py
[2026-09-25T20:56:48.041+0000] {processor.py:208} INFO - Processing /opt/airflow/dags/weather_etl.py took 0.107 seconds
[2026-09-25T20:57:10.201+0000] {processor.py:186} INFO - Started process (PID=674) to work on /opt/airflow/dags/weather_etl.py
[2026-09-25T20:57:10.203+0000] {processor.py:914} INFO - Processing file /opt/airflow/dags/weather_etl.py for tasks to queue
[2026-09-25T20:57:10.204+0000] {logging_mixin.py:190} INFO - [2026-09-25T20:57:10.203+0000] {dagbag.py:587} INFO - Filling up the DagBag from /opt/airflow/dags/weather_etl.py
[2026-09-25T20:57:10.229+0000] {logging_mixin.py:190} INFO - [2026-09-25T20:57:10.228+0000] {dagbag.py:386} ERROR - Failed to import: /opt/airflow/dags/weather_etl.py
Traceback (most recent call last):
  File "/home/airflow/.local/lib/python3.12/site-packages/airflow/models/dagbag.py", line 382, in parse
    loader.exec_module(new_module)
  File "<frozen importlib._bootstrap_external>", line 995, in exec_module
  File "<frozen importlib._bootstrap>", line 488, in _call_with_frames_removed
  File "/opt/airflow/dags/weather_etl.py", line 121, in <module>
    latitude = float(Variable.get("LATITUDE"))
                     ^^^^^^^^^^^^^^^^^^^^^^^^
  File "/home/airflow/.local/lib/python3.12/site-packages/airflow/models/variable.py", line 145, in get
    raise KeyError(f"Variable {key} does not exist")
KeyError: 'Variable LATITUDE does not exist'
[2026-09-25T20:57:10.230+0000] {processor.py:927} WARNING - No viable dags retrieved from /opt/airflow/dags/weather_etl.py
[2026-09-25T20:57:10.236+0000] {processor.py:208} INFO - Processing /opt/airflow/dags/weather_etl.py took 0.042 seconds
[2026-09-25T20:57:15.261+0000] {processor.py:186} INFO - Started process (PID=679) to work on /opt/airflow/dags/weather_etl.py
[2026-09-25T20:57:15.263+0000] {processor.py:914} INFO - Processing file /opt/airflow/dags/weather_etl.py for tasks to queue
[2026-09-25T20:57:15.265+0000] {logging_mixin.py:190} INFO - [2026-09-25T20:57:15.264+0000] {dagbag.py:587} INFO - Filling up the DagBag from /opt/airflow/dags/weather_etl.py
[2026-09-25T20:57:15.288+0000] {logging_mixin.py:190} INFO - [2026-09-25T20:57:15.286+0000] {dagbag.py:386} ERROR - Failed to import: /opt/airflow/dags/weather_etl.py
Traceback (most recent call last):
  File "/home/airflow/.local/lib/python3.12/site-packages/airflow/models/dagbag.py", line 382, in parse
    loader.exec_module(new_module)
  File "<frozen importlib._bootstrap_external>", line 995, in exec_module
  File "<frozen importlib._bootstrap>", line 488, in _call_with_frames_removed
  File "/opt/airflow/dags/weather_etl.py", line 121, in <module>
    data = extract(latitude, longitude)
                   ^^^^^^^^
NameError: name 'latitude' is not defined
[2026-09-25T20:57:15.289+0000] {processor.py:927} WARNING - No viable dags retrieved from /opt/airflow/dags/weather_etl.py
[2026-09-25T20:57:15.293+0000] {processor.py:208} INFO - Processing /opt/airflow/dags/weather_etl.py took 0.039 seconds
[2026-09-25T20:57:45.617+0000] {processor.py:186} INFO - Started process (PID=690) to work on /opt/airflow/dags/weather_etl.py
[2026-09-25T20:57:45.619+0000] {processor.py:914} INFO - Processing file /opt/airflow/dags/weather_etl.py for tasks to queue
[2026-09-25T20:57:45.620+0000] {logging_mixin.py:190} INFO - [2026-09-25T20:57:45.619+0000] {dagbag.py:587} INFO - Filling up the DagBag from /opt/airflow/dags/weather_etl.py
[2026-09-25T20:57:45.638+0000] {logging_mixin.py:190} INFO - [2026-09-25T20:57:45.636+0000] {dagbag.py:386} ERROR - Failed to import: /opt/airflow/dags/weather_etl.py
Traceback (most recent call last):
  File "/home/airflow/.local/lib/python3.12/site-packages/airflow/models/dagbag.py", line 382, in parse
    loader.exec_module(new_module)
  File "<frozen importlib._bootstrap_external>", line 995, in exec_module
  File "<frozen importlib._bootstrap>", line 488, in _call_with_frames_removed
  File "/opt/airflow/dags/weather_etl.py", line 121, in <module>
    data = extract(latitude, longitude)
                   ^^^^^^^^
NameError: name 'latitude' is not defined
[2026-09-25T20:57:45.639+0000] {processor.py:927} WARNING - No viable dags retrieved from /opt/airflow/dags/weather_etl.py
[2026-09-25T20:57:45.644+0000] {processor.py:208} INFO - Processing /opt/airflow/dags/weather_etl.py took 0.033 seconds
[2026-09-25T20:58:01.814+0000] {processor.py:186} INFO - Started process (PID=701) to work on /opt/airflow/dags/weather_etl.py
[2026-09-25T20:58:01.818+0000] {processor.py:914} INFO - Processing file /opt/airflow/dags/weather_etl.py for tasks to queue
[2026-09-25T20:58:01.819+0000] {logging_mixin.py:190} INFO - [2026-09-25T20:58:01.819+0000] {dagbag.py:587} INFO - Filling up the DagBag from /opt/airflow/dags/weather_etl.py
[2026-09-25T20:58:01.867+0000] {processor.py:925} INFO - DAG(s) 'weather_etl' retrieved from /opt/airflow/dags/weather_etl.py
[2026-09-25T20:58:02.038+0000] {logging_mixin.py:190} INFO - [2026-09-25T20:58:02.037+0000] {dag.py:3229} INFO - Sync 1 DAGs
[2026-09-25T20:58:02.049+0000] {logging_mixin.py:190} INFO - [2026-09-25T20:58:02.049+0000] {dag.py:4156} INFO - Setting next_dagrun for weather_etl to 2026-09-25 02:30:00+00:00, run_after=2026-09-26 02:30:00+00:00
[2026-09-25T20:58:02.059+0000] {processor.py:208} INFO - Processing /opt/airflow/dags/weather_etl.py took 0.260 seconds
[2026-09-25T20:58:32.192+0000] {processor.py:186} INFO - Started process (PID=713) to work on /opt/airflow/dags/weather_etl.py
[2026-09-25T20:58:32.196+0000] {processor.py:914} INFO - Processing file /opt/airflow/dags/weather_etl.py for tasks to queue
[2026-09-25T20:58:32.197+0000] {logging_mixin.py:190} INFO - [2026-09-25T20:58:32.197+0000] {dagbag.py:587} INFO - Filling up the DagBag from /opt/airflow/dags/weather_etl.py
[2026-09-25T20:58:32.219+0000] {processor.py:925} INFO - DAG(s) 'weather_etl' retrieved from /opt/airflow/dags/weather_etl.py
[2026-09-25T20:58:32.227+0000] {logging_mixin.py:190} INFO - [2026-09-25T20:58:32.227+0000] {dag.py:3229} INFO - Sync 1 DAGs
[2026-09-25T20:58:32.237+0000] {logging_mixin.py:190} INFO - [2026-09-25T20:58:32.237+0000] {dag.py:4156} INFO - Setting next_dagrun for weather_etl to 2026-09-25 02:30:00+00:00, run_after=2026-09-26 02:30:00+00:00
[2026-09-25T20:58:32.243+0000] {processor.py:208} INFO - Processing /opt/airflow/dags/weather_etl.py took 0.057 seconds
[2026-09-25T20:58:52.478+0000] {processor.py:186} INFO - Started process (PID=718) to work on /opt/airflow/dags/weather_etl.py
[2026-09-25T20:58:52.481+0000] {processor.py:914} INFO - Processing file /opt/airflow/dags/weather_etl.py for tasks to queue
[2026-09-25T20:58:52.484+0000] {logging_mixin.py:190} INFO - [2026-09-25T20:58:52.483+0000] {dagbag.py:587} INFO - Filling up the DagBag from /opt/airflow/dags/weather_etl.py
[2026-09-25T20:58:52.535+0000] {processor.py:925} INFO - DAG(s) 'weather_etl' retrieved from /opt/airflow/dags/weather_etl.py
[2026-09-25T20:58:52.553+0000] {logging_mixin.py:190} INFO - [2026-09-25T20:58:52.553+0000] {dag.py:3229} INFO - Sync 1 DAGs
[2026-09-25T20:58:52.576+0000] {logging_mixin.py:190} INFO - [2026-09-25T20:58:52.576+0000] {dag.py:4156} INFO - Setting next_dagrun for weather_etl to 2026-09-25 02:30:00+00:00, run_after=2026-09-26 02:30:00+00:00
[2026-09-25T20:58:52.590+0000] {processor.py:208} INFO - Processing /opt/airflow/dags/weather_etl.py took 0.124 seconds
[2026-09-25T20:59:22.838+0000] {processor.py:186} INFO - Started process (PID=759) to work on /opt/airflow/dags/weather_etl.py
[2026-09-25T20:59:22.842+0000] {processor.py:914} INFO - Processing file /opt/airflow/dags/weather_etl.py for tasks to queue
[2026-09-25T20:59:22.844+0000] {logging_mixin.py:190} INFO - [2026-09-25T20:59:22.843+0000] {dagbag.py:587} INFO - Filling up the DagBag from /opt/airflow/dags/weather_etl.py
[2026-09-25T20:59:22.889+0000] {processor.py:925} INFO - DAG(s) 'weather_etl' retrieved from /opt/airflow/dags/weather_etl.py
[2026-09-25T20:59:22.901+0000] {logging_mixin.py:190} INFO - [2026-09-25T20:59:22.901+0000] {dag.py:3229} INFO - Sync 1 DAGs
[2026-09-25T20:59:22.919+0000] {logging_mixin.py:190} INFO - [2026-09-25T20:59:22.919+0000] {dag.py:4156} INFO - Setting next_dagrun for weather_etl to 2026-09-25 02:30:00+00:00, run_after=2026-09-26 02:30:00+00:00
[2026-09-25T20:59:22.927+0000] {processor.py:208} INFO - Processing /opt/airflow/dags/weather_etl.py took 0.100 seconds
[2026-09-25T20:59:50.277+0000] {processor.py:186} INFO - Started process (PID=770) to work on /opt/airflow/dags/weather_etl.py
[2026-09-25T20:59:50.279+0000] {processor.py:914} INFO - Processing file /opt/airflow/dags/weather_etl.py for tasks to queue
[2026-09-25T20:59:50.281+0000] {logging_mixin.py:190} INFO - [2026-09-25T20:59:50.280+0000] {dagbag.py:587} INFO - Filling up the DagBag from /opt/airflow/dags/weather_etl.py
[2026-09-25T20:59:50.309+0000] {processor.py:925} INFO - DAG(s) 'weather_etl' retrieved from /opt/airflow/dags/weather_etl.py
[2026-09-25T20:59:50.323+0000] {logging_mixin.py:190} INFO - [2026-09-25T20:59:50.323+0000] {dag.py:3229} INFO - Sync 1 DAGs
[2026-09-25T20:59:50.338+0000] {logging_mixin.py:190} INFO - [2026-09-25T20:59:50.338+0000] {dag.py:4156} INFO - Setting next_dagrun for weather_etl to 2026-09-25 02:30:00+00:00, run_after=2026-09-26 02:30:00+00:00
[2026-09-25T20:59:50.347+0000] {processor.py:208} INFO - Processing /opt/airflow/dags/weather_etl.py took 0.082 seconds
[2026-09-25T21:00:20.570+0000] {processor.py:186} INFO - Started process (PID=811) to work on /opt/airflow/dags/weather_etl.py
[2026-09-25T21:00:20.572+0000] {processor.py:914} INFO - Processing file /opt/airflow/dags/weather_etl.py for tasks to queue
[2026-09-25T21:00:20.573+0000] {logging_mixin.py:190} INFO - [2026-09-25T21:00:20.573+0000] {dagbag.py:587} INFO - Filling up the DagBag from /opt/airflow/dags/weather_etl.py
[2026-09-25T21:00:20.596+0000] {processor.py:925} INFO - DAG(s) 'weather_etl' retrieved from /opt/airflow/dags/weather_etl.py
[2026-09-25T21:00:20.608+0000] {logging_mixin.py:190} INFO - [2026-09-25T21:00:20.608+0000] {dag.py:3229} INFO - Sync 1 DAGs
[2026-09-25T21:00:20.620+0000] {logging_mixin.py:190} INFO - [2026-09-25T21:00:20.620+0000] {dag.py:4156} INFO - Setting next_dagrun for weather_etl to 2026-09-25 02:30:00+00:00, run_after=2026-09-26 02:30:00+00:00
[2026-09-25T21:00:20.628+0000] {processor.py:208} INFO - Processing /opt/airflow/dags/weather_etl.py took 0.064 seconds
[2026-09-25T21:00:50.957+0000] {processor.py:186} INFO - Started process (PID=822) to work on /opt/airflow/dags/weather_etl.py
[2026-09-25T21:00:50.961+0000] {processor.py:914} INFO - Processing file /opt/airflow/dags/weather_etl.py for tasks to queue
[2026-09-25T21:00:50.963+0000] {logging_mixin.py:190} INFO - [2026-09-25T21:00:50.963+0000] {dagbag.py:587} INFO - Filling up the DagBag from /opt/airflow/dags/weather_etl.py
[2026-09-25T21:00:51.006+0000] {processor.py:925} INFO - DAG(s) 'weather_etl' retrieved from /opt/airflow/dags/weather_etl.py
[2026-09-25T21:00:51.019+0000] {logging_mixin.py:190} INFO - [2026-09-25T21:00:51.019+0000] {dag.py:3229} INFO - Sync 1 DAGs
[2026-09-25T21:00:51.036+0000] {logging_mixin.py:190} INFO - [2026-09-25T21:00:51.036+0000] {dag.py:4156} INFO - Setting next_dagrun for weather_etl to 2026-09-25 02:30:00+00:00, run_after=2026-09-26 02:30:00+00:00
[2026-09-25T21:00:51.045+0000] {processor.py:208} INFO - Processing /opt/airflow/dags/weather_etl.py took 0.095 seconds
[2026-09-25T21:01:03.182+0000] {processor.py:186} INFO - Started process (PID=833) to work on /opt/airflow/dags/weather_etl.py
[2026-09-25T21:01:03.189+0000] {processor.py:914} INFO - Processing file /opt/airflow/dags/weather_etl.py for tasks to queue
[2026-09-25T21:01:03.191+0000] {logging_mixin.py:190} INFO - [2026-09-25T21:01:03.191+0000] {dagbag.py:587} INFO - Filling up the DagBag from /opt/airflow/dags/weather_etl.py
[2026-09-25T21:01:03.225+0000] {processor.py:925} INFO - DAG(s) 'weather_etl' retrieved from /opt/airflow/dags/weather_etl.py
[2026-09-25T21:01:03.243+0000] {logging_mixin.py:190} INFO - [2026-09-25T21:01:03.243+0000] {dag.py:3229} INFO - Sync 1 DAGs
[2026-09-25T21:01:03.263+0000] {logging_mixin.py:190} INFO - [2026-09-25T21:01:03.263+0000] {dag.py:4156} INFO - Setting next_dagrun for weather_etl to 2026-09-25 02:30:00+00:00, run_after=2026-09-26 02:30:00+00:00
[2026-09-25T21:01:03.279+0000] {processor.py:208} INFO - Processing /opt/airflow/dags/weather_etl.py took 0.119 seconds
[2026-09-25T21:01:33.620+0000] {processor.py:186} INFO - Started process (PID=874) to work on /opt/airflow/dags/weather_etl.py
[2026-09-25T21:01:33.623+0000] {processor.py:914} INFO - Processing file /opt/airflow/dags/weather_etl.py for tasks to queue
[2026-09-25T21:01:33.625+0000] {logging_mixin.py:190} INFO - [2026-09-25T21:01:33.624+0000] {dagbag.py:587} INFO - Filling up the DagBag from /opt/airflow/dags/weather_etl.py
[2026-09-25T21:01:33.650+0000] {processor.py:925} INFO - DAG(s) 'weather_etl' retrieved from /opt/airflow/dags/weather_etl.py
[2026-09-25T21:01:33.663+0000] {logging_mixin.py:190} INFO - [2026-09-25T21:01:33.662+0000] {dag.py:3229} INFO - Sync 1 DAGs
[2026-09-25T21:01:33.685+0000] {logging_mixin.py:190} INFO - [2026-09-25T21:01:33.685+0000] {dag.py:4156} INFO - Setting next_dagrun for weather_etl to 2026-09-25 02:30:00+00:00, run_after=2026-09-26 02:30:00+00:00
[2026-09-25T21:01:33.694+0000] {processor.py:208} INFO - Processing /opt/airflow/dags/weather_etl.py took 0.085 seconds
[2026-09-25T21:02:03.957+0000] {processor.py:186} INFO - Started process (PID=885) to work on /opt/airflow/dags/weather_etl.py
[2026-09-25T21:02:03.960+0000] {processor.py:914} INFO - Processing file /opt/airflow/dags/weather_etl.py for tasks to queue
[2026-09-25T21:02:03.961+0000] {logging_mixin.py:190} INFO - [2026-09-25T21:02:03.961+0000] {dagbag.py:587} INFO - Filling up the DagBag from /opt/airflow/dags/weather_etl.py
[2026-09-25T21:02:03.983+0000] {processor.py:925} INFO - DAG(s) 'weather_etl' retrieved from /opt/airflow/dags/weather_etl.py
[2026-09-25T21:02:03.994+0000] {logging_mixin.py:190} INFO - [2026-09-25T21:02:03.994+0000] {dag.py:3229} INFO - Sync 1 DAGs
[2026-09-25T21:02:04.007+0000] {logging_mixin.py:190} INFO - [2026-09-25T21:02:04.006+0000] {dag.py:4156} INFO - Setting next_dagrun for weather_etl to 2026-09-25 02:30:00+00:00, run_after=2026-09-26 02:30:00+00:00
[2026-09-25T21:02:04.013+0000] {processor.py:208} INFO - Processing /opt/airflow/dags/weather_etl.py took 0.067 seconds
[2026-09-25T21:02:34.338+0000] {processor.py:186} INFO - Started process (PID=896) to work on /opt/airflow/dags/weather_etl.py
[2026-09-25T21:02:34.341+0000] {processor.py:914} INFO - Processing file /opt/airflow/dags/weather_etl.py for tasks to queue
[2026-09-25T21:02:34.342+0000] {logging_mixin.py:190} INFO - [2026-09-25T21:02:34.342+0000] {dagbag.py:587} INFO - Filling up the DagBag from /opt/airflow/dags/weather_etl.py
[2026-09-25T21:02:34.368+0000] {processor.py:925} INFO - DAG(s) 'weather_etl' retrieved from /opt/airflow/dags/weather_etl.py
[2026-09-25T21:02:34.379+0000] {logging_mixin.py:190} INFO - [2026-09-25T21:02:34.379+0000] {dag.py:3229} INFO - Sync 1 DAGs
[2026-09-25T21:02:34.392+0000] {logging_mixin.py:190} INFO - [2026-09-25T21:02:34.392+0000] {dag.py:4156} INFO - Setting next_dagrun for weather_etl to 2026-09-25 02:30:00+00:00, run_after=2026-09-26 02:30:00+00:00
[2026-09-25T21:02:34.399+0000] {processor.py:208} INFO - Processing /opt/airflow/dags/weather_etl.py took 0.068 seconds
[2026-09-25T21:03:04.774+0000] {processor.py:186} INFO - Started process (PID=907) to work on /opt/airflow/dags/weather_etl.py
[2026-09-25T21:03:04.777+0000] {processor.py:914} INFO - Processing file /opt/airflow/dags/weather_etl.py for tasks to queue
[2026-09-25T21:03:04.778+0000] {logging_mixin.py:190} INFO - [2026-09-25T21:03:04.778+0000] {dagbag.py:587} INFO - Filling up the DagBag from /opt/airflow/dags/weather_etl.py
[2026-09-25T21:03:04.817+0000] {processor.py:925} INFO - DAG(s) 'weather_etl' retrieved from /opt/airflow/dags/weather_etl.py
[2026-09-25T21:03:04.834+0000] {logging_mixin.py:190} INFO - [2026-09-25T21:03:04.834+0000] {dag.py:3229} INFO - Sync 1 DAGs
[2026-09-25T21:03:04.851+0000] {logging_mixin.py:190} INFO - [2026-09-25T21:03:04.851+0000] {dag.py:4156} INFO - Setting next_dagrun for weather_etl to 2026-09-25 02:30:00+00:00, run_after=2026-09-26 02:30:00+00:00
[2026-09-25T21:03:04.863+0000] {processor.py:208} INFO - Processing /opt/airflow/dags/weather_etl.py took 0.099 seconds
[2026-09-25T21:03:35.120+0000] {processor.py:186} INFO - Started process (PID=919) to work on /opt/airflow/dags/weather_etl.py
[2026-09-25T21:03:35.123+0000] {processor.py:914} INFO - Processing file /opt/airflow/dags/weather_etl.py for tasks to queue
[2026-09-25T21:03:35.126+0000] {logging_mixin.py:190} INFO - [2026-09-25T21:03:35.125+0000] {dagbag.py:587} INFO - Filling up the DagBag from /opt/airflow/dags/weather_etl.py
[2026-09-25T21:03:35.175+0000] {processor.py:925} INFO - DAG(s) 'weather_etl' retrieved from /opt/airflow/dags/weather_etl.py
[2026-09-25T21:03:35.190+0000] {logging_mixin.py:190} INFO - [2026-09-25T21:03:35.189+0000] {dag.py:3229} INFO - Sync 1 DAGs
[2026-09-25T21:03:35.207+0000] {logging_mixin.py:190} INFO - [2026-09-25T21:03:35.207+0000] {dag.py:4156} INFO - Setting next_dagrun for weather_etl to 2026-09-25 02:30:00+00:00, run_after=2026-09-26 02:30:00+00:00
[2026-09-25T21:03:35.215+0000] {processor.py:208} INFO - Processing /opt/airflow/dags/weather_etl.py took 0.104 seconds
[2026-09-25T21:04:05.538+0000] {processor.py:186} INFO - Started process (PID=930) to work on /opt/airflow/dags/weather_etl.py
[2026-09-25T21:04:05.541+0000] {processor.py:914} INFO - Processing file /opt/airflow/dags/weather_etl.py for tasks to queue
[2026-09-25T21:04:05.542+0000] {logging_mixin.py:190} INFO - [2026-09-25T21:04:05.542+0000] {dagbag.py:587} INFO - Filling up the DagBag from /opt/airflow/dags/weather_etl.py
[2026-09-25T21:04:05.586+0000] {processor.py:925} INFO - DAG(s) 'weather_etl' retrieved from /opt/airflow/dags/weather_etl.py
[2026-09-25T21:04:05.600+0000] {logging_mixin.py:190} INFO - [2026-09-25T21:04:05.600+0000] {dag.py:3229} INFO - Sync 1 DAGs
[2026-09-25T21:04:05.626+0000] {logging_mixin.py:190} INFO - [2026-09-25T21:04:05.626+0000] {dag.py:4156} INFO - Setting next_dagrun for weather_etl to 2026-09-25 02:30:00+00:00, run_after=2026-09-26 02:30:00+00:00
[2026-09-25T21:04:05.639+0000] {processor.py:208} INFO - Processing /opt/airflow/dags/weather_etl.py took 0.113 seconds
[2026-09-25T21:04:35.880+0000] {processor.py:186} INFO - Started process (PID=941) to work on /opt/airflow/dags/weather_etl.py
[2026-09-25T21:04:35.883+0000] {processor.py:914} INFO - Processing file /opt/airflow/dags/weather_etl.py for tasks to queue
[2026-09-25T21:04:35.884+0000] {logging_mixin.py:190} INFO - [2026-09-25T21:04:35.884+0000] {dagbag.py:587} INFO - Filling up the DagBag from /opt/airflow/dags/weather_etl.py
[2026-09-25T21:04:35.905+0000] {processor.py:925} INFO - DAG(s) 'weather_etl' retrieved from /opt/airflow/dags/weather_etl.py
[2026-09-25T21:04:35.915+0000] {logging_mixin.py:190} INFO - [2026-09-25T21:04:35.915+0000] {dag.py:3229} INFO - Sync 1 DAGs
[2026-09-25T21:04:35.928+0000] {logging_mixin.py:190} INFO - [2026-09-25T21:04:35.928+0000] {dag.py:4156} INFO - Setting next_dagrun for weather_etl to 2026-09-25 02:30:00+00:00, run_after=2026-09-26 02:30:00+00:00
[2026-09-25T21:04:35.936+0000] {processor.py:208} INFO - Processing /opt/airflow/dags/weather_etl.py took 0.064 seconds
[2026-09-25T21:05:06.323+0000] {processor.py:186} INFO - Started process (PID=952) to work on /opt/airflow/dags/weather_etl.py
[2026-09-25T21:05:06.327+0000] {processor.py:914} INFO - Processing file /opt/airflow/dags/weather_etl.py for tasks to queue
[2026-09-25T21:05:06.328+0000] {logging_mixin.py:190} INFO - [2026-09-25T21:05:06.328+0000] {dagbag.py:587} INFO - Filling up the DagBag from /opt/airflow/dags/weather_etl.py
[2026-09-25T21:05:06.372+0000] {processor.py:925} INFO - DAG(s) 'weather_etl' retrieved from /opt/airflow/dags/weather_etl.py
[2026-09-25T21:05:06.393+0000] {logging_mixin.py:190} INFO - [2026-09-25T21:05:06.393+0000] {dag.py:3229} INFO - Sync 1 DAGs
[2026-09-25T21:05:06.413+0000] {logging_mixin.py:190} INFO - [2026-09-25T21:05:06.413+0000] {dag.py:4156} INFO - Setting next_dagrun for weather_etl to 2026-09-25 02:30:00+00:00, run_after=2026-09-26 02:30:00+00:00
[2026-09-25T21:05:06.421+0000] {processor.py:208} INFO - Processing /opt/airflow/dags/weather_etl.py took 0.107 seconds
[2026-09-25T21:05:36.703+0000] {processor.py:186} INFO - Started process (PID=963) to work on /opt/airflow/dags/weather_etl.py
[2026-09-25T21:05:36.706+0000] {processor.py:914} INFO - Processing file /opt/airflow/dags/weather_etl.py for tasks to queue
[2026-09-25T21:05:36.707+0000] {logging_mixin.py:190} INFO - [2026-09-25T21:05:36.707+0000] {dagbag.py:587} INFO - Filling up the DagBag from /opt/airflow/dags/weather_etl.py
[2026-09-25T21:05:36.734+0000] {processor.py:925} INFO - DAG(s) 'weather_etl' retrieved from /opt/airflow/dags/weather_etl.py
[2026-09-25T21:05:36.748+0000] {logging_mixin.py:190} INFO - [2026-09-25T21:05:36.748+0000] {dag.py:3229} INFO - Sync 1 DAGs
[2026-09-25T21:05:36.764+0000] {logging_mixin.py:190} INFO - [2026-09-25T21:05:36.764+0000] {dag.py:4156} INFO - Setting next_dagrun for weather_etl to 2026-09-25 02:30:00+00:00, run_after=2026-09-26 02:30:00+00:00
[2026-09-25T21:05:36.771+0000] {processor.py:208} INFO - Processing /opt/airflow/dags/weather_etl.py took 0.076 seconds
[2026-09-25T21:06:07.070+0000] {processor.py:186} INFO - Started process (PID=974) to work on /opt/airflow/dags/weather_etl.py
[2026-09-25T21:06:07.074+0000] {processor.py:914} INFO - Processing file /opt/airflow/dags/weather_etl.py for tasks to queue
[2026-09-25T21:06:07.075+0000] {logging_mixin.py:190} INFO - [2026-09-25T21:06:07.075+0000] {dagbag.py:587} INFO - Filling up the DagBag from /opt/airflow/dags/weather_etl.py
[2026-09-25T21:06:07.097+0000] {processor.py:925} INFO - DAG(s) 'weather_etl' retrieved from /opt/airflow/dags/weather_etl.py
[2026-09-25T21:06:07.105+0000] {logging_mixin.py:190} INFO - [2026-09-25T21:06:07.105+0000] {dag.py:3229} INFO - Sync 1 DAGs
[2026-09-25T21:06:07.116+0000] {logging_mixin.py:190} INFO - [2026-09-25T21:06:07.116+0000] {dag.py:4156} INFO - Setting next_dagrun for weather_etl to 2026-09-25 02:30:00+00:00, run_after=2026-09-26 02:30:00+00:00
[2026-09-25T21:06:07.122+0000] {processor.py:208} INFO - Processing /opt/airflow/dags/weather_etl.py took 0.058 seconds
[2026-09-25T21:06:37.613+0000] {processor.py:186} INFO - Started process (PID=985) to work on /opt/airflow/dags/weather_etl.py
[2026-09-25T21:06:37.615+0000] {processor.py:914} INFO - Processing file /opt/airflow/dags/weather_etl.py for tasks to queue
[2026-09-25T21:06:37.616+0000] {logging_mixin.py:190} INFO - [2026-09-25T21:06:37.616+0000] {dagbag.py:587} INFO - Filling up the DagBag from /opt/airflow/dags/weather_etl.py
[2026-09-25T21:06:37.653+0000] {processor.py:925} INFO - DAG(s) 'weather_etl' retrieved from /opt/airflow/dags/weather_etl.py
[2026-09-25T21:06:37.676+0000] {logging_mixin.py:190} INFO - [2026-09-25T21:06:37.676+0000] {dag.py:3229} INFO - Sync 1 DAGs
[2026-09-25T21:06:37.702+0000] {logging_mixin.py:190} INFO - [2026-09-25T21:06:37.702+0000] {dag.py:4156} INFO - Setting next_dagrun for weather_etl to 2026-09-25 02:30:00+00:00, run_after=2026-09-26 02:30:00+00:00
[2026-09-25T21:06:37.715+0000] {processor.py:208} INFO - Processing /opt/airflow/dags/weather_etl.py took 0.110 seconds
[2026-09-25T21:07:07.987+0000] {processor.py:186} INFO - Started process (PID=996) to work on /opt/airflow/dags/weather_etl.py
[2026-09-25T21:07:07.989+0000] {processor.py:914} INFO - Processing file /opt/airflow/dags/weather_etl.py for tasks to queue
[2026-09-25T21:07:07.991+0000] {logging_mixin.py:190} INFO - [2026-09-25T21:07:07.990+0000] {dagbag.py:587} INFO - Filling up the DagBag from /opt/airflow/dags/weather_etl.py
[2026-09-25T21:07:08.023+0000] {processor.py:925} INFO - DAG(s) 'weather_etl' retrieved from /opt/airflow/dags/weather_etl.py
[2026-09-25T21:07:08.036+0000] {logging_mixin.py:190} INFO - [2026-09-25T21:07:08.036+0000] {dag.py:3229} INFO - Sync 1 DAGs
[2026-09-25T21:07:08.051+0000] {logging_mixin.py:190} INFO - [2026-09-25T21:07:08.051+0000] {dag.py:4156} INFO - Setting next_dagrun for weather_etl to 2026-09-25 02:30:00+00:00, run_after=2026-09-26 02:30:00+00:00
[2026-09-25T21:07:08.059+0000] {processor.py:208} INFO - Processing /opt/airflow/dags/weather_etl.py took 0.084 seconds
[2026-09-25T21:07:38.452+0000] {processor.py:186} INFO - Started process (PID=1007) to work on /opt/airflow/dags/weather_etl.py
[2026-09-25T21:07:38.457+0000] {processor.py:914} INFO - Processing file /opt/airflow/dags/weather_etl.py for tasks to queue
[2026-09-25T21:07:38.459+0000] {logging_mixin.py:190} INFO - [2026-09-25T21:07:38.458+0000] {dagbag.py:587} INFO - Filling up the DagBag from /opt/airflow/dags/weather_etl.py
[2026-09-25T21:07:38.515+0000] {processor.py:925} INFO - DAG(s) 'weather_etl' retrieved from /opt/airflow/dags/weather_etl.py
[2026-09-25T21:07:38.531+0000] {logging_mixin.py:190} INFO - [2026-09-25T21:07:38.531+0000] {dag.py:3229} INFO - Sync 1 DAGs
[2026-09-25T21:07:38.552+0000] {logging_mixin.py:190} INFO - [2026-09-25T21:07:38.552+0000] {dag.py:4156} INFO - Setting next_dagrun for weather_etl to 2026-09-25 02:30:00+00:00, run_after=2026-09-26 02:30:00+00:00
[2026-09-25T21:07:38.559+0000] {processor.py:208} INFO - Processing /opt/airflow/dags/weather_etl.py took 0.124 seconds
[2026-09-25T21:08:08.807+0000] {processor.py:186} INFO - Started process (PID=1018) to work on /opt/airflow/dags/weather_etl.py
[2026-09-25T21:08:08.812+0000] {processor.py:914} INFO - Processing file /opt/airflow/dags/weather_etl.py for tasks to queue
[2026-09-25T21:08:08.813+0000] {logging_mixin.py:190} INFO - [2026-09-25T21:08:08.813+0000] {dagbag.py:587} INFO - Filling up the DagBag from /opt/airflow/dags/weather_etl.py
[2026-09-25T21:08:08.842+0000] {processor.py:925} INFO - DAG(s) 'weather_etl' retrieved from /opt/airflow/dags/weather_etl.py
[2026-09-25T21:08:08.854+0000] {logging_mixin.py:190} INFO - [2026-09-25T21:08:08.854+0000] {dag.py:3229} INFO - Sync 1 DAGs
[2026-09-25T21:08:08.876+0000] {logging_mixin.py:190} INFO - [2026-09-25T21:08:08.875+0000] {dag.py:4156} INFO - Setting next_dagrun for weather_etl to 2026-09-25 02:30:00+00:00, run_after=2026-09-26 02:30:00+00:00
[2026-09-25T21:08:08.885+0000] {processor.py:208} INFO - Processing /opt/airflow/dags/weather_etl.py took 0.088 seconds
[2026-09-25T21:08:39.197+0000] {processor.py:186} INFO - Started process (PID=1029) to work on /opt/airflow/dags/weather_etl.py
[2026-09-25T21:08:39.201+0000] {processor.py:914} INFO - Processing file /opt/airflow/dags/weather_etl.py for tasks to queue
[2026-09-25T21:08:39.201+0000] {logging_mixin.py:190} INFO - [2026-09-25T21:08:39.201+0000] {dagbag.py:587} INFO - Filling up the DagBag from /opt/airflow/dags/weather_etl.py
[2026-09-25T21:08:39.220+0000] {processor.py:925} INFO - DAG(s) 'weather_etl' retrieved from /opt/airflow/dags/weather_etl.py
[2026-09-25T21:08:39.228+0000] {logging_mixin.py:190} INFO - [2026-09-25T21:08:39.228+0000] {dag.py:3229} INFO - Sync 1 DAGs
[2026-09-25T21:08:39.238+0000] {logging_mixin.py:190} INFO - [2026-09-25T21:08:39.238+0000] {dag.py:4156} INFO - Setting next_dagrun for weather_etl to 2026-09-25 02:30:00+00:00, run_after=2026-09-26 02:30:00+00:00
[2026-09-25T21:08:39.244+0000] {processor.py:208} INFO - Processing /opt/airflow/dags/weather_etl.py took 0.052 seconds
[2026-09-25T21:09:09.570+0000] {processor.py:186} INFO - Started process (PID=1040) to work on /opt/airflow/dags/weather_etl.py
[2026-09-25T21:09:09.573+0000] {processor.py:914} INFO - Processing file /opt/airflow/dags/weather_etl.py for tasks to queue
[2026-09-25T21:09:09.574+0000] {logging_mixin.py:190} INFO - [2026-09-25T21:09:09.574+0000] {dagbag.py:587} INFO - Filling up the DagBag from /opt/airflow/dags/weather_etl.py
[2026-09-25T21:09:09.598+0000] {processor.py:925} INFO - DAG(s) 'weather_etl' retrieved from /opt/airflow/dags/weather_etl.py
[2026-09-25T21:09:09.612+0000] {logging_mixin.py:190} INFO - [2026-09-25T21:09:09.612+0000] {dag.py:3229} INFO - Sync 1 DAGs
[2026-09-25T21:09:09.628+0000] {logging_mixin.py:190} INFO - [2026-09-25T21:09:09.628+0000] {dag.py:4156} INFO - Setting next_dagrun for weather_etl to 2026-09-25 02:30:00+00:00, run_after=2026-09-26 02:30:00+00:00
[2026-09-25T21:09:09.637+0000] {processor.py:208} INFO - Processing /opt/airflow/dags/weather_etl.py took 0.073 seconds
[2026-09-25T21:09:40.017+0000] {processor.py:186} INFO - Started process (PID=1051) to work on /opt/airflow/dags/weather_etl.py
[2026-09-25T21:09:40.021+0000] {processor.py:914} INFO - Processing file /opt/airflow/dags/weather_etl.py for tasks to queue
[2026-09-25T21:09:40.029+0000] {logging_mixin.py:190} INFO - [2026-09-25T21:09:40.028+0000] {dagbag.py:587} INFO - Filling up the DagBag from /opt/airflow/dags/weather_etl.py
[2026-09-25T21:09:40.081+0000] {processor.py:925} INFO - DAG(s) 'weather_etl' retrieved from /opt/airflow/dags/weather_etl.py
[2026-09-25T21:09:40.109+0000] {logging_mixin.py:190} INFO - [2026-09-25T21:09:40.109+0000] {dag.py:3229} INFO - Sync 1 DAGs
[2026-09-25T21:09:40.139+0000] {logging_mixin.py:190} INFO - [2026-09-25T21:09:40.139+0000] {dag.py:4156} INFO - Setting next_dagrun for weather_etl to 2026-09-25 02:30:00+00:00, run_after=2026-09-26 02:30:00+00:00
[2026-09-25T21:09:40.151+0000] {processor.py:208} INFO - Processing /opt/airflow/dags/weather_etl.py took 0.147 seconds
[2026-09-25T21:10:10.349+0000] {processor.py:186} INFO - Started process (PID=1062) to work on /opt/airflow/dags/weather_etl.py
[2026-09-25T21:10:10.352+0000] {processor.py:914} INFO - Processing file /opt/airflow/dags/weather_etl.py for tasks to queue
[2026-09-25T21:10:10.353+0000] {logging_mixin.py:190} INFO - [2026-09-25T21:10:10.353+0000] {dagbag.py:587} INFO - Filling up the DagBag from /opt/airflow/dags/weather_etl.py
[2026-09-25T21:10:10.380+0000] {processor.py:925} INFO - DAG(s) 'weather_etl' retrieved from /opt/airflow/dags/weather_etl.py
[2026-09-25T21:10:10.392+0000] {logging_mixin.py:190} INFO - [2026-09-25T21:10:10.392+0000] {dag.py:3229} INFO - Sync 1 DAGs
[2026-09-25T21:10:10.406+0000] {logging_mixin.py:190} INFO - [2026-09-25T21:10:10.406+0000] {dag.py:4156} INFO - Setting next_dagrun for weather_etl to 2026-09-25 02:30:00+00:00, run_after=2026-09-26 02:30:00+00:00
[2026-09-25T21:10:10.415+0000] {processor.py:208} INFO - Processing /opt/airflow/dags/weather_etl.py took 0.076 seconds
[2026-09-25T21:10:40.807+0000] {processor.py:186} INFO - Started process (PID=1073) to work on /opt/airflow/dags/weather_etl.py
[2026-09-25T21:10:40.811+0000] {processor.py:914} INFO - Processing file /opt/airflow/dags/weather_etl.py for tasks to queue
[2026-09-25T21:10:40.812+0000] {logging_mixin.py:190} INFO - [2026-09-25T21:10:40.811+0000] {dagbag.py:587} INFO - Filling up the DagBag from /opt/airflow/dags/weather_etl.py
[2026-09-25T21:10:40.834+0000] {processor.py:925} INFO - DAG(s) 'weather_etl' retrieved from /opt/airflow/dags/weather_etl.py
[2026-09-25T21:10:40.844+0000] {logging_mixin.py:190} INFO - [2026-09-25T21:10:40.844+0000] {dag.py:3229} INFO - Sync 1 DAGs
[2026-09-25T21:10:40.855+0000] {logging_mixin.py:190} INFO - [2026-09-25T21:10:40.855+0000] {dag.py:4156} INFO - Setting next_dagrun for weather_etl to 2026-09-25 02:30:00+00:00, run_after=2026-09-26 02:30:00+00:00
[2026-09-25T21:10:40.861+0000] {processor.py:208} INFO - Processing /opt/airflow/dags/weather_etl.py took 0.061 seconds
[2026-09-25T21:11:11.143+0000] {processor.py:186} INFO - Started process (PID=1084) to work on /opt/airflow/dags/weather_etl.py
[2026-09-25T21:11:11.146+0000] {processor.py:914} INFO - Processing file /opt/airflow/dags/weather_etl.py for tasks to queue
[2026-09-25T21:11:11.147+0000] {logging_mixin.py:190} INFO - [2026-09-25T21:11:11.147+0000] {dagbag.py:587} INFO - Filling up the DagBag from /opt/airflow/dags/weather_etl.py
[2026-09-25T21:11:11.189+0000] {processor.py:925} INFO - DAG(s) 'weather_etl' retrieved from /opt/airflow/dags/weather_etl.py
[2026-09-25T21:11:11.206+0000] {logging_mixin.py:190} INFO - [2026-09-25T21:11:11.206+0000] {dag.py:3229} INFO - Sync 1 DAGs
[2026-09-25T21:11:11.223+0000] {logging_mixin.py:190} INFO - [2026-09-25T21:11:11.223+0000] {dag.py:4156} INFO - Setting next_dagrun for weather_etl to 2026-09-25 02:30:00+00:00, run_after=2026-09-26 02:30:00+00:00
[2026-09-25T21:11:11.230+0000] {processor.py:208} INFO - Processing /opt/airflow/dags/weather_etl.py took 0.094 seconds
[2026-09-25T21:11:41.570+0000] {processor.py:186} INFO - Started process (PID=1095) to work on /opt/airflow/dags/weather_etl.py
[2026-09-25T21:11:41.573+0000] {processor.py:914} INFO - Processing file /opt/airflow/dags/weather_etl.py for tasks to queue
[2026-09-25T21:11:41.574+0000] {logging_mixin.py:190} INFO - [2026-09-25T21:11:41.574+0000] {dagbag.py:587} INFO - Filling up the DagBag from /opt/airflow/dags/weather_etl.py
[2026-09-25T21:11:41.606+0000] {processor.py:925} INFO - DAG(s) 'weather_etl' retrieved from /opt/airflow/dags/weather_etl.py
[2026-09-25T21:11:41.622+0000] {logging_mixin.py:190} INFO - [2026-09-25T21:11:41.622+0000] {dag.py:3229} INFO - Sync 1 DAGs
[2026-09-25T21:11:41.639+0000] {logging_mixin.py:190} INFO - [2026-09-25T21:11:41.638+0000] {dag.py:4156} INFO - Setting next_dagrun for weather_etl to 2026-09-25 02:30:00+00:00, run_after=2026-09-26 02:30:00+00:00
[2026-09-25T21:11:41.647+0000] {processor.py:208} INFO - Processing /opt/airflow/dags/weather_etl.py took 0.085 seconds
[2026-09-25T21:12:11.942+0000] {processor.py:186} INFO - Started process (PID=1106) to work on /opt/airflow/dags/weather_etl.py
[2026-09-25T21:12:11.945+0000] {processor.py:914} INFO - Processing file /opt/airflow/dags/weather_etl.py for tasks to queue
[2026-09-25T21:12:11.946+0000] {logging_mixin.py:190} INFO - [2026-09-25T21:12:11.946+0000] {dagbag.py:587} INFO - Filling up the DagBag from /opt/airflow/dags/weather_etl.py
[2026-09-25T21:12:11.973+0000] {processor.py:925} INFO - DAG(s) 'weather_etl' retrieved from /opt/airflow/dags/weather_etl.py
[2026-09-25T21:12:11.986+0000] {logging_mixin.py:190} INFO - [2026-09-25T21:12:11.985+0000] {dag.py:3229} INFO - Sync 1 DAGs
[2026-09-25T21:12:12.002+0000] {logging_mixin.py:190} INFO - [2026-09-25T21:12:12.002+0000] {dag.py:4156} INFO - Setting next_dagrun for weather_etl to 2026-09-25 02:30:00+00:00, run_after=2026-09-26 02:30:00+00:00
[2026-09-25T21:12:12.009+0000] {processor.py:208} INFO - Processing /opt/airflow/dags/weather_etl.py took 0.074 seconds
[2026-09-25T21:12:42.342+0000] {processor.py:186} INFO - Started process (PID=1117) to work on /opt/airflow/dags/weather_etl.py
[2026-09-25T21:12:42.346+0000] {processor.py:914} INFO - Processing file /opt/airflow/dags/weather_etl.py for tasks to queue
[2026-09-25T21:12:42.347+0000] {logging_mixin.py:190} INFO - [2026-09-25T21:12:42.346+0000] {dagbag.py:587} INFO - Filling up the DagBag from /opt/airflow/dags/weather_etl.py
[2026-09-25T21:12:42.365+0000] {processor.py:925} INFO - DAG(s) 'weather_etl' retrieved from /opt/airflow/dags/weather_etl.py
[2026-09-25T21:12:42.374+0000] {logging_mixin.py:190} INFO - [2026-09-25T21:12:42.374+0000] {dag.py:3229} INFO - Sync 1 DAGs
[2026-09-25T21:12:42.385+0000] {logging_mixin.py:190} INFO - [2026-09-25T21:12:42.385+0000] {dag.py:4156} INFO - Setting next_dagrun for weather_etl to 2026-09-25 02:30:00+00:00, run_after=2026-09-26 02:30:00+00:00
[2026-09-25T21:12:42.391+0000] {processor.py:208} INFO - Processing /opt/airflow/dags/weather_etl.py took 0.054 seconds
[2026-09-25T21:13:12.737+0000] {processor.py:186} INFO - Started process (PID=1128) to work on /opt/airflow/dags/weather_etl.py
[2026-09-25T21:13:12.740+0000] {processor.py:914} INFO - Processing file /opt/airflow/dags/weather_etl.py for tasks to queue
[2026-09-25T21:13:12.742+0000] {logging_mixin.py:190} INFO - [2026-09-25T21:13:12.741+0000] {dagbag.py:587} INFO - Filling up the DagBag from /opt/airflow/dags/weather_etl.py
[2026-09-25T21:13:12.768+0000] {processor.py:925} INFO - DAG(s) 'weather_etl' retrieved from /opt/airflow/dags/weather_etl.py
[2026-09-25T21:13:12.782+0000] {logging_mixin.py:190} INFO - [2026-09-25T21:13:12.782+0000] {dag.py:3229} INFO - Sync 1 DAGs
[2026-09-25T21:13:12.807+0000] {logging_mixin.py:190} INFO - [2026-09-25T21:13:12.807+0000] {dag.py:4156} INFO - Setting next_dagrun for weather_etl to 2026-09-25 02:30:00+00:00, run_after=2026-09-26 02:30:00+00:00
[2026-09-25T21:13:12.817+0000] {processor.py:208} INFO - Processing /opt/airflow/dags/weather_etl.py took 0.089 seconds
[2026-09-25T21:13:43.155+0000] {processor.py:186} INFO - Started process (PID=1139) to work on /opt/airflow/dags/weather_etl.py
[2026-09-25T21:13:43.159+0000] {processor.py:914} INFO - Processing file /opt/airflow/dags/weather_etl.py for tasks to queue
[2026-09-25T21:13:43.160+0000] {logging_mixin.py:190} INFO - [2026-09-25T21:13:43.160+0000] {dagbag.py:587} INFO - Filling up the DagBag from /opt/airflow/dags/weather_etl.py
[2026-09-25T21:13:43.210+0000] {processor.py:925} INFO - DAG(s) 'weather_etl' retrieved from /opt/airflow/dags/weather_etl.py
[2026-09-25T21:13:43.226+0000] {logging_mixin.py:190} INFO - [2026-09-25T21:13:43.226+0000] {dag.py:3229} INFO - Sync 1 DAGs
[2026-09-25T21:13:43.250+0000] {logging_mixin.py:190} INFO - [2026-09-25T21:13:43.250+0000] {dag.py:4156} INFO - Setting next_dagrun for weather_etl to 2026-09-25 02:30:00+00:00, run_after=2026-09-26 02:30:00+00:00
[2026-09-25T21:13:43.266+0000] {processor.py:208} INFO - Processing /opt/airflow/dags/weather_etl.py took 0.127 seconds
[2026-09-25T21:14:13.470+0000] {processor.py:186} INFO - Started process (PID=1150) to work on /opt/airflow/dags/weather_etl.py
[2026-09-25T21:14:13.474+0000] {processor.py:914} INFO - Processing file /opt/airflow/dags/weather_etl.py for tasks to queue
[2026-09-25T21:14:13.475+0000] {logging_mixin.py:190} INFO - [2026-09-25T21:14:13.475+0000] {dagbag.py:587} INFO - Filling up the DagBag from /opt/airflow/dags/weather_etl.py
[2026-09-25T21:14:13.494+0000] {processor.py:925} INFO - DAG(s) 'weather_etl' retrieved from /opt/airflow/dags/weather_etl.py
[2026-09-25T21:14:13.502+0000] {logging_mixin.py:190} INFO - [2026-09-25T21:14:13.502+0000] {dag.py:3229} INFO - Sync 1 DAGs
[2026-09-25T21:14:13.512+0000] {logging_mixin.py:190} INFO - [2026-09-25T21:14:13.512+0000] {dag.py:4156} INFO - Setting next_dagrun for weather_etl to 2026-09-25 02:30:00+00:00, run_after=2026-09-26 02:30:00+00:00
[2026-09-25T21:14:13.518+0000] {processor.py:208} INFO - Processing /opt/airflow/dags/weather_etl.py took 0.055 seconds
[2026-09-25T21:14:43.900+0000] {processor.py:186} INFO - Started process (PID=1162) to work on /opt/airflow/dags/weather_etl.py
[2026-09-25T21:14:43.903+0000] {processor.py:914} INFO - Processing file /opt/airflow/dags/weather_etl.py for tasks to queue
[2026-09-25T21:14:43.904+0000] {logging_mixin.py:190} INFO - [2026-09-25T21:14:43.904+0000] {dagbag.py:587} INFO - Filling up the DagBag from /opt/airflow/dags/weather_etl.py
[2026-09-25T21:14:43.936+0000] {processor.py:925} INFO - DAG(s) 'weather_etl' retrieved from /opt/airflow/dags/weather_etl.py
[2026-09-25T21:14:43.950+0000] {logging_mixin.py:190} INFO - [2026-09-25T21:14:43.950+0000] {dag.py:3229} INFO - Sync 1 DAGs
[2026-09-25T21:14:43.971+0000] {logging_mixin.py:190} INFO - [2026-09-25T21:14:43.971+0000] {dag.py:4156} INFO - Setting next_dagrun for weather_etl to 2026-09-25 02:30:00+00:00, run_after=2026-09-26 02:30:00+00:00
[2026-09-25T21:14:43.978+0000] {processor.py:208} INFO - Processing /opt/airflow/dags/weather_etl.py took 0.090 seconds
[2026-09-25T21:15:14.257+0000] {processor.py:186} INFO - Started process (PID=1173) to work on /opt/airflow/dags/weather_etl.py
[2026-09-25T21:15:14.260+0000] {processor.py:914} INFO - Processing file /opt/airflow/dags/weather_etl.py for tasks to queue
[2026-09-25T21:15:14.261+0000] {logging_mixin.py:190} INFO - [2026-09-25T21:15:14.261+0000] {dagbag.py:587} INFO - Filling up the DagBag from /opt/airflow/dags/weather_etl.py
[2026-09-25T21:15:14.291+0000] {processor.py:925} INFO - DAG(s) 'weather_etl' retrieved from /opt/airflow/dags/weather_etl.py
[2026-09-25T21:15:14.305+0000] {logging_mixin.py:190} INFO - [2026-09-25T21:15:14.305+0000] {dag.py:3229} INFO - Sync 1 DAGs
[2026-09-25T21:15:14.321+0000] {logging_mixin.py:190} INFO - [2026-09-25T21:15:14.321+0000] {dag.py:4156} INFO - Setting next_dagrun for weather_etl to 2026-09-25 02:30:00+00:00, run_after=2026-09-26 02:30:00+00:00
[2026-09-25T21:15:14.328+0000] {processor.py:208} INFO - Processing /opt/airflow/dags/weather_etl.py took 0.081 seconds
[2026-09-25T21:15:44.616+0000] {processor.py:186} INFO - Started process (PID=1184) to work on /opt/airflow/dags/weather_etl.py
[2026-09-25T21:15:44.619+0000] {processor.py:914} INFO - Processing file /opt/airflow/dags/weather_etl.py for tasks to queue
[2026-09-25T21:15:44.620+0000] {logging_mixin.py:190} INFO - [2026-09-25T21:15:44.619+0000] {dagbag.py:587} INFO - Filling up the DagBag from /opt/airflow/dags/weather_etl.py
[2026-09-25T21:15:44.650+0000] {processor.py:925} INFO - DAG(s) 'weather_etl' retrieved from /opt/airflow/dags/weather_etl.py
[2026-09-25T21:15:44.664+0000] {logging_mixin.py:190} INFO - [2026-09-25T21:15:44.664+0000] {dag.py:3229} INFO - Sync 1 DAGs
[2026-09-25T21:15:44.682+0000] {logging_mixin.py:190} INFO - [2026-09-25T21:15:44.682+0000] {dag.py:4156} INFO - Setting next_dagrun for weather_etl to 2026-09-25 02:30:00+00:00, run_after=2026-09-26 02:30:00+00:00
[2026-09-25T21:15:44.690+0000] {processor.py:208} INFO - Processing /opt/airflow/dags/weather_etl.py took 0.081 seconds
[2026-09-25T21:16:15.050+0000] {processor.py:186} INFO - Started process (PID=1195) to work on /opt/airflow/dags/weather_etl.py
[2026-09-25T21:16:15.054+0000] {processor.py:914} INFO - Processing file /opt/airflow/dags/weather_etl.py for tasks to queue
[2026-09-25T21:16:15.056+0000] {logging_mixin.py:190} INFO - [2026-09-25T21:16:15.055+0000] {dagbag.py:587} INFO - Filling up the DagBag from /opt/airflow/dags/weather_etl.py
[2026-09-25T21:16:15.094+0000] {processor.py:925} INFO - DAG(s) 'weather_etl' retrieved from /opt/airflow/dags/weather_etl.py
[2026-09-25T21:16:15.114+0000] {logging_mixin.py:190} INFO - [2026-09-25T21:16:15.114+0000] {dag.py:3229} INFO - Sync 1 DAGs
[2026-09-25T21:16:15.135+0000] {logging_mixin.py:190} INFO - [2026-09-25T21:16:15.135+0000] {dag.py:4156} INFO - Setting next_dagrun for weather_etl to 2026-09-25 02:30:00+00:00, run_after=2026-09-26 02:30:00+00:00
[2026-09-25T21:16:15.145+0000] {processor.py:208} INFO - Processing /opt/airflow/dags/weather_etl.py took 0.111 seconds
[2026-09-25T21:16:45.455+0000] {processor.py:186} INFO - Started process (PID=1206) to work on /opt/airflow/dags/weather_etl.py
[2026-09-25T21:16:45.458+0000] {processor.py:914} INFO - Processing file /opt/airflow/dags/weather_etl.py for tasks to queue
[2026-09-25T21:16:45.460+0000] {logging_mixin.py:190} INFO - [2026-09-25T21:16:45.459+0000] {dagbag.py:587} INFO - Filling up the DagBag from /opt/airflow/dags/weather_etl.py
[2026-09-25T21:16:45.493+0000] {processor.py:925} INFO - DAG(s) 'weather_etl' retrieved from /opt/airflow/dags/weather_etl.py
[2026-09-25T21:16:45.507+0000] {logging_mixin.py:190} INFO - [2026-09-25T21:16:45.507+0000] {dag.py:3229} INFO - Sync 1 DAGs
[2026-09-25T21:16:45.523+0000] {logging_mixin.py:190} INFO - [2026-09-25T21:16:45.523+0000] {dag.py:4156} INFO - Setting next_dagrun for weather_etl to 2026-09-25 02:30:00+00:00, run_after=2026-09-26 02:30:00+00:00
[2026-09-25T21:16:45.533+0000] {processor.py:208} INFO - Processing /opt/airflow/dags/weather_etl.py took 0.089 seconds
[2026-09-25T21:17:15.881+0000] {processor.py:186} INFO - Started process (PID=1217) to work on /opt/airflow/dags/weather_etl.py
[2026-09-25T21:17:15.883+0000] {processor.py:914} INFO - Processing file /opt/airflow/dags/weather_etl.py for tasks to queue
[2026-09-25T21:17:15.885+0000] {logging_mixin.py:190} INFO - [2026-09-25T21:17:15.884+0000] {dagbag.py:587} INFO - Filling up the DagBag from /opt/airflow/dags/weather_etl.py
[2026-09-25T21:17:15.916+0000] {processor.py:925} INFO - DAG(s) 'weather_etl' retrieved from /opt/airflow/dags/weather_etl.py
[2026-09-25T21:17:15.930+0000] {logging_mixin.py:190} INFO - [2026-09-25T21:17:15.930+0000] {dag.py:3229} INFO - Sync 1 DAGs
[2026-09-25T21:17:15.947+0000] {logging_mixin.py:190} INFO - [2026-09-25T21:17:15.947+0000] {dag.py:4156} INFO - Setting next_dagrun for weather_etl to 2026-09-25 02:30:00+00:00, run_after=2026-09-26 02:30:00+00:00
[2026-09-25T21:17:15.957+0000] {processor.py:208} INFO - Processing /opt/airflow/dags/weather_etl.py took 0.084 seconds
[2026-09-25T21:17:46.258+0000] {processor.py:186} INFO - Started process (PID=1228) to work on /opt/airflow/dags/weather_etl.py
[2026-09-25T21:17:46.262+0000] {processor.py:914} INFO - Processing file /opt/airflow/dags/weather_etl.py for tasks to queue
[2026-09-25T21:17:46.263+0000] {logging_mixin.py:190} INFO - [2026-09-25T21:17:46.263+0000] {dagbag.py:587} INFO - Filling up the DagBag from /opt/airflow/dags/weather_etl.py
[2026-09-25T21:17:46.297+0000] {processor.py:925} INFO - DAG(s) 'weather_etl' retrieved from /opt/airflow/dags/weather_etl.py
[2026-09-25T21:17:46.314+0000] {logging_mixin.py:190} INFO - [2026-09-25T21:17:46.314+0000] {dag.py:3229} INFO - Sync 1 DAGs
[2026-09-25T21:17:46.334+0000] {logging_mixin.py:190} INFO - [2026-09-25T21:17:46.334+0000] {dag.py:4156} INFO - Setting next_dagrun for weather_etl to 2026-09-25 02:30:00+00:00, run_after=2026-09-26 02:30:00+00:00
[2026-09-25T21:17:46.341+0000] {processor.py:208} INFO - Processing /opt/airflow/dags/weather_etl.py took 0.094 seconds
[2026-09-25T21:18:16.666+0000] {processor.py:186} INFO - Started process (PID=1239) to work on /opt/airflow/dags/weather_etl.py
[2026-09-25T21:18:16.669+0000] {processor.py:914} INFO - Processing file /opt/airflow/dags/weather_etl.py for tasks to queue
[2026-09-25T21:18:16.670+0000] {logging_mixin.py:190} INFO - [2026-09-25T21:18:16.670+0000] {dagbag.py:587} INFO - Filling up the DagBag from /opt/airflow/dags/weather_etl.py
[2026-09-25T21:18:16.707+0000] {processor.py:925} INFO - DAG(s) 'weather_etl' retrieved from /opt/airflow/dags/weather_etl.py
[2026-09-25T21:18:16.723+0000] {logging_mixin.py:190} INFO - [2026-09-25T21:18:16.723+0000] {dag.py:3229} INFO - Sync 1 DAGs
[2026-09-25T21:18:16.741+0000] {logging_mixin.py:190} INFO - [2026-09-25T21:18:16.741+0000] {dag.py:4156} INFO - Setting next_dagrun for weather_etl to 2026-09-25 02:30:00+00:00, run_after=2026-09-26 02:30:00+00:00
[2026-09-25T21:18:16.752+0000] {processor.py:208} INFO - Processing /opt/airflow/dags/weather_etl.py took 0.102 seconds
[2026-09-25T21:18:47.046+0000] {processor.py:186} INFO - Started process (PID=1250) to work on /opt/airflow/dags/weather_etl.py
[2026-09-25T21:18:47.049+0000] {processor.py:914} INFO - Processing file /opt/airflow/dags/weather_etl.py for tasks to queue
[2026-09-25T21:18:47.051+0000] {logging_mixin.py:190} INFO - [2026-09-25T21:18:47.050+0000] {dagbag.py:587} INFO - Filling up the DagBag from /opt/airflow/dags/weather_etl.py
[2026-09-25T21:18:47.080+0000] {processor.py:925} INFO - DAG(s) 'weather_etl' retrieved from /opt/airflow/dags/weather_etl.py
[2026-09-25T21:18:47.095+0000] {logging_mixin.py:190} INFO - [2026-09-25T21:18:47.094+0000] {dag.py:3229} INFO - Sync 1 DAGs
[2026-09-25T21:18:47.111+0000] {logging_mixin.py:190} INFO - [2026-09-25T21:18:47.110+0000] {dag.py:4156} INFO - Setting next_dagrun for weather_etl to 2026-09-25 02:30:00+00:00, run_after=2026-09-26 02:30:00+00:00
[2026-09-25T21:18:47.118+0000] {processor.py:208} INFO - Processing /opt/airflow/dags/weather_etl.py took 0.079 seconds
[2026-09-25T21:19:17.453+0000] {processor.py:186} INFO - Started process (PID=1261) to work on /opt/airflow/dags/weather_etl.py
[2026-09-25T21:19:17.456+0000] {processor.py:914} INFO - Processing file /opt/airflow/dags/weather_etl.py for tasks to queue
[2026-09-25T21:19:17.457+0000] {logging_mixin.py:190} INFO - [2026-09-25T21:19:17.456+0000] {dagbag.py:587} INFO - Filling up the DagBag from /opt/airflow/dags/weather_etl.py
[2026-09-25T21:19:17.494+0000] {processor.py:925} INFO - DAG(s) 'weather_etl' retrieved from /opt/airflow/dags/weather_etl.py
[2026-09-25T21:19:17.512+0000] {logging_mixin.py:190} INFO - [2026-09-25T21:19:17.512+0000] {dag.py:3229} INFO - Sync 1 DAGs
[2026-09-25T21:19:17.529+0000] {logging_mixin.py:190} INFO - [2026-09-25T21:19:17.529+0000] {dag.py:4156} INFO - Setting next_dagrun for weather_etl to 2026-09-25 02:30:00+00:00, run_after=2026-09-26 02:30:00+00:00
[2026-09-25T21:19:17.538+0000] {processor.py:208} INFO - Processing /opt/airflow/dags/weather_etl.py took 0.092 seconds
[2026-09-25T21:19:47.840+0000] {processor.py:186} INFO - Started process (PID=1272) to work on /opt/airflow/dags/weather_etl.py
[2026-09-25T21:19:47.842+0000] {processor.py:914} INFO - Processing file /opt/airflow/dags/weather_etl.py for tasks to queue
[2026-09-25T21:19:47.843+0000] {logging_mixin.py:190} INFO - [2026-09-25T21:19:47.843+0000] {dagbag.py:587} INFO - Filling up the DagBag from /opt/airflow/dags/weather_etl.py
[2026-09-25T21:19:47.870+0000] {processor.py:925} INFO - DAG(s) 'weather_etl' retrieved from /opt/airflow/dags/weather_etl.py
[2026-09-25T21:19:47.878+0000] {logging_mixin.py:190} INFO - [2026-09-25T21:19:47.878+0000] {dag.py:3229} INFO - Sync 1 DAGs
[2026-09-25T21:19:47.890+0000] {logging_mixin.py:190} INFO - [2026-09-25T21:19:47.890+0000] {dag.py:4156} INFO - Setting next_dagrun for weather_etl to 2026-09-25 02:30:00+00:00, run_after=2026-09-26 02:30:00+00:00
[2026-09-25T21:19:47.897+0000] {processor.py:208} INFO - Processing /opt/airflow/dags/weather_etl.py took 0.076 seconds
[2026-09-25T21:20:18.265+0000] {processor.py:186} INFO - Started process (PID=1283) to work on /opt/airflow/dags/weather_etl.py
[2026-09-25T21:20:18.267+0000] {processor.py:914} INFO - Processing file /opt/airflow/dags/weather_etl.py for tasks to queue
[2026-09-25T21:20:18.268+0000] {logging_mixin.py:190} INFO - [2026-09-25T21:20:18.268+0000] {dagbag.py:587} INFO - Filling up the DagBag from /opt/airflow/dags/weather_etl.py
[2026-09-25T21:20:18.295+0000] {processor.py:925} INFO - DAG(s) 'weather_etl' retrieved from /opt/airflow/dags/weather_etl.py
[2026-09-25T21:20:18.308+0000] {logging_mixin.py:190} INFO - [2026-09-25T21:20:18.308+0000] {dag.py:3229} INFO - Sync 1 DAGs
[2026-09-25T21:20:18.322+0000] {logging_mixin.py:190} INFO - [2026-09-25T21:20:18.322+0000] {dag.py:4156} INFO - Setting next_dagrun for weather_etl to 2026-09-25 02:30:00+00:00, run_after=2026-09-26 02:30:00+00:00
[2026-09-25T21:20:18.330+0000] {processor.py:208} INFO - Processing /opt/airflow/dags/weather_etl.py took 0.072 seconds
[2026-09-25T21:20:48.613+0000] {processor.py:186} INFO - Started process (PID=1294) to work on /opt/airflow/dags/weather_etl.py
[2026-09-25T21:20:48.617+0000] {processor.py:914} INFO - Processing file /opt/airflow/dags/weather_etl.py for tasks to queue
[2026-09-25T21:20:48.618+0000] {logging_mixin.py:190} INFO - [2026-09-25T21:20:48.618+0000] {dagbag.py:587} INFO - Filling up the DagBag from /opt/airflow/dags/weather_etl.py
[2026-09-25T21:20:48.638+0000] {processor.py:925} INFO - DAG(s) 'weather_etl' retrieved from /opt/airflow/dags/weather_etl.py
[2026-09-25T21:20:48.647+0000] {logging_mixin.py:190} INFO - [2026-09-25T21:20:48.647+0000] {dag.py:3229} INFO - Sync 1 DAGs
[2026-09-25T21:20:48.657+0000] {logging_mixin.py:190} INFO - [2026-09-25T21:20:48.657+0000] {dag.py:4156} INFO - Setting next_dagrun for weather_etl to 2026-09-25 02:30:00+00:00, run_after=2026-09-26 02:30:00+00:00
[2026-09-25T21:20:48.663+0000] {processor.py:208} INFO - Processing /opt/airflow/dags/weather_etl.py took 0.055 seconds
[2026-09-25T21:21:19.009+0000] {processor.py:186} INFO - Started process (PID=1305) to work on /opt/airflow/dags/weather_etl.py
[2026-09-25T21:21:19.013+0000] {processor.py:914} INFO - Processing file /opt/airflow/dags/weather_etl.py for tasks to queue
[2026-09-25T21:21:19.014+0000] {logging_mixin.py:190} INFO - [2026-09-25T21:21:19.014+0000] {dagbag.py:587} INFO - Filling up the DagBag from /opt/airflow/dags/weather_etl.py
[2026-09-25T21:21:19.041+0000] {processor.py:925} INFO - DAG(s) 'weather_etl' retrieved from /opt/airflow/dags/weather_etl.py
[2026-09-25T21:21:19.052+0000] {logging_mixin.py:190} INFO - [2026-09-25T21:21:19.052+0000] {dag.py:3229} INFO - Sync 1 DAGs
[2026-09-25T21:21:19.066+0000] {logging_mixin.py:190} INFO - [2026-09-25T21:21:19.066+0000] {dag.py:4156} INFO - Setting next_dagrun for weather_etl to 2026-09-25 02:30:00+00:00, run_after=2026-09-26 02:30:00+00:00
[2026-09-25T21:21:19.074+0000] {processor.py:208} INFO - Processing /opt/airflow/dags/weather_etl.py took 0.074 seconds
[2026-09-25T21:21:49.388+0000] {processor.py:186} INFO - Started process (PID=1316) to work on /opt/airflow/dags/weather_etl.py
[2026-09-25T21:21:49.391+0000] {processor.py:914} INFO - Processing file /opt/airflow/dags/weather_etl.py for tasks to queue
[2026-09-25T21:21:49.392+0000] {logging_mixin.py:190} INFO - [2026-09-25T21:21:49.392+0000] {dagbag.py:587} INFO - Filling up the DagBag from /opt/airflow/dags/weather_etl.py
[2026-09-25T21:21:49.413+0000] {processor.py:925} INFO - DAG(s) 'weather_etl' retrieved from /opt/airflow/dags/weather_etl.py
[2026-09-25T21:21:49.422+0000] {logging_mixin.py:190} INFO - [2026-09-25T21:21:49.421+0000] {dag.py:3229} INFO - Sync 1 DAGs
[2026-09-25T21:21:49.433+0000] {logging_mixin.py:190} INFO - [2026-09-25T21:21:49.432+0000] {dag.py:4156} INFO - Setting next_dagrun for weather_etl to 2026-09-25 02:30:00+00:00, run_after=2026-09-26 02:30:00+00:00
[2026-09-25T21:21:49.439+0000] {processor.py:208} INFO - Processing /opt/airflow/dags/weather_etl.py took 0.060 seconds
[2026-09-25T21:22:19.742+0000] {processor.py:186} INFO - Started process (PID=1327) to work on /opt/airflow/dags/weather_etl.py
[2026-09-25T21:22:19.745+0000] {processor.py:914} INFO - Processing file /opt/airflow/dags/weather_etl.py for tasks to queue
[2026-09-25T21:22:19.746+0000] {logging_mixin.py:190} INFO - [2026-09-25T21:22:19.746+0000] {dagbag.py:587} INFO - Filling up the DagBag from /opt/airflow/dags/weather_etl.py
[2026-09-25T21:22:19.771+0000] {processor.py:925} INFO - DAG(s) 'weather_etl' retrieved from /opt/airflow/dags/weather_etl.py
[2026-09-25T21:22:19.782+0000] {logging_mixin.py:190} INFO - [2026-09-25T21:22:19.782+0000] {dag.py:3229} INFO - Sync 1 DAGs
[2026-09-25T21:22:19.796+0000] {logging_mixin.py:190} INFO - [2026-09-25T21:22:19.796+0000] {dag.py:4156} INFO - Setting next_dagrun for weather_etl to 2026-09-25 02:30:00+00:00, run_after=2026-09-26 02:30:00+00:00
[2026-09-25T21:22:19.803+0000] {processor.py:208} INFO - Processing /opt/airflow/dags/weather_etl.py took 0.070 seconds
[2026-09-25T21:22:50.116+0000] {processor.py:186} INFO - Started process (PID=1338) to work on /opt/airflow/dags/weather_etl.py
[2026-09-25T21:22:50.118+0000] {processor.py:914} INFO - Processing file /opt/airflow/dags/weather_etl.py for tasks to queue
[2026-09-25T21:22:50.119+0000] {logging_mixin.py:190} INFO - [2026-09-25T21:22:50.119+0000] {dagbag.py:587} INFO - Filling up the DagBag from /opt/airflow/dags/weather_etl.py
[2026-09-25T21:22:50.144+0000] {processor.py:925} INFO - DAG(s) 'weather_etl' retrieved from /opt/airflow/dags/weather_etl.py
[2026-09-25T21:22:50.158+0000] {logging_mixin.py:190} INFO - [2026-09-25T21:22:50.158+0000] {dag.py:3229} INFO - Sync 1 DAGs
[2026-09-25T21:22:50.169+0000] {logging_mixin.py:190} INFO - [2026-09-25T21:22:50.169+0000] {dag.py:4156} INFO - Setting next_dagrun for weather_etl to 2026-09-25 02:30:00+00:00, run_after=2026-09-26 02:30:00+00:00
[2026-09-25T21:22:50.176+0000] {processor.py:208} INFO - Processing /opt/airflow/dags/weather_etl.py took 0.068 seconds
[2026-09-25T21:23:20.519+0000] {processor.py:186} INFO - Started process (PID=1349) to work on /opt/airflow/dags/weather_etl.py
[2026-09-25T21:23:20.522+0000] {processor.py:914} INFO - Processing file /opt/airflow/dags/weather_etl.py for tasks to queue
[2026-09-25T21:23:20.523+0000] {logging_mixin.py:190} INFO - [2026-09-25T21:23:20.523+0000] {dagbag.py:587} INFO - Filling up the DagBag from /opt/airflow/dags/weather_etl.py
[2026-09-25T21:23:20.558+0000] {processor.py:925} INFO - DAG(s) 'weather_etl' retrieved from /opt/airflow/dags/weather_etl.py
[2026-09-25T21:23:20.572+0000] {logging_mixin.py:190} INFO - [2026-09-25T21:23:20.572+0000] {dag.py:3229} INFO - Sync 1 DAGs
[2026-09-25T21:23:20.588+0000] {logging_mixin.py:190} INFO - [2026-09-25T21:23:20.588+0000] {dag.py:4156} INFO - Setting next_dagrun for weather_etl to 2026-09-25 02:30:00+00:00, run_after=2026-09-26 02:30:00+00:00
[2026-09-25T21:23:20.598+0000] {processor.py:208} INFO - Processing /opt/airflow/dags/weather_etl.py took 0.088 seconds
[2026-09-25T21:23:50.894+0000] {processor.py:186} INFO - Started process (PID=1360) to work on /opt/airflow/dags/weather_etl.py
[2026-09-25T21:23:50.896+0000] {processor.py:914} INFO - Processing file /opt/airflow/dags/weather_etl.py for tasks to queue
[2026-09-25T21:23:50.898+0000] {logging_mixin.py:190} INFO - [2026-09-25T21:23:50.897+0000] {dagbag.py:587} INFO - Filling up the DagBag from /opt/airflow/dags/weather_etl.py
[2026-09-25T21:23:50.926+0000] {processor.py:925} INFO - DAG(s) 'weather_etl' retrieved from /opt/airflow/dags/weather_etl.py
[2026-09-25T21:23:50.941+0000] {logging_mixin.py:190} INFO - [2026-09-25T21:23:50.941+0000] {dag.py:3229} INFO - Sync 1 DAGs
[2026-09-25T21:23:50.962+0000] {logging_mixin.py:190} INFO - [2026-09-25T21:23:50.962+0000] {dag.py:4156} INFO - Setting next_dagrun for weather_etl to 2026-09-25 02:30:00+00:00, run_after=2026-09-26 02:30:00+00:00
[2026-09-25T21:23:50.970+0000] {processor.py:208} INFO - Processing /opt/airflow/dags/weather_etl.py took 0.085 seconds
[2026-09-25T21:24:21.294+0000] {processor.py:186} INFO - Started process (PID=1371) to work on /opt/airflow/dags/weather_etl.py
[2026-09-25T21:24:21.296+0000] {processor.py:914} INFO - Processing file /opt/airflow/dags/weather_etl.py for tasks to queue
[2026-09-25T21:24:21.297+0000] {logging_mixin.py:190} INFO - [2026-09-25T21:24:21.297+0000] {dagbag.py:587} INFO - Filling up the DagBag from /opt/airflow/dags/weather_etl.py
[2026-09-25T21:24:21.322+0000] {processor.py:925} INFO - DAG(s) 'weather_etl' retrieved from /opt/airflow/dags/weather_etl.py
[2026-09-25T21:24:21.334+0000] {logging_mixin.py:190} INFO - [2026-09-25T21:24:21.334+0000] {dag.py:3229} INFO - Sync 1 DAGs
[2026-09-25T21:24:21.348+0000] {logging_mixin.py:190} INFO - [2026-09-25T21:24:21.348+0000] {dag.py:4156} INFO - Setting next_dagrun for weather_etl to 2026-09-25 02:30:00+00:00, run_after=2026-09-26 02:30:00+00:00
[2026-09-25T21:24:21.356+0000] {processor.py:208} INFO - Processing /opt/airflow/dags/weather_etl.py took 0.069 seconds
[2026-09-25T21:24:51.653+0000] {processor.py:186} INFO - Started process (PID=1382) to work on /opt/airflow/dags/weather_etl.py
[2026-09-25T21:24:51.655+0000] {processor.py:914} INFO - Processing file /opt/airflow/dags/weather_etl.py for tasks to queue
[2026-09-25T21:24:51.656+0000] {logging_mixin.py:190} INFO - [2026-09-25T21:24:51.656+0000] {dagbag.py:587} INFO - Filling up the DagBag from /opt/airflow/dags/weather_etl.py
[2026-09-25T21:24:51.680+0000] {processor.py:925} INFO - DAG(s) 'weather_etl' retrieved from /opt/airflow/dags/weather_etl.py
[2026-09-25T21:24:51.692+0000] {logging_mixin.py:190} INFO - [2026-09-25T21:24:51.692+0000] {dag.py:3229} INFO - Sync 1 DAGs
[2026-09-25T21:24:51.706+0000] {logging_mixin.py:190} INFO - [2026-09-25T21:24:51.706+0000] {dag.py:4156} INFO - Setting next_dagrun for weather_etl to 2026-09-25 02:30:00+00:00, run_after=2026-09-26 02:30:00+00:00
[2026-09-25T21:24:51.713+0000] {processor.py:208} INFO - Processing /opt/airflow/dags/weather_etl.py took 0.067 seconds
[2026-09-25T21:25:21.993+0000] {processor.py:186} INFO - Started process (PID=1393) to work on /opt/airflow/dags/weather_etl.py
[2026-09-25T21:25:21.996+0000] {processor.py:914} INFO - Processing file /opt/airflow/dags/weather_etl.py for tasks to queue
[2026-09-25T21:25:21.997+0000] {logging_mixin.py:190} INFO - [2026-09-25T21:25:21.996+0000] {dagbag.py:587} INFO - Filling up the DagBag from /opt/airflow/dags/weather_etl.py
[2026-09-25T21:25:22.029+0000] {processor.py:925} INFO - DAG(s) 'weather_etl' retrieved from /opt/airflow/dags/weather_etl.py
[2026-09-25T21:25:22.045+0000] {logging_mixin.py:190} INFO - [2026-09-25T21:25:22.045+0000] {dag.py:3229} INFO - Sync 1 DAGs
[2026-09-25T21:25:22.066+0000] {logging_mixin.py:190} INFO - [2026-09-25T21:25:22.066+0000] {dag.py:4156} INFO - Setting next_dagrun for weather_etl to 2026-09-25 02:30:00+00:00, run_after=2026-09-26 02:30:00+00:00
[2026-09-25T21:25:22.076+0000] {processor.py:208} INFO - Processing /opt/airflow/dags/weather_etl.py took 0.092 seconds
[2026-09-25T21:25:52.361+0000] {processor.py:186} INFO - Started process (PID=1404) to work on /opt/airflow/dags/weather_etl.py
[2026-09-25T21:25:52.365+0000] {processor.py:914} INFO - Processing file /opt/airflow/dags/weather_etl.py for tasks to queue
[2026-09-25T21:25:52.366+0000] {logging_mixin.py:190} INFO - [2026-09-25T21:25:52.366+0000] {dagbag.py:587} INFO - Filling up the DagBag from /opt/airflow/dags/weather_etl.py
[2026-09-25T21:25:52.419+0000] {processor.py:925} INFO - DAG(s) 'weather_etl' retrieved from /opt/airflow/dags/weather_etl.py
[2026-09-25T21:25:52.437+0000] {logging_mixin.py:190} INFO - [2026-09-25T21:25:52.436+0000] {dag.py:3229} INFO - Sync 1 DAGs
[2026-09-25T21:25:52.457+0000] {logging_mixin.py:190} INFO - [2026-09-25T21:25:52.457+0000] {dag.py:4156} INFO - Setting next_dagrun for weather_etl to 2026-09-25 02:30:00+00:00, run_after=2026-09-26 02:30:00+00:00
[2026-09-25T21:25:52.466+0000] {processor.py:208} INFO - Processing /opt/airflow/dags/weather_etl.py took 0.119 seconds
[2026-09-25T21:26:22.791+0000] {processor.py:186} INFO - Started process (PID=1415) to work on /opt/airflow/dags/weather_etl.py
[2026-09-25T21:26:22.794+0000] {processor.py:914} INFO - Processing file /opt/airflow/dags/weather_etl.py for tasks to queue
[2026-09-25T21:26:22.795+0000] {logging_mixin.py:190} INFO - [2026-09-25T21:26:22.795+0000] {dagbag.py:587} INFO - Filling up the DagBag from /opt/airflow/dags/weather_etl.py
[2026-09-25T21:26:22.834+0000] {processor.py:925} INFO - DAG(s) 'weather_etl' retrieved from /opt/airflow/dags/weather_etl.py
[2026-09-25T21:26:22.853+0000] {logging_mixin.py:190} INFO - [2026-09-25T21:26:22.853+0000] {dag.py:3229} INFO - Sync 1 DAGs
[2026-09-25T21:26:22.873+0000] {logging_mixin.py:190} INFO - [2026-09-25T21:26:22.873+0000] {dag.py:4156} INFO - Setting next_dagrun for weather_etl to 2026-09-25 02:30:00+00:00, run_after=2026-09-26 02:30:00+00:00
[2026-09-25T21:26:22.882+0000] {processor.py:208} INFO - Processing /opt/airflow/dags/weather_etl.py took 0.100 seconds
[2026-09-25T21:26:53.122+0000] {processor.py:186} INFO - Started process (PID=1426) to work on /opt/airflow/dags/weather_etl.py
[2026-09-25T21:26:53.125+0000] {processor.py:914} INFO - Processing file /opt/airflow/dags/weather_etl.py for tasks to queue
[2026-09-25T21:26:53.126+0000] {logging_mixin.py:190} INFO - [2026-09-25T21:26:53.126+0000] {dagbag.py:587} INFO - Filling up the DagBag from /opt/airflow/dags/weather_etl.py
[2026-09-25T21:26:53.149+0000] {processor.py:925} INFO - DAG(s) 'weather_etl' retrieved from /opt/airflow/dags/weather_etl.py
[2026-09-25T21:26:53.158+0000] {logging_mixin.py:190} INFO - [2026-09-25T21:26:53.158+0000] {dag.py:3229} INFO - Sync 1 DAGs
[2026-09-25T21:26:53.173+0000] {logging_mixin.py:190} INFO - [2026-09-25T21:26:53.172+0000] {dag.py:4156} INFO - Setting next_dagrun for weather_etl to 2026-09-25 02:30:00+00:00, run_after=2026-09-26 02:30:00+00:00
[2026-09-25T21:26:53.179+0000] {processor.py:208} INFO - Processing /opt/airflow/dags/weather_etl.py took 0.063 seconds
[2026-09-25T21:27:23.530+0000] {processor.py:186} INFO - Started process (PID=1437) to work on /opt/airflow/dags/weather_etl.py
[2026-09-25T21:27:23.533+0000] {processor.py:914} INFO - Processing file /opt/airflow/dags/weather_etl.py for tasks to queue
[2026-09-25T21:27:23.534+0000] {logging_mixin.py:190} INFO - [2026-09-25T21:27:23.534+0000] {dagbag.py:587} INFO - Filling up the DagBag from /opt/airflow/dags/weather_etl.py
[2026-09-25T21:27:23.558+0000] {processor.py:925} INFO - DAG(s) 'weather_etl' retrieved from /opt/airflow/dags/weather_etl.py
[2026-09-25T21:27:23.569+0000] {logging_mixin.py:190} INFO - [2026-09-25T21:27:23.569+0000] {dag.py:3229} INFO - Sync 1 DAGs
[2026-09-25T21:27:23.581+0000] {logging_mixin.py:190} INFO - [2026-09-25T21:27:23.581+0000] {dag.py:4156} INFO - Setting next_dagrun for weather_etl to 2026-09-25 02:30:00+00:00, run_after=2026-09-26 02:30:00+00:00
[2026-09-25T21:27:23.588+0000] {processor.py:208} INFO - Processing /opt/airflow/dags/weather_etl.py took 0.066 seconds
[2026-09-25T21:27:53.856+0000] {processor.py:186} INFO - Started process (PID=1448) to work on /opt/airflow/dags/weather_etl.py
[2026-09-25T21:27:53.859+0000] {processor.py:914} INFO - Processing file /opt/airflow/dags/weather_etl.py for tasks to queue
[2026-09-25T21:27:53.860+0000] {logging_mixin.py:190} INFO - [2026-09-25T21:27:53.860+0000] {dagbag.py:587} INFO - Filling up the DagBag from /opt/airflow/dags/weather_etl.py
[2026-09-25T21:27:53.894+0000] {processor.py:925} INFO - DAG(s) 'weather_etl' retrieved from /opt/airflow/dags/weather_etl.py
[2026-09-25T21:27:53.907+0000] {logging_mixin.py:190} INFO - [2026-09-25T21:27:53.907+0000] {dag.py:3229} INFO - Sync 1 DAGs
[2026-09-25T21:27:53.921+0000] {logging_mixin.py:190} INFO - [2026-09-25T21:27:53.920+0000] {dag.py:4156} INFO - Setting next_dagrun for weather_etl to 2026-09-25 02:30:00+00:00, run_after=2026-09-26 02:30:00+00:00
[2026-09-25T21:27:53.927+0000] {processor.py:208} INFO - Processing /opt/airflow/dags/weather_etl.py took 0.081 seconds
[2026-09-25T21:28:24.293+0000] {processor.py:186} INFO - Started process (PID=1459) to work on /opt/airflow/dags/weather_etl.py
[2026-09-25T21:28:24.297+0000] {processor.py:914} INFO - Processing file /opt/airflow/dags/weather_etl.py for tasks to queue
[2026-09-25T21:28:24.298+0000] {logging_mixin.py:190} INFO - [2026-09-25T21:28:24.298+0000] {dagbag.py:587} INFO - Filling up the DagBag from /opt/airflow/dags/weather_etl.py
[2026-09-25T21:28:24.335+0000] {processor.py:925} INFO - DAG(s) 'weather_etl' retrieved from /opt/airflow/dags/weather_etl.py
[2026-09-25T21:28:24.350+0000] {logging_mixin.py:190} INFO - [2026-09-25T21:28:24.349+0000] {dag.py:3229} INFO - Sync 1 DAGs
[2026-09-25T21:28:24.376+0000] {logging_mixin.py:190} INFO - [2026-09-25T21:28:24.376+0000] {dag.py:4156} INFO - Setting next_dagrun for weather_etl to 2026-09-25 02:30:00+00:00, run_after=2026-09-26 02:30:00+00:00
[2026-09-25T21:28:24.384+0000] {processor.py:208} INFO - Processing /opt/airflow/dags/weather_etl.py took 0.104 seconds
[2026-09-25T21:28:54.658+0000] {processor.py:186} INFO - Started process (PID=1470) to work on /opt/airflow/dags/weather_etl.py
[2026-09-25T21:28:54.660+0000] {processor.py:914} INFO - Processing file /opt/airflow/dags/weather_etl.py for tasks to queue
[2026-09-25T21:28:54.661+0000] {logging_mixin.py:190} INFO - [2026-09-25T21:28:54.661+0000] {dagbag.py:587} INFO - Filling up the DagBag from /opt/airflow/dags/weather_etl.py
[2026-09-25T21:28:54.699+0000] {processor.py:925} INFO - DAG(s) 'weather_etl' retrieved from /opt/airflow/dags/weather_etl.py
[2026-09-25T21:28:54.715+0000] {logging_mixin.py:190} INFO - [2026-09-25T21:28:54.715+0000] {dag.py:3229} INFO - Sync 1 DAGs
[2026-09-25T21:28:54.732+0000] {logging_mixin.py:190} INFO - [2026-09-25T21:28:54.732+0000] {dag.py:4156} INFO - Setting next_dagrun for weather_etl to 2026-09-25 02:30:00+00:00, run_after=2026-09-26 02:30:00+00:00
[2026-09-25T21:28:54.745+0000] {processor.py:208} INFO - Processing /opt/airflow/dags/weather_etl.py took 0.096 seconds
[2026-09-25T21:29:25.076+0000] {processor.py:186} INFO - Started process (PID=1481) to work on /opt/airflow/dags/weather_etl.py
[2026-09-25T21:29:25.079+0000] {processor.py:914} INFO - Processing file /opt/airflow/dags/weather_etl.py for tasks to queue
[2026-09-25T21:29:25.080+0000] {logging_mixin.py:190} INFO - [2026-09-25T21:29:25.079+0000] {dagbag.py:587} INFO - Filling up the DagBag from /opt/airflow/dags/weather_etl.py
[2026-09-25T21:29:25.109+0000] {processor.py:925} INFO - DAG(s) 'weather_etl' retrieved from /opt/airflow/dags/weather_etl.py
[2026-09-25T21:29:25.121+0000] {logging_mixin.py:190} INFO - [2026-09-25T21:29:25.121+0000] {dag.py:3229} INFO - Sync 1 DAGs
[2026-09-25T21:29:25.135+0000] {logging_mixin.py:190} INFO - [2026-09-25T21:29:25.135+0000] {dag.py:4156} INFO - Setting next_dagrun for weather_etl to 2026-09-25 02:30:00+00:00, run_after=2026-09-26 02:30:00+00:00
[2026-09-25T21:29:25.142+0000] {processor.py:208} INFO - Processing /opt/airflow/dags/weather_etl.py took 0.074 seconds
[2026-09-25T21:29:55.447+0000] {processor.py:186} INFO - Started process (PID=1492) to work on /opt/airflow/dags/weather_etl.py
[2026-09-25T21:29:55.449+0000] {processor.py:914} INFO - Processing file /opt/airflow/dags/weather_etl.py for tasks to queue
[2026-09-25T21:29:55.451+0000] {logging_mixin.py:190} INFO - [2026-09-25T21:29:55.450+0000] {dagbag.py:587} INFO - Filling up the DagBag from /opt/airflow/dags/weather_etl.py
[2026-09-25T21:29:55.472+0000] {processor.py:925} INFO - DAG(s) 'weather_etl' retrieved from /opt/airflow/dags/weather_etl.py
[2026-09-25T21:29:55.481+0000] {logging_mixin.py:190} INFO - [2026-09-25T21:29:55.481+0000] {dag.py:3229} INFO - Sync 1 DAGs
[2026-09-25T21:29:55.491+0000] {logging_mixin.py:190} INFO - [2026-09-25T21:29:55.491+0000] {dag.py:4156} INFO - Setting next_dagrun for weather_etl to 2026-09-25 02:30:00+00:00, run_after=2026-09-26 02:30:00+00:00
[2026-09-25T21:29:55.498+0000] {processor.py:208} INFO - Processing /opt/airflow/dags/weather_etl.py took 0.057 seconds
[2026-09-25T21:30:25.813+0000] {processor.py:186} INFO - Started process (PID=1503) to work on /opt/airflow/dags/weather_etl.py
[2026-09-25T21:30:25.816+0000] {processor.py:914} INFO - Processing file /opt/airflow/dags/weather_etl.py for tasks to queue
[2026-09-25T21:30:25.817+0000] {logging_mixin.py:190} INFO - [2026-09-25T21:30:25.817+0000] {dagbag.py:587} INFO - Filling up the DagBag from /opt/airflow/dags/weather_etl.py
[2026-09-25T21:30:25.843+0000] {processor.py:925} INFO - DAG(s) 'weather_etl' retrieved from /opt/airflow/dags/weather_etl.py
[2026-09-25T21:30:25.856+0000] {logging_mixin.py:190} INFO - [2026-09-25T21:30:25.856+0000] {dag.py:3229} INFO - Sync 1 DAGs
[2026-09-25T21:30:25.869+0000] {logging_mixin.py:190} INFO - [2026-09-25T21:30:25.869+0000] {dag.py:4156} INFO - Setting next_dagrun for weather_etl to 2026-09-25 02:30:00+00:00, run_after=2026-09-26 02:30:00+00:00
[2026-09-25T21:30:25.876+0000] {processor.py:208} INFO - Processing /opt/airflow/dags/weather_etl.py took 0.069 seconds
[2026-09-25T21:30:56.323+0000] {processor.py:186} INFO - Started process (PID=1514) to work on /opt/airflow/dags/weather_etl.py
[2026-09-25T21:30:56.329+0000] {processor.py:914} INFO - Processing file /opt/airflow/dags/weather_etl.py for tasks to queue
[2026-09-25T21:30:56.331+0000] {logging_mixin.py:190} INFO - [2026-09-25T21:30:56.331+0000] {dagbag.py:587} INFO - Filling up the DagBag from /opt/airflow/dags/weather_etl.py
[2026-09-25T21:30:56.359+0000] {processor.py:925} INFO - DAG(s) 'weather_etl' retrieved from /opt/airflow/dags/weather_etl.py
[2026-09-25T21:30:56.372+0000] {logging_mixin.py:190} INFO - [2026-09-25T21:30:56.372+0000] {dag.py:3229} INFO - Sync 1 DAGs
[2026-09-25T21:30:56.392+0000] {logging_mixin.py:190} INFO - [2026-09-25T21:30:56.392+0000] {dag.py:4156} INFO - Setting next_dagrun for weather_etl to 2026-09-25 02:30:00+00:00, run_after=2026-09-26 02:30:00+00:00
[2026-09-25T21:30:56.400+0000] {processor.py:208} INFO - Processing /opt/airflow/dags/weather_etl.py took 0.124 seconds
[2026-09-25T21:31:26.692+0000] {processor.py:186} INFO - Started process (PID=1525) to work on /opt/airflow/dags/weather_etl.py
[2026-09-25T21:31:26.694+0000] {processor.py:914} INFO - Processing file /opt/airflow/dags/weather_etl.py for tasks to queue
[2026-09-25T21:31:26.695+0000] {logging_mixin.py:190} INFO - [2026-09-25T21:31:26.694+0000] {dagbag.py:587} INFO - Filling up the DagBag from /opt/airflow/dags/weather_etl.py
[2026-09-25T21:31:26.715+0000] {processor.py:925} INFO - DAG(s) 'weather_etl' retrieved from /opt/airflow/dags/weather_etl.py
[2026-09-25T21:31:26.723+0000] {logging_mixin.py:190} INFO - [2026-09-25T21:31:26.723+0000] {dag.py:3229} INFO - Sync 1 DAGs
[2026-09-25T21:31:26.733+0000] {logging_mixin.py:190} INFO - [2026-09-25T21:31:26.733+0000] {dag.py:4156} INFO - Setting next_dagrun for weather_etl to 2026-09-25 02:30:00+00:00, run_after=2026-09-26 02:30:00+00:00
[2026-09-25T21:31:26.739+0000] {processor.py:208} INFO - Processing /opt/airflow/dags/weather_etl.py took 0.053 seconds
[2026-09-25T21:31:57.085+0000] {processor.py:186} INFO - Started process (PID=1536) to work on /opt/airflow/dags/weather_etl.py
[2026-09-25T21:31:57.087+0000] {processor.py:914} INFO - Processing file /opt/airflow/dags/weather_etl.py for tasks to queue
[2026-09-25T21:31:57.089+0000] {logging_mixin.py:190} INFO - [2026-09-25T21:31:57.088+0000] {dagbag.py:587} INFO - Filling up the DagBag from /opt/airflow/dags/weather_etl.py
[2026-09-25T21:31:57.117+0000] {processor.py:925} INFO - DAG(s) 'weather_etl' retrieved from /opt/airflow/dags/weather_etl.py
[2026-09-25T21:31:57.131+0000] {logging_mixin.py:190} INFO - [2026-09-25T21:31:57.131+0000] {dag.py:3229} INFO - Sync 1 DAGs
[2026-09-25T21:31:57.147+0000] {logging_mixin.py:190} INFO - [2026-09-25T21:31:57.147+0000] {dag.py:4156} INFO - Setting next_dagrun for weather_etl to 2026-09-25 02:30:00+00:00, run_after=2026-09-26 02:30:00+00:00
[2026-09-25T21:31:57.154+0000] {processor.py:208} INFO - Processing /opt/airflow/dags/weather_etl.py took 0.076 seconds
[2026-09-25T21:32:27.396+0000] {processor.py:186} INFO - Started process (PID=1547) to work on /opt/airflow/dags/weather_etl.py
[2026-09-25T21:32:27.399+0000] {processor.py:914} INFO - Processing file /opt/airflow/dags/weather_etl.py for tasks to queue
[2026-09-25T21:32:27.399+0000] {logging_mixin.py:190} INFO - [2026-09-25T21:32:27.399+0000] {dagbag.py:587} INFO - Filling up the DagBag from /opt/airflow/dags/weather_etl.py
[2026-09-25T21:32:27.421+0000] {processor.py:925} INFO - DAG(s) 'weather_etl' retrieved from /opt/airflow/dags/weather_etl.py
[2026-09-25T21:32:27.429+0000] {logging_mixin.py:190} INFO - [2026-09-25T21:32:27.429+0000] {dag.py:3229} INFO - Sync 1 DAGs
[2026-09-25T21:32:27.439+0000] {logging_mixin.py:190} INFO - [2026-09-25T21:32:27.439+0000] {dag.py:4156} INFO - Setting next_dagrun for weather_etl to 2026-09-25 02:30:00+00:00, run_after=2026-09-26 02:30:00+00:00
[2026-09-25T21:32:27.446+0000] {processor.py:208} INFO - Processing /opt/airflow/dags/weather_etl.py took 0.056 seconds
[2026-09-25T21:32:57.779+0000] {processor.py:186} INFO - Started process (PID=1558) to work on /opt/airflow/dags/weather_etl.py
[2026-09-25T21:32:57.783+0000] {processor.py:914} INFO - Processing file /opt/airflow/dags/weather_etl.py for tasks to queue
[2026-09-25T21:32:57.785+0000] {logging_mixin.py:190} INFO - [2026-09-25T21:32:57.784+0000] {dagbag.py:587} INFO - Filling up the DagBag from /opt/airflow/dags/weather_etl.py
[2026-09-25T21:32:57.819+0000] {processor.py:925} INFO - DAG(s) 'weather_etl' retrieved from /opt/airflow/dags/weather_etl.py
[2026-09-25T21:32:57.853+0000] {logging_mixin.py:190} INFO - [2026-09-25T21:32:57.853+0000] {dag.py:3229} INFO - Sync 1 DAGs
[2026-09-25T21:32:57.870+0000] {logging_mixin.py:190} INFO - [2026-09-25T21:32:57.870+0000] {dag.py:4156} INFO - Setting next_dagrun for weather_etl to 2026-09-25 02:30:00+00:00, run_after=2026-09-26 02:30:00+00:00
[2026-09-25T21:32:57.878+0000] {processor.py:208} INFO - Processing /opt/airflow/dags/weather_etl.py took 0.109 seconds
[2026-09-25T21:33:28.161+0000] {processor.py:186} INFO - Started process (PID=1569) to work on /opt/airflow/dags/weather_etl.py
[2026-09-25T21:33:28.163+0000] {processor.py:914} INFO - Processing file /opt/airflow/dags/weather_etl.py for tasks to queue
[2026-09-25T21:33:28.165+0000] {logging_mixin.py:190} INFO - [2026-09-25T21:33:28.164+0000] {dagbag.py:587} INFO - Filling up the DagBag from /opt/airflow/dags/weather_etl.py
[2026-09-25T21:33:28.207+0000] {processor.py:925} INFO - DAG(s) 'weather_etl' retrieved from /opt/airflow/dags/weather_etl.py
[2026-09-25T21:33:28.222+0000] {logging_mixin.py:190} INFO - [2026-09-25T21:33:28.222+0000] {dag.py:3229} INFO - Sync 1 DAGs
[2026-09-25T21:33:28.253+0000] {logging_mixin.py:190} INFO - [2026-09-25T21:33:28.253+0000] {dag.py:4156} INFO - Setting next_dagrun for weather_etl to 2026-09-25 02:30:00+00:00, run_after=2026-09-26 02:30:00+00:00
[2026-09-25T21:33:28.263+0000] {processor.py:208} INFO - Processing /opt/airflow/dags/weather_etl.py took 0.112 seconds
[2026-09-25T21:33:58.513+0000] {processor.py:186} INFO - Started process (PID=1580) to work on /opt/airflow/dags/weather_etl.py
[2026-09-25T21:33:58.515+0000] {processor.py:914} INFO - Processing file /opt/airflow/dags/weather_etl.py for tasks to queue
[2026-09-25T21:33:58.517+0000] {logging_mixin.py:190} INFO - [2026-09-25T21:33:58.516+0000] {dagbag.py:587} INFO - Filling up the DagBag from /opt/airflow/dags/weather_etl.py
[2026-09-25T21:33:58.556+0000] {processor.py:925} INFO - DAG(s) 'weather_etl' retrieved from /opt/airflow/dags/weather_etl.py
[2026-09-25T21:33:58.568+0000] {logging_mixin.py:190} INFO - [2026-09-25T21:33:58.568+0000] {dag.py:3229} INFO - Sync 1 DAGs
[2026-09-25T21:33:58.584+0000] {logging_mixin.py:190} INFO - [2026-09-25T21:33:58.584+0000] {dag.py:4156} INFO - Setting next_dagrun for weather_etl to 2026-09-25 02:30:00+00:00, run_after=2026-09-26 02:30:00+00:00
[2026-09-25T21:33:58.592+0000] {processor.py:208} INFO - Processing /opt/airflow/dags/weather_etl.py took 0.087 seconds
[2026-09-25T21:34:28.979+0000] {processor.py:186} INFO - Started process (PID=1591) to work on /opt/airflow/dags/weather_etl.py
[2026-09-25T21:34:28.982+0000] {processor.py:914} INFO - Processing file /opt/airflow/dags/weather_etl.py for tasks to queue
[2026-09-25T21:34:28.983+0000] {logging_mixin.py:190} INFO - [2026-09-25T21:34:28.983+0000] {dagbag.py:587} INFO - Filling up the DagBag from /opt/airflow/dags/weather_etl.py
[2026-09-25T21:34:29.009+0000] {processor.py:925} INFO - DAG(s) 'weather_etl' retrieved from /opt/airflow/dags/weather_etl.py
[2026-09-25T21:34:29.021+0000] {logging_mixin.py:190} INFO - [2026-09-25T21:34:29.021+0000] {dag.py:3229} INFO - Sync 1 DAGs
[2026-09-25T21:34:29.035+0000] {logging_mixin.py:190} INFO - [2026-09-25T21:34:29.035+0000] {dag.py:4156} INFO - Setting next_dagrun for weather_etl to 2026-09-25 02:30:00+00:00, run_after=2026-09-26 02:30:00+00:00
[2026-09-25T21:34:29.042+0000] {processor.py:208} INFO - Processing /opt/airflow/dags/weather_etl.py took 0.072 seconds
[2026-09-25T21:34:59.335+0000] {processor.py:186} INFO - Started process (PID=1602) to work on /opt/airflow/dags/weather_etl.py
[2026-09-25T21:34:59.338+0000] {processor.py:914} INFO - Processing file /opt/airflow/dags/weather_etl.py for tasks to queue
[2026-09-25T21:34:59.339+0000] {logging_mixin.py:190} INFO - [2026-09-25T21:34:59.339+0000] {dagbag.py:587} INFO - Filling up the DagBag from /opt/airflow/dags/weather_etl.py
[2026-09-25T21:34:59.361+0000] {processor.py:925} INFO - DAG(s) 'weather_etl' retrieved from /opt/airflow/dags/weather_etl.py
[2026-09-25T21:34:59.373+0000] {logging_mixin.py:190} INFO - [2026-09-25T21:34:59.373+0000] {dag.py:3229} INFO - Sync 1 DAGs
[2026-09-25T21:34:59.386+0000] {logging_mixin.py:190} INFO - [2026-09-25T21:34:59.386+0000] {dag.py:4156} INFO - Setting next_dagrun for weather_etl to 2026-09-25 02:30:00+00:00, run_after=2026-09-26 02:30:00+00:00
[2026-09-25T21:34:59.395+0000] {processor.py:208} INFO - Processing /opt/airflow/dags/weather_etl.py took 0.067 seconds
[2026-09-25T21:35:29.709+0000] {processor.py:186} INFO - Started process (PID=1613) to work on /opt/airflow/dags/weather_etl.py
[2026-09-25T21:35:29.712+0000] {processor.py:914} INFO - Processing file /opt/airflow/dags/weather_etl.py for tasks to queue
[2026-09-25T21:35:29.713+0000] {logging_mixin.py:190} INFO - [2026-09-25T21:35:29.712+0000] {dagbag.py:587} INFO - Filling up the DagBag from /opt/airflow/dags/weather_etl.py
[2026-09-25T21:35:29.737+0000] {processor.py:925} INFO - DAG(s) 'weather_etl' retrieved from /opt/airflow/dags/weather_etl.py
[2026-09-25T21:35:29.747+0000] {logging_mixin.py:190} INFO - [2026-09-25T21:35:29.747+0000] {dag.py:3229} INFO - Sync 1 DAGs
[2026-09-25T21:35:29.759+0000] {logging_mixin.py:190} INFO - [2026-09-25T21:35:29.759+0000] {dag.py:4156} INFO - Setting next_dagrun for weather_etl to 2026-09-25 02:30:00+00:00, run_after=2026-09-26 02:30:00+00:00
[2026-09-25T21:35:29.766+0000] {processor.py:208} INFO - Processing /opt/airflow/dags/weather_etl.py took 0.063 seconds
[2026-09-25T21:36:00.097+0000] {processor.py:186} INFO - Started process (PID=1624) to work on /opt/airflow/dags/weather_etl.py
[2026-09-25T21:36:00.100+0000] {processor.py:914} INFO - Processing file /opt/airflow/dags/weather_etl.py for tasks to queue
[2026-09-25T21:36:00.102+0000] {logging_mixin.py:190} INFO - [2026-09-25T21:36:00.101+0000] {dagbag.py:587} INFO - Filling up the DagBag from /opt/airflow/dags/weather_etl.py
[2026-09-25T21:36:00.141+0000] {processor.py:925} INFO - DAG(s) 'weather_etl' retrieved from /opt/airflow/dags/weather_etl.py
[2026-09-25T21:36:00.159+0000] {logging_mixin.py:190} INFO - [2026-09-25T21:36:00.159+0000] {dag.py:3229} INFO - Sync 1 DAGs
[2026-09-25T21:36:00.175+0000] {logging_mixin.py:190} INFO - [2026-09-25T21:36:00.175+0000] {dag.py:4156} INFO - Setting next_dagrun for weather_etl to 2026-09-25 02:30:00+00:00, run_after=2026-09-26 02:30:00+00:00
[2026-09-25T21:36:00.183+0000] {processor.py:208} INFO - Processing /opt/airflow/dags/weather_etl.py took 0.099 seconds
[2026-09-25T21:36:30.439+0000] {processor.py:186} INFO - Started process (PID=1641) to work on /opt/airflow/dags/weather_etl.py
[2026-09-25T21:36:30.443+0000] {processor.py:914} INFO - Processing file /opt/airflow/dags/weather_etl.py for tasks to queue
[2026-09-25T21:36:30.444+0000] {logging_mixin.py:190} INFO - [2026-09-25T21:36:30.444+0000] {dagbag.py:587} INFO - Filling up the DagBag from /opt/airflow/dags/weather_etl.py
[2026-09-25T21:36:30.460+0000] {processor.py:925} INFO - DAG(s) 'weather_etl' retrieved from /opt/airflow/dags/weather_etl.py
[2026-09-25T21:36:30.470+0000] {logging_mixin.py:190} INFO - [2026-09-25T21:36:30.470+0000] {dag.py:3229} INFO - Sync 1 DAGs
[2026-09-25T21:36:30.480+0000] {logging_mixin.py:190} INFO - [2026-09-25T21:36:30.480+0000] {dag.py:4156} INFO - Setting next_dagrun for weather_etl to 2026-09-25 02:30:00+00:00, run_after=2026-09-26 02:30:00+00:00
[2026-09-25T21:36:30.487+0000] {processor.py:208} INFO - Processing /opt/airflow/dags/weather_etl.py took 0.052 seconds
[2026-09-25T21:37:00.814+0000] {processor.py:186} INFO - Started process (PID=1652) to work on /opt/airflow/dags/weather_etl.py
[2026-09-25T21:37:00.817+0000] {processor.py:914} INFO - Processing file /opt/airflow/dags/weather_etl.py for tasks to queue
[2026-09-25T21:37:00.818+0000] {logging_mixin.py:190} INFO - [2026-09-25T21:37:00.817+0000] {dagbag.py:587} INFO - Filling up the DagBag from /opt/airflow/dags/weather_etl.py
[2026-09-25T21:37:00.849+0000] {processor.py:925} INFO - DAG(s) 'weather_etl' retrieved from /opt/airflow/dags/weather_etl.py
[2026-09-25T21:37:00.865+0000] {logging_mixin.py:190} INFO - [2026-09-25T21:37:00.865+0000] {dag.py:3229} INFO - Sync 1 DAGs
[2026-09-25T21:37:00.883+0000] {logging_mixin.py:190} INFO - [2026-09-25T21:37:00.883+0000] {dag.py:4156} INFO - Setting next_dagrun for weather_etl to 2026-09-25 02:30:00+00:00, run_after=2026-09-26 02:30:00+00:00
[2026-09-25T21:37:00.897+0000] {processor.py:208} INFO - Processing /opt/airflow/dags/weather_etl.py took 0.089 seconds
[2026-09-25T21:37:31.165+0000] {processor.py:186} INFO - Started process (PID=1663) to work on /opt/airflow/dags/weather_etl.py
[2026-09-25T21:37:31.168+0000] {processor.py:914} INFO - Processing file /opt/airflow/dags/weather_etl.py for tasks to queue
[2026-09-25T21:37:31.171+0000] {logging_mixin.py:190} INFO - [2026-09-25T21:37:31.170+0000] {dagbag.py:587} INFO - Filling up the DagBag from /opt/airflow/dags/weather_etl.py
[2026-09-25T21:37:31.219+0000] {processor.py:925} INFO - DAG(s) 'weather_etl' retrieved from /opt/airflow/dags/weather_etl.py
[2026-09-25T21:37:31.241+0000] {logging_mixin.py:190} INFO - [2026-09-25T21:37:31.241+0000] {dag.py:3229} INFO - Sync 1 DAGs
[2026-09-25T21:37:31.258+0000] {logging_mixin.py:190} INFO - [2026-09-25T21:37:31.258+0000] {dag.py:4156} INFO - Setting next_dagrun for weather_etl to 2026-09-25 02:30:00+00:00, run_after=2026-09-26 02:30:00+00:00
[2026-09-25T21:37:31.269+0000] {processor.py:208} INFO - Processing /opt/airflow/dags/weather_etl.py took 0.115 seconds
[2026-09-25T21:38:01.639+0000] {processor.py:186} INFO - Started process (PID=1674) to work on /opt/airflow/dags/weather_etl.py
[2026-09-25T21:38:01.642+0000] {processor.py:914} INFO - Processing file /opt/airflow/dags/weather_etl.py for tasks to queue
[2026-09-25T21:38:01.645+0000] {logging_mixin.py:190} INFO - [2026-09-25T21:38:01.644+0000] {dagbag.py:587} INFO - Filling up the DagBag from /opt/airflow/dags/weather_etl.py
[2026-09-25T21:38:01.683+0000] {processor.py:925} INFO - DAG(s) 'weather_etl' retrieved from /opt/airflow/dags/weather_etl.py
[2026-09-25T21:38:01.701+0000] {logging_mixin.py:190} INFO - [2026-09-25T21:38:01.700+0000] {dag.py:3229} INFO - Sync 1 DAGs
[2026-09-25T21:38:01.723+0000] {logging_mixin.py:190} INFO - [2026-09-25T21:38:01.723+0000] {dag.py:4156} INFO - Setting next_dagrun for weather_etl to 2026-09-25 02:30:00+00:00, run_after=2026-09-26 02:30:00+00:00
[2026-09-25T21:38:01.733+0000] {processor.py:208} INFO - Processing /opt/airflow/dags/weather_etl.py took 0.107 seconds
[2026-09-25T21:38:32.039+0000] {processor.py:186} INFO - Started process (PID=1685) to work on /opt/airflow/dags/weather_etl.py
[2026-09-25T21:38:32.042+0000] {processor.py:914} INFO - Processing file /opt/airflow/dags/weather_etl.py for tasks to queue
[2026-09-25T21:38:32.044+0000] {logging_mixin.py:190} INFO - [2026-09-25T21:38:32.043+0000] {dagbag.py:587} INFO - Filling up the DagBag from /opt/airflow/dags/weather_etl.py
[2026-09-25T21:38:32.075+0000] {processor.py:925} INFO - DAG(s) 'weather_etl' retrieved from /opt/airflow/dags/weather_etl.py
[2026-09-25T21:38:32.091+0000] {logging_mixin.py:190} INFO - [2026-09-25T21:38:32.090+0000] {dag.py:3229} INFO - Sync 1 DAGs
[2026-09-25T21:38:32.107+0000] {logging_mixin.py:190} INFO - [2026-09-25T21:38:32.107+0000] {dag.py:4156} INFO - Setting next_dagrun for weather_etl to 2026-09-25 02:30:00+00:00, run_after=2026-09-26 02:30:00+00:00
[2026-09-25T21:38:32.117+0000] {processor.py:208} INFO - Processing /opt/airflow/dags/weather_etl.py took 0.093 seconds
[2026-09-25T21:39:02.398+0000] {processor.py:186} INFO - Started process (PID=1696) to work on /opt/airflow/dags/weather_etl.py
[2026-09-25T21:39:02.401+0000] {processor.py:914} INFO - Processing file /opt/airflow/dags/weather_etl.py for tasks to queue
[2026-09-25T21:39:02.403+0000] {logging_mixin.py:190} INFO - [2026-09-25T21:39:02.402+0000] {dagbag.py:587} INFO - Filling up the DagBag from /opt/airflow/dags/weather_etl.py
[2026-09-25T21:39:02.429+0000] {processor.py:925} INFO - DAG(s) 'weather_etl' retrieved from /opt/airflow/dags/weather_etl.py
[2026-09-25T21:39:02.440+0000] {logging_mixin.py:190} INFO - [2026-09-25T21:39:02.440+0000] {dag.py:3229} INFO - Sync 1 DAGs
[2026-09-25T21:39:02.454+0000] {logging_mixin.py:190} INFO - [2026-09-25T21:39:02.453+0000] {dag.py:4156} INFO - Setting next_dagrun for weather_etl to 2026-09-25 02:30:00+00:00, run_after=2026-09-26 02:30:00+00:00
[2026-09-25T21:39:02.461+0000] {processor.py:208} INFO - Processing /opt/airflow/dags/weather_etl.py took 0.071 seconds
[2026-09-25T21:39:32.783+0000] {processor.py:186} INFO - Started process (PID=1707) to work on /opt/airflow/dags/weather_etl.py
[2026-09-25T21:39:32.785+0000] {processor.py:914} INFO - Processing file /opt/airflow/dags/weather_etl.py for tasks to queue
[2026-09-25T21:39:32.787+0000] {logging_mixin.py:190} INFO - [2026-09-25T21:39:32.786+0000] {dagbag.py:587} INFO - Filling up the DagBag from /opt/airflow/dags/weather_etl.py
[2026-09-25T21:39:32.809+0000] {processor.py:925} INFO - DAG(s) 'weather_etl' retrieved from /opt/airflow/dags/weather_etl.py
[2026-09-25T21:39:32.819+0000] {logging_mixin.py:190} INFO - [2026-09-25T21:39:32.819+0000] {dag.py:3229} INFO - Sync 1 DAGs
[2026-09-25T21:39:32.830+0000] {logging_mixin.py:190} INFO - [2026-09-25T21:39:32.830+0000] {dag.py:4156} INFO - Setting next_dagrun for weather_etl to 2026-09-25 02:30:00+00:00, run_after=2026-09-26 02:30:00+00:00
[2026-09-25T21:39:32.837+0000] {processor.py:208} INFO - Processing /opt/airflow/dags/weather_etl.py took 0.060 seconds
[2026-09-25T21:40:03.196+0000] {processor.py:186} INFO - Started process (PID=1718) to work on /opt/airflow/dags/weather_etl.py
[2026-09-25T21:40:03.198+0000] {processor.py:914} INFO - Processing file /opt/airflow/dags/weather_etl.py for tasks to queue
[2026-09-25T21:40:03.200+0000] {logging_mixin.py:190} INFO - [2026-09-25T21:40:03.199+0000] {dagbag.py:587} INFO - Filling up the DagBag from /opt/airflow/dags/weather_etl.py
[2026-09-25T21:40:03.228+0000] {processor.py:925} INFO - DAG(s) 'weather_etl' retrieved from /opt/airflow/dags/weather_etl.py
[2026-09-25T21:40:03.242+0000] {logging_mixin.py:190} INFO - [2026-09-25T21:40:03.242+0000] {dag.py:3229} INFO - Sync 1 DAGs
[2026-09-25T21:40:03.260+0000] {logging_mixin.py:190} INFO - [2026-09-25T21:40:03.260+0000] {dag.py:4156} INFO - Setting next_dagrun for weather_etl to 2026-09-25 02:30:00+00:00, run_after=2026-09-26 02:30:00+00:00
[2026-09-25T21:40:03.267+0000] {processor.py:208} INFO - Processing /opt/airflow/dags/weather_etl.py took 0.079 seconds
[2026-09-25T21:40:33.543+0000] {processor.py:186} INFO - Started process (PID=1729) to work on /opt/airflow/dags/weather_etl.py
[2026-09-25T21:40:33.546+0000] {processor.py:914} INFO - Processing file /opt/airflow/dags/weather_etl.py for tasks to queue
[2026-09-25T21:40:33.547+0000] {logging_mixin.py:190} INFO - [2026-09-25T21:40:33.546+0000] {dagbag.py:587} INFO - Filling up the DagBag from /opt/airflow/dags/weather_etl.py
[2026-09-25T21:40:33.565+0000] {processor.py:925} INFO - DAG(s) 'weather_etl' retrieved from /opt/airflow/dags/weather_etl.py
[2026-09-25T21:40:33.573+0000] {logging_mixin.py:190} INFO - [2026-09-25T21:40:33.573+0000] {dag.py:3229} INFO - Sync 1 DAGs
[2026-09-25T21:40:33.583+0000] {logging_mixin.py:190} INFO - [2026-09-25T21:40:33.583+0000] {dag.py:4156} INFO - Setting next_dagrun for weather_etl to 2026-09-25 02:30:00+00:00, run_after=2026-09-26 02:30:00+00:00
[2026-09-25T21:40:33.589+0000] {processor.py:208} INFO - Processing /opt/airflow/dags/weather_etl.py took 0.054 seconds
[2026-09-25T21:41:03.894+0000] {processor.py:186} INFO - Started process (PID=1740) to work on /opt/airflow/dags/weather_etl.py
[2026-09-25T21:41:03.897+0000] {processor.py:914} INFO - Processing file /opt/airflow/dags/weather_etl.py for tasks to queue
[2026-09-25T21:41:03.898+0000] {logging_mixin.py:190} INFO - [2026-09-25T21:41:03.897+0000] {dagbag.py:587} INFO - Filling up the DagBag from /opt/airflow/dags/weather_etl.py
[2026-09-25T21:41:03.915+0000] {processor.py:925} INFO - DAG(s) 'weather_etl' retrieved from /opt/airflow/dags/weather_etl.py
[2026-09-25T21:41:03.923+0000] {logging_mixin.py:190} INFO - [2026-09-25T21:41:03.923+0000] {dag.py:3229} INFO - Sync 1 DAGs
[2026-09-25T21:41:03.933+0000] {logging_mixin.py:190} INFO - [2026-09-25T21:41:03.933+0000] {dag.py:4156} INFO - Setting next_dagrun for weather_etl to 2026-09-25 02:30:00+00:00, run_after=2026-09-26 02:30:00+00:00
[2026-09-25T21:41:03.939+0000] {processor.py:208} INFO - Processing /opt/airflow/dags/weather_etl.py took 0.051 seconds
[2026-09-25T21:41:34.309+0000] {processor.py:186} INFO - Started process (PID=1751) to work on /opt/airflow/dags/weather_etl.py
[2026-09-25T21:41:34.311+0000] {processor.py:914} INFO - Processing file /opt/airflow/dags/weather_etl.py for tasks to queue
[2026-09-25T21:41:34.312+0000] {logging_mixin.py:190} INFO - [2026-09-25T21:41:34.311+0000] {dagbag.py:587} INFO - Filling up the DagBag from /opt/airflow/dags/weather_etl.py
[2026-09-25T21:41:34.338+0000] {processor.py:925} INFO - DAG(s) 'weather_etl' retrieved from /opt/airflow/dags/weather_etl.py
[2026-09-25T21:41:34.356+0000] {logging_mixin.py:190} INFO - [2026-09-25T21:41:34.355+0000] {dag.py:3229} INFO - Sync 1 DAGs
[2026-09-25T21:41:34.377+0000] {logging_mixin.py:190} INFO - [2026-09-25T21:41:34.377+0000] {dag.py:4156} INFO - Setting next_dagrun for weather_etl to 2026-09-25 02:30:00+00:00, run_after=2026-09-26 02:30:00+00:00
[2026-09-25T21:41:34.387+0000] {processor.py:208} INFO - Processing /opt/airflow/dags/weather_etl.py took 0.086 seconds
[2026-09-25T21:42:04.675+0000] {processor.py:186} INFO - Started process (PID=1762) to work on /opt/airflow/dags/weather_etl.py
[2026-09-25T21:42:04.678+0000] {processor.py:914} INFO - Processing file /opt/airflow/dags/weather_etl.py for tasks to queue
[2026-09-25T21:42:04.680+0000] {logging_mixin.py:190} INFO - [2026-09-25T21:42:04.679+0000] {dagbag.py:587} INFO - Filling up the DagBag from /opt/airflow/dags/weather_etl.py
[2026-09-25T21:42:04.700+0000] {processor.py:925} INFO - DAG(s) 'weather_etl' retrieved from /opt/airflow/dags/weather_etl.py
[2026-09-25T21:42:04.710+0000] {logging_mixin.py:190} INFO - [2026-09-25T21:42:04.710+0000] {dag.py:3229} INFO - Sync 1 DAGs
[2026-09-25T21:42:04.721+0000] {logging_mixin.py:190} INFO - [2026-09-25T21:42:04.721+0000] {dag.py:4156} INFO - Setting next_dagrun for weather_etl to 2026-09-25 02:30:00+00:00, run_after=2026-09-26 02:30:00+00:00
[2026-09-25T21:42:04.727+0000] {processor.py:208} INFO - Processing /opt/airflow/dags/weather_etl.py took 0.058 seconds
[2026-09-25T21:42:35.094+0000] {processor.py:186} INFO - Started process (PID=1772) to work on /opt/airflow/dags/weather_etl.py
[2026-09-25T21:42:35.097+0000] {processor.py:914} INFO - Processing file /opt/airflow/dags/weather_etl.py for tasks to queue
[2026-09-25T21:42:35.098+0000] {logging_mixin.py:190} INFO - [2026-09-25T21:42:35.098+0000] {dagbag.py:587} INFO - Filling up the DagBag from /opt/airflow/dags/weather_etl.py
[2026-09-25T21:42:35.128+0000] {processor.py:925} INFO - DAG(s) 'weather_etl' retrieved from /opt/airflow/dags/weather_etl.py
[2026-09-25T21:42:35.141+0000] {logging_mixin.py:190} INFO - [2026-09-25T21:42:35.141+0000] {dag.py:3229} INFO - Sync 1 DAGs
[2026-09-25T21:42:35.156+0000] {logging_mixin.py:190} INFO - [2026-09-25T21:42:35.156+0000] {dag.py:4156} INFO - Setting next_dagrun for weather_etl to 2026-09-25 02:30:00+00:00, run_after=2026-09-26 02:30:00+00:00
[2026-09-25T21:42:35.164+0000] {processor.py:208} INFO - Processing /opt/airflow/dags/weather_etl.py took 0.077 seconds
[2026-09-25T21:43:05.499+0000] {processor.py:186} INFO - Started process (PID=1783) to work on /opt/airflow/dags/weather_etl.py
[2026-09-25T21:43:05.501+0000] {processor.py:914} INFO - Processing file /opt/airflow/dags/weather_etl.py for tasks to queue
[2026-09-25T21:43:05.502+0000] {logging_mixin.py:190} INFO - [2026-09-25T21:43:05.502+0000] {dagbag.py:587} INFO - Filling up the DagBag from /opt/airflow/dags/weather_etl.py
[2026-09-25T21:43:05.527+0000] {processor.py:925} INFO - DAG(s) 'weather_etl' retrieved from /opt/airflow/dags/weather_etl.py
[2026-09-25T21:43:05.541+0000] {logging_mixin.py:190} INFO - [2026-09-25T21:43:05.540+0000] {dag.py:3229} INFO - Sync 1 DAGs
[2026-09-25T21:43:05.555+0000] {logging_mixin.py:190} INFO - [2026-09-25T21:43:05.555+0000] {dag.py:4156} INFO - Setting next_dagrun for weather_etl to 2026-09-25 02:30:00+00:00, run_after=2026-09-26 02:30:00+00:00
[2026-09-25T21:43:05.562+0000] {processor.py:208} INFO - Processing /opt/airflow/dags/weather_etl.py took 0.070 seconds
[2026-09-25T21:43:35.850+0000] {processor.py:186} INFO - Started process (PID=1794) to work on /opt/airflow/dags/weather_etl.py
[2026-09-25T21:43:35.853+0000] {processor.py:914} INFO - Processing file /opt/airflow/dags/weather_etl.py for tasks to queue
[2026-09-25T21:43:35.854+0000] {logging_mixin.py:190} INFO - [2026-09-25T21:43:35.854+0000] {dagbag.py:587} INFO - Filling up the DagBag from /opt/airflow/dags/weather_etl.py
[2026-09-25T21:43:35.885+0000] {processor.py:925} INFO - DAG(s) 'weather_etl' retrieved from /opt/airflow/dags/weather_etl.py
[2026-09-25T21:43:35.898+0000] {logging_mixin.py:190} INFO - [2026-09-25T21:43:35.898+0000] {dag.py:3229} INFO - Sync 1 DAGs
[2026-09-25T21:43:35.914+0000] {logging_mixin.py:190} INFO - [2026-09-25T21:43:35.914+0000] {dag.py:4156} INFO - Setting next_dagrun for weather_etl to 2026-09-25 02:30:00+00:00, run_after=2026-09-26 02:30:00+00:00
[2026-09-25T21:43:35.922+0000] {processor.py:208} INFO - Processing /opt/airflow/dags/weather_etl.py took 0.080 seconds
[2026-09-25T21:44:06.283+0000] {processor.py:186} INFO - Started process (PID=1805) to work on /opt/airflow/dags/weather_etl.py
[2026-09-25T21:44:06.287+0000] {processor.py:914} INFO - Processing file /opt/airflow/dags/weather_etl.py for tasks to queue
[2026-09-25T21:44:06.288+0000] {logging_mixin.py:190} INFO - [2026-09-25T21:44:06.287+0000] {dagbag.py:587} INFO - Filling up the DagBag from /opt/airflow/dags/weather_etl.py
[2026-09-25T21:44:06.319+0000] {processor.py:925} INFO - DAG(s) 'weather_etl' retrieved from /opt/airflow/dags/weather_etl.py
[2026-09-25T21:44:06.343+0000] {logging_mixin.py:190} INFO - [2026-09-25T21:44:06.343+0000] {dag.py:3229} INFO - Sync 1 DAGs
[2026-09-25T21:44:06.368+0000] {logging_mixin.py:190} INFO - [2026-09-25T21:44:06.368+0000] {dag.py:4156} INFO - Setting next_dagrun for weather_etl to 2026-09-25 02:30:00+00:00, run_after=2026-09-26 02:30:00+00:00
[2026-09-25T21:44:06.383+0000] {processor.py:208} INFO - Processing /opt/airflow/dags/weather_etl.py took 0.109 seconds
[2026-09-25T21:44:36.707+0000] {processor.py:186} INFO - Started process (PID=1816) to work on /opt/airflow/dags/weather_etl.py
[2026-09-25T21:44:36.710+0000] {processor.py:914} INFO - Processing file /opt/airflow/dags/weather_etl.py for tasks to queue
[2026-09-25T21:44:36.712+0000] {logging_mixin.py:190} INFO - [2026-09-25T21:44:36.711+0000] {dagbag.py:587} INFO - Filling up the DagBag from /opt/airflow/dags/weather_etl.py
[2026-09-25T21:44:36.746+0000] {processor.py:925} INFO - DAG(s) 'weather_etl' retrieved from /opt/airflow/dags/weather_etl.py
[2026-09-25T21:44:36.760+0000] {logging_mixin.py:190} INFO - [2026-09-25T21:44:36.760+0000] {dag.py:3229} INFO - Sync 1 DAGs
[2026-09-25T21:44:36.781+0000] {logging_mixin.py:190} INFO - [2026-09-25T21:44:36.781+0000] {dag.py:4156} INFO - Setting next_dagrun for weather_etl to 2026-09-25 02:30:00+00:00, run_after=2026-09-26 02:30:00+00:00
[2026-09-25T21:44:36.792+0000] {processor.py:208} INFO - Processing /opt/airflow/dags/weather_etl.py took 0.096 seconds
[2026-09-25T21:45:07.097+0000] {processor.py:186} INFO - Started process (PID=1827) to work on /opt/airflow/dags/weather_etl.py
[2026-09-25T21:45:07.099+0000] {processor.py:914} INFO - Processing file /opt/airflow/dags/weather_etl.py for tasks to queue
[2026-09-25T21:45:07.100+0000] {logging_mixin.py:190} INFO - [2026-09-25T21:45:07.099+0000] {dagbag.py:587} INFO - Filling up the DagBag from /opt/airflow/dags/weather_etl.py
[2026-09-25T21:45:07.126+0000] {processor.py:925} INFO - DAG(s) 'weather_etl' retrieved from /opt/airflow/dags/weather_etl.py
[2026-09-25T21:45:07.140+0000] {logging_mixin.py:190} INFO - [2026-09-25T21:45:07.139+0000] {dag.py:3229} INFO - Sync 1 DAGs
[2026-09-25T21:45:07.159+0000] {logging_mixin.py:190} INFO - [2026-09-25T21:45:07.159+0000] {dag.py:4156} INFO - Setting next_dagrun for weather_etl to 2026-09-25 02:30:00+00:00, run_after=2026-09-26 02:30:00+00:00
[2026-09-25T21:45:07.167+0000] {processor.py:208} INFO - Processing /opt/airflow/dags/weather_etl.py took 0.078 seconds
[2026-09-25T21:45:37.481+0000] {processor.py:186} INFO - Started process (PID=1838) to work on /opt/airflow/dags/weather_etl.py
[2026-09-25T21:45:37.484+0000] {processor.py:914} INFO - Processing file /opt/airflow/dags/weather_etl.py for tasks to queue
[2026-09-25T21:45:37.485+0000] {logging_mixin.py:190} INFO - [2026-09-25T21:45:37.485+0000] {dagbag.py:587} INFO - Filling up the DagBag from /opt/airflow/dags/weather_etl.py
[2026-09-25T21:45:37.507+0000] {processor.py:925} INFO - DAG(s) 'weather_etl' retrieved from /opt/airflow/dags/weather_etl.py
[2026-09-25T21:45:37.515+0000] {logging_mixin.py:190} INFO - [2026-09-25T21:45:37.515+0000] {dag.py:3229} INFO - Sync 1 DAGs
[2026-09-25T21:45:37.525+0000] {logging_mixin.py:190} INFO - [2026-09-25T21:45:37.525+0000] {dag.py:4156} INFO - Setting next_dagrun for weather_etl to 2026-09-25 02:30:00+00:00, run_after=2026-09-26 02:30:00+00:00
[2026-09-25T21:45:37.531+0000] {processor.py:208} INFO - Processing /opt/airflow/dags/weather_etl.py took 0.056 seconds
[2026-09-25T21:46:07.859+0000] {processor.py:186} INFO - Started process (PID=1849) to work on /opt/airflow/dags/weather_etl.py
[2026-09-25T21:46:07.862+0000] {processor.py:914} INFO - Processing file /opt/airflow/dags/weather_etl.py for tasks to queue
[2026-09-25T21:46:07.864+0000] {logging_mixin.py:190} INFO - [2026-09-25T21:46:07.864+0000] {dagbag.py:587} INFO - Filling up the DagBag from /opt/airflow/dags/weather_etl.py
[2026-09-25T21:46:07.892+0000] {processor.py:925} INFO - DAG(s) 'weather_etl' retrieved from /opt/airflow/dags/weather_etl.py
[2026-09-25T21:46:07.908+0000] {logging_mixin.py:190} INFO - [2026-09-25T21:46:07.907+0000] {dag.py:3229} INFO - Sync 1 DAGs
[2026-09-25T21:46:07.923+0000] {logging_mixin.py:190} INFO - [2026-09-25T21:46:07.923+0000] {dag.py:4156} INFO - Setting next_dagrun for weather_etl to 2026-09-25 02:30:00+00:00, run_after=2026-09-26 02:30:00+00:00
[2026-09-25T21:46:07.930+0000] {processor.py:208} INFO - Processing /opt/airflow/dags/weather_etl.py took 0.080 seconds
[2026-09-25T21:46:38.245+0000] {processor.py:186} INFO - Started process (PID=1860) to work on /opt/airflow/dags/weather_etl.py
[2026-09-25T21:46:38.248+0000] {processor.py:914} INFO - Processing file /opt/airflow/dags/weather_etl.py for tasks to queue
[2026-09-25T21:46:38.249+0000] {logging_mixin.py:190} INFO - [2026-09-25T21:46:38.249+0000] {dagbag.py:587} INFO - Filling up the DagBag from /opt/airflow/dags/weather_etl.py
[2026-09-25T21:46:38.275+0000] {processor.py:925} INFO - DAG(s) 'weather_etl' retrieved from /opt/airflow/dags/weather_etl.py
[2026-09-25T21:46:38.289+0000] {logging_mixin.py:190} INFO - [2026-09-25T21:46:38.289+0000] {dag.py:3229} INFO - Sync 1 DAGs
[2026-09-25T21:46:38.304+0000] {logging_mixin.py:190} INFO - [2026-09-25T21:46:38.304+0000] {dag.py:4156} INFO - Setting next_dagrun for weather_etl to 2026-09-25 02:30:00+00:00, run_after=2026-09-26 02:30:00+00:00
[2026-09-25T21:46:38.312+0000] {processor.py:208} INFO - Processing /opt/airflow/dags/weather_etl.py took 0.074 seconds
[2026-09-25T21:47:08.689+0000] {processor.py:186} INFO - Started process (PID=1870) to work on /opt/airflow/dags/weather_etl.py
[2026-09-25T21:47:08.719+0000] {processor.py:914} INFO - Processing file /opt/airflow/dags/weather_etl.py for tasks to queue
[2026-09-25T21:47:08.721+0000] {logging_mixin.py:190} INFO - [2026-09-25T21:47:08.721+0000] {dagbag.py:587} INFO - Filling up the DagBag from /opt/airflow/dags/weather_etl.py
[2026-09-25T21:47:08.764+0000] {processor.py:925} INFO - DAG(s) 'weather_etl' retrieved from /opt/airflow/dags/weather_etl.py
[2026-09-25T21:47:08.792+0000] {logging_mixin.py:190} INFO - [2026-09-25T21:47:08.792+0000] {dag.py:3229} INFO - Sync 1 DAGs
[2026-09-25T21:47:08.822+0000] {logging_mixin.py:190} INFO - [2026-09-25T21:47:08.821+0000] {dag.py:4156} INFO - Setting next_dagrun for weather_etl to 2026-09-25 02:30:00+00:00, run_after=2026-09-26 02:30:00+00:00
[2026-09-25T21:47:08.831+0000] {processor.py:208} INFO - Processing /opt/airflow/dags/weather_etl.py took 0.183 seconds
[2026-09-25T21:47:39.059+0000] {processor.py:186} INFO - Started process (PID=1881) to work on /opt/airflow/dags/weather_etl.py
[2026-09-25T21:47:39.063+0000] {processor.py:914} INFO - Processing file /opt/airflow/dags/weather_etl.py for tasks to queue
[2026-09-25T21:47:39.064+0000] {logging_mixin.py:190} INFO - [2026-09-25T21:47:39.064+0000] {dagbag.py:587} INFO - Filling up the DagBag from /opt/airflow/dags/weather_etl.py
[2026-09-25T21:47:39.088+0000] {processor.py:925} INFO - DAG(s) 'weather_etl' retrieved from /opt/airflow/dags/weather_etl.py
[2026-09-25T21:47:39.098+0000] {logging_mixin.py:190} INFO - [2026-09-25T21:47:39.098+0000] {dag.py:3229} INFO - Sync 1 DAGs
[2026-09-25T21:47:39.110+0000] {logging_mixin.py:190} INFO - [2026-09-25T21:47:39.109+0000] {dag.py:4156} INFO - Setting next_dagrun for weather_etl to 2026-09-25 02:30:00+00:00, run_after=2026-09-26 02:30:00+00:00
[2026-09-25T21:47:39.117+0000] {processor.py:208} INFO - Processing /opt/airflow/dags/weather_etl.py took 0.067 seconds
[2026-09-25T21:48:09.473+0000] {processor.py:186} INFO - Started process (PID=1892) to work on /opt/airflow/dags/weather_etl.py
[2026-09-25T21:48:09.479+0000] {processor.py:914} INFO - Processing file /opt/airflow/dags/weather_etl.py for tasks to queue
[2026-09-25T21:48:09.482+0000] {logging_mixin.py:190} INFO - [2026-09-25T21:48:09.481+0000] {dagbag.py:587} INFO - Filling up the DagBag from /opt/airflow/dags/weather_etl.py
[2026-09-25T21:48:09.562+0000] {processor.py:925} INFO - DAG(s) 'weather_etl' retrieved from /opt/airflow/dags/weather_etl.py
[2026-09-25T21:48:09.608+0000] {logging_mixin.py:190} INFO - [2026-09-25T21:48:09.608+0000] {dag.py:3229} INFO - Sync 1 DAGs
[2026-09-25T21:48:09.648+0000] {logging_mixin.py:190} INFO - [2026-09-25T21:48:09.648+0000] {dag.py:4156} INFO - Setting next_dagrun for weather_etl to 2026-09-25 02:30:00+00:00, run_after=2026-09-26 02:30:00+00:00
[2026-09-25T21:48:09.676+0000] {processor.py:208} INFO - Processing /opt/airflow/dags/weather_etl.py took 0.218 seconds
[2026-09-25T21:48:39.888+0000] {processor.py:186} INFO - Started process (PID=1903) to work on /opt/airflow/dags/weather_etl.py
[2026-09-25T21:48:39.894+0000] {processor.py:914} INFO - Processing file /opt/airflow/dags/weather_etl.py for tasks to queue
[2026-09-25T21:48:39.896+0000] {logging_mixin.py:190} INFO - [2026-09-25T21:48:39.895+0000] {dagbag.py:587} INFO - Filling up the DagBag from /opt/airflow/dags/weather_etl.py
[2026-09-25T21:48:39.951+0000] {processor.py:925} INFO - DAG(s) 'weather_etl' retrieved from /opt/airflow/dags/weather_etl.py
[2026-09-25T21:48:39.973+0000] {logging_mixin.py:190} INFO - [2026-09-25T21:48:39.972+0000] {dag.py:3229} INFO - Sync 1 DAGs
[2026-09-25T21:48:40.002+0000] {logging_mixin.py:190} INFO - [2026-09-25T21:48:40.002+0000] {dag.py:4156} INFO - Setting next_dagrun for weather_etl to 2026-09-25 02:30:00+00:00, run_after=2026-09-26 02:30:00+00:00
[2026-09-25T21:48:40.019+0000] {processor.py:208} INFO - Processing /opt/airflow/dags/weather_etl.py took 0.149 seconds
[2026-09-25T21:49:10.427+0000] {processor.py:186} INFO - Started process (PID=1914) to work on /opt/airflow/dags/weather_etl.py
[2026-09-25T21:49:10.429+0000] {processor.py:914} INFO - Processing file /opt/airflow/dags/weather_etl.py for tasks to queue
[2026-09-25T21:49:10.430+0000] {logging_mixin.py:190} INFO - [2026-09-25T21:49:10.430+0000] {dagbag.py:587} INFO - Filling up the DagBag from /opt/airflow/dags/weather_etl.py
[2026-09-25T21:49:10.461+0000] {processor.py:925} INFO - DAG(s) 'weather_etl' retrieved from /opt/airflow/dags/weather_etl.py
[2026-09-25T21:49:10.474+0000] {logging_mixin.py:190} INFO - [2026-09-25T21:49:10.474+0000] {dag.py:3229} INFO - Sync 1 DAGs
[2026-09-25T21:49:10.490+0000] {logging_mixin.py:190} INFO - [2026-09-25T21:49:10.490+0000] {dag.py:4156} INFO - Setting next_dagrun for weather_etl to 2026-09-25 02:30:00+00:00, run_after=2026-09-26 02:30:00+00:00
[2026-09-25T21:49:10.502+0000] {processor.py:208} INFO - Processing /opt/airflow/dags/weather_etl.py took 0.081 seconds
[2026-09-25T21:49:40.823+0000] {processor.py:186} INFO - Started process (PID=1925) to work on /opt/airflow/dags/weather_etl.py
[2026-09-25T21:49:40.826+0000] {processor.py:914} INFO - Processing file /opt/airflow/dags/weather_etl.py for tasks to queue
[2026-09-25T21:49:40.828+0000] {logging_mixin.py:190} INFO - [2026-09-25T21:49:40.826+0000] {dagbag.py:587} INFO - Filling up the DagBag from /opt/airflow/dags/weather_etl.py
[2026-09-25T21:49:40.862+0000] {processor.py:925} INFO - DAG(s) 'weather_etl' retrieved from /opt/airflow/dags/weather_etl.py
[2026-09-25T21:49:40.879+0000] {logging_mixin.py:190} INFO - [2026-09-25T21:49:40.879+0000] {dag.py:3229} INFO - Sync 1 DAGs
[2026-09-25T21:49:40.895+0000] {logging_mixin.py:190} INFO - [2026-09-25T21:49:40.895+0000] {dag.py:4156} INFO - Setting next_dagrun for weather_etl to 2026-09-25 02:30:00+00:00, run_after=2026-09-26 02:30:00+00:00
[2026-09-25T21:49:40.907+0000] {processor.py:208} INFO - Processing /opt/airflow/dags/weather_etl.py took 0.098 seconds
[2026-09-25T21:50:11.183+0000] {processor.py:186} INFO - Started process (PID=1936) to work on /opt/airflow/dags/weather_etl.py
[2026-09-25T21:50:11.189+0000] {processor.py:914} INFO - Processing file /opt/airflow/dags/weather_etl.py for tasks to queue
[2026-09-25T21:50:11.191+0000] {logging_mixin.py:190} INFO - [2026-09-25T21:50:11.190+0000] {dagbag.py:587} INFO - Filling up the DagBag from /opt/airflow/dags/weather_etl.py
[2026-09-25T21:50:11.228+0000] {processor.py:925} INFO - DAG(s) 'weather_etl' retrieved from /opt/airflow/dags/weather_etl.py
[2026-09-25T21:50:11.247+0000] {logging_mixin.py:190} INFO - [2026-09-25T21:50:11.246+0000] {dag.py:3229} INFO - Sync 1 DAGs
[2026-09-25T21:50:11.271+0000] {logging_mixin.py:190} INFO - [2026-09-25T21:50:11.270+0000] {dag.py:4156} INFO - Setting next_dagrun for weather_etl to 2026-09-25 02:30:00+00:00, run_after=2026-09-26 02:30:00+00:00
[2026-09-25T21:50:11.280+0000] {processor.py:208} INFO - Processing /opt/airflow/dags/weather_etl.py took 0.112 seconds
[2026-09-25T21:50:41.542+0000] {processor.py:186} INFO - Started process (PID=1947) to work on /opt/airflow/dags/weather_etl.py
[2026-09-25T21:50:41.545+0000] {processor.py:914} INFO - Processing file /opt/airflow/dags/weather_etl.py for tasks to queue
[2026-09-25T21:50:41.546+0000] {logging_mixin.py:190} INFO - [2026-09-25T21:50:41.546+0000] {dagbag.py:587} INFO - Filling up the DagBag from /opt/airflow/dags/weather_etl.py
[2026-09-25T21:50:41.576+0000] {processor.py:925} INFO - DAG(s) 'weather_etl' retrieved from /opt/airflow/dags/weather_etl.py
[2026-09-25T21:50:41.596+0000] {logging_mixin.py:190} INFO - [2026-09-25T21:50:41.596+0000] {dag.py:3229} INFO - Sync 1 DAGs
[2026-09-25T21:50:41.620+0000] {logging_mixin.py:190} INFO - [2026-09-25T21:50:41.620+0000] {dag.py:4156} INFO - Setting next_dagrun for weather_etl to 2026-09-25 02:30:00+00:00, run_after=2026-09-26 02:30:00+00:00
[2026-09-25T21:50:41.628+0000] {processor.py:208} INFO - Processing /opt/airflow/dags/weather_etl.py took 0.099 seconds
[2026-09-25T21:51:12.038+0000] {processor.py:186} INFO - Started process (PID=1958) to work on /opt/airflow/dags/weather_etl.py
[2026-09-25T21:51:12.040+0000] {processor.py:914} INFO - Processing file /opt/airflow/dags/weather_etl.py for tasks to queue
[2026-09-25T21:51:12.042+0000] {logging_mixin.py:190} INFO - [2026-09-25T21:51:12.041+0000] {dagbag.py:587} INFO - Filling up the DagBag from /opt/airflow/dags/weather_etl.py
[2026-09-25T21:51:12.067+0000] {processor.py:925} INFO - DAG(s) 'weather_etl' retrieved from /opt/airflow/dags/weather_etl.py
[2026-09-25T21:51:12.081+0000] {logging_mixin.py:190} INFO - [2026-09-25T21:51:12.080+0000] {dag.py:3229} INFO - Sync 1 DAGs
[2026-09-25T21:51:12.096+0000] {logging_mixin.py:190} INFO - [2026-09-25T21:51:12.096+0000] {dag.py:4156} INFO - Setting next_dagrun for weather_etl to 2026-09-25 02:30:00+00:00, run_after=2026-09-26 02:30:00+00:00
[2026-09-25T21:51:12.105+0000] {processor.py:208} INFO - Processing /opt/airflow/dags/weather_etl.py took 0.075 seconds
[2026-09-25T21:51:42.456+0000] {processor.py:186} INFO - Started process (PID=1969) to work on /opt/airflow/dags/weather_etl.py
[2026-09-25T21:51:42.461+0000] {processor.py:914} INFO - Processing file /opt/airflow/dags/weather_etl.py for tasks to queue
[2026-09-25T21:51:42.463+0000] {logging_mixin.py:190} INFO - [2026-09-25T21:51:42.462+0000] {dagbag.py:587} INFO - Filling up the DagBag from /opt/airflow/dags/weather_etl.py
[2026-09-25T21:51:42.492+0000] {processor.py:925} INFO - DAG(s) 'weather_etl' retrieved from /opt/airflow/dags/weather_etl.py
[2026-09-25T21:51:42.508+0000] {logging_mixin.py:190} INFO - [2026-09-25T21:51:42.508+0000] {dag.py:3229} INFO - Sync 1 DAGs
[2026-09-25T21:51:42.525+0000] {logging_mixin.py:190} INFO - [2026-09-25T21:51:42.525+0000] {dag.py:4156} INFO - Setting next_dagrun for weather_etl to 2026-09-25 02:30:00+00:00, run_after=2026-09-26 02:30:00+00:00
[2026-09-25T21:51:42.532+0000] {processor.py:208} INFO - Processing /opt/airflow/dags/weather_etl.py took 0.085 seconds
[2026-09-25T21:52:12.904+0000] {processor.py:186} INFO - Started process (PID=1980) to work on /opt/airflow/dags/weather_etl.py
[2026-09-25T21:52:12.907+0000] {processor.py:914} INFO - Processing file /opt/airflow/dags/weather_etl.py for tasks to queue
[2026-09-25T21:52:12.911+0000] {logging_mixin.py:190} INFO - [2026-09-25T21:52:12.909+0000] {dagbag.py:587} INFO - Filling up the DagBag from /opt/airflow/dags/weather_etl.py
[2026-09-25T21:52:12.953+0000] {processor.py:925} INFO - DAG(s) 'weather_etl' retrieved from /opt/airflow/dags/weather_etl.py
[2026-09-25T21:52:12.976+0000] {logging_mixin.py:190} INFO - [2026-09-25T21:52:12.976+0000] {dag.py:3229} INFO - Sync 1 DAGs
[2026-09-25T21:52:13.000+0000] {logging_mixin.py:190} INFO - [2026-09-25T21:52:13.000+0000] {dag.py:4156} INFO - Setting next_dagrun for weather_etl to 2026-09-25 02:30:00+00:00, run_after=2026-09-26 02:30:00+00:00
[2026-09-25T21:52:13.010+0000] {processor.py:208} INFO - Processing /opt/airflow/dags/weather_etl.py took 0.121 seconds
[2026-09-25T21:52:43.313+0000] {processor.py:186} INFO - Started process (PID=1991) to work on /opt/airflow/dags/weather_etl.py
[2026-09-25T21:52:43.318+0000] {processor.py:914} INFO - Processing file /opt/airflow/dags/weather_etl.py for tasks to queue
[2026-09-25T21:52:43.319+0000] {logging_mixin.py:190} INFO - [2026-09-25T21:52:43.318+0000] {dagbag.py:587} INFO - Filling up the DagBag from /opt/airflow/dags/weather_etl.py
[2026-09-25T21:52:43.354+0000] {processor.py:925} INFO - DAG(s) 'weather_etl' retrieved from /opt/airflow/dags/weather_etl.py
[2026-09-25T21:52:43.367+0000] {logging_mixin.py:190} INFO - [2026-09-25T21:52:43.367+0000] {dag.py:3229} INFO - Sync 1 DAGs
[2026-09-25T21:52:43.385+0000] {logging_mixin.py:190} INFO - [2026-09-25T21:52:43.385+0000] {dag.py:4156} INFO - Setting next_dagrun for weather_etl to 2026-09-25 02:30:00+00:00, run_after=2026-09-26 02:30:00+00:00
[2026-09-25T21:52:43.398+0000] {processor.py:208} INFO - Processing /opt/airflow/dags/weather_etl.py took 0.112 seconds
[2026-09-25T21:53:13.660+0000] {processor.py:186} INFO - Started process (PID=2003) to work on /opt/airflow/dags/weather_etl.py
[2026-09-25T21:53:13.662+0000] {processor.py:914} INFO - Processing file /opt/airflow/dags/weather_etl.py for tasks to queue
[2026-09-25T21:53:13.664+0000] {logging_mixin.py:190} INFO - [2026-09-25T21:53:13.664+0000] {dagbag.py:587} INFO - Filling up the DagBag from /opt/airflow/dags/weather_etl.py
[2026-09-25T21:53:13.709+0000] {processor.py:925} INFO - DAG(s) 'weather_etl' retrieved from /opt/airflow/dags/weather_etl.py
[2026-09-25T21:53:13.724+0000] {logging_mixin.py:190} INFO - [2026-09-25T21:53:13.724+0000] {dag.py:3229} INFO - Sync 1 DAGs
[2026-09-25T21:53:13.745+0000] {logging_mixin.py:190} INFO - [2026-09-25T21:53:13.744+0000] {dag.py:4156} INFO - Setting next_dagrun for weather_etl to 2026-09-25 02:30:00+00:00, run_after=2026-09-26 02:30:00+00:00
[2026-09-25T21:53:13.752+0000] {processor.py:208} INFO - Processing /opt/airflow/dags/weather_etl.py took 0.106 seconds
[2026-09-25T21:53:44.028+0000] {processor.py:186} INFO - Started process (PID=2014) to work on /opt/airflow/dags/weather_etl.py
[2026-09-25T21:53:44.033+0000] {processor.py:914} INFO - Processing file /opt/airflow/dags/weather_etl.py for tasks to queue
[2026-09-25T21:53:44.037+0000] {logging_mixin.py:190} INFO - [2026-09-25T21:53:44.036+0000] {dagbag.py:587} INFO - Filling up the DagBag from /opt/airflow/dags/weather_etl.py
[2026-09-25T21:53:44.064+0000] {processor.py:925} INFO - DAG(s) 'weather_etl' retrieved from /opt/airflow/dags/weather_etl.py
[2026-09-25T21:53:44.076+0000] {logging_mixin.py:190} INFO - [2026-09-25T21:53:44.075+0000] {dag.py:3229} INFO - Sync 1 DAGs
[2026-09-25T21:53:44.089+0000] {logging_mixin.py:190} INFO - [2026-09-25T21:53:44.089+0000] {dag.py:4156} INFO - Setting next_dagrun for weather_etl to 2026-09-25 02:30:00+00:00, run_after=2026-09-26 02:30:00+00:00
[2026-09-25T21:53:44.096+0000] {processor.py:208} INFO - Processing /opt/airflow/dags/weather_etl.py took 0.078 seconds
[2026-09-25T21:54:14.447+0000] {processor.py:186} INFO - Started process (PID=2025) to work on /opt/airflow/dags/weather_etl.py
[2026-09-25T21:54:14.450+0000] {processor.py:914} INFO - Processing file /opt/airflow/dags/weather_etl.py for tasks to queue
[2026-09-25T21:54:14.452+0000] {logging_mixin.py:190} INFO - [2026-09-25T21:54:14.451+0000] {dagbag.py:587} INFO - Filling up the DagBag from /opt/airflow/dags/weather_etl.py
[2026-09-25T21:54:14.480+0000] {processor.py:925} INFO - DAG(s) 'weather_etl' retrieved from /opt/airflow/dags/weather_etl.py
[2026-09-25T21:54:14.494+0000] {logging_mixin.py:190} INFO - [2026-09-25T21:54:14.494+0000] {dag.py:3229} INFO - Sync 1 DAGs
[2026-09-25T21:54:14.510+0000] {logging_mixin.py:190} INFO - [2026-09-25T21:54:14.510+0000] {dag.py:4156} INFO - Setting next_dagrun for weather_etl to 2026-09-25 02:30:00+00:00, run_after=2026-09-26 02:30:00+00:00
[2026-09-25T21:54:14.518+0000] {processor.py:208} INFO - Processing /opt/airflow/dags/weather_etl.py took 0.081 seconds
[2026-09-25T21:54:44.825+0000] {processor.py:186} INFO - Started process (PID=2036) to work on /opt/airflow/dags/weather_etl.py
[2026-09-25T21:54:44.829+0000] {processor.py:914} INFO - Processing file /opt/airflow/dags/weather_etl.py for tasks to queue
[2026-09-25T21:54:44.830+0000] {logging_mixin.py:190} INFO - [2026-09-25T21:54:44.830+0000] {dagbag.py:587} INFO - Filling up the DagBag from /opt/airflow/dags/weather_etl.py
[2026-09-25T21:54:44.866+0000] {processor.py:925} INFO - DAG(s) 'weather_etl' retrieved from /opt/airflow/dags/weather_etl.py
[2026-09-25T21:54:44.885+0000] {logging_mixin.py:190} INFO - [2026-09-25T21:54:44.885+0000] {dag.py:3229} INFO - Sync 1 DAGs
[2026-09-25T21:54:44.914+0000] {logging_mixin.py:190} INFO - [2026-09-25T21:54:44.914+0000] {dag.py:4156} INFO - Setting next_dagrun for weather_etl to 2026-09-25 02:30:00+00:00, run_after=2026-09-26 02:30:00+00:00
[2026-09-25T21:54:44.924+0000] {processor.py:208} INFO - Processing /opt/airflow/dags/weather_etl.py took 0.110 seconds
[2026-09-25T21:55:15.272+0000] {processor.py:186} INFO - Started process (PID=2047) to work on /opt/airflow/dags/weather_etl.py
[2026-09-25T21:55:15.287+0000] {processor.py:914} INFO - Processing file /opt/airflow/dags/weather_etl.py for tasks to queue
[2026-09-25T21:55:15.294+0000] {logging_mixin.py:190} INFO - [2026-09-25T21:55:15.292+0000] {dagbag.py:587} INFO - Filling up the DagBag from /opt/airflow/dags/weather_etl.py
[2026-09-25T21:55:15.340+0000] {processor.py:925} INFO - DAG(s) 'weather_etl' retrieved from /opt/airflow/dags/weather_etl.py
[2026-09-25T21:55:15.359+0000] {logging_mixin.py:190} INFO - [2026-09-25T21:55:15.358+0000] {dag.py:3229} INFO - Sync 1 DAGs
[2026-09-25T21:55:15.376+0000] {logging_mixin.py:190} INFO - [2026-09-25T21:55:15.375+0000] {dag.py:4156} INFO - Setting next_dagrun for weather_etl to 2026-09-25 02:30:00+00:00, run_after=2026-09-26 02:30:00+00:00
[2026-09-25T21:55:15.386+0000] {processor.py:208} INFO - Processing /opt/airflow/dags/weather_etl.py took 0.137 seconds
[2026-09-25T22:03:18.926+0000] {processor.py:186} INFO - Started process (PID=257) to work on /opt/airflow/dags/weather_etl.py
[2026-09-25T22:03:18.939+0000] {processor.py:914} INFO - Processing file /opt/airflow/dags/weather_etl.py for tasks to queue
[2026-09-25T22:03:18.946+0000] {logging_mixin.py:190} INFO - [2026-09-25T22:03:18.945+0000] {dagbag.py:587} INFO - Filling up the DagBag from /opt/airflow/dags/weather_etl.py
[2026-09-25T22:03:19.035+0000] {processor.py:925} INFO - DAG(s) 'weather_etl' retrieved from /opt/airflow/dags/weather_etl.py
[2026-09-25T22:03:19.069+0000] {logging_mixin.py:190} INFO - [2026-09-25T22:03:19.068+0000] {dag.py:3229} INFO - Sync 1 DAGs
[2026-09-25T22:03:19.085+0000] {logging_mixin.py:190} INFO - [2026-09-25T22:03:19.085+0000] {dag.py:4156} INFO - Setting next_dagrun for weather_etl to 2026-09-25 02:30:00+00:00, run_after=2026-09-26 02:30:00+00:00
[2026-09-25T22:03:19.096+0000] {processor.py:208} INFO - Processing /opt/airflow/dags/weather_etl.py took 0.183 seconds
[2026-09-25T22:03:49.304+0000] {processor.py:186} INFO - Started process (PID=286) to work on /opt/airflow/dags/weather_etl.py
[2026-09-25T22:03:49.306+0000] {processor.py:914} INFO - Processing file /opt/airflow/dags/weather_etl.py for tasks to queue
[2026-09-25T22:03:49.310+0000] {logging_mixin.py:190} INFO - [2026-09-25T22:03:49.309+0000] {dagbag.py:587} INFO - Filling up the DagBag from /opt/airflow/dags/weather_etl.py
[2026-09-25T22:03:49.342+0000] {processor.py:925} INFO - DAG(s) 'weather_etl' retrieved from /opt/airflow/dags/weather_etl.py
[2026-09-25T22:03:49.354+0000] {logging_mixin.py:190} INFO - [2026-09-25T22:03:49.354+0000] {dag.py:3229} INFO - Sync 1 DAGs
[2026-09-25T22:03:49.372+0000] {logging_mixin.py:190} INFO - [2026-09-25T22:03:49.372+0000] {dag.py:4156} INFO - Setting next_dagrun for weather_etl to 2026-09-25 02:30:00+00:00, run_after=2026-09-26 02:30:00+00:00
[2026-09-25T22:03:49.379+0000] {processor.py:208} INFO - Processing /opt/airflow/dags/weather_etl.py took 0.084 seconds
[2026-09-25T22:04:19.744+0000] {processor.py:186} INFO - Started process (PID=297) to work on /opt/airflow/dags/weather_etl.py
[2026-09-25T22:04:19.747+0000] {processor.py:914} INFO - Processing file /opt/airflow/dags/weather_etl.py for tasks to queue
[2026-09-25T22:04:19.751+0000] {logging_mixin.py:190} INFO - [2026-09-25T22:04:19.751+0000] {dagbag.py:587} INFO - Filling up the DagBag from /opt/airflow/dags/weather_etl.py
[2026-09-25T22:04:19.786+0000] {processor.py:925} INFO - DAG(s) 'weather_etl' retrieved from /opt/airflow/dags/weather_etl.py
[2026-09-25T22:04:19.802+0000] {logging_mixin.py:190} INFO - [2026-09-25T22:04:19.802+0000] {dag.py:3229} INFO - Sync 1 DAGs
[2026-09-25T22:04:19.818+0000] {logging_mixin.py:190} INFO - [2026-09-25T22:04:19.818+0000] {dag.py:4156} INFO - Setting next_dagrun for weather_etl to 2026-09-25 02:30:00+00:00, run_after=2026-09-26 02:30:00+00:00
[2026-09-25T22:04:19.830+0000] {processor.py:208} INFO - Processing /opt/airflow/dags/weather_etl.py took 0.112 seconds
[2026-09-25T22:04:50.144+0000] {processor.py:186} INFO - Started process (PID=308) to work on /opt/airflow/dags/weather_etl.py
[2026-09-25T22:04:50.147+0000] {processor.py:914} INFO - Processing file /opt/airflow/dags/weather_etl.py for tasks to queue
[2026-09-25T22:04:50.150+0000] {logging_mixin.py:190} INFO - [2026-09-25T22:04:50.150+0000] {dagbag.py:587} INFO - Filling up the DagBag from /opt/airflow/dags/weather_etl.py
[2026-09-25T22:04:50.191+0000] {processor.py:925} INFO - DAG(s) 'weather_etl' retrieved from /opt/airflow/dags/weather_etl.py
[2026-09-25T22:04:50.203+0000] {logging_mixin.py:190} INFO - [2026-09-25T22:04:50.203+0000] {dag.py:3229} INFO - Sync 1 DAGs
[2026-09-25T22:04:50.224+0000] {logging_mixin.py:190} INFO - [2026-09-25T22:04:50.224+0000] {dag.py:4156} INFO - Setting next_dagrun for weather_etl to 2026-09-25 02:30:00+00:00, run_after=2026-09-26 02:30:00+00:00
[2026-09-25T22:04:50.234+0000] {processor.py:208} INFO - Processing /opt/airflow/dags/weather_etl.py took 0.141 seconds
[2026-09-25T22:05:20.538+0000] {processor.py:186} INFO - Started process (PID=319) to work on /opt/airflow/dags/weather_etl.py
[2026-09-25T22:05:20.540+0000] {processor.py:914} INFO - Processing file /opt/airflow/dags/weather_etl.py for tasks to queue
[2026-09-25T22:05:20.547+0000] {logging_mixin.py:190} INFO - [2026-09-25T22:05:20.545+0000] {dagbag.py:587} INFO - Filling up the DagBag from /opt/airflow/dags/weather_etl.py
[2026-09-25T22:05:20.577+0000] {processor.py:925} INFO - DAG(s) 'weather_etl' retrieved from /opt/airflow/dags/weather_etl.py
[2026-09-25T22:05:20.590+0000] {logging_mixin.py:190} INFO - [2026-09-25T22:05:20.589+0000] {dag.py:3229} INFO - Sync 1 DAGs
[2026-09-25T22:05:20.603+0000] {logging_mixin.py:190} INFO - [2026-09-25T22:05:20.603+0000] {dag.py:4156} INFO - Setting next_dagrun for weather_etl to 2026-09-25 02:30:00+00:00, run_after=2026-09-26 02:30:00+00:00
[2026-09-25T22:05:20.610+0000] {processor.py:208} INFO - Processing /opt/airflow/dags/weather_etl.py took 0.089 seconds
[2026-09-25T22:05:50.883+0000] {processor.py:186} INFO - Started process (PID=330) to work on /opt/airflow/dags/weather_etl.py
[2026-09-25T22:05:50.885+0000] {processor.py:914} INFO - Processing file /opt/airflow/dags/weather_etl.py for tasks to queue
[2026-09-25T22:05:50.889+0000] {logging_mixin.py:190} INFO - [2026-09-25T22:05:50.888+0000] {dagbag.py:587} INFO - Filling up the DagBag from /opt/airflow/dags/weather_etl.py
[2026-09-25T22:05:50.916+0000] {processor.py:925} INFO - DAG(s) 'weather_etl' retrieved from /opt/airflow/dags/weather_etl.py
[2026-09-25T22:05:50.928+0000] {logging_mixin.py:190} INFO - [2026-09-25T22:05:50.928+0000] {dag.py:3229} INFO - Sync 1 DAGs
[2026-09-25T22:05:50.941+0000] {logging_mixin.py:190} INFO - [2026-09-25T22:05:50.941+0000] {dag.py:4156} INFO - Setting next_dagrun for weather_etl to 2026-09-25 02:30:00+00:00, run_after=2026-09-26 02:30:00+00:00
[2026-09-25T22:05:50.948+0000] {processor.py:208} INFO - Processing /opt/airflow/dags/weather_etl.py took 0.072 seconds
[2026-09-25T22:06:21.260+0000] {processor.py:186} INFO - Started process (PID=341) to work on /opt/airflow/dags/weather_etl.py
[2026-09-25T22:06:21.262+0000] {processor.py:914} INFO - Processing file /opt/airflow/dags/weather_etl.py for tasks to queue
[2026-09-25T22:06:21.266+0000] {logging_mixin.py:190} INFO - [2026-09-25T22:06:21.265+0000] {dagbag.py:587} INFO - Filling up the DagBag from /opt/airflow/dags/weather_etl.py
[2026-09-25T22:06:21.296+0000] {processor.py:925} INFO - DAG(s) 'weather_etl' retrieved from /opt/airflow/dags/weather_etl.py
[2026-09-25T22:06:21.308+0000] {logging_mixin.py:190} INFO - [2026-09-25T22:06:21.308+0000] {dag.py:3229} INFO - Sync 1 DAGs
[2026-09-25T22:06:21.323+0000] {logging_mixin.py:190} INFO - [2026-09-25T22:06:21.323+0000] {dag.py:4156} INFO - Setting next_dagrun for weather_etl to 2026-09-25 02:30:00+00:00, run_after=2026-09-26 02:30:00+00:00
[2026-09-25T22:06:21.333+0000] {processor.py:208} INFO - Processing /opt/airflow/dags/weather_etl.py took 0.080 seconds
[2026-09-25T22:06:51.655+0000] {processor.py:186} INFO - Started process (PID=352) to work on /opt/airflow/dags/weather_etl.py
[2026-09-25T22:06:51.658+0000] {processor.py:914} INFO - Processing file /opt/airflow/dags/weather_etl.py for tasks to queue
[2026-09-25T22:06:51.661+0000] {logging_mixin.py:190} INFO - [2026-09-25T22:06:51.660+0000] {dagbag.py:587} INFO - Filling up the DagBag from /opt/airflow/dags/weather_etl.py
[2026-09-25T22:06:51.685+0000] {processor.py:925} INFO - DAG(s) 'weather_etl' retrieved from /opt/airflow/dags/weather_etl.py
[2026-09-25T22:06:51.696+0000] {logging_mixin.py:190} INFO - [2026-09-25T22:06:51.696+0000] {dag.py:3229} INFO - Sync 1 DAGs
[2026-09-25T22:06:51.709+0000] {logging_mixin.py:190} INFO - [2026-09-25T22:06:51.709+0000] {dag.py:4156} INFO - Setting next_dagrun for weather_etl to 2026-09-25 02:30:00+00:00, run_after=2026-09-26 02:30:00+00:00
[2026-09-25T22:06:51.716+0000] {processor.py:208} INFO - Processing /opt/airflow/dags/weather_etl.py took 0.070 seconds
[2026-09-25T22:07:22.059+0000] {processor.py:186} INFO - Started process (PID=363) to work on /opt/airflow/dags/weather_etl.py
[2026-09-25T22:07:22.062+0000] {processor.py:914} INFO - Processing file /opt/airflow/dags/weather_etl.py for tasks to queue
[2026-09-25T22:07:22.064+0000] {logging_mixin.py:190} INFO - [2026-09-25T22:07:22.064+0000] {dagbag.py:587} INFO - Filling up the DagBag from /opt/airflow/dags/weather_etl.py
[2026-09-25T22:07:22.087+0000] {processor.py:925} INFO - DAG(s) 'weather_etl' retrieved from /opt/airflow/dags/weather_etl.py
[2026-09-25T22:07:22.098+0000] {logging_mixin.py:190} INFO - [2026-09-25T22:07:22.097+0000] {dag.py:3229} INFO - Sync 1 DAGs
[2026-09-25T22:07:22.110+0000] {logging_mixin.py:190} INFO - [2026-09-25T22:07:22.110+0000] {dag.py:4156} INFO - Setting next_dagrun for weather_etl to 2026-09-25 02:30:00+00:00, run_after=2026-09-26 02:30:00+00:00
[2026-09-25T22:07:22.117+0000] {processor.py:208} INFO - Processing /opt/airflow/dags/weather_etl.py took 0.065 seconds
[2026-09-25T22:07:52.407+0000] {processor.py:186} INFO - Started process (PID=380) to work on /opt/airflow/dags/weather_etl.py
[2026-09-25T22:07:52.410+0000] {processor.py:914} INFO - Processing file /opt/airflow/dags/weather_etl.py for tasks to queue
[2026-09-25T22:07:52.414+0000] {logging_mixin.py:190} INFO - [2026-09-25T22:07:52.414+0000] {dagbag.py:587} INFO - Filling up the DagBag from /opt/airflow/dags/weather_etl.py
[2026-09-25T22:07:52.446+0000] {processor.py:925} INFO - DAG(s) 'weather_etl' retrieved from /opt/airflow/dags/weather_etl.py
[2026-09-25T22:07:52.461+0000] {logging_mixin.py:190} INFO - [2026-09-25T22:07:52.460+0000] {dag.py:3229} INFO - Sync 1 DAGs
[2026-09-25T22:07:52.478+0000] {logging_mixin.py:190} INFO - [2026-09-25T22:07:52.477+0000] {dag.py:4156} INFO - Setting next_dagrun for weather_etl to 2026-09-25 02:30:00+00:00, run_after=2026-09-26 02:30:00+00:00
[2026-09-25T22:07:52.486+0000] {processor.py:208} INFO - Processing /opt/airflow/dags/weather_etl.py took 0.086 seconds
[2026-09-25T22:08:22.796+0000] {processor.py:186} INFO - Started process (PID=398) to work on /opt/airflow/dags/weather_etl.py
[2026-09-25T22:08:22.800+0000] {processor.py:914} INFO - Processing file /opt/airflow/dags/weather_etl.py for tasks to queue
[2026-09-25T22:08:22.801+0000] {logging_mixin.py:190} INFO - [2026-09-25T22:08:22.801+0000] {dagbag.py:587} INFO - Filling up the DagBag from /opt/airflow/dags/weather_etl.py
[2026-09-25T22:08:22.820+0000] {processor.py:925} INFO - DAG(s) 'weather_etl' retrieved from /opt/airflow/dags/weather_etl.py
[2026-09-25T22:08:22.828+0000] {logging_mixin.py:190} INFO - [2026-09-25T22:08:22.828+0000] {dag.py:3229} INFO - Sync 1 DAGs
[2026-09-25T22:08:22.838+0000] {logging_mixin.py:190} INFO - [2026-09-25T22:08:22.838+0000] {dag.py:4156} INFO - Setting next_dagrun for weather_etl to 2026-09-25 02:30:00+00:00, run_after=2026-09-26 02:30:00+00:00
[2026-09-25T22:08:22.844+0000] {processor.py:208} INFO - Processing /opt/airflow/dags/weather_etl.py took 0.053 seconds
[2026-09-25T22:08:53.254+0000] {processor.py:186} INFO - Started process (PID=420) to work on /opt/airflow/dags/weather_etl.py
[2026-09-25T22:08:53.260+0000] {processor.py:914} INFO - Processing file /opt/airflow/dags/weather_etl.py for tasks to queue
[2026-09-25T22:08:53.262+0000] {logging_mixin.py:190} INFO - [2026-09-25T22:08:53.262+0000] {dagbag.py:587} INFO - Filling up the DagBag from /opt/airflow/dags/weather_etl.py
[2026-09-25T22:08:53.283+0000] {processor.py:925} INFO - DAG(s) 'weather_etl' retrieved from /opt/airflow/dags/weather_etl.py
[2026-09-25T22:08:53.292+0000] {logging_mixin.py:190} INFO - [2026-09-25T22:08:53.291+0000] {dag.py:3229} INFO - Sync 1 DAGs
[2026-09-25T22:08:53.302+0000] {logging_mixin.py:190} INFO - [2026-09-25T22:08:53.302+0000] {dag.py:4156} INFO - Setting next_dagrun for weather_etl to 2026-09-25 02:30:00+00:00, run_after=2026-09-26 02:30:00+00:00
[2026-09-25T22:08:53.308+0000] {processor.py:208} INFO - Processing /opt/airflow/dags/weather_etl.py took 0.064 seconds
[2026-09-25T22:09:23.742+0000] {processor.py:186} INFO - Started process (PID=436) to work on /opt/airflow/dags/weather_etl.py
[2026-09-25T22:09:23.746+0000] {processor.py:914} INFO - Processing file /opt/airflow/dags/weather_etl.py for tasks to queue
[2026-09-25T22:09:23.748+0000] {logging_mixin.py:190} INFO - [2026-09-25T22:09:23.748+0000] {dagbag.py:587} INFO - Filling up the DagBag from /opt/airflow/dags/weather_etl.py
[2026-09-25T22:09:23.770+0000] {processor.py:925} INFO - DAG(s) 'weather_etl' retrieved from /opt/airflow/dags/weather_etl.py
[2026-09-25T22:09:23.780+0000] {logging_mixin.py:190} INFO - [2026-09-25T22:09:23.779+0000] {dag.py:3229} INFO - Sync 1 DAGs
[2026-09-25T22:09:23.790+0000] {logging_mixin.py:190} INFO - [2026-09-25T22:09:23.790+0000] {dag.py:4156} INFO - Setting next_dagrun for weather_etl to 2026-09-25 02:30:00+00:00, run_after=2026-09-26 02:30:00+00:00
[2026-09-25T22:09:23.797+0000] {processor.py:208} INFO - Processing /opt/airflow/dags/weather_etl.py took 0.061 seconds
[2026-09-25T22:09:54.122+0000] {processor.py:186} INFO - Started process (PID=452) to work on /opt/airflow/dags/weather_etl.py
[2026-09-25T22:09:54.125+0000] {processor.py:914} INFO - Processing file /opt/airflow/dags/weather_etl.py for tasks to queue
[2026-09-25T22:09:54.127+0000] {logging_mixin.py:190} INFO - [2026-09-25T22:09:54.126+0000] {dagbag.py:587} INFO - Filling up the DagBag from /opt/airflow/dags/weather_etl.py
[2026-09-25T22:09:54.146+0000] {processor.py:925} INFO - DAG(s) 'weather_etl' retrieved from /opt/airflow/dags/weather_etl.py
[2026-09-25T22:09:54.154+0000] {logging_mixin.py:190} INFO - [2026-09-25T22:09:54.154+0000] {dag.py:3229} INFO - Sync 1 DAGs
[2026-09-25T22:09:54.165+0000] {logging_mixin.py:190} INFO - [2026-09-25T22:09:54.165+0000] {dag.py:4156} INFO - Setting next_dagrun for weather_etl to 2026-09-25 02:30:00+00:00, run_after=2026-09-26 02:30:00+00:00
[2026-09-25T22:09:54.172+0000] {processor.py:208} INFO - Processing /opt/airflow/dags/weather_etl.py took 0.056 seconds
[2026-09-25T22:10:24.486+0000] {processor.py:186} INFO - Started process (PID=468) to work on /opt/airflow/dags/weather_etl.py
[2026-09-25T22:10:24.489+0000] {processor.py:914} INFO - Processing file /opt/airflow/dags/weather_etl.py for tasks to queue
[2026-09-25T22:10:24.491+0000] {logging_mixin.py:190} INFO - [2026-09-25T22:10:24.491+0000] {dagbag.py:587} INFO - Filling up the DagBag from /opt/airflow/dags/weather_etl.py
[2026-09-25T22:10:24.519+0000] {processor.py:925} INFO - DAG(s) 'weather_etl' retrieved from /opt/airflow/dags/weather_etl.py
[2026-09-25T22:10:24.529+0000] {logging_mixin.py:190} INFO - [2026-09-25T22:10:24.528+0000] {dag.py:3229} INFO - Sync 1 DAGs
[2026-09-25T22:10:24.541+0000] {logging_mixin.py:190} INFO - [2026-09-25T22:10:24.541+0000] {dag.py:4156} INFO - Setting next_dagrun for weather_etl to 2026-09-25 02:30:00+00:00, run_after=2026-09-26 02:30:00+00:00
[2026-09-25T22:10:24.549+0000] {processor.py:208} INFO - Processing /opt/airflow/dags/weather_etl.py took 0.071 seconds
[2026-09-25T22:10:54.932+0000] {processor.py:186} INFO - Started process (PID=484) to work on /opt/airflow/dags/weather_etl.py
[2026-09-25T22:10:54.935+0000] {processor.py:914} INFO - Processing file /opt/airflow/dags/weather_etl.py for tasks to queue
[2026-09-25T22:10:54.937+0000] {logging_mixin.py:190} INFO - [2026-09-25T22:10:54.937+0000] {dagbag.py:587} INFO - Filling up the DagBag from /opt/airflow/dags/weather_etl.py
[2026-09-25T22:10:54.960+0000] {processor.py:925} INFO - DAG(s) 'weather_etl' retrieved from /opt/airflow/dags/weather_etl.py
[2026-09-25T22:10:54.969+0000] {logging_mixin.py:190} INFO - [2026-09-25T22:10:54.968+0000] {dag.py:3229} INFO - Sync 1 DAGs
[2026-09-25T22:10:54.979+0000] {logging_mixin.py:190} INFO - [2026-09-25T22:10:54.979+0000] {dag.py:4156} INFO - Setting next_dagrun for weather_etl to 2026-09-25 02:30:00+00:00, run_after=2026-09-26 02:30:00+00:00
[2026-09-25T22:10:54.985+0000] {processor.py:208} INFO - Processing /opt/airflow/dags/weather_etl.py took 0.059 seconds
[2026-09-25T22:11:25.313+0000] {processor.py:186} INFO - Started process (PID=500) to work on /opt/airflow/dags/weather_etl.py
[2026-09-25T22:11:25.316+0000] {processor.py:914} INFO - Processing file /opt/airflow/dags/weather_etl.py for tasks to queue
[2026-09-25T22:11:25.318+0000] {logging_mixin.py:190} INFO - [2026-09-25T22:11:25.318+0000] {dagbag.py:587} INFO - Filling up the DagBag from /opt/airflow/dags/weather_etl.py
[2026-09-25T22:11:25.334+0000] {processor.py:925} INFO - DAG(s) 'weather_etl' retrieved from /opt/airflow/dags/weather_etl.py
[2026-09-25T22:11:25.343+0000] {logging_mixin.py:190} INFO - [2026-09-25T22:11:25.343+0000] {dag.py:3229} INFO - Sync 1 DAGs
[2026-09-25T22:11:25.353+0000] {logging_mixin.py:190} INFO - [2026-09-25T22:11:25.352+0000] {dag.py:4156} INFO - Setting next_dagrun for weather_etl to 2026-09-25 02:30:00+00:00, run_after=2026-09-26 02:30:00+00:00
[2026-09-25T22:11:25.359+0000] {processor.py:208} INFO - Processing /opt/airflow/dags/weather_etl.py took 0.052 seconds
[2026-09-25T22:11:55.755+0000] {processor.py:186} INFO - Started process (PID=516) to work on /opt/airflow/dags/weather_etl.py
[2026-09-25T22:11:55.757+0000] {processor.py:914} INFO - Processing file /opt/airflow/dags/weather_etl.py for tasks to queue
[2026-09-25T22:11:55.759+0000] {logging_mixin.py:190} INFO - [2026-09-25T22:11:55.759+0000] {dagbag.py:587} INFO - Filling up the DagBag from /opt/airflow/dags/weather_etl.py
[2026-09-25T22:11:55.783+0000] {processor.py:925} INFO - DAG(s) 'weather_etl' retrieved from /opt/airflow/dags/weather_etl.py
[2026-09-25T22:11:55.792+0000] {logging_mixin.py:190} INFO - [2026-09-25T22:11:55.791+0000] {dag.py:3229} INFO - Sync 1 DAGs
[2026-09-25T22:11:55.803+0000] {logging_mixin.py:190} INFO - [2026-09-25T22:11:55.803+0000] {dag.py:4156} INFO - Setting next_dagrun for weather_etl to 2026-09-25 02:30:00+00:00, run_after=2026-09-26 02:30:00+00:00
[2026-09-25T22:11:55.809+0000] {processor.py:208} INFO - Processing /opt/airflow/dags/weather_etl.py took 0.060 seconds
[2026-09-25T22:12:26.191+0000] {processor.py:186} INFO - Started process (PID=532) to work on /opt/airflow/dags/weather_etl.py
[2026-09-25T22:12:26.194+0000] {processor.py:914} INFO - Processing file /opt/airflow/dags/weather_etl.py for tasks to queue
[2026-09-25T22:12:26.196+0000] {logging_mixin.py:190} INFO - [2026-09-25T22:12:26.196+0000] {dagbag.py:587} INFO - Filling up the DagBag from /opt/airflow/dags/weather_etl.py
[2026-09-25T22:12:26.218+0000] {processor.py:925} INFO - DAG(s) 'weather_etl' retrieved from /opt/airflow/dags/weather_etl.py
[2026-09-25T22:12:26.226+0000] {logging_mixin.py:190} INFO - [2026-09-25T22:12:26.226+0000] {dag.py:3229} INFO - Sync 1 DAGs
[2026-09-25T22:12:26.237+0000] {logging_mixin.py:190} INFO - [2026-09-25T22:12:26.237+0000] {dag.py:4156} INFO - Setting next_dagrun for weather_etl to 2026-09-25 02:30:00+00:00, run_after=2026-09-26 02:30:00+00:00
[2026-09-25T22:12:26.243+0000] {processor.py:208} INFO - Processing /opt/airflow/dags/weather_etl.py took 0.059 seconds
[2026-09-25T22:12:56.647+0000] {processor.py:186} INFO - Started process (PID=548) to work on /opt/airflow/dags/weather_etl.py
[2026-09-25T22:12:56.649+0000] {processor.py:914} INFO - Processing file /opt/airflow/dags/weather_etl.py for tasks to queue
[2026-09-25T22:12:56.651+0000] {logging_mixin.py:190} INFO - [2026-09-25T22:12:56.650+0000] {dagbag.py:587} INFO - Filling up the DagBag from /opt/airflow/dags/weather_etl.py
[2026-09-25T22:12:56.673+0000] {processor.py:925} INFO - DAG(s) 'weather_etl' retrieved from /opt/airflow/dags/weather_etl.py
[2026-09-25T22:12:56.684+0000] {logging_mixin.py:190} INFO - [2026-09-25T22:12:56.683+0000] {dag.py:3229} INFO - Sync 1 DAGs
[2026-09-25T22:12:56.698+0000] {logging_mixin.py:190} INFO - [2026-09-25T22:12:56.697+0000] {dag.py:4156} INFO - Setting next_dagrun for weather_etl to 2026-09-25 02:30:00+00:00, run_after=2026-09-26 02:30:00+00:00
[2026-09-25T22:12:56.706+0000] {processor.py:208} INFO - Processing /opt/airflow/dags/weather_etl.py took 0.063 seconds
[2026-09-25T22:13:27.099+0000] {processor.py:186} INFO - Started process (PID=564) to work on /opt/airflow/dags/weather_etl.py
[2026-09-25T22:13:27.102+0000] {processor.py:914} INFO - Processing file /opt/airflow/dags/weather_etl.py for tasks to queue
[2026-09-25T22:13:27.105+0000] {logging_mixin.py:190} INFO - [2026-09-25T22:13:27.104+0000] {dagbag.py:587} INFO - Filling up the DagBag from /opt/airflow/dags/weather_etl.py
[2026-09-25T22:13:27.130+0000] {processor.py:925} INFO - DAG(s) 'weather_etl' retrieved from /opt/airflow/dags/weather_etl.py
[2026-09-25T22:13:27.141+0000] {logging_mixin.py:190} INFO - [2026-09-25T22:13:27.140+0000] {dag.py:3229} INFO - Sync 1 DAGs
[2026-09-25T22:13:27.152+0000] {logging_mixin.py:190} INFO - [2026-09-25T22:13:27.152+0000] {dag.py:4156} INFO - Setting next_dagrun for weather_etl to 2026-09-25 02:30:00+00:00, run_after=2026-09-26 02:30:00+00:00
[2026-09-25T22:13:27.161+0000] {processor.py:208} INFO - Processing /opt/airflow/dags/weather_etl.py took 0.068 seconds
[2026-09-25T22:13:57.588+0000] {processor.py:186} INFO - Started process (PID=580) to work on /opt/airflow/dags/weather_etl.py
[2026-09-25T22:13:57.591+0000] {processor.py:914} INFO - Processing file /opt/airflow/dags/weather_etl.py for tasks to queue
[2026-09-25T22:13:57.594+0000] {logging_mixin.py:190} INFO - [2026-09-25T22:13:57.594+0000] {dagbag.py:587} INFO - Filling up the DagBag from /opt/airflow/dags/weather_etl.py
[2026-09-25T22:13:57.622+0000] {processor.py:925} INFO - DAG(s) 'weather_etl' retrieved from /opt/airflow/dags/weather_etl.py
[2026-09-25T22:13:57.633+0000] {logging_mixin.py:190} INFO - [2026-09-25T22:13:57.633+0000] {dag.py:3229} INFO - Sync 1 DAGs
[2026-09-25T22:13:57.646+0000] {logging_mixin.py:190} INFO - [2026-09-25T22:13:57.646+0000] {dag.py:4156} INFO - Setting next_dagrun for weather_etl to 2026-09-25 02:30:00+00:00, run_after=2026-09-26 02:30:00+00:00
[2026-09-25T22:13:57.653+0000] {processor.py:208} INFO - Processing /opt/airflow/dags/weather_etl.py took 0.069 seconds
[2026-09-25T22:14:28.010+0000] {processor.py:186} INFO - Started process (PID=596) to work on /opt/airflow/dags/weather_etl.py
[2026-09-25T22:14:28.013+0000] {processor.py:914} INFO - Processing file /opt/airflow/dags/weather_etl.py for tasks to queue
[2026-09-25T22:14:28.015+0000] {logging_mixin.py:190} INFO - [2026-09-25T22:14:28.015+0000] {dagbag.py:587} INFO - Filling up the DagBag from /opt/airflow/dags/weather_etl.py
[2026-09-25T22:14:28.042+0000] {processor.py:925} INFO - DAG(s) 'weather_etl' retrieved from /opt/airflow/dags/weather_etl.py
[2026-09-25T22:14:28.054+0000] {logging_mixin.py:190} INFO - [2026-09-25T22:14:28.054+0000] {dag.py:3229} INFO - Sync 1 DAGs
[2026-09-25T22:14:28.073+0000] {logging_mixin.py:190} INFO - [2026-09-25T22:14:28.073+0000] {dag.py:4156} INFO - Setting next_dagrun for weather_etl to 2026-09-25 02:30:00+00:00, run_after=2026-09-26 02:30:00+00:00
[2026-09-25T22:14:28.081+0000] {processor.py:208} INFO - Processing /opt/airflow/dags/weather_etl.py took 0.076 seconds
[2026-09-25T22:14:58.439+0000] {processor.py:186} INFO - Started process (PID=612) to work on /opt/airflow/dags/weather_etl.py
[2026-09-25T22:14:58.441+0000] {processor.py:914} INFO - Processing file /opt/airflow/dags/weather_etl.py for tasks to queue
[2026-09-25T22:14:58.443+0000] {logging_mixin.py:190} INFO - [2026-09-25T22:14:58.443+0000] {dagbag.py:587} INFO - Filling up the DagBag from /opt/airflow/dags/weather_etl.py
[2026-09-25T22:14:58.460+0000] {processor.py:925} INFO - DAG(s) 'weather_etl' retrieved from /opt/airflow/dags/weather_etl.py
[2026-09-25T22:14:58.470+0000] {logging_mixin.py:190} INFO - [2026-09-25T22:14:58.470+0000] {dag.py:3229} INFO - Sync 1 DAGs
[2026-09-25T22:14:58.482+0000] {logging_mixin.py:190} INFO - [2026-09-25T22:14:58.481+0000] {dag.py:4156} INFO - Setting next_dagrun for weather_etl to 2026-09-25 02:30:00+00:00, run_after=2026-09-26 02:30:00+00:00
[2026-09-25T22:14:58.488+0000] {processor.py:208} INFO - Processing /opt/airflow/dags/weather_etl.py took 0.058 seconds
[2026-09-25T22:15:28.813+0000] {processor.py:186} INFO - Started process (PID=634) to work on /opt/airflow/dags/weather_etl.py
[2026-09-25T22:15:28.816+0000] {processor.py:914} INFO - Processing file /opt/airflow/dags/weather_etl.py for tasks to queue
[2026-09-25T22:15:28.818+0000] {logging_mixin.py:190} INFO - [2026-09-25T22:15:28.817+0000] {dagbag.py:587} INFO - Filling up the DagBag from /opt/airflow/dags/weather_etl.py
[2026-09-25T22:15:28.837+0000] {processor.py:925} INFO - DAG(s) 'weather_etl' retrieved from /opt/airflow/dags/weather_etl.py
[2026-09-25T22:15:28.848+0000] {logging_mixin.py:190} INFO - [2026-09-25T22:15:28.847+0000] {dag.py:3229} INFO - Sync 1 DAGs
[2026-09-25T22:15:28.861+0000] {logging_mixin.py:190} INFO - [2026-09-25T22:15:28.861+0000] {dag.py:4156} INFO - Setting next_dagrun for weather_etl to 2026-09-25 02:30:00+00:00, run_after=2026-09-26 02:30:00+00:00
[2026-09-25T22:15:28.869+0000] {processor.py:208} INFO - Processing /opt/airflow/dags/weather_etl.py took 0.059 seconds
[2026-09-25T22:15:59.232+0000] {processor.py:186} INFO - Started process (PID=650) to work on /opt/airflow/dags/weather_etl.py
[2026-09-25T22:15:59.234+0000] {processor.py:914} INFO - Processing file /opt/airflow/dags/weather_etl.py for tasks to queue
[2026-09-25T22:15:59.236+0000] {logging_mixin.py:190} INFO - [2026-09-25T22:15:59.236+0000] {dagbag.py:587} INFO - Filling up the DagBag from /opt/airflow/dags/weather_etl.py
[2026-09-25T22:15:59.255+0000] {processor.py:925} INFO - DAG(s) 'weather_etl' retrieved from /opt/airflow/dags/weather_etl.py
[2026-09-25T22:15:59.264+0000] {logging_mixin.py:190} INFO - [2026-09-25T22:15:59.264+0000] {dag.py:3229} INFO - Sync 1 DAGs
[2026-09-25T22:15:59.276+0000] {logging_mixin.py:190} INFO - [2026-09-25T22:15:59.275+0000] {dag.py:4156} INFO - Setting next_dagrun for weather_etl to 2026-09-25 02:30:00+00:00, run_after=2026-09-26 02:30:00+00:00
[2026-09-25T22:15:59.282+0000] {processor.py:208} INFO - Processing /opt/airflow/dags/weather_etl.py took 0.057 seconds
[2026-09-25T22:16:29.667+0000] {processor.py:186} INFO - Started process (PID=666) to work on /opt/airflow/dags/weather_etl.py
[2026-09-25T22:16:29.669+0000] {processor.py:914} INFO - Processing file /opt/airflow/dags/weather_etl.py for tasks to queue
[2026-09-25T22:16:29.672+0000] {logging_mixin.py:190} INFO - [2026-09-25T22:16:29.672+0000] {dagbag.py:587} INFO - Filling up the DagBag from /opt/airflow/dags/weather_etl.py
[2026-09-25T22:16:29.713+0000] {processor.py:925} INFO - DAG(s) 'weather_etl' retrieved from /opt/airflow/dags/weather_etl.py
[2026-09-25T22:16:29.726+0000] {logging_mixin.py:190} INFO - [2026-09-25T22:16:29.726+0000] {dag.py:3229} INFO - Sync 1 DAGs
[2026-09-25T22:16:29.741+0000] {logging_mixin.py:190} INFO - [2026-09-25T22:16:29.740+0000] {dag.py:4156} INFO - Setting next_dagrun for weather_etl to 2026-09-25 02:30:00+00:00, run_after=2026-09-26 02:30:00+00:00
[2026-09-25T22:16:29.749+0000] {processor.py:208} INFO - Processing /opt/airflow/dags/weather_etl.py took 0.091 seconds
[2026-09-25T22:17:00.090+0000] {processor.py:186} INFO - Started process (PID=688) to work on /opt/airflow/dags/weather_etl.py
[2026-09-25T22:17:00.093+0000] {processor.py:914} INFO - Processing file /opt/airflow/dags/weather_etl.py for tasks to queue
[2026-09-25T22:17:00.094+0000] {logging_mixin.py:190} INFO - [2026-09-25T22:17:00.094+0000] {dagbag.py:587} INFO - Filling up the DagBag from /opt/airflow/dags/weather_etl.py
[2026-09-25T22:17:00.113+0000] {processor.py:925} INFO - DAG(s) 'weather_etl' retrieved from /opt/airflow/dags/weather_etl.py
[2026-09-25T22:17:00.128+0000] {logging_mixin.py:190} INFO - [2026-09-25T22:17:00.126+0000] {dag.py:3229} INFO - Sync 1 DAGs
[2026-09-25T22:17:00.142+0000] {logging_mixin.py:190} INFO - [2026-09-25T22:17:00.142+0000] {dag.py:4156} INFO - Setting next_dagrun for weather_etl to 2026-09-25 02:30:00+00:00, run_after=2026-09-26 02:30:00+00:00
[2026-09-25T22:17:00.148+0000] {processor.py:208} INFO - Processing /opt/airflow/dags/weather_etl.py took 0.064 seconds
[2026-09-25T22:17:30.539+0000] {processor.py:186} INFO - Started process (PID=716) to work on /opt/airflow/dags/weather_etl.py
[2026-09-25T22:17:30.543+0000] {processor.py:914} INFO - Processing file /opt/airflow/dags/weather_etl.py for tasks to queue
[2026-09-25T22:17:30.545+0000] {logging_mixin.py:190} INFO - [2026-09-25T22:17:30.545+0000] {dagbag.py:587} INFO - Filling up the DagBag from /opt/airflow/dags/weather_etl.py
[2026-09-25T22:17:30.567+0000] {processor.py:925} INFO - DAG(s) 'weather_etl' retrieved from /opt/airflow/dags/weather_etl.py
[2026-09-25T22:17:30.578+0000] {logging_mixin.py:190} INFO - [2026-09-25T22:17:30.578+0000] {dag.py:3229} INFO - Sync 1 DAGs
[2026-09-25T22:17:30.595+0000] {logging_mixin.py:190} INFO - [2026-09-25T22:17:30.594+0000] {dag.py:4156} INFO - Setting next_dagrun for weather_etl to 2026-09-25 02:30:00+00:00, run_after=2026-09-26 02:30:00+00:00
[2026-09-25T22:17:30.604+0000] {processor.py:208} INFO - Processing /opt/airflow/dags/weather_etl.py took 0.073 seconds
[2026-09-25T22:18:00.991+0000] {processor.py:186} INFO - Started process (PID=757) to work on /opt/airflow/dags/weather_etl.py
[2026-09-25T22:18:00.994+0000] {processor.py:914} INFO - Processing file /opt/airflow/dags/weather_etl.py for tasks to queue
[2026-09-25T22:18:00.996+0000] {logging_mixin.py:190} INFO - [2026-09-25T22:18:00.995+0000] {dagbag.py:587} INFO - Filling up the DagBag from /opt/airflow/dags/weather_etl.py
[2026-09-25T22:18:01.015+0000] {processor.py:925} INFO - DAG(s) 'weather_etl' retrieved from /opt/airflow/dags/weather_etl.py
[2026-09-25T22:18:01.023+0000] {logging_mixin.py:190} INFO - [2026-09-25T22:18:01.023+0000] {dag.py:3229} INFO - Sync 1 DAGs
[2026-09-25T22:18:01.035+0000] {logging_mixin.py:190} INFO - [2026-09-25T22:18:01.035+0000] {dag.py:4156} INFO - Setting next_dagrun for weather_etl to 2026-09-25 02:30:00+00:00, run_after=2026-09-26 02:30:00+00:00
[2026-09-25T22:18:01.041+0000] {processor.py:208} INFO - Processing /opt/airflow/dags/weather_etl.py took 0.056 seconds
[2026-09-25T22:18:31.437+0000] {processor.py:186} INFO - Started process (PID=773) to work on /opt/airflow/dags/weather_etl.py
[2026-09-25T22:18:31.440+0000] {processor.py:914} INFO - Processing file /opt/airflow/dags/weather_etl.py for tasks to queue
[2026-09-25T22:18:31.442+0000] {logging_mixin.py:190} INFO - [2026-09-25T22:18:31.442+0000] {dagbag.py:587} INFO - Filling up the DagBag from /opt/airflow/dags/weather_etl.py
[2026-09-25T22:18:31.467+0000] {processor.py:925} INFO - DAG(s) 'weather_etl' retrieved from /opt/airflow/dags/weather_etl.py
[2026-09-25T22:18:31.476+0000] {logging_mixin.py:190} INFO - [2026-09-25T22:18:31.475+0000] {dag.py:3229} INFO - Sync 1 DAGs
[2026-09-25T22:18:31.487+0000] {logging_mixin.py:190} INFO - [2026-09-25T22:18:31.487+0000] {dag.py:4156} INFO - Setting next_dagrun for weather_etl to 2026-09-25 02:30:00+00:00, run_after=2026-09-26 02:30:00+00:00
[2026-09-25T22:18:31.494+0000] {processor.py:208} INFO - Processing /opt/airflow/dags/weather_etl.py took 0.063 seconds
[2026-09-25T22:19:01.913+0000] {processor.py:186} INFO - Started process (PID=806) to work on /opt/airflow/dags/weather_etl.py
[2026-09-25T22:19:01.916+0000] {processor.py:914} INFO - Processing file /opt/airflow/dags/weather_etl.py for tasks to queue
[2026-09-25T22:19:01.919+0000] {logging_mixin.py:190} INFO - [2026-09-25T22:19:01.918+0000] {dagbag.py:587} INFO - Filling up the DagBag from /opt/airflow/dags/weather_etl.py
[2026-09-25T22:19:01.946+0000] {processor.py:925} INFO - DAG(s) 'weather_etl' retrieved from /opt/airflow/dags/weather_etl.py
[2026-09-25T22:19:01.962+0000] {logging_mixin.py:190} INFO - [2026-09-25T22:19:01.961+0000] {dag.py:3229} INFO - Sync 1 DAGs
[2026-09-25T22:19:01.979+0000] {logging_mixin.py:190} INFO - [2026-09-25T22:19:01.979+0000] {dag.py:4156} INFO - Setting next_dagrun for weather_etl to 2026-09-25 02:30:00+00:00, run_after=2026-09-26 02:30:00+00:00
[2026-09-25T22:19:01.991+0000] {processor.py:208} INFO - Processing /opt/airflow/dags/weather_etl.py took 0.091 seconds
[2026-09-25T22:19:32.302+0000] {processor.py:186} INFO - Started process (PID=822) to work on /opt/airflow/dags/weather_etl.py
[2026-09-25T22:19:32.304+0000] {processor.py:914} INFO - Processing file /opt/airflow/dags/weather_etl.py for tasks to queue
[2026-09-25T22:19:32.305+0000] {logging_mixin.py:190} INFO - [2026-09-25T22:19:32.305+0000] {dagbag.py:587} INFO - Filling up the DagBag from /opt/airflow/dags/weather_etl.py
[2026-09-25T22:19:32.327+0000] {processor.py:925} INFO - DAG(s) 'weather_etl' retrieved from /opt/airflow/dags/weather_etl.py
[2026-09-25T22:19:32.338+0000] {logging_mixin.py:190} INFO - [2026-09-25T22:19:32.337+0000] {dag.py:3229} INFO - Sync 1 DAGs
[2026-09-25T22:19:32.352+0000] {logging_mixin.py:190} INFO - [2026-09-25T22:19:32.352+0000] {dag.py:4156} INFO - Setting next_dagrun for weather_etl to 2026-09-25 02:30:00+00:00, run_after=2026-09-26 02:30:00+00:00
[2026-09-25T22:19:32.359+0000] {processor.py:208} INFO - Processing /opt/airflow/dags/weather_etl.py took 0.065 seconds
[2026-09-25T22:20:02.743+0000] {processor.py:186} INFO - Started process (PID=838) to work on /opt/airflow/dags/weather_etl.py
[2026-09-25T22:20:02.747+0000] {processor.py:914} INFO - Processing file /opt/airflow/dags/weather_etl.py for tasks to queue
[2026-09-25T22:20:02.749+0000] {logging_mixin.py:190} INFO - [2026-09-25T22:20:02.749+0000] {dagbag.py:587} INFO - Filling up the DagBag from /opt/airflow/dags/weather_etl.py
[2026-09-25T22:20:02.770+0000] {processor.py:925} INFO - DAG(s) 'weather_etl' retrieved from /opt/airflow/dags/weather_etl.py
[2026-09-25T22:20:02.779+0000] {logging_mixin.py:190} INFO - [2026-09-25T22:20:02.778+0000] {dag.py:3229} INFO - Sync 1 DAGs
[2026-09-25T22:20:02.789+0000] {logging_mixin.py:190} INFO - [2026-09-25T22:20:02.789+0000] {dag.py:4156} INFO - Setting next_dagrun for weather_etl to 2026-09-25 02:30:00+00:00, run_after=2026-09-26 02:30:00+00:00
[2026-09-25T22:20:02.795+0000] {processor.py:208} INFO - Processing /opt/airflow/dags/weather_etl.py took 0.064 seconds
[2026-09-25T22:20:33.187+0000] {processor.py:186} INFO - Started process (PID=854) to work on /opt/airflow/dags/weather_etl.py
[2026-09-25T22:20:33.190+0000] {processor.py:914} INFO - Processing file /opt/airflow/dags/weather_etl.py for tasks to queue
[2026-09-25T22:20:33.193+0000] {logging_mixin.py:190} INFO - [2026-09-25T22:20:33.193+0000] {dagbag.py:587} INFO - Filling up the DagBag from /opt/airflow/dags/weather_etl.py
[2026-09-25T22:20:33.217+0000] {processor.py:925} INFO - DAG(s) 'weather_etl' retrieved from /opt/airflow/dags/weather_etl.py
[2026-09-25T22:20:33.231+0000] {logging_mixin.py:190} INFO - [2026-09-25T22:20:33.230+0000] {dag.py:3229} INFO - Sync 1 DAGs
[2026-09-25T22:20:33.243+0000] {logging_mixin.py:190} INFO - [2026-09-25T22:20:33.243+0000] {dag.py:4156} INFO - Setting next_dagrun for weather_etl to 2026-09-25 02:30:00+00:00, run_after=2026-09-26 02:30:00+00:00
[2026-09-25T22:20:33.250+0000] {processor.py:208} INFO - Processing /opt/airflow/dags/weather_etl.py took 0.071 seconds
[2026-09-25T22:21:03.571+0000] {processor.py:186} INFO - Started process (PID=875) to work on /opt/airflow/dags/weather_etl.py
[2026-09-25T22:21:03.574+0000] {processor.py:914} INFO - Processing file /opt/airflow/dags/weather_etl.py for tasks to queue
[2026-09-25T22:21:03.577+0000] {logging_mixin.py:190} INFO - [2026-09-25T22:21:03.576+0000] {dagbag.py:587} INFO - Filling up the DagBag from /opt/airflow/dags/weather_etl.py
[2026-09-25T22:21:03.599+0000] {processor.py:925} INFO - DAG(s) 'weather_etl' retrieved from /opt/airflow/dags/weather_etl.py
[2026-09-25T22:21:03.612+0000] {logging_mixin.py:190} INFO - [2026-09-25T22:21:03.611+0000] {dag.py:3229} INFO - Sync 1 DAGs
[2026-09-25T22:21:03.626+0000] {logging_mixin.py:190} INFO - [2026-09-25T22:21:03.626+0000] {dag.py:4156} INFO - Setting next_dagrun for weather_etl to 2026-09-25 02:30:00+00:00, run_after=2026-09-26 02:30:00+00:00
[2026-09-25T22:21:03.636+0000] {processor.py:208} INFO - Processing /opt/airflow/dags/weather_etl.py took 0.071 seconds
[2026-09-25T22:21:34.027+0000] {processor.py:186} INFO - Started process (PID=891) to work on /opt/airflow/dags/weather_etl.py
[2026-09-25T22:21:34.030+0000] {processor.py:914} INFO - Processing file /opt/airflow/dags/weather_etl.py for tasks to queue
[2026-09-25T22:21:34.031+0000] {logging_mixin.py:190} INFO - [2026-09-25T22:21:34.031+0000] {dagbag.py:587} INFO - Filling up the DagBag from /opt/airflow/dags/weather_etl.py
[2026-09-25T22:21:34.055+0000] {processor.py:925} INFO - DAG(s) 'weather_etl' retrieved from /opt/airflow/dags/weather_etl.py
[2026-09-25T22:21:34.065+0000] {logging_mixin.py:190} INFO - [2026-09-25T22:21:34.064+0000] {dag.py:3229} INFO - Sync 1 DAGs
[2026-09-25T22:21:34.075+0000] {logging_mixin.py:190} INFO - [2026-09-25T22:21:34.075+0000] {dag.py:4156} INFO - Setting next_dagrun for weather_etl to 2026-09-25 02:30:00+00:00, run_after=2026-09-26 02:30:00+00:00
[2026-09-25T22:21:34.081+0000] {processor.py:208} INFO - Processing /opt/airflow/dags/weather_etl.py took 0.064 seconds
[2026-09-25T22:22:04.425+0000] {processor.py:186} INFO - Started process (PID=907) to work on /opt/airflow/dags/weather_etl.py
[2026-09-25T22:22:04.428+0000] {processor.py:914} INFO - Processing file /opt/airflow/dags/weather_etl.py for tasks to queue
[2026-09-25T22:22:04.430+0000] {logging_mixin.py:190} INFO - [2026-09-25T22:22:04.430+0000] {dagbag.py:587} INFO - Filling up the DagBag from /opt/airflow/dags/weather_etl.py
[2026-09-25T22:22:04.451+0000] {processor.py:925} INFO - DAG(s) 'weather_etl' retrieved from /opt/airflow/dags/weather_etl.py
[2026-09-25T22:22:04.459+0000] {logging_mixin.py:190} INFO - [2026-09-25T22:22:04.459+0000] {dag.py:3229} INFO - Sync 1 DAGs
[2026-09-25T22:22:04.470+0000] {logging_mixin.py:190} INFO - [2026-09-25T22:22:04.470+0000] {dag.py:4156} INFO - Setting next_dagrun for weather_etl to 2026-09-25 02:30:00+00:00, run_after=2026-09-26 02:30:00+00:00
[2026-09-25T22:22:04.476+0000] {processor.py:208} INFO - Processing /opt/airflow/dags/weather_etl.py took 0.058 seconds
[2026-09-25T22:22:34.761+0000] {processor.py:186} INFO - Started process (PID=978) to work on /opt/airflow/dags/weather_etl.py
[2026-09-25T22:22:34.763+0000] {processor.py:914} INFO - Processing file /opt/airflow/dags/weather_etl.py for tasks to queue
[2026-09-25T22:22:34.774+0000] {logging_mixin.py:190} INFO - [2026-09-25T22:22:34.773+0000] {dagbag.py:587} INFO - Filling up the DagBag from /opt/airflow/dags/weather_etl.py
[2026-09-25T22:22:34.819+0000] {processor.py:925} INFO - DAG(s) 'weather_etl' retrieved from /opt/airflow/dags/weather_etl.py
[2026-09-25T22:22:34.839+0000] {logging_mixin.py:190} INFO - [2026-09-25T22:22:34.838+0000] {dag.py:3229} INFO - Sync 1 DAGs
[2026-09-25T22:22:34.862+0000] {logging_mixin.py:190} INFO - [2026-09-25T22:22:34.861+0000] {dag.py:4156} INFO - Setting next_dagrun for weather_etl to 2026-09-25 02:30:00+00:00, run_after=2026-09-26 02:30:00+00:00
[2026-09-25T22:22:34.875+0000] {processor.py:208} INFO - Processing /opt/airflow/dags/weather_etl.py took 0.136 seconds
[2026-09-25T22:23:05.160+0000] {processor.py:186} INFO - Started process (PID=998) to work on /opt/airflow/dags/weather_etl.py
[2026-09-25T22:23:05.163+0000] {processor.py:914} INFO - Processing file /opt/airflow/dags/weather_etl.py for tasks to queue
[2026-09-25T22:23:05.165+0000] {logging_mixin.py:190} INFO - [2026-09-25T22:23:05.164+0000] {dagbag.py:587} INFO - Filling up the DagBag from /opt/airflow/dags/weather_etl.py
[2026-09-25T22:23:05.187+0000] {processor.py:925} INFO - DAG(s) 'weather_etl' retrieved from /opt/airflow/dags/weather_etl.py
[2026-09-25T22:23:05.198+0000] {logging_mixin.py:190} INFO - [2026-09-25T22:23:05.198+0000] {dag.py:3229} INFO - Sync 1 DAGs
[2026-09-25T22:23:05.211+0000] {logging_mixin.py:190} INFO - [2026-09-25T22:23:05.211+0000] {dag.py:4156} INFO - Setting next_dagrun for weather_etl to 2026-09-25 02:30:00+00:00, run_after=2026-09-26 02:30:00+00:00
[2026-09-25T22:23:05.218+0000] {processor.py:208} INFO - Processing /opt/airflow/dags/weather_etl.py took 0.062 seconds
[2026-09-25T22:23:35.658+0000] {processor.py:186} INFO - Started process (PID=1014) to work on /opt/airflow/dags/weather_etl.py
[2026-09-25T22:23:35.661+0000] {processor.py:914} INFO - Processing file /opt/airflow/dags/weather_etl.py for tasks to queue
[2026-09-25T22:23:35.666+0000] {logging_mixin.py:190} INFO - [2026-09-25T22:23:35.666+0000] {dagbag.py:587} INFO - Filling up the DagBag from /opt/airflow/dags/weather_etl.py
[2026-09-25T22:23:35.703+0000] {processor.py:925} INFO - DAG(s) 'weather_etl' retrieved from /opt/airflow/dags/weather_etl.py
[2026-09-25T22:23:35.722+0000] {logging_mixin.py:190} INFO - [2026-09-25T22:23:35.721+0000] {dag.py:3229} INFO - Sync 1 DAGs
[2026-09-25T22:23:35.739+0000] {logging_mixin.py:190} INFO - [2026-09-25T22:23:35.738+0000] {dag.py:4156} INFO - Setting next_dagrun for weather_etl to 2026-09-25 02:30:00+00:00, run_after=2026-09-26 02:30:00+00:00
[2026-09-25T22:23:35.746+0000] {processor.py:208} INFO - Processing /opt/airflow/dags/weather_etl.py took 0.099 seconds
[2026-09-25T22:24:06.082+0000] {processor.py:186} INFO - Started process (PID=1030) to work on /opt/airflow/dags/weather_etl.py
[2026-09-25T22:24:06.086+0000] {processor.py:914} INFO - Processing file /opt/airflow/dags/weather_etl.py for tasks to queue
[2026-09-25T22:24:06.088+0000] {logging_mixin.py:190} INFO - [2026-09-25T22:24:06.088+0000] {dagbag.py:587} INFO - Filling up the DagBag from /opt/airflow/dags/weather_etl.py
[2026-09-25T22:24:06.113+0000] {processor.py:925} INFO - DAG(s) 'weather_etl' retrieved from /opt/airflow/dags/weather_etl.py
[2026-09-25T22:24:06.123+0000] {logging_mixin.py:190} INFO - [2026-09-25T22:24:06.122+0000] {dag.py:3229} INFO - Sync 1 DAGs
[2026-09-25T22:24:06.135+0000] {logging_mixin.py:190} INFO - [2026-09-25T22:24:06.135+0000] {dag.py:4156} INFO - Setting next_dagrun for weather_etl to 2026-09-25 02:30:00+00:00, run_after=2026-09-26 02:30:00+00:00
[2026-09-25T22:24:06.143+0000] {processor.py:208} INFO - Processing /opt/airflow/dags/weather_etl.py took 0.069 seconds
[2026-09-25T22:24:36.532+0000] {processor.py:186} INFO - Started process (PID=1046) to work on /opt/airflow/dags/weather_etl.py
[2026-09-25T22:24:36.534+0000] {processor.py:914} INFO - Processing file /opt/airflow/dags/weather_etl.py for tasks to queue
[2026-09-25T22:24:36.536+0000] {logging_mixin.py:190} INFO - [2026-09-25T22:24:36.536+0000] {dagbag.py:587} INFO - Filling up the DagBag from /opt/airflow/dags/weather_etl.py
[2026-09-25T22:24:36.556+0000] {processor.py:925} INFO - DAG(s) 'weather_etl' retrieved from /opt/airflow/dags/weather_etl.py
[2026-09-25T22:24:36.565+0000] {logging_mixin.py:190} INFO - [2026-09-25T22:24:36.564+0000] {dag.py:3229} INFO - Sync 1 DAGs
[2026-09-25T22:24:36.575+0000] {logging_mixin.py:190} INFO - [2026-09-25T22:24:36.575+0000] {dag.py:4156} INFO - Setting next_dagrun for weather_etl to 2026-09-25 02:30:00+00:00, run_after=2026-09-26 02:30:00+00:00
[2026-09-25T22:24:36.581+0000] {processor.py:208} INFO - Processing /opt/airflow/dags/weather_etl.py took 0.057 seconds
[2026-09-25T22:25:06.999+0000] {processor.py:186} INFO - Started process (PID=1062) to work on /opt/airflow/dags/weather_etl.py
[2026-09-25T22:25:07.002+0000] {processor.py:914} INFO - Processing file /opt/airflow/dags/weather_etl.py for tasks to queue
[2026-09-25T22:25:07.004+0000] {logging_mixin.py:190} INFO - [2026-09-25T22:25:07.004+0000] {dagbag.py:587} INFO - Filling up the DagBag from /opt/airflow/dags/weather_etl.py
[2026-09-25T22:25:07.025+0000] {processor.py:925} INFO - DAG(s) 'weather_etl' retrieved from /opt/airflow/dags/weather_etl.py
[2026-09-25T22:25:07.034+0000] {logging_mixin.py:190} INFO - [2026-09-25T22:25:07.033+0000] {dag.py:3229} INFO - Sync 1 DAGs
[2026-09-25T22:25:07.044+0000] {logging_mixin.py:190} INFO - [2026-09-25T22:25:07.044+0000] {dag.py:4156} INFO - Setting next_dagrun for weather_etl to 2026-09-25 02:30:00+00:00, run_after=2026-09-26 02:30:00+00:00
[2026-09-25T22:25:07.051+0000] {processor.py:208} INFO - Processing /opt/airflow/dags/weather_etl.py took 0.058 seconds
[2026-09-25T22:25:37.453+0000] {processor.py:186} INFO - Started process (PID=1079) to work on /opt/airflow/dags/weather_etl.py
[2026-09-25T22:25:37.455+0000] {processor.py:914} INFO - Processing file /opt/airflow/dags/weather_etl.py for tasks to queue
[2026-09-25T22:25:37.458+0000] {logging_mixin.py:190} INFO - [2026-09-25T22:25:37.458+0000] {dagbag.py:587} INFO - Filling up the DagBag from /opt/airflow/dags/weather_etl.py
[2026-09-25T22:25:37.500+0000] {processor.py:925} INFO - DAG(s) 'weather_etl' retrieved from /opt/airflow/dags/weather_etl.py
[2026-09-25T22:25:37.517+0000] {logging_mixin.py:190} INFO - [2026-09-25T22:25:37.516+0000] {dag.py:3229} INFO - Sync 1 DAGs
[2026-09-25T22:25:37.556+0000] {logging_mixin.py:190} INFO - [2026-09-25T22:25:37.555+0000] {dag.py:4156} INFO - Setting next_dagrun for weather_etl to 2026-09-25 02:30:00+00:00, run_after=2026-09-26 02:30:00+00:00
[2026-09-25T22:25:37.566+0000] {processor.py:208} INFO - Processing /opt/airflow/dags/weather_etl.py took 0.119 seconds
[2026-09-25T22:26:07.787+0000] {processor.py:186} INFO - Started process (PID=1123) to work on /opt/airflow/dags/weather_etl.py
[2026-09-25T22:26:07.790+0000] {processor.py:914} INFO - Processing file /opt/airflow/dags/weather_etl.py for tasks to queue
[2026-09-25T22:26:07.794+0000] {logging_mixin.py:190} INFO - [2026-09-25T22:26:07.793+0000] {dagbag.py:587} INFO - Filling up the DagBag from /opt/airflow/dags/weather_etl.py
[2026-09-25T22:26:07.827+0000] {processor.py:925} INFO - DAG(s) 'weather_etl' retrieved from /opt/airflow/dags/weather_etl.py
[2026-09-25T22:26:07.841+0000] {logging_mixin.py:190} INFO - [2026-09-25T22:26:07.841+0000] {dag.py:3229} INFO - Sync 1 DAGs
[2026-09-25T22:26:07.858+0000] {logging_mixin.py:190} INFO - [2026-09-25T22:26:07.858+0000] {dag.py:4156} INFO - Setting next_dagrun for weather_etl to 2026-09-25 02:30:00+00:00, run_after=2026-09-26 02:30:00+00:00
[2026-09-25T22:26:07.865+0000] {processor.py:208} INFO - Processing /opt/airflow/dags/weather_etl.py took 0.088 seconds
[2026-09-25T22:26:38.242+0000] {processor.py:186} INFO - Started process (PID=1139) to work on /opt/airflow/dags/weather_etl.py
[2026-09-25T22:26:38.244+0000] {processor.py:914} INFO - Processing file /opt/airflow/dags/weather_etl.py for tasks to queue
[2026-09-25T22:26:38.247+0000] {logging_mixin.py:190} INFO - [2026-09-25T22:26:38.247+0000] {dagbag.py:587} INFO - Filling up the DagBag from /opt/airflow/dags/weather_etl.py
[2026-09-25T22:26:38.284+0000] {processor.py:925} INFO - DAG(s) 'weather_etl' retrieved from /opt/airflow/dags/weather_etl.py
[2026-09-25T22:26:38.295+0000] {logging_mixin.py:190} INFO - [2026-09-25T22:26:38.295+0000] {dag.py:3229} INFO - Sync 1 DAGs
[2026-09-25T22:26:38.308+0000] {logging_mixin.py:190} INFO - [2026-09-25T22:26:38.308+0000] {dag.py:4156} INFO - Setting next_dagrun for weather_etl to 2026-09-25 02:30:00+00:00, run_after=2026-09-26 02:30:00+00:00
[2026-09-25T22:26:38.315+0000] {processor.py:208} INFO - Processing /opt/airflow/dags/weather_etl.py took 0.082 seconds
[2026-09-25T22:27:08.994+0000] {processor.py:186} INFO - Started process (PID=1155) to work on /opt/airflow/dags/weather_etl.py
[2026-09-25T22:27:08.997+0000] {processor.py:914} INFO - Processing file /opt/airflow/dags/weather_etl.py for tasks to queue
[2026-09-25T22:27:09.007+0000] {logging_mixin.py:190} INFO - [2026-09-25T22:27:09.006+0000] {dagbag.py:587} INFO - Filling up the DagBag from /opt/airflow/dags/weather_etl.py
[2026-09-25T22:27:09.054+0000] {processor.py:925} INFO - DAG(s) 'weather_etl' retrieved from /opt/airflow/dags/weather_etl.py
[2026-09-25T22:27:09.071+0000] {logging_mixin.py:190} INFO - [2026-09-25T22:27:09.071+0000] {dag.py:3229} INFO - Sync 1 DAGs
[2026-09-25T22:27:09.100+0000] {logging_mixin.py:190} INFO - [2026-09-25T22:27:09.100+0000] {dag.py:4156} INFO - Setting next_dagrun for weather_etl to 2026-09-25 02:30:00+00:00, run_after=2026-09-26 02:30:00+00:00
[2026-09-25T22:27:09.108+0000] {processor.py:208} INFO - Processing /opt/airflow/dags/weather_etl.py took 0.149 seconds
[2026-09-25T22:27:39.298+0000] {processor.py:186} INFO - Started process (PID=1171) to work on /opt/airflow/dags/weather_etl.py
[2026-09-25T22:27:39.300+0000] {processor.py:914} INFO - Processing file /opt/airflow/dags/weather_etl.py for tasks to queue
[2026-09-25T22:27:39.303+0000] {logging_mixin.py:190} INFO - [2026-09-25T22:27:39.302+0000] {dagbag.py:587} INFO - Filling up the DagBag from /opt/airflow/dags/weather_etl.py
[2026-09-25T22:27:39.325+0000] {processor.py:925} INFO - DAG(s) 'weather_etl' retrieved from /opt/airflow/dags/weather_etl.py
[2026-09-25T22:27:39.336+0000] {logging_mixin.py:190} INFO - [2026-09-25T22:27:39.336+0000] {dag.py:3229} INFO - Sync 1 DAGs
[2026-09-25T22:27:39.350+0000] {logging_mixin.py:190} INFO - [2026-09-25T22:27:39.350+0000] {dag.py:4156} INFO - Setting next_dagrun for weather_etl to 2026-09-25 02:30:00+00:00, run_after=2026-09-26 02:30:00+00:00
[2026-09-25T22:27:39.359+0000] {processor.py:208} INFO - Processing /opt/airflow/dags/weather_etl.py took 0.067 seconds
[2026-09-25T22:28:09.789+0000] {processor.py:186} INFO - Started process (PID=1207) to work on /opt/airflow/dags/weather_etl.py
[2026-09-25T22:28:09.791+0000] {processor.py:914} INFO - Processing file /opt/airflow/dags/weather_etl.py for tasks to queue
[2026-09-25T22:28:09.793+0000] {logging_mixin.py:190} INFO - [2026-09-25T22:28:09.793+0000] {dagbag.py:587} INFO - Filling up the DagBag from /opt/airflow/dags/weather_etl.py
[2026-09-25T22:28:09.813+0000] {processor.py:925} INFO - DAG(s) 'weather_etl' retrieved from /opt/airflow/dags/weather_etl.py
[2026-09-25T22:28:09.823+0000] {logging_mixin.py:190} INFO - [2026-09-25T22:28:09.822+0000] {dag.py:3229} INFO - Sync 1 DAGs
[2026-09-25T22:28:09.835+0000] {logging_mixin.py:190} INFO - [2026-09-25T22:28:09.835+0000] {dag.py:4156} INFO - Setting next_dagrun for weather_etl to 2026-09-25 02:30:00+00:00, run_after=2026-09-26 02:30:00+00:00
[2026-09-25T22:28:09.841+0000] {processor.py:208} INFO - Processing /opt/airflow/dags/weather_etl.py took 0.061 seconds
[2026-09-25T22:28:40.299+0000] {processor.py:186} INFO - Started process (PID=1225) to work on /opt/airflow/dags/weather_etl.py
[2026-09-25T22:28:40.301+0000] {processor.py:914} INFO - Processing file /opt/airflow/dags/weather_etl.py for tasks to queue
[2026-09-25T22:28:40.303+0000] {logging_mixin.py:190} INFO - [2026-09-25T22:28:40.303+0000] {dagbag.py:587} INFO - Filling up the DagBag from /opt/airflow/dags/weather_etl.py
[2026-09-25T22:28:40.322+0000] {processor.py:925} INFO - DAG(s) 'weather_etl' retrieved from /opt/airflow/dags/weather_etl.py
[2026-09-25T22:28:40.331+0000] {logging_mixin.py:190} INFO - [2026-09-25T22:28:40.331+0000] {dag.py:3229} INFO - Sync 1 DAGs
[2026-09-25T22:28:40.342+0000] {logging_mixin.py:190} INFO - [2026-09-25T22:28:40.342+0000] {dag.py:4156} INFO - Setting next_dagrun for weather_etl to 2026-09-25 02:30:00+00:00, run_after=2026-09-26 02:30:00+00:00
[2026-09-25T22:28:40.348+0000] {processor.py:208} INFO - Processing /opt/airflow/dags/weather_etl.py took 0.063 seconds
[2026-09-25T22:29:10.770+0000] {processor.py:186} INFO - Started process (PID=1241) to work on /opt/airflow/dags/weather_etl.py
[2026-09-25T22:29:10.773+0000] {processor.py:914} INFO - Processing file /opt/airflow/dags/weather_etl.py for tasks to queue
[2026-09-25T22:29:10.774+0000] {logging_mixin.py:190} INFO - [2026-09-25T22:29:10.774+0000] {dagbag.py:587} INFO - Filling up the DagBag from /opt/airflow/dags/weather_etl.py
[2026-09-25T22:29:10.796+0000] {processor.py:925} INFO - DAG(s) 'weather_etl' retrieved from /opt/airflow/dags/weather_etl.py
[2026-09-25T22:29:10.806+0000] {logging_mixin.py:190} INFO - [2026-09-25T22:29:10.806+0000] {dag.py:3229} INFO - Sync 1 DAGs
[2026-09-25T22:29:10.816+0000] {logging_mixin.py:190} INFO - [2026-09-25T22:29:10.816+0000] {dag.py:4156} INFO - Setting next_dagrun for weather_etl to 2026-09-25 02:30:00+00:00, run_after=2026-09-26 02:30:00+00:00
[2026-09-25T22:29:10.823+0000] {processor.py:208} INFO - Processing /opt/airflow/dags/weather_etl.py took 0.060 seconds
[2026-09-25T22:29:41.244+0000] {processor.py:186} INFO - Started process (PID=1257) to work on /opt/airflow/dags/weather_etl.py
[2026-09-25T22:29:41.247+0000] {processor.py:914} INFO - Processing file /opt/airflow/dags/weather_etl.py for tasks to queue
[2026-09-25T22:29:41.249+0000] {logging_mixin.py:190} INFO - [2026-09-25T22:29:41.249+0000] {dagbag.py:587} INFO - Filling up the DagBag from /opt/airflow/dags/weather_etl.py
[2026-09-25T22:29:41.271+0000] {processor.py:925} INFO - DAG(s) 'weather_etl' retrieved from /opt/airflow/dags/weather_etl.py
[2026-09-25T22:29:41.280+0000] {logging_mixin.py:190} INFO - [2026-09-25T22:29:41.280+0000] {dag.py:3229} INFO - Sync 1 DAGs
[2026-09-25T22:29:41.290+0000] {logging_mixin.py:190} INFO - [2026-09-25T22:29:41.290+0000] {dag.py:4156} INFO - Setting next_dagrun for weather_etl to 2026-09-25 02:30:00+00:00, run_after=2026-09-26 02:30:00+00:00
[2026-09-25T22:29:41.297+0000] {processor.py:208} INFO - Processing /opt/airflow/dags/weather_etl.py took 0.060 seconds
[2026-09-25T22:30:11.669+0000] {processor.py:186} INFO - Started process (PID=1273) to work on /opt/airflow/dags/weather_etl.py
[2026-09-25T22:30:11.672+0000] {processor.py:914} INFO - Processing file /opt/airflow/dags/weather_etl.py for tasks to queue
[2026-09-25T22:30:11.674+0000] {logging_mixin.py:190} INFO - [2026-09-25T22:30:11.673+0000] {dagbag.py:587} INFO - Filling up the DagBag from /opt/airflow/dags/weather_etl.py
[2026-09-25T22:30:11.695+0000] {processor.py:925} INFO - DAG(s) 'weather_etl' retrieved from /opt/airflow/dags/weather_etl.py
[2026-09-25T22:30:11.703+0000] {logging_mixin.py:190} INFO - [2026-09-25T22:30:11.703+0000] {dag.py:3229} INFO - Sync 1 DAGs
[2026-09-25T22:30:11.713+0000] {logging_mixin.py:190} INFO - [2026-09-25T22:30:11.713+0000] {dag.py:4156} INFO - Setting next_dagrun for weather_etl to 2026-09-25 02:30:00+00:00, run_after=2026-09-26 02:30:00+00:00
[2026-09-25T22:30:11.719+0000] {processor.py:208} INFO - Processing /opt/airflow/dags/weather_etl.py took 0.058 seconds
[2026-09-25T22:30:42.075+0000] {processor.py:186} INFO - Started process (PID=1312) to work on /opt/airflow/dags/weather_etl.py
[2026-09-25T22:30:42.078+0000] {processor.py:914} INFO - Processing file /opt/airflow/dags/weather_etl.py for tasks to queue
[2026-09-25T22:30:42.081+0000] {logging_mixin.py:190} INFO - [2026-09-25T22:30:42.081+0000] {dagbag.py:587} INFO - Filling up the DagBag from /opt/airflow/dags/weather_etl.py
[2026-09-25T22:30:42.109+0000] {processor.py:925} INFO - DAG(s) 'weather_etl' retrieved from /opt/airflow/dags/weather_etl.py
[2026-09-25T22:30:42.120+0000] {logging_mixin.py:190} INFO - [2026-09-25T22:30:42.120+0000] {dag.py:3229} INFO - Sync 1 DAGs
[2026-09-25T22:30:42.132+0000] {logging_mixin.py:190} INFO - [2026-09-25T22:30:42.132+0000] {dag.py:4156} INFO - Setting next_dagrun for weather_etl to 2026-09-25 02:30:00+00:00, run_after=2026-09-26 02:30:00+00:00
[2026-09-25T22:30:42.138+0000] {processor.py:208} INFO - Processing /opt/airflow/dags/weather_etl.py took 0.071 seconds
[2026-09-25T22:31:12.593+0000] {processor.py:186} INFO - Started process (PID=1328) to work on /opt/airflow/dags/weather_etl.py
[2026-09-25T22:31:12.596+0000] {processor.py:914} INFO - Processing file /opt/airflow/dags/weather_etl.py for tasks to queue
[2026-09-25T22:31:12.602+0000] {logging_mixin.py:190} INFO - [2026-09-25T22:31:12.601+0000] {dagbag.py:587} INFO - Filling up the DagBag from /opt/airflow/dags/weather_etl.py
[2026-09-25T22:31:12.661+0000] {processor.py:925} INFO - DAG(s) 'weather_etl' retrieved from /opt/airflow/dags/weather_etl.py
[2026-09-25T22:31:12.684+0000] {logging_mixin.py:190} INFO - [2026-09-25T22:31:12.684+0000] {dag.py:3229} INFO - Sync 1 DAGs
[2026-09-25T22:31:12.712+0000] {logging_mixin.py:190} INFO - [2026-09-25T22:31:12.711+0000] {dag.py:4156} INFO - Setting next_dagrun for weather_etl to 2026-09-25 02:30:00+00:00, run_after=2026-09-26 02:30:00+00:00
[2026-09-25T22:31:12.723+0000] {processor.py:208} INFO - Processing /opt/airflow/dags/weather_etl.py took 0.150 seconds
[2026-09-25T22:31:43.171+0000] {processor.py:186} INFO - Started process (PID=1344) to work on /opt/airflow/dags/weather_etl.py
[2026-09-25T22:31:43.174+0000] {processor.py:914} INFO - Processing file /opt/airflow/dags/weather_etl.py for tasks to queue
[2026-09-25T22:31:43.177+0000] {logging_mixin.py:190} INFO - [2026-09-25T22:31:43.176+0000] {dagbag.py:587} INFO - Filling up the DagBag from /opt/airflow/dags/weather_etl.py
[2026-09-25T22:31:43.206+0000] {processor.py:925} INFO - DAG(s) 'weather_etl' retrieved from /opt/airflow/dags/weather_etl.py
[2026-09-25T22:31:43.218+0000] {logging_mixin.py:190} INFO - [2026-09-25T22:31:43.217+0000] {dag.py:3229} INFO - Sync 1 DAGs
[2026-09-25T22:31:43.231+0000] {logging_mixin.py:190} INFO - [2026-09-25T22:31:43.231+0000] {dag.py:4156} INFO - Setting next_dagrun for weather_etl to 2026-09-25 02:30:00+00:00, run_after=2026-09-26 02:30:00+00:00
[2026-09-25T22:31:43.238+0000] {processor.py:208} INFO - Processing /opt/airflow/dags/weather_etl.py took 0.074 seconds
[2026-09-25T22:32:13.632+0000] {processor.py:186} INFO - Started process (PID=1360) to work on /opt/airflow/dags/weather_etl.py
[2026-09-25T22:32:13.635+0000] {processor.py:914} INFO - Processing file /opt/airflow/dags/weather_etl.py for tasks to queue
[2026-09-25T22:32:13.639+0000] {logging_mixin.py:190} INFO - [2026-09-25T22:32:13.639+0000] {dagbag.py:587} INFO - Filling up the DagBag from /opt/airflow/dags/weather_etl.py
[2026-09-25T22:32:13.679+0000] {processor.py:925} INFO - DAG(s) 'weather_etl' retrieved from /opt/airflow/dags/weather_etl.py
[2026-09-25T22:32:13.695+0000] {logging_mixin.py:190} INFO - [2026-09-25T22:32:13.695+0000] {dag.py:3229} INFO - Sync 1 DAGs
[2026-09-25T22:32:13.710+0000] {logging_mixin.py:190} INFO - [2026-09-25T22:32:13.710+0000] {dag.py:4156} INFO - Setting next_dagrun for weather_etl to 2026-09-25 02:30:00+00:00, run_after=2026-09-26 02:30:00+00:00
[2026-09-25T22:32:13.762+0000] {processor.py:208} INFO - Processing /opt/airflow/dags/weather_etl.py took 0.139 seconds
[2026-09-25T22:32:44.098+0000] {processor.py:186} INFO - Started process (PID=1376) to work on /opt/airflow/dags/weather_etl.py
[2026-09-25T22:32:44.102+0000] {processor.py:914} INFO - Processing file /opt/airflow/dags/weather_etl.py for tasks to queue
[2026-09-25T22:32:44.104+0000] {logging_mixin.py:190} INFO - [2026-09-25T22:32:44.104+0000] {dagbag.py:587} INFO - Filling up the DagBag from /opt/airflow/dags/weather_etl.py
[2026-09-25T22:32:44.123+0000] {processor.py:925} INFO - DAG(s) 'weather_etl' retrieved from /opt/airflow/dags/weather_etl.py
[2026-09-25T22:32:44.132+0000] {logging_mixin.py:190} INFO - [2026-09-25T22:32:44.132+0000] {dag.py:3229} INFO - Sync 1 DAGs
[2026-09-25T22:32:44.143+0000] {logging_mixin.py:190} INFO - [2026-09-25T22:32:44.143+0000] {dag.py:4156} INFO - Setting next_dagrun for weather_etl to 2026-09-25 02:30:00+00:00, run_after=2026-09-26 02:30:00+00:00
[2026-09-25T22:32:44.150+0000] {processor.py:208} INFO - Processing /opt/airflow/dags/weather_etl.py took 0.057 seconds
[2026-09-25T22:33:14.548+0000] {processor.py:186} INFO - Started process (PID=1392) to work on /opt/airflow/dags/weather_etl.py
[2026-09-25T22:33:14.551+0000] {processor.py:914} INFO - Processing file /opt/airflow/dags/weather_etl.py for tasks to queue
[2026-09-25T22:33:14.553+0000] {logging_mixin.py:190} INFO - [2026-09-25T22:33:14.553+0000] {dagbag.py:587} INFO - Filling up the DagBag from /opt/airflow/dags/weather_etl.py
[2026-09-25T22:33:14.572+0000] {processor.py:925} INFO - DAG(s) 'weather_etl' retrieved from /opt/airflow/dags/weather_etl.py
[2026-09-25T22:33:14.580+0000] {logging_mixin.py:190} INFO - [2026-09-25T22:33:14.580+0000] {dag.py:3229} INFO - Sync 1 DAGs
[2026-09-25T22:33:14.590+0000] {logging_mixin.py:190} INFO - [2026-09-25T22:33:14.590+0000] {dag.py:4156} INFO - Setting next_dagrun for weather_etl to 2026-09-25 02:30:00+00:00, run_after=2026-09-26 02:30:00+00:00
[2026-09-25T22:33:14.596+0000] {processor.py:208} INFO - Processing /opt/airflow/dags/weather_etl.py took 0.053 seconds
[2026-09-25T22:33:45.037+0000] {processor.py:186} INFO - Started process (PID=1408) to work on /opt/airflow/dags/weather_etl.py
[2026-09-25T22:33:45.040+0000] {processor.py:914} INFO - Processing file /opt/airflow/dags/weather_etl.py for tasks to queue
[2026-09-25T22:33:45.041+0000] {logging_mixin.py:190} INFO - [2026-09-25T22:33:45.041+0000] {dagbag.py:587} INFO - Filling up the DagBag from /opt/airflow/dags/weather_etl.py
[2026-09-25T22:33:45.062+0000] {processor.py:925} INFO - DAG(s) 'weather_etl' retrieved from /opt/airflow/dags/weather_etl.py
[2026-09-25T22:33:45.070+0000] {logging_mixin.py:190} INFO - [2026-09-25T22:33:45.070+0000] {dag.py:3229} INFO - Sync 1 DAGs
[2026-09-25T22:33:45.080+0000] {logging_mixin.py:190} INFO - [2026-09-25T22:33:45.080+0000] {dag.py:4156} INFO - Setting next_dagrun for weather_etl to 2026-09-25 02:30:00+00:00, run_after=2026-09-26 02:30:00+00:00
[2026-09-25T22:33:45.086+0000] {processor.py:208} INFO - Processing /opt/airflow/dags/weather_etl.py took 0.056 seconds
[2026-09-25T22:34:15.442+0000] {processor.py:186} INFO - Started process (PID=1424) to work on /opt/airflow/dags/weather_etl.py
[2026-09-25T22:34:15.445+0000] {processor.py:914} INFO - Processing file /opt/airflow/dags/weather_etl.py for tasks to queue
[2026-09-25T22:34:15.447+0000] {logging_mixin.py:190} INFO - [2026-09-25T22:34:15.447+0000] {dagbag.py:587} INFO - Filling up the DagBag from /opt/airflow/dags/weather_etl.py
[2026-09-25T22:34:15.469+0000] {processor.py:925} INFO - DAG(s) 'weather_etl' retrieved from /opt/airflow/dags/weather_etl.py
[2026-09-25T22:34:15.477+0000] {logging_mixin.py:190} INFO - [2026-09-25T22:34:15.477+0000] {dag.py:3229} INFO - Sync 1 DAGs
[2026-09-25T22:34:15.488+0000] {logging_mixin.py:190} INFO - [2026-09-25T22:34:15.488+0000] {dag.py:4156} INFO - Setting next_dagrun for weather_etl to 2026-09-25 02:30:00+00:00, run_after=2026-09-26 02:30:00+00:00
[2026-09-25T22:34:15.493+0000] {processor.py:208} INFO - Processing /opt/airflow/dags/weather_etl.py took 0.059 seconds
[2026-09-25T22:34:45.867+0000] {processor.py:186} INFO - Started process (PID=1440) to work on /opt/airflow/dags/weather_etl.py
[2026-09-25T22:34:45.870+0000] {processor.py:914} INFO - Processing file /opt/airflow/dags/weather_etl.py for tasks to queue
[2026-09-25T22:34:45.872+0000] {logging_mixin.py:190} INFO - [2026-09-25T22:34:45.872+0000] {dagbag.py:587} INFO - Filling up the DagBag from /opt/airflow/dags/weather_etl.py
[2026-09-25T22:34:45.890+0000] {processor.py:925} INFO - DAG(s) 'weather_etl' retrieved from /opt/airflow/dags/weather_etl.py
[2026-09-25T22:34:45.900+0000] {logging_mixin.py:190} INFO - [2026-09-25T22:34:45.900+0000] {dag.py:3229} INFO - Sync 1 DAGs
[2026-09-25T22:34:45.911+0000] {logging_mixin.py:190} INFO - [2026-09-25T22:34:45.911+0000] {dag.py:4156} INFO - Setting next_dagrun for weather_etl to 2026-09-25 02:30:00+00:00, run_after=2026-09-26 02:30:00+00:00
[2026-09-25T22:34:45.917+0000] {processor.py:208} INFO - Processing /opt/airflow/dags/weather_etl.py took 0.056 seconds
[2026-09-25T22:35:16.174+0000] {processor.py:186} INFO - Started process (PID=1456) to work on /opt/airflow/dags/weather_etl.py
[2026-09-25T22:35:16.177+0000] {processor.py:914} INFO - Processing file /opt/airflow/dags/weather_etl.py for tasks to queue
[2026-09-25T22:35:16.178+0000] {logging_mixin.py:190} INFO - [2026-09-25T22:35:16.178+0000] {dagbag.py:587} INFO - Filling up the DagBag from /opt/airflow/dags/weather_etl.py
[2026-09-25T22:35:16.196+0000] {processor.py:925} INFO - DAG(s) 'weather_etl' retrieved from /opt/airflow/dags/weather_etl.py
[2026-09-25T22:35:16.204+0000] {logging_mixin.py:190} INFO - [2026-09-25T22:35:16.204+0000] {dag.py:3229} INFO - Sync 1 DAGs
[2026-09-25T22:35:16.216+0000] {logging_mixin.py:190} INFO - [2026-09-25T22:35:16.216+0000] {dag.py:4156} INFO - Setting next_dagrun for weather_etl to 2026-09-25 02:30:00+00:00, run_after=2026-09-26 02:30:00+00:00
[2026-09-25T22:35:16.227+0000] {processor.py:208} INFO - Processing /opt/airflow/dags/weather_etl.py took 0.058 seconds
[2026-09-25T22:35:46.649+0000] {processor.py:186} INFO - Started process (PID=1472) to work on /opt/airflow/dags/weather_etl.py
[2026-09-25T22:35:46.652+0000] {processor.py:914} INFO - Processing file /opt/airflow/dags/weather_etl.py for tasks to queue
[2026-09-25T22:35:46.654+0000] {logging_mixin.py:190} INFO - [2026-09-25T22:35:46.654+0000] {dagbag.py:587} INFO - Filling up the DagBag from /opt/airflow/dags/weather_etl.py
[2026-09-25T22:35:46.675+0000] {processor.py:925} INFO - DAG(s) 'weather_etl' retrieved from /opt/airflow/dags/weather_etl.py
[2026-09-25T22:35:46.683+0000] {logging_mixin.py:190} INFO - [2026-09-25T22:35:46.683+0000] {dag.py:3229} INFO - Sync 1 DAGs
[2026-09-25T22:35:46.693+0000] {logging_mixin.py:190} INFO - [2026-09-25T22:35:46.693+0000] {dag.py:4156} INFO - Setting next_dagrun for weather_etl to 2026-09-25 02:30:00+00:00, run_after=2026-09-26 02:30:00+00:00
[2026-09-25T22:35:46.699+0000] {processor.py:208} INFO - Processing /opt/airflow/dags/weather_etl.py took 0.059 seconds
[2026-09-25T22:36:17.091+0000] {processor.py:186} INFO - Started process (PID=1488) to work on /opt/airflow/dags/weather_etl.py
[2026-09-25T22:36:17.094+0000] {processor.py:914} INFO - Processing file /opt/airflow/dags/weather_etl.py for tasks to queue
[2026-09-25T22:36:17.096+0000] {logging_mixin.py:190} INFO - [2026-09-25T22:36:17.096+0000] {dagbag.py:587} INFO - Filling up the DagBag from /opt/airflow/dags/weather_etl.py
[2026-09-25T22:36:17.112+0000] {processor.py:925} INFO - DAG(s) 'weather_etl' retrieved from /opt/airflow/dags/weather_etl.py
[2026-09-25T22:36:17.121+0000] {logging_mixin.py:190} INFO - [2026-09-25T22:36:17.120+0000] {dag.py:3229} INFO - Sync 1 DAGs
[2026-09-25T22:36:17.131+0000] {logging_mixin.py:190} INFO - [2026-09-25T22:36:17.131+0000] {dag.py:4156} INFO - Setting next_dagrun for weather_etl to 2026-09-25 02:30:00+00:00, run_after=2026-09-26 02:30:00+00:00
[2026-09-25T22:36:17.137+0000] {processor.py:208} INFO - Processing /opt/airflow/dags/weather_etl.py took 0.056 seconds
[2026-09-25T22:36:47.535+0000] {processor.py:186} INFO - Started process (PID=1504) to work on /opt/airflow/dags/weather_etl.py
[2026-09-25T22:36:47.538+0000] {processor.py:914} INFO - Processing file /opt/airflow/dags/weather_etl.py for tasks to queue
[2026-09-25T22:36:47.541+0000] {logging_mixin.py:190} INFO - [2026-09-25T22:36:47.541+0000] {dagbag.py:587} INFO - Filling up the DagBag from /opt/airflow/dags/weather_etl.py
[2026-09-25T22:36:47.567+0000] {processor.py:925} INFO - DAG(s) 'weather_etl' retrieved from /opt/airflow/dags/weather_etl.py
[2026-09-25T22:36:47.578+0000] {logging_mixin.py:190} INFO - [2026-09-25T22:36:47.578+0000] {dag.py:3229} INFO - Sync 1 DAGs
[2026-09-25T22:36:47.591+0000] {logging_mixin.py:190} INFO - [2026-09-25T22:36:47.590+0000] {dag.py:4156} INFO - Setting next_dagrun for weather_etl to 2026-09-25 02:30:00+00:00, run_after=2026-09-26 02:30:00+00:00
[2026-09-25T22:36:47.597+0000] {processor.py:208} INFO - Processing /opt/airflow/dags/weather_etl.py took 0.069 seconds
[2026-09-25T22:37:17.931+0000] {processor.py:186} INFO - Started process (PID=1520) to work on /opt/airflow/dags/weather_etl.py
[2026-09-25T22:37:17.934+0000] {processor.py:914} INFO - Processing file /opt/airflow/dags/weather_etl.py for tasks to queue
[2026-09-25T22:37:17.936+0000] {logging_mixin.py:190} INFO - [2026-09-25T22:37:17.935+0000] {dagbag.py:587} INFO - Filling up the DagBag from /opt/airflow/dags/weather_etl.py
[2026-09-25T22:37:17.957+0000] {processor.py:925} INFO - DAG(s) 'weather_etl' retrieved from /opt/airflow/dags/weather_etl.py
[2026-09-25T22:37:17.968+0000] {logging_mixin.py:190} INFO - [2026-09-25T22:37:17.968+0000] {dag.py:3229} INFO - Sync 1 DAGs
[2026-09-25T22:37:17.980+0000] {logging_mixin.py:190} INFO - [2026-09-25T22:37:17.980+0000] {dag.py:4156} INFO - Setting next_dagrun for weather_etl to 2026-09-25 02:30:00+00:00, run_after=2026-09-26 02:30:00+00:00
[2026-09-25T22:37:17.988+0000] {processor.py:208} INFO - Processing /opt/airflow/dags/weather_etl.py took 0.063 seconds
[2026-09-25T22:37:48.353+0000] {processor.py:186} INFO - Started process (PID=1536) to work on /opt/airflow/dags/weather_etl.py
[2026-09-25T22:37:48.357+0000] {processor.py:914} INFO - Processing file /opt/airflow/dags/weather_etl.py for tasks to queue
[2026-09-25T22:37:48.358+0000] {logging_mixin.py:190} INFO - [2026-09-25T22:37:48.358+0000] {dagbag.py:587} INFO - Filling up the DagBag from /opt/airflow/dags/weather_etl.py
[2026-09-25T22:37:48.380+0000] {processor.py:925} INFO - DAG(s) 'weather_etl' retrieved from /opt/airflow/dags/weather_etl.py
[2026-09-25T22:37:48.388+0000] {logging_mixin.py:190} INFO - [2026-09-25T22:37:48.388+0000] {dag.py:3229} INFO - Sync 1 DAGs
[2026-09-25T22:37:48.401+0000] {logging_mixin.py:190} INFO - [2026-09-25T22:37:48.401+0000] {dag.py:4156} INFO - Setting next_dagrun for weather_etl to 2026-09-25 02:30:00+00:00, run_after=2026-09-26 02:30:00+00:00
[2026-09-25T22:37:48.407+0000] {processor.py:208} INFO - Processing /opt/airflow/dags/weather_etl.py took 0.061 seconds
[2026-09-25T22:38:18.790+0000] {processor.py:186} INFO - Started process (PID=1552) to work on /opt/airflow/dags/weather_etl.py
[2026-09-25T22:38:18.793+0000] {processor.py:914} INFO - Processing file /opt/airflow/dags/weather_etl.py for tasks to queue
[2026-09-25T22:38:18.795+0000] {logging_mixin.py:190} INFO - [2026-09-25T22:38:18.794+0000] {dagbag.py:587} INFO - Filling up the DagBag from /opt/airflow/dags/weather_etl.py
[2026-09-25T22:38:18.815+0000] {processor.py:925} INFO - DAG(s) 'weather_etl' retrieved from /opt/airflow/dags/weather_etl.py
[2026-09-25T22:38:18.824+0000] {logging_mixin.py:190} INFO - [2026-09-25T22:38:18.824+0000] {dag.py:3229} INFO - Sync 1 DAGs
[2026-09-25T22:38:18.840+0000] {logging_mixin.py:190} INFO - [2026-09-25T22:38:18.840+0000] {dag.py:4156} INFO - Setting next_dagrun for weather_etl to 2026-09-25 02:30:00+00:00, run_after=2026-09-26 02:30:00+00:00
[2026-09-25T22:38:18.847+0000] {processor.py:208} INFO - Processing /opt/airflow/dags/weather_etl.py took 0.063 seconds
[2026-09-25T22:38:49.244+0000] {processor.py:186} INFO - Started process (PID=1568) to work on /opt/airflow/dags/weather_etl.py
[2026-09-25T22:38:49.246+0000] {processor.py:914} INFO - Processing file /opt/airflow/dags/weather_etl.py for tasks to queue
[2026-09-25T22:38:49.248+0000] {logging_mixin.py:190} INFO - [2026-09-25T22:38:49.247+0000] {dagbag.py:587} INFO - Filling up the DagBag from /opt/airflow/dags/weather_etl.py
[2026-09-25T22:38:49.264+0000] {processor.py:925} INFO - DAG(s) 'weather_etl' retrieved from /opt/airflow/dags/weather_etl.py
[2026-09-25T22:38:49.272+0000] {logging_mixin.py:190} INFO - [2026-09-25T22:38:49.272+0000] {dag.py:3229} INFO - Sync 1 DAGs
[2026-09-25T22:38:49.282+0000] {logging_mixin.py:190} INFO - [2026-09-25T22:38:49.282+0000] {dag.py:4156} INFO - Setting next_dagrun for weather_etl to 2026-09-25 02:30:00+00:00, run_after=2026-09-26 02:30:00+00:00
[2026-09-25T22:38:49.288+0000] {processor.py:208} INFO - Processing /opt/airflow/dags/weather_etl.py took 0.050 seconds
[2026-09-25T22:39:19.640+0000] {processor.py:186} INFO - Started process (PID=1584) to work on /opt/airflow/dags/weather_etl.py
[2026-09-25T22:39:19.643+0000] {processor.py:914} INFO - Processing file /opt/airflow/dags/weather_etl.py for tasks to queue
[2026-09-25T22:39:19.645+0000] {logging_mixin.py:190} INFO - [2026-09-25T22:39:19.645+0000] {dagbag.py:587} INFO - Filling up the DagBag from /opt/airflow/dags/weather_etl.py
[2026-09-25T22:39:19.666+0000] {processor.py:925} INFO - DAG(s) 'weather_etl' retrieved from /opt/airflow/dags/weather_etl.py
[2026-09-25T22:39:19.675+0000] {logging_mixin.py:190} INFO - [2026-09-25T22:39:19.675+0000] {dag.py:3229} INFO - Sync 1 DAGs
[2026-09-25T22:39:19.686+0000] {logging_mixin.py:190} INFO - [2026-09-25T22:39:19.686+0000] {dag.py:4156} INFO - Setting next_dagrun for weather_etl to 2026-09-25 02:30:00+00:00, run_after=2026-09-26 02:30:00+00:00
[2026-09-25T22:39:19.693+0000] {processor.py:208} INFO - Processing /opt/airflow/dags/weather_etl.py took 0.059 seconds
[2026-09-25T22:39:50.056+0000] {processor.py:186} INFO - Started process (PID=1600) to work on /opt/airflow/dags/weather_etl.py
[2026-09-25T22:39:50.060+0000] {processor.py:914} INFO - Processing file /opt/airflow/dags/weather_etl.py for tasks to queue
[2026-09-25T22:39:50.063+0000] {logging_mixin.py:190} INFO - [2026-09-25T22:39:50.062+0000] {dagbag.py:587} INFO - Filling up the DagBag from /opt/airflow/dags/weather_etl.py
[2026-09-25T22:39:50.084+0000] {processor.py:925} INFO - DAG(s) 'weather_etl' retrieved from /opt/airflow/dags/weather_etl.py
[2026-09-25T22:39:50.093+0000] {logging_mixin.py:190} INFO - [2026-09-25T22:39:50.093+0000] {dag.py:3229} INFO - Sync 1 DAGs
[2026-09-25T22:39:50.105+0000] {logging_mixin.py:190} INFO - [2026-09-25T22:39:50.105+0000] {dag.py:4156} INFO - Setting next_dagrun for weather_etl to 2026-09-25 02:30:00+00:00, run_after=2026-09-26 02:30:00+00:00
[2026-09-25T22:39:50.112+0000] {processor.py:208} INFO - Processing /opt/airflow/dags/weather_etl.py took 0.064 seconds
[2026-09-25T22:40:20.515+0000] {processor.py:186} INFO - Started process (PID=1616) to work on /opt/airflow/dags/weather_etl.py
[2026-09-25T22:40:20.518+0000] {processor.py:914} INFO - Processing file /opt/airflow/dags/weather_etl.py for tasks to queue
[2026-09-25T22:40:20.520+0000] {logging_mixin.py:190} INFO - [2026-09-25T22:40:20.520+0000] {dagbag.py:587} INFO - Filling up the DagBag from /opt/airflow/dags/weather_etl.py
[2026-09-25T22:40:20.540+0000] {processor.py:925} INFO - DAG(s) 'weather_etl' retrieved from /opt/airflow/dags/weather_etl.py
[2026-09-25T22:40:20.548+0000] {logging_mixin.py:190} INFO - [2026-09-25T22:40:20.548+0000] {dag.py:3229} INFO - Sync 1 DAGs
[2026-09-25T22:40:20.559+0000] {logging_mixin.py:190} INFO - [2026-09-25T22:40:20.559+0000] {dag.py:4156} INFO - Setting next_dagrun for weather_etl to 2026-09-25 02:30:00+00:00, run_after=2026-09-26 02:30:00+00:00
[2026-09-25T22:40:20.566+0000] {processor.py:208} INFO - Processing /opt/airflow/dags/weather_etl.py took 0.058 seconds
[2026-09-25T22:40:50.949+0000] {processor.py:186} INFO - Started process (PID=1632) to work on /opt/airflow/dags/weather_etl.py
[2026-09-25T22:40:50.951+0000] {processor.py:914} INFO - Processing file /opt/airflow/dags/weather_etl.py for tasks to queue
[2026-09-25T22:40:50.953+0000] {logging_mixin.py:190} INFO - [2026-09-25T22:40:50.953+0000] {dagbag.py:587} INFO - Filling up the DagBag from /opt/airflow/dags/weather_etl.py
[2026-09-25T22:40:50.972+0000] {processor.py:925} INFO - DAG(s) 'weather_etl' retrieved from /opt/airflow/dags/weather_etl.py
[2026-09-25T22:40:50.981+0000] {logging_mixin.py:190} INFO - [2026-09-25T22:40:50.981+0000] {dag.py:3229} INFO - Sync 1 DAGs
[2026-09-25T22:40:50.992+0000] {logging_mixin.py:190} INFO - [2026-09-25T22:40:50.992+0000] {dag.py:4156} INFO - Setting next_dagrun for weather_etl to 2026-09-25 02:30:00+00:00, run_after=2026-09-26 02:30:00+00:00
[2026-09-25T22:40:50.998+0000] {processor.py:208} INFO - Processing /opt/airflow/dags/weather_etl.py took 0.056 seconds
[2026-09-25T22:41:21.339+0000] {processor.py:186} INFO - Started process (PID=1648) to work on /opt/airflow/dags/weather_etl.py
[2026-09-25T22:41:21.342+0000] {processor.py:914} INFO - Processing file /opt/airflow/dags/weather_etl.py for tasks to queue
[2026-09-25T22:41:21.344+0000] {logging_mixin.py:190} INFO - [2026-09-25T22:41:21.343+0000] {dagbag.py:587} INFO - Filling up the DagBag from /opt/airflow/dags/weather_etl.py
[2026-09-25T22:41:21.363+0000] {processor.py:925} INFO - DAG(s) 'weather_etl' retrieved from /opt/airflow/dags/weather_etl.py
[2026-09-25T22:41:21.371+0000] {logging_mixin.py:190} INFO - [2026-09-25T22:41:21.371+0000] {dag.py:3229} INFO - Sync 1 DAGs
[2026-09-25T22:41:21.380+0000] {logging_mixin.py:190} INFO - [2026-09-25T22:41:21.380+0000] {dag.py:4156} INFO - Setting next_dagrun for weather_etl to 2026-09-25 02:30:00+00:00, run_after=2026-09-26 02:30:00+00:00
[2026-09-25T22:41:21.387+0000] {processor.py:208} INFO - Processing /opt/airflow/dags/weather_etl.py took 0.052 seconds
[2026-09-25T22:41:51.774+0000] {processor.py:186} INFO - Started process (PID=1664) to work on /opt/airflow/dags/weather_etl.py
[2026-09-25T22:41:51.777+0000] {processor.py:914} INFO - Processing file /opt/airflow/dags/weather_etl.py for tasks to queue
[2026-09-25T22:41:51.779+0000] {logging_mixin.py:190} INFO - [2026-09-25T22:41:51.779+0000] {dagbag.py:587} INFO - Filling up the DagBag from /opt/airflow/dags/weather_etl.py
[2026-09-25T22:41:51.800+0000] {processor.py:925} INFO - DAG(s) 'weather_etl' retrieved from /opt/airflow/dags/weather_etl.py
[2026-09-25T22:41:51.810+0000] {logging_mixin.py:190} INFO - [2026-09-25T22:41:51.810+0000] {dag.py:3229} INFO - Sync 1 DAGs
[2026-09-25T22:41:51.821+0000] {logging_mixin.py:190} INFO - [2026-09-25T22:41:51.821+0000] {dag.py:4156} INFO - Setting next_dagrun for weather_etl to 2026-09-25 02:30:00+00:00, run_after=2026-09-26 02:30:00+00:00
[2026-09-25T22:41:51.827+0000] {processor.py:208} INFO - Processing /opt/airflow/dags/weather_etl.py took 0.063 seconds
[2026-09-25T22:42:22.215+0000] {processor.py:186} INFO - Started process (PID=1680) to work on /opt/airflow/dags/weather_etl.py
[2026-09-25T22:42:22.218+0000] {processor.py:914} INFO - Processing file /opt/airflow/dags/weather_etl.py for tasks to queue
[2026-09-25T22:42:22.220+0000] {logging_mixin.py:190} INFO - [2026-09-25T22:42:22.219+0000] {dagbag.py:587} INFO - Filling up the DagBag from /opt/airflow/dags/weather_etl.py
[2026-09-25T22:42:22.239+0000] {processor.py:925} INFO - DAG(s) 'weather_etl' retrieved from /opt/airflow/dags/weather_etl.py
[2026-09-25T22:42:22.247+0000] {logging_mixin.py:190} INFO - [2026-09-25T22:42:22.246+0000] {dag.py:3229} INFO - Sync 1 DAGs
[2026-09-25T22:42:22.257+0000] {logging_mixin.py:190} INFO - [2026-09-25T22:42:22.256+0000] {dag.py:4156} INFO - Setting next_dagrun for weather_etl to 2026-09-25 02:30:00+00:00, run_after=2026-09-26 02:30:00+00:00
[2026-09-25T22:42:22.263+0000] {processor.py:208} INFO - Processing /opt/airflow/dags/weather_etl.py took 0.054 seconds
[2026-09-25T22:42:52.623+0000] {processor.py:186} INFO - Started process (PID=1696) to work on /opt/airflow/dags/weather_etl.py
[2026-09-25T22:42:52.630+0000] {processor.py:914} INFO - Processing file /opt/airflow/dags/weather_etl.py for tasks to queue
[2026-09-25T22:42:52.632+0000] {logging_mixin.py:190} INFO - [2026-09-25T22:42:52.632+0000] {dagbag.py:587} INFO - Filling up the DagBag from /opt/airflow/dags/weather_etl.py
[2026-09-25T22:42:52.653+0000] {processor.py:925} INFO - DAG(s) 'weather_etl' retrieved from /opt/airflow/dags/weather_etl.py
[2026-09-25T22:42:52.662+0000] {logging_mixin.py:190} INFO - [2026-09-25T22:42:52.662+0000] {dag.py:3229} INFO - Sync 1 DAGs
[2026-09-25T22:42:52.674+0000] {logging_mixin.py:190} INFO - [2026-09-25T22:42:52.674+0000] {dag.py:4156} INFO - Setting next_dagrun for weather_etl to 2026-09-25 02:30:00+00:00, run_after=2026-09-26 02:30:00+00:00
[2026-09-25T22:42:52.681+0000] {processor.py:208} INFO - Processing /opt/airflow/dags/weather_etl.py took 0.067 seconds
[2026-09-25T22:43:23.025+0000] {processor.py:186} INFO - Started process (PID=1712) to work on /opt/airflow/dags/weather_etl.py
[2026-09-25T22:43:23.028+0000] {processor.py:914} INFO - Processing file /opt/airflow/dags/weather_etl.py for tasks to queue
[2026-09-25T22:43:23.030+0000] {logging_mixin.py:190} INFO - [2026-09-25T22:43:23.030+0000] {dagbag.py:587} INFO - Filling up the DagBag from /opt/airflow/dags/weather_etl.py
[2026-09-25T22:43:23.049+0000] {processor.py:925} INFO - DAG(s) 'weather_etl' retrieved from /opt/airflow/dags/weather_etl.py
[2026-09-25T22:43:23.057+0000] {logging_mixin.py:190} INFO - [2026-09-25T22:43:23.057+0000] {dag.py:3229} INFO - Sync 1 DAGs
[2026-09-25T22:43:23.067+0000] {logging_mixin.py:190} INFO - [2026-09-25T22:43:23.067+0000] {dag.py:4156} INFO - Setting next_dagrun for weather_etl to 2026-09-25 02:30:00+00:00, run_after=2026-09-26 02:30:00+00:00
[2026-09-25T22:43:23.073+0000] {processor.py:208} INFO - Processing /opt/airflow/dags/weather_etl.py took 0.053 seconds
[2026-09-25T22:43:53.442+0000] {processor.py:186} INFO - Started process (PID=1728) to work on /opt/airflow/dags/weather_etl.py
[2026-09-25T22:43:53.445+0000] {processor.py:914} INFO - Processing file /opt/airflow/dags/weather_etl.py for tasks to queue
[2026-09-25T22:43:53.448+0000] {logging_mixin.py:190} INFO - [2026-09-25T22:43:53.447+0000] {dagbag.py:587} INFO - Filling up the DagBag from /opt/airflow/dags/weather_etl.py
[2026-09-25T22:43:53.472+0000] {processor.py:925} INFO - DAG(s) 'weather_etl' retrieved from /opt/airflow/dags/weather_etl.py
[2026-09-25T22:43:53.483+0000] {logging_mixin.py:190} INFO - [2026-09-25T22:43:53.482+0000] {dag.py:3229} INFO - Sync 1 DAGs
[2026-09-25T22:43:53.493+0000] {logging_mixin.py:190} INFO - [2026-09-25T22:43:53.493+0000] {dag.py:4156} INFO - Setting next_dagrun for weather_etl to 2026-09-25 02:30:00+00:00, run_after=2026-09-26 02:30:00+00:00
[2026-09-25T22:43:53.499+0000] {processor.py:208} INFO - Processing /opt/airflow/dags/weather_etl.py took 0.067 seconds
[2026-09-25T22:44:23.828+0000] {processor.py:186} INFO - Started process (PID=1744) to work on /opt/airflow/dags/weather_etl.py
[2026-09-25T22:44:23.830+0000] {processor.py:914} INFO - Processing file /opt/airflow/dags/weather_etl.py for tasks to queue
[2026-09-25T22:44:23.832+0000] {logging_mixin.py:190} INFO - [2026-09-25T22:44:23.832+0000] {dagbag.py:587} INFO - Filling up the DagBag from /opt/airflow/dags/weather_etl.py
[2026-09-25T22:44:23.850+0000] {processor.py:925} INFO - DAG(s) 'weather_etl' retrieved from /opt/airflow/dags/weather_etl.py
[2026-09-25T22:44:23.859+0000] {logging_mixin.py:190} INFO - [2026-09-25T22:44:23.858+0000] {dag.py:3229} INFO - Sync 1 DAGs
[2026-09-25T22:44:23.869+0000] {logging_mixin.py:190} INFO - [2026-09-25T22:44:23.869+0000] {dag.py:4156} INFO - Setting next_dagrun for weather_etl to 2026-09-25 02:30:00+00:00, run_after=2026-09-26 02:30:00+00:00
[2026-09-25T22:44:23.875+0000] {processor.py:208} INFO - Processing /opt/airflow/dags/weather_etl.py took 0.054 seconds
[2026-09-25T22:44:54.233+0000] {processor.py:186} INFO - Started process (PID=1760) to work on /opt/airflow/dags/weather_etl.py
[2026-09-25T22:44:54.236+0000] {processor.py:914} INFO - Processing file /opt/airflow/dags/weather_etl.py for tasks to queue
[2026-09-25T22:44:54.238+0000] {logging_mixin.py:190} INFO - [2026-09-25T22:44:54.238+0000] {dagbag.py:587} INFO - Filling up the DagBag from /opt/airflow/dags/weather_etl.py
[2026-09-25T22:44:54.259+0000] {processor.py:925} INFO - DAG(s) 'weather_etl' retrieved from /opt/airflow/dags/weather_etl.py
[2026-09-25T22:44:54.268+0000] {logging_mixin.py:190} INFO - [2026-09-25T22:44:54.267+0000] {dag.py:3229} INFO - Sync 1 DAGs
[2026-09-25T22:44:54.278+0000] {logging_mixin.py:190} INFO - [2026-09-25T22:44:54.278+0000] {dag.py:4156} INFO - Setting next_dagrun for weather_etl to 2026-09-25 02:30:00+00:00, run_after=2026-09-26 02:30:00+00:00
[2026-09-25T22:44:54.284+0000] {processor.py:208} INFO - Processing /opt/airflow/dags/weather_etl.py took 0.057 seconds
[2026-09-25T22:45:24.591+0000] {processor.py:186} INFO - Started process (PID=1776) to work on /opt/airflow/dags/weather_etl.py
[2026-09-25T22:45:24.596+0000] {processor.py:914} INFO - Processing file /opt/airflow/dags/weather_etl.py for tasks to queue
[2026-09-25T22:45:24.598+0000] {logging_mixin.py:190} INFO - [2026-09-25T22:45:24.598+0000] {dagbag.py:587} INFO - Filling up the DagBag from /opt/airflow/dags/weather_etl.py
[2026-09-25T22:45:24.617+0000] {processor.py:925} INFO - DAG(s) 'weather_etl' retrieved from /opt/airflow/dags/weather_etl.py
[2026-09-25T22:45:24.626+0000] {logging_mixin.py:190} INFO - [2026-09-25T22:45:24.626+0000] {dag.py:3229} INFO - Sync 1 DAGs
[2026-09-25T22:45:24.636+0000] {logging_mixin.py:190} INFO - [2026-09-25T22:45:24.636+0000] {dag.py:4156} INFO - Setting next_dagrun for weather_etl to 2026-09-25 02:30:00+00:00, run_after=2026-09-26 02:30:00+00:00
[2026-09-25T22:45:24.642+0000] {processor.py:208} INFO - Processing /opt/airflow/dags/weather_etl.py took 0.058 seconds
[2026-09-25T22:45:55.008+0000] {processor.py:186} INFO - Started process (PID=1792) to work on /opt/airflow/dags/weather_etl.py
[2026-09-25T22:45:55.012+0000] {processor.py:914} INFO - Processing file /opt/airflow/dags/weather_etl.py for tasks to queue
[2026-09-25T22:45:55.014+0000] {logging_mixin.py:190} INFO - [2026-09-25T22:45:55.013+0000] {dagbag.py:587} INFO - Filling up the DagBag from /opt/airflow/dags/weather_etl.py
[2026-09-25T22:45:55.035+0000] {processor.py:925} INFO - DAG(s) 'weather_etl' retrieved from /opt/airflow/dags/weather_etl.py
[2026-09-25T22:45:55.044+0000] {logging_mixin.py:190} INFO - [2026-09-25T22:45:55.043+0000] {dag.py:3229} INFO - Sync 1 DAGs
[2026-09-25T22:45:55.055+0000] {logging_mixin.py:190} INFO - [2026-09-25T22:45:55.054+0000] {dag.py:4156} INFO - Setting next_dagrun for weather_etl to 2026-09-25 02:30:00+00:00, run_after=2026-09-26 02:30:00+00:00
[2026-09-25T22:45:55.061+0000] {processor.py:208} INFO - Processing /opt/airflow/dags/weather_etl.py took 0.059 seconds
[2026-09-25T22:46:25.406+0000] {processor.py:186} INFO - Started process (PID=1808) to work on /opt/airflow/dags/weather_etl.py
[2026-09-25T22:46:25.409+0000] {processor.py:914} INFO - Processing file /opt/airflow/dags/weather_etl.py for tasks to queue
[2026-09-25T22:46:25.411+0000] {logging_mixin.py:190} INFO - [2026-09-25T22:46:25.411+0000] {dagbag.py:587} INFO - Filling up the DagBag from /opt/airflow/dags/weather_etl.py
[2026-09-25T22:46:25.429+0000] {processor.py:925} INFO - DAG(s) 'weather_etl' retrieved from /opt/airflow/dags/weather_etl.py
[2026-09-25T22:46:25.437+0000] {logging_mixin.py:190} INFO - [2026-09-25T22:46:25.437+0000] {dag.py:3229} INFO - Sync 1 DAGs
[2026-09-25T22:46:25.448+0000] {logging_mixin.py:190} INFO - [2026-09-25T22:46:25.447+0000] {dag.py:4156} INFO - Setting next_dagrun for weather_etl to 2026-09-25 02:30:00+00:00, run_after=2026-09-26 02:30:00+00:00
[2026-09-25T22:46:25.454+0000] {processor.py:208} INFO - Processing /opt/airflow/dags/weather_etl.py took 0.053 seconds
[2026-09-25T22:46:55.865+0000] {processor.py:186} INFO - Started process (PID=1824) to work on /opt/airflow/dags/weather_etl.py
[2026-09-25T22:46:55.869+0000] {processor.py:914} INFO - Processing file /opt/airflow/dags/weather_etl.py for tasks to queue
[2026-09-25T22:46:55.872+0000] {logging_mixin.py:190} INFO - [2026-09-25T22:46:55.872+0000] {dagbag.py:587} INFO - Filling up the DagBag from /opt/airflow/dags/weather_etl.py
[2026-09-25T22:46:55.910+0000] {processor.py:925} INFO - DAG(s) 'weather_etl' retrieved from /opt/airflow/dags/weather_etl.py
[2026-09-25T22:46:55.922+0000] {logging_mixin.py:190} INFO - [2026-09-25T22:46:55.922+0000] {dag.py:3229} INFO - Sync 1 DAGs
[2026-09-25T22:46:55.939+0000] {logging_mixin.py:190} INFO - [2026-09-25T22:46:55.938+0000] {dag.py:4156} INFO - Setting next_dagrun for weather_etl to 2026-09-25 02:30:00+00:00, run_after=2026-09-26 02:30:00+00:00
[2026-09-25T22:46:55.946+0000] {processor.py:208} INFO - Processing /opt/airflow/dags/weather_etl.py took 0.089 seconds
[2026-09-25T22:47:26.296+0000] {processor.py:186} INFO - Started process (PID=1840) to work on /opt/airflow/dags/weather_etl.py
[2026-09-25T22:47:26.312+0000] {processor.py:914} INFO - Processing file /opt/airflow/dags/weather_etl.py for tasks to queue
[2026-09-25T22:47:26.314+0000] {logging_mixin.py:190} INFO - [2026-09-25T22:47:26.314+0000] {dagbag.py:587} INFO - Filling up the DagBag from /opt/airflow/dags/weather_etl.py
[2026-09-25T22:47:26.333+0000] {processor.py:925} INFO - DAG(s) 'weather_etl' retrieved from /opt/airflow/dags/weather_etl.py
[2026-09-25T22:47:26.341+0000] {logging_mixin.py:190} INFO - [2026-09-25T22:47:26.341+0000] {dag.py:3229} INFO - Sync 1 DAGs
[2026-09-25T22:47:26.352+0000] {logging_mixin.py:190} INFO - [2026-09-25T22:47:26.352+0000] {dag.py:4156} INFO - Setting next_dagrun for weather_etl to 2026-09-25 02:30:00+00:00, run_after=2026-09-26 02:30:00+00:00
[2026-09-25T22:47:26.359+0000] {processor.py:208} INFO - Processing /opt/airflow/dags/weather_etl.py took 0.067 seconds
[2026-09-25T22:47:56.730+0000] {processor.py:186} INFO - Started process (PID=1856) to work on /opt/airflow/dags/weather_etl.py
[2026-09-25T22:47:56.745+0000] {processor.py:914} INFO - Processing file /opt/airflow/dags/weather_etl.py for tasks to queue
[2026-09-25T22:47:56.746+0000] {logging_mixin.py:190} INFO - [2026-09-25T22:47:56.746+0000] {dagbag.py:587} INFO - Filling up the DagBag from /opt/airflow/dags/weather_etl.py
[2026-09-25T22:47:56.762+0000] {processor.py:925} INFO - DAG(s) 'weather_etl' retrieved from /opt/airflow/dags/weather_etl.py
[2026-09-25T22:47:56.771+0000] {logging_mixin.py:190} INFO - [2026-09-25T22:47:56.770+0000] {dag.py:3229} INFO - Sync 1 DAGs
[2026-09-25T22:47:56.781+0000] {logging_mixin.py:190} INFO - [2026-09-25T22:47:56.781+0000] {dag.py:4156} INFO - Setting next_dagrun for weather_etl to 2026-09-25 02:30:00+00:00, run_after=2026-09-26 02:30:00+00:00
[2026-09-25T22:47:56.788+0000] {processor.py:208} INFO - Processing /opt/airflow/dags/weather_etl.py took 0.062 seconds
[2026-09-25T22:48:27.145+0000] {processor.py:186} INFO - Started process (PID=1872) to work on /opt/airflow/dags/weather_etl.py
[2026-09-25T22:48:27.147+0000] {processor.py:914} INFO - Processing file /opt/airflow/dags/weather_etl.py for tasks to queue
[2026-09-25T22:48:27.148+0000] {logging_mixin.py:190} INFO - [2026-09-25T22:48:27.148+0000] {dagbag.py:587} INFO - Filling up the DagBag from /opt/airflow/dags/weather_etl.py
[2026-09-25T22:48:27.165+0000] {processor.py:925} INFO - DAG(s) 'weather_etl' retrieved from /opt/airflow/dags/weather_etl.py
[2026-09-25T22:48:27.174+0000] {logging_mixin.py:190} INFO - [2026-09-25T22:48:27.174+0000] {dag.py:3229} INFO - Sync 1 DAGs
[2026-09-25T22:48:27.186+0000] {logging_mixin.py:190} INFO - [2026-09-25T22:48:27.186+0000] {dag.py:4156} INFO - Setting next_dagrun for weather_etl to 2026-09-25 02:30:00+00:00, run_after=2026-09-26 02:30:00+00:00
[2026-09-25T22:48:27.193+0000] {processor.py:208} INFO - Processing /opt/airflow/dags/weather_etl.py took 0.054 seconds
[2026-09-25T22:48:57.575+0000] {processor.py:186} INFO - Started process (PID=1888) to work on /opt/airflow/dags/weather_etl.py
[2026-09-25T22:48:57.578+0000] {processor.py:914} INFO - Processing file /opt/airflow/dags/weather_etl.py for tasks to queue
[2026-09-25T22:48:57.580+0000] {logging_mixin.py:190} INFO - [2026-09-25T22:48:57.580+0000] {dagbag.py:587} INFO - Filling up the DagBag from /opt/airflow/dags/weather_etl.py
[2026-09-25T22:48:57.600+0000] {processor.py:925} INFO - DAG(s) 'weather_etl' retrieved from /opt/airflow/dags/weather_etl.py
[2026-09-25T22:48:57.609+0000] {logging_mixin.py:190} INFO - [2026-09-25T22:48:57.609+0000] {dag.py:3229} INFO - Sync 1 DAGs
[2026-09-25T22:48:57.619+0000] {logging_mixin.py:190} INFO - [2026-09-25T22:48:57.619+0000] {dag.py:4156} INFO - Setting next_dagrun for weather_etl to 2026-09-25 02:30:00+00:00, run_after=2026-09-26 02:30:00+00:00
[2026-09-25T22:48:57.625+0000] {processor.py:208} INFO - Processing /opt/airflow/dags/weather_etl.py took 0.056 seconds
[2026-09-25T22:49:28.150+0000] {processor.py:186} INFO - Started process (PID=1904) to work on /opt/airflow/dags/weather_etl.py
[2026-09-25T22:49:28.152+0000] {processor.py:914} INFO - Processing file /opt/airflow/dags/weather_etl.py for tasks to queue
[2026-09-25T22:49:28.154+0000] {logging_mixin.py:190} INFO - [2026-09-25T22:49:28.154+0000] {dagbag.py:587} INFO - Filling up the DagBag from /opt/airflow/dags/weather_etl.py
[2026-09-25T22:49:28.185+0000] {processor.py:925} INFO - DAG(s) 'weather_etl' retrieved from /opt/airflow/dags/weather_etl.py
[2026-09-25T22:49:28.197+0000] {logging_mixin.py:190} INFO - [2026-09-25T22:49:28.197+0000] {dag.py:3229} INFO - Sync 1 DAGs
[2026-09-25T22:49:28.211+0000] {logging_mixin.py:190} INFO - [2026-09-25T22:49:28.211+0000] {dag.py:4156} INFO - Setting next_dagrun for weather_etl to 2026-09-25 02:30:00+00:00, run_after=2026-09-26 02:30:00+00:00
[2026-09-25T22:49:28.218+0000] {processor.py:208} INFO - Processing /opt/airflow/dags/weather_etl.py took 0.076 seconds
[2026-09-25T22:49:58.624+0000] {processor.py:186} INFO - Started process (PID=1920) to work on /opt/airflow/dags/weather_etl.py
[2026-09-25T22:49:58.627+0000] {processor.py:914} INFO - Processing file /opt/airflow/dags/weather_etl.py for tasks to queue
[2026-09-25T22:49:58.628+0000] {logging_mixin.py:190} INFO - [2026-09-25T22:49:58.628+0000] {dagbag.py:587} INFO - Filling up the DagBag from /opt/airflow/dags/weather_etl.py
[2026-09-25T22:49:58.650+0000] {processor.py:925} INFO - DAG(s) 'weather_etl' retrieved from /opt/airflow/dags/weather_etl.py
[2026-09-25T22:49:58.660+0000] {logging_mixin.py:190} INFO - [2026-09-25T22:49:58.659+0000] {dag.py:3229} INFO - Sync 1 DAGs
[2026-09-25T22:49:58.670+0000] {logging_mixin.py:190} INFO - [2026-09-25T22:49:58.670+0000] {dag.py:4156} INFO - Setting next_dagrun for weather_etl to 2026-09-25 02:30:00+00:00, run_after=2026-09-26 02:30:00+00:00
[2026-09-25T22:49:58.677+0000] {processor.py:208} INFO - Processing /opt/airflow/dags/weather_etl.py took 0.059 seconds
[2026-09-25T22:50:29.132+0000] {processor.py:186} INFO - Started process (PID=1936) to work on /opt/airflow/dags/weather_etl.py
[2026-09-25T22:50:29.134+0000] {processor.py:914} INFO - Processing file /opt/airflow/dags/weather_etl.py for tasks to queue
[2026-09-25T22:50:29.136+0000] {logging_mixin.py:190} INFO - [2026-09-25T22:50:29.136+0000] {dagbag.py:587} INFO - Filling up the DagBag from /opt/airflow/dags/weather_etl.py
[2026-09-25T22:50:29.161+0000] {processor.py:925} INFO - DAG(s) 'weather_etl' retrieved from /opt/airflow/dags/weather_etl.py
[2026-09-25T22:50:29.172+0000] {logging_mixin.py:190} INFO - [2026-09-25T22:50:29.171+0000] {dag.py:3229} INFO - Sync 1 DAGs
[2026-09-25T22:50:29.187+0000] {logging_mixin.py:190} INFO - [2026-09-25T22:50:29.187+0000] {dag.py:4156} INFO - Setting next_dagrun for weather_etl to 2026-09-25 02:30:00+00:00, run_after=2026-09-26 02:30:00+00:00
[2026-09-25T22:50:29.194+0000] {processor.py:208} INFO - Processing /opt/airflow/dags/weather_etl.py took 0.068 seconds
[2026-09-25T22:50:59.691+0000] {processor.py:186} INFO - Started process (PID=1952) to work on /opt/airflow/dags/weather_etl.py
[2026-09-25T22:50:59.695+0000] {processor.py:914} INFO - Processing file /opt/airflow/dags/weather_etl.py for tasks to queue
[2026-09-25T22:50:59.700+0000] {logging_mixin.py:190} INFO - [2026-09-25T22:50:59.699+0000] {dagbag.py:587} INFO - Filling up the DagBag from /opt/airflow/dags/weather_etl.py
[2026-09-25T22:50:59.731+0000] {processor.py:925} INFO - DAG(s) 'weather_etl' retrieved from /opt/airflow/dags/weather_etl.py
[2026-09-25T22:50:59.742+0000] {logging_mixin.py:190} INFO - [2026-09-25T22:50:59.742+0000] {dag.py:3229} INFO - Sync 1 DAGs
[2026-09-25T22:50:59.756+0000] {logging_mixin.py:190} INFO - [2026-09-25T22:50:59.756+0000] {dag.py:4156} INFO - Setting next_dagrun for weather_etl to 2026-09-25 02:30:00+00:00, run_after=2026-09-26 02:30:00+00:00
[2026-09-25T22:50:59.764+0000] {processor.py:208} INFO - Processing /opt/airflow/dags/weather_etl.py took 0.081 seconds
[2026-09-25T22:51:30.209+0000] {processor.py:186} INFO - Started process (PID=1968) to work on /opt/airflow/dags/weather_etl.py
[2026-09-25T22:51:30.212+0000] {processor.py:914} INFO - Processing file /opt/airflow/dags/weather_etl.py for tasks to queue
[2026-09-25T22:51:30.214+0000] {logging_mixin.py:190} INFO - [2026-09-25T22:51:30.214+0000] {dagbag.py:587} INFO - Filling up the DagBag from /opt/airflow/dags/weather_etl.py
[2026-09-25T22:51:30.238+0000] {processor.py:925} INFO - DAG(s) 'weather_etl' retrieved from /opt/airflow/dags/weather_etl.py
[2026-09-25T22:51:30.248+0000] {logging_mixin.py:190} INFO - [2026-09-25T22:51:30.247+0000] {dag.py:3229} INFO - Sync 1 DAGs
[2026-09-25T22:51:30.259+0000] {logging_mixin.py:190} INFO - [2026-09-25T22:51:30.258+0000] {dag.py:4156} INFO - Setting next_dagrun for weather_etl to 2026-09-25 02:30:00+00:00, run_after=2026-09-26 02:30:00+00:00
[2026-09-25T22:51:30.266+0000] {processor.py:208} INFO - Processing /opt/airflow/dags/weather_etl.py took 0.063 seconds
[2026-09-25T22:52:00.675+0000] {processor.py:186} INFO - Started process (PID=1984) to work on /opt/airflow/dags/weather_etl.py
[2026-09-25T22:52:00.678+0000] {processor.py:914} INFO - Processing file /opt/airflow/dags/weather_etl.py for tasks to queue
[2026-09-25T22:52:00.680+0000] {logging_mixin.py:190} INFO - [2026-09-25T22:52:00.680+0000] {dagbag.py:587} INFO - Filling up the DagBag from /opt/airflow/dags/weather_etl.py
[2026-09-25T22:52:00.703+0000] {processor.py:925} INFO - DAG(s) 'weather_etl' retrieved from /opt/airflow/dags/weather_etl.py
[2026-09-25T22:52:00.711+0000] {logging_mixin.py:190} INFO - [2026-09-25T22:52:00.711+0000] {dag.py:3229} INFO - Sync 1 DAGs
[2026-09-25T22:52:00.722+0000] {logging_mixin.py:190} INFO - [2026-09-25T22:52:00.722+0000] {dag.py:4156} INFO - Setting next_dagrun for weather_etl to 2026-09-25 02:30:00+00:00, run_after=2026-09-26 02:30:00+00:00
[2026-09-25T22:52:00.728+0000] {processor.py:208} INFO - Processing /opt/airflow/dags/weather_etl.py took 0.061 seconds
[2026-09-25T22:52:31.084+0000] {processor.py:186} INFO - Started process (PID=2000) to work on /opt/airflow/dags/weather_etl.py
[2026-09-25T22:52:31.086+0000] {processor.py:914} INFO - Processing file /opt/airflow/dags/weather_etl.py for tasks to queue
[2026-09-25T22:52:31.088+0000] {logging_mixin.py:190} INFO - [2026-09-25T22:52:31.088+0000] {dagbag.py:587} INFO - Filling up the DagBag from /opt/airflow/dags/weather_etl.py
[2026-09-25T22:52:31.109+0000] {processor.py:925} INFO - DAG(s) 'weather_etl' retrieved from /opt/airflow/dags/weather_etl.py
[2026-09-25T22:52:31.118+0000] {logging_mixin.py:190} INFO - [2026-09-25T22:52:31.118+0000] {dag.py:3229} INFO - Sync 1 DAGs
[2026-09-25T22:52:31.129+0000] {logging_mixin.py:190} INFO - [2026-09-25T22:52:31.129+0000] {dag.py:4156} INFO - Setting next_dagrun for weather_etl to 2026-09-25 02:30:00+00:00, run_after=2026-09-26 02:30:00+00:00
[2026-09-25T22:52:31.136+0000] {processor.py:208} INFO - Processing /opt/airflow/dags/weather_etl.py took 0.060 seconds
[2026-09-25T22:53:01.472+0000] {processor.py:186} INFO - Started process (PID=2016) to work on /opt/airflow/dags/weather_etl.py
[2026-09-25T22:53:01.474+0000] {processor.py:914} INFO - Processing file /opt/airflow/dags/weather_etl.py for tasks to queue
[2026-09-25T22:53:01.476+0000] {logging_mixin.py:190} INFO - [2026-09-25T22:53:01.476+0000] {dagbag.py:587} INFO - Filling up the DagBag from /opt/airflow/dags/weather_etl.py
[2026-09-25T22:53:01.494+0000] {processor.py:925} INFO - DAG(s) 'weather_etl' retrieved from /opt/airflow/dags/weather_etl.py
[2026-09-25T22:53:01.503+0000] {logging_mixin.py:190} INFO - [2026-09-25T22:53:01.503+0000] {dag.py:3229} INFO - Sync 1 DAGs
[2026-09-25T22:53:01.514+0000] {logging_mixin.py:190} INFO - [2026-09-25T22:53:01.513+0000] {dag.py:4156} INFO - Setting next_dagrun for weather_etl to 2026-09-25 02:30:00+00:00, run_after=2026-09-26 02:30:00+00:00
[2026-09-25T22:53:01.520+0000] {processor.py:208} INFO - Processing /opt/airflow/dags/weather_etl.py took 0.053 seconds
[2026-09-25T22:53:31.896+0000] {processor.py:186} INFO - Started process (PID=2032) to work on /opt/airflow/dags/weather_etl.py
[2026-09-25T22:53:31.899+0000] {processor.py:914} INFO - Processing file /opt/airflow/dags/weather_etl.py for tasks to queue
[2026-09-25T22:53:31.901+0000] {logging_mixin.py:190} INFO - [2026-09-25T22:53:31.901+0000] {dagbag.py:587} INFO - Filling up the DagBag from /opt/airflow/dags/weather_etl.py
[2026-09-25T22:53:31.921+0000] {processor.py:925} INFO - DAG(s) 'weather_etl' retrieved from /opt/airflow/dags/weather_etl.py
[2026-09-25T22:53:31.930+0000] {logging_mixin.py:190} INFO - [2026-09-25T22:53:31.929+0000] {dag.py:3229} INFO - Sync 1 DAGs
[2026-09-25T22:53:31.942+0000] {logging_mixin.py:190} INFO - [2026-09-25T22:53:31.942+0000] {dag.py:4156} INFO - Setting next_dagrun for weather_etl to 2026-09-25 02:30:00+00:00, run_after=2026-09-26 02:30:00+00:00
[2026-09-25T22:53:31.948+0000] {processor.py:208} INFO - Processing /opt/airflow/dags/weather_etl.py took 0.059 seconds
[2026-09-25T22:54:02.306+0000] {processor.py:186} INFO - Started process (PID=2048) to work on /opt/airflow/dags/weather_etl.py
[2026-09-25T22:54:02.309+0000] {processor.py:914} INFO - Processing file /opt/airflow/dags/weather_etl.py for tasks to queue
[2026-09-25T22:54:02.311+0000] {logging_mixin.py:190} INFO - [2026-09-25T22:54:02.311+0000] {dagbag.py:587} INFO - Filling up the DagBag from /opt/airflow/dags/weather_etl.py
[2026-09-25T22:54:02.330+0000] {processor.py:925} INFO - DAG(s) 'weather_etl' retrieved from /opt/airflow/dags/weather_etl.py
[2026-09-25T22:54:02.339+0000] {logging_mixin.py:190} INFO - [2026-09-25T22:54:02.339+0000] {dag.py:3229} INFO - Sync 1 DAGs
[2026-09-25T22:54:02.348+0000] {logging_mixin.py:190} INFO - [2026-09-25T22:54:02.348+0000] {dag.py:4156} INFO - Setting next_dagrun for weather_etl to 2026-09-25 02:30:00+00:00, run_after=2026-09-26 02:30:00+00:00
[2026-09-25T22:54:02.355+0000] {processor.py:208} INFO - Processing /opt/airflow/dags/weather_etl.py took 0.054 seconds
[2026-09-25T22:54:32.709+0000] {processor.py:186} INFO - Started process (PID=2064) to work on /opt/airflow/dags/weather_etl.py
[2026-09-25T22:54:32.712+0000] {processor.py:914} INFO - Processing file /opt/airflow/dags/weather_etl.py for tasks to queue
[2026-09-25T22:54:32.715+0000] {logging_mixin.py:190} INFO - [2026-09-25T22:54:32.714+0000] {dagbag.py:587} INFO - Filling up the DagBag from /opt/airflow/dags/weather_etl.py
[2026-09-25T22:54:32.732+0000] {processor.py:925} INFO - DAG(s) 'weather_etl' retrieved from /opt/airflow/dags/weather_etl.py
[2026-09-25T22:54:32.740+0000] {logging_mixin.py:190} INFO - [2026-09-25T22:54:32.740+0000] {dag.py:3229} INFO - Sync 1 DAGs
[2026-09-25T22:54:32.752+0000] {logging_mixin.py:190} INFO - [2026-09-25T22:54:32.752+0000] {dag.py:4156} INFO - Setting next_dagrun for weather_etl to 2026-09-25 02:30:00+00:00, run_after=2026-09-26 02:30:00+00:00
[2026-09-25T22:54:32.759+0000] {processor.py:208} INFO - Processing /opt/airflow/dags/weather_etl.py took 0.055 seconds
[2026-09-25T22:54:53.022+0000] {processor.py:186} INFO - Started process (PID=2075) to work on /opt/airflow/dags/weather_etl.py
[2026-09-25T22:54:53.025+0000] {processor.py:914} INFO - Processing file /opt/airflow/dags/weather_etl.py for tasks to queue
[2026-09-25T22:54:53.028+0000] {logging_mixin.py:190} INFO - [2026-09-25T22:54:53.028+0000] {dagbag.py:587} INFO - Filling up the DagBag from /opt/airflow/dags/weather_etl.py
[2026-09-25T22:54:53.070+0000] {logging_mixin.py:190} INFO - [2026-09-25T22:54:53.065+0000] {dagbag.py:386} ERROR - Failed to import: /opt/airflow/dags/weather_etl.py
Traceback (most recent call last):
  File "/home/airflow/.local/lib/python3.12/site-packages/airflow/models/dagbag.py", line 382, in parse
    loader.exec_module(new_module)
  File "<frozen importlib._bootstrap_external>", line 995, in exec_module
  File "<frozen importlib._bootstrap>", line 488, in _call_with_frames_removed
  File "/opt/airflow/dags/weather_etl.py", line 133, in <module>
    load_task >> trigger_dbt
    ^^^^^^^^^
NameError: name 'load_task' is not defined
[2026-09-25T22:54:53.073+0000] {processor.py:927} WARNING - No viable dags retrieved from /opt/airflow/dags/weather_etl.py
[2026-09-25T22:54:53.087+0000] {processor.py:208} INFO - Processing /opt/airflow/dags/weather_etl.py took 0.075 seconds
[2026-09-25T22:55:23.590+0000] {processor.py:186} INFO - Started process (PID=2091) to work on /opt/airflow/dags/weather_etl.py
[2026-09-25T22:55:23.597+0000] {processor.py:914} INFO - Processing file /opt/airflow/dags/weather_etl.py for tasks to queue
[2026-09-25T22:55:23.599+0000] {logging_mixin.py:190} INFO - [2026-09-25T22:55:23.599+0000] {dagbag.py:587} INFO - Filling up the DagBag from /opt/airflow/dags/weather_etl.py
[2026-09-25T22:55:23.635+0000] {logging_mixin.py:190} INFO - [2026-09-25T22:55:23.631+0000] {dagbag.py:386} ERROR - Failed to import: /opt/airflow/dags/weather_etl.py
Traceback (most recent call last):
  File "/home/airflow/.local/lib/python3.12/site-packages/airflow/models/dagbag.py", line 382, in parse
    loader.exec_module(new_module)
  File "<frozen importlib._bootstrap_external>", line 995, in exec_module
  File "<frozen importlib._bootstrap>", line 488, in _call_with_frames_removed
  File "/opt/airflow/dags/weather_etl.py", line 133, in <module>
    load_task >> trigger_dbt
    ^^^^^^^^^
NameError: name 'load_task' is not defined
[2026-09-25T22:55:23.636+0000] {processor.py:927} WARNING - No viable dags retrieved from /opt/airflow/dags/weather_etl.py
[2026-09-25T22:55:23.646+0000] {processor.py:208} INFO - Processing /opt/airflow/dags/weather_etl.py took 0.064 seconds
[2026-09-25T22:55:54.102+0000] {processor.py:186} INFO - Started process (PID=2107) to work on /opt/airflow/dags/weather_etl.py
[2026-09-25T22:55:54.106+0000] {processor.py:914} INFO - Processing file /opt/airflow/dags/weather_etl.py for tasks to queue
[2026-09-25T22:55:54.109+0000] {logging_mixin.py:190} INFO - [2026-09-25T22:55:54.109+0000] {dagbag.py:587} INFO - Filling up the DagBag from /opt/airflow/dags/weather_etl.py
[2026-09-25T22:55:54.148+0000] {logging_mixin.py:190} INFO - [2026-09-25T22:55:54.146+0000] {dagbag.py:386} ERROR - Failed to import: /opt/airflow/dags/weather_etl.py
Traceback (most recent call last):
  File "/home/airflow/.local/lib/python3.12/site-packages/airflow/models/dagbag.py", line 382, in parse
    loader.exec_module(new_module)
  File "<frozen importlib._bootstrap_external>", line 995, in exec_module
  File "<frozen importlib._bootstrap>", line 488, in _call_with_frames_removed
  File "/opt/airflow/dags/weather_etl.py", line 133, in <module>
    load_task >> trigger_dbt
    ^^^^^^^^^
NameError: name 'load_task' is not defined
[2026-09-25T22:55:54.152+0000] {processor.py:927} WARNING - No viable dags retrieved from /opt/airflow/dags/weather_etl.py
[2026-09-25T22:55:54.160+0000] {processor.py:208} INFO - Processing /opt/airflow/dags/weather_etl.py took 0.067 seconds
[2026-09-25T22:55:58.280+0000] {processor.py:186} INFO - Started process (PID=2117) to work on /opt/airflow/dags/weather_etl.py
[2026-09-25T22:55:58.283+0000] {processor.py:914} INFO - Processing file /opt/airflow/dags/weather_etl.py for tasks to queue
[2026-09-25T22:55:58.284+0000] {logging_mixin.py:190} INFO - [2026-09-25T22:55:58.284+0000] {dagbag.py:587} INFO - Filling up the DagBag from /opt/airflow/dags/weather_etl.py
[2026-09-25T22:55:58.312+0000] {logging_mixin.py:190} INFO - [2026-09-25T22:55:58.309+0000] {dagbag.py:386} ERROR - Failed to import: /opt/airflow/dags/weather_etl.py
Traceback (most recent call last):
  File "/home/airflow/.local/lib/python3.12/site-packages/airflow/models/dagbag.py", line 382, in parse
    loader.exec_module(new_module)
  File "<frozen importlib._bootstrap_external>", line 995, in exec_module
  File "<frozen importlib._bootstrap>", line 488, in _call_with_frames_removed
  File "/opt/airflow/dags/weather_etl.py", line 133, in <module>
    load_task >> trigger_dbt
    ^^^^^^^^^
NameError: name 'load_task' is not defined
[2026-09-25T22:55:58.313+0000] {processor.py:927} WARNING - No viable dags retrieved from /opt/airflow/dags/weather_etl.py
[2026-09-25T22:55:58.317+0000] {processor.py:208} INFO - Processing /opt/airflow/dags/weather_etl.py took 0.044 seconds
[2026-09-25T22:56:28.675+0000] {processor.py:186} INFO - Started process (PID=2133) to work on /opt/airflow/dags/weather_etl.py
[2026-09-25T22:56:28.679+0000] {processor.py:914} INFO - Processing file /opt/airflow/dags/weather_etl.py for tasks to queue
[2026-09-25T22:56:28.680+0000] {logging_mixin.py:190} INFO - [2026-09-25T22:56:28.679+0000] {dagbag.py:587} INFO - Filling up the DagBag from /opt/airflow/dags/weather_etl.py
[2026-09-25T22:56:28.701+0000] {logging_mixin.py:190} INFO - [2026-09-25T22:56:28.699+0000] {dagbag.py:386} ERROR - Failed to import: /opt/airflow/dags/weather_etl.py
Traceback (most recent call last):
  File "/home/airflow/.local/lib/python3.12/site-packages/airflow/models/dagbag.py", line 382, in parse
    loader.exec_module(new_module)
  File "<frozen importlib._bootstrap_external>", line 995, in exec_module
  File "<frozen importlib._bootstrap>", line 488, in _call_with_frames_removed
  File "/opt/airflow/dags/weather_etl.py", line 133, in <module>
    load_task >> trigger_dbt
    ^^^^^^^^^
NameError: name 'load_task' is not defined
[2026-09-25T22:56:28.703+0000] {processor.py:927} WARNING - No viable dags retrieved from /opt/airflow/dags/weather_etl.py
[2026-09-25T22:56:28.706+0000] {processor.py:208} INFO - Processing /opt/airflow/dags/weather_etl.py took 0.040 seconds
[2026-09-25T22:56:59.046+0000] {processor.py:186} INFO - Started process (PID=2149) to work on /opt/airflow/dags/weather_etl.py
[2026-09-25T22:56:59.049+0000] {processor.py:914} INFO - Processing file /opt/airflow/dags/weather_etl.py for tasks to queue
[2026-09-25T22:56:59.050+0000] {logging_mixin.py:190} INFO - [2026-09-25T22:56:59.050+0000] {dagbag.py:587} INFO - Filling up the DagBag from /opt/airflow/dags/weather_etl.py
[2026-09-25T22:56:59.071+0000] {logging_mixin.py:190} INFO - [2026-09-25T22:56:59.069+0000] {dagbag.py:386} ERROR - Failed to import: /opt/airflow/dags/weather_etl.py
Traceback (most recent call last):
  File "/home/airflow/.local/lib/python3.12/site-packages/airflow/models/dagbag.py", line 382, in parse
    loader.exec_module(new_module)
  File "<frozen importlib._bootstrap_external>", line 995, in exec_module
  File "<frozen importlib._bootstrap>", line 488, in _call_with_frames_removed
  File "/opt/airflow/dags/weather_etl.py", line 133, in <module>
    load_task >> trigger_dbt
    ^^^^^^^^^
NameError: name 'load_task' is not defined
[2026-09-25T22:56:59.073+0000] {processor.py:927} WARNING - No viable dags retrieved from /opt/airflow/dags/weather_etl.py
[2026-09-25T22:56:59.077+0000] {processor.py:208} INFO - Processing /opt/airflow/dags/weather_etl.py took 0.037 seconds
[2026-09-25T22:57:29.478+0000] {processor.py:186} INFO - Started process (PID=2165) to work on /opt/airflow/dags/weather_etl.py
[2026-09-25T22:57:29.483+0000] {processor.py:914} INFO - Processing file /opt/airflow/dags/weather_etl.py for tasks to queue
[2026-09-25T22:57:29.484+0000] {logging_mixin.py:190} INFO - [2026-09-25T22:57:29.484+0000] {dagbag.py:587} INFO - Filling up the DagBag from /opt/airflow/dags/weather_etl.py
[2026-09-25T22:57:29.509+0000] {logging_mixin.py:190} INFO - [2026-09-25T22:57:29.507+0000] {dagbag.py:386} ERROR - Failed to import: /opt/airflow/dags/weather_etl.py
Traceback (most recent call last):
  File "/home/airflow/.local/lib/python3.12/site-packages/airflow/models/dagbag.py", line 382, in parse
    loader.exec_module(new_module)
  File "<frozen importlib._bootstrap_external>", line 995, in exec_module
  File "<frozen importlib._bootstrap>", line 488, in _call_with_frames_removed
  File "/opt/airflow/dags/weather_etl.py", line 133, in <module>
    load_task >> trigger_dbt
    ^^^^^^^^^
NameError: name 'load_task' is not defined
[2026-09-25T22:57:29.511+0000] {processor.py:927} WARNING - No viable dags retrieved from /opt/airflow/dags/weather_etl.py
[2026-09-25T22:57:29.516+0000] {processor.py:208} INFO - Processing /opt/airflow/dags/weather_etl.py took 0.045 seconds
[2026-09-25T22:57:59.823+0000] {processor.py:186} INFO - Started process (PID=2181) to work on /opt/airflow/dags/weather_etl.py
[2026-09-25T22:57:59.826+0000] {processor.py:914} INFO - Processing file /opt/airflow/dags/weather_etl.py for tasks to queue
[2026-09-25T22:57:59.827+0000] {logging_mixin.py:190} INFO - [2026-09-25T22:57:59.826+0000] {dagbag.py:587} INFO - Filling up the DagBag from /opt/airflow/dags/weather_etl.py
[2026-09-25T22:57:59.850+0000] {logging_mixin.py:190} INFO - [2026-09-25T22:57:59.848+0000] {dagbag.py:386} ERROR - Failed to import: /opt/airflow/dags/weather_etl.py
Traceback (most recent call last):
  File "/home/airflow/.local/lib/python3.12/site-packages/airflow/models/dagbag.py", line 382, in parse
    loader.exec_module(new_module)
  File "<frozen importlib._bootstrap_external>", line 995, in exec_module
  File "<frozen importlib._bootstrap>", line 488, in _call_with_frames_removed
  File "/opt/airflow/dags/weather_etl.py", line 133, in <module>
    load_task >> trigger_dbt
    ^^^^^^^^^
NameError: name 'load_task' is not defined
[2026-09-25T22:57:59.851+0000] {processor.py:927} WARNING - No viable dags retrieved from /opt/airflow/dags/weather_etl.py
[2026-09-25T22:57:59.855+0000] {processor.py:208} INFO - Processing /opt/airflow/dags/weather_etl.py took 0.037 seconds
[2026-09-25T22:58:30.257+0000] {processor.py:186} INFO - Started process (PID=2197) to work on /opt/airflow/dags/weather_etl.py
[2026-09-25T22:58:30.261+0000] {processor.py:914} INFO - Processing file /opt/airflow/dags/weather_etl.py for tasks to queue
[2026-09-25T22:58:30.262+0000] {logging_mixin.py:190} INFO - [2026-09-25T22:58:30.261+0000] {dagbag.py:587} INFO - Filling up the DagBag from /opt/airflow/dags/weather_etl.py
[2026-09-25T22:58:30.288+0000] {logging_mixin.py:190} INFO - [2026-09-25T22:58:30.286+0000] {dagbag.py:386} ERROR - Failed to import: /opt/airflow/dags/weather_etl.py
Traceback (most recent call last):
  File "/home/airflow/.local/lib/python3.12/site-packages/airflow/models/dagbag.py", line 382, in parse
    loader.exec_module(new_module)
  File "<frozen importlib._bootstrap_external>", line 995, in exec_module
  File "<frozen importlib._bootstrap>", line 488, in _call_with_frames_removed
  File "/opt/airflow/dags/weather_etl.py", line 133, in <module>
    load_task >> trigger_dbt
    ^^^^^^^^^
NameError: name 'load_task' is not defined
[2026-09-25T22:58:30.290+0000] {processor.py:927} WARNING - No viable dags retrieved from /opt/airflow/dags/weather_etl.py
[2026-09-25T22:58:30.293+0000] {processor.py:208} INFO - Processing /opt/airflow/dags/weather_etl.py took 0.043 seconds
[2026-09-25T22:59:00.704+0000] {processor.py:186} INFO - Started process (PID=2213) to work on /opt/airflow/dags/weather_etl.py
[2026-09-25T22:59:00.707+0000] {processor.py:914} INFO - Processing file /opt/airflow/dags/weather_etl.py for tasks to queue
[2026-09-25T22:59:00.707+0000] {logging_mixin.py:190} INFO - [2026-09-25T22:59:00.707+0000] {dagbag.py:587} INFO - Filling up the DagBag from /opt/airflow/dags/weather_etl.py
[2026-09-25T22:59:00.727+0000] {logging_mixin.py:190} INFO - [2026-09-25T22:59:00.725+0000] {dagbag.py:386} ERROR - Failed to import: /opt/airflow/dags/weather_etl.py
Traceback (most recent call last):
  File "/home/airflow/.local/lib/python3.12/site-packages/airflow/models/dagbag.py", line 382, in parse
    loader.exec_module(new_module)
  File "<frozen importlib._bootstrap_external>", line 995, in exec_module
  File "<frozen importlib._bootstrap>", line 488, in _call_with_frames_removed
  File "/opt/airflow/dags/weather_etl.py", line 133, in <module>
    load_task >> trigger_dbt
    ^^^^^^^^^
NameError: name 'load_task' is not defined
[2026-09-25T22:59:00.729+0000] {processor.py:927} WARNING - No viable dags retrieved from /opt/airflow/dags/weather_etl.py
[2026-09-25T22:59:00.732+0000] {processor.py:208} INFO - Processing /opt/airflow/dags/weather_etl.py took 0.036 seconds
[2026-09-25T22:59:31.117+0000] {processor.py:186} INFO - Started process (PID=2229) to work on /opt/airflow/dags/weather_etl.py
[2026-09-25T22:59:31.121+0000] {processor.py:914} INFO - Processing file /opt/airflow/dags/weather_etl.py for tasks to queue
[2026-09-25T22:59:31.122+0000] {logging_mixin.py:190} INFO - [2026-09-25T22:59:31.122+0000] {dagbag.py:587} INFO - Filling up the DagBag from /opt/airflow/dags/weather_etl.py
[2026-09-25T22:59:31.144+0000] {logging_mixin.py:190} INFO - [2026-09-25T22:59:31.142+0000] {dagbag.py:386} ERROR - Failed to import: /opt/airflow/dags/weather_etl.py
Traceback (most recent call last):
  File "/home/airflow/.local/lib/python3.12/site-packages/airflow/models/dagbag.py", line 382, in parse
    loader.exec_module(new_module)
  File "<frozen importlib._bootstrap_external>", line 995, in exec_module
  File "<frozen importlib._bootstrap>", line 488, in _call_with_frames_removed
  File "/opt/airflow/dags/weather_etl.py", line 133, in <module>
    load_task >> trigger_dbt
    ^^^^^^^^^
NameError: name 'load_task' is not defined
[2026-09-25T22:59:31.145+0000] {processor.py:927} WARNING - No viable dags retrieved from /opt/airflow/dags/weather_etl.py
[2026-09-25T22:59:31.149+0000] {processor.py:208} INFO - Processing /opt/airflow/dags/weather_etl.py took 0.039 seconds
[2026-09-25T23:00:01.464+0000] {processor.py:186} INFO - Started process (PID=2245) to work on /opt/airflow/dags/weather_etl.py
[2026-09-25T23:00:01.467+0000] {processor.py:914} INFO - Processing file /opt/airflow/dags/weather_etl.py for tasks to queue
[2026-09-25T23:00:01.468+0000] {logging_mixin.py:190} INFO - [2026-09-25T23:00:01.467+0000] {dagbag.py:587} INFO - Filling up the DagBag from /opt/airflow/dags/weather_etl.py
[2026-09-25T23:00:01.494+0000] {logging_mixin.py:190} INFO - [2026-09-25T23:00:01.491+0000] {dagbag.py:386} ERROR - Failed to import: /opt/airflow/dags/weather_etl.py
Traceback (most recent call last):
  File "/home/airflow/.local/lib/python3.12/site-packages/airflow/models/dagbag.py", line 382, in parse
    loader.exec_module(new_module)
  File "<frozen importlib._bootstrap_external>", line 995, in exec_module
  File "<frozen importlib._bootstrap>", line 488, in _call_with_frames_removed
  File "/opt/airflow/dags/weather_etl.py", line 133, in <module>
    load_task >> trigger_dbt
    ^^^^^^^^^
NameError: name 'load_task' is not defined
[2026-09-25T23:00:01.495+0000] {processor.py:927} WARNING - No viable dags retrieved from /opt/airflow/dags/weather_etl.py
[2026-09-25T23:00:01.499+0000] {processor.py:208} INFO - Processing /opt/airflow/dags/weather_etl.py took 0.041 seconds
[2026-09-25T23:00:31.880+0000] {processor.py:186} INFO - Started process (PID=2261) to work on /opt/airflow/dags/weather_etl.py
[2026-09-25T23:00:31.884+0000] {processor.py:914} INFO - Processing file /opt/airflow/dags/weather_etl.py for tasks to queue
[2026-09-25T23:00:31.885+0000] {logging_mixin.py:190} INFO - [2026-09-25T23:00:31.885+0000] {dagbag.py:587} INFO - Filling up the DagBag from /opt/airflow/dags/weather_etl.py
[2026-09-25T23:00:31.907+0000] {logging_mixin.py:190} INFO - [2026-09-25T23:00:31.905+0000] {dagbag.py:386} ERROR - Failed to import: /opt/airflow/dags/weather_etl.py
Traceback (most recent call last):
  File "/home/airflow/.local/lib/python3.12/site-packages/airflow/models/dagbag.py", line 382, in parse
    loader.exec_module(new_module)
  File "<frozen importlib._bootstrap_external>", line 995, in exec_module
  File "<frozen importlib._bootstrap>", line 488, in _call_with_frames_removed
  File "/opt/airflow/dags/weather_etl.py", line 133, in <module>
    load_task >> trigger_dbt
    ^^^^^^^^^
NameError: name 'load_task' is not defined
[2026-09-25T23:00:31.908+0000] {processor.py:927} WARNING - No viable dags retrieved from /opt/airflow/dags/weather_etl.py
[2026-09-25T23:00:31.912+0000] {processor.py:208} INFO - Processing /opt/airflow/dags/weather_etl.py took 0.041 seconds
[2026-09-25T23:01:02.315+0000] {processor.py:186} INFO - Started process (PID=2277) to work on /opt/airflow/dags/weather_etl.py
[2026-09-25T23:01:02.319+0000] {processor.py:914} INFO - Processing file /opt/airflow/dags/weather_etl.py for tasks to queue
[2026-09-25T23:01:02.320+0000] {logging_mixin.py:190} INFO - [2026-09-25T23:01:02.320+0000] {dagbag.py:587} INFO - Filling up the DagBag from /opt/airflow/dags/weather_etl.py
[2026-09-25T23:01:02.341+0000] {logging_mixin.py:190} INFO - [2026-09-25T23:01:02.339+0000] {dagbag.py:386} ERROR - Failed to import: /opt/airflow/dags/weather_etl.py
Traceback (most recent call last):
  File "/home/airflow/.local/lib/python3.12/site-packages/airflow/models/dagbag.py", line 382, in parse
    loader.exec_module(new_module)
  File "<frozen importlib._bootstrap_external>", line 995, in exec_module
  File "<frozen importlib._bootstrap>", line 488, in _call_with_frames_removed
  File "/opt/airflow/dags/weather_etl.py", line 133, in <module>
    load_task >> trigger_dbt
    ^^^^^^^^^
NameError: name 'load_task' is not defined
[2026-09-25T23:01:02.342+0000] {processor.py:927} WARNING - No viable dags retrieved from /opt/airflow/dags/weather_etl.py
[2026-09-25T23:01:02.346+0000] {processor.py:208} INFO - Processing /opt/airflow/dags/weather_etl.py took 0.037 seconds
[2026-09-25T23:01:32.724+0000] {processor.py:186} INFO - Started process (PID=2293) to work on /opt/airflow/dags/weather_etl.py
[2026-09-25T23:01:32.729+0000] {processor.py:914} INFO - Processing file /opt/airflow/dags/weather_etl.py for tasks to queue
[2026-09-25T23:01:32.730+0000] {logging_mixin.py:190} INFO - [2026-09-25T23:01:32.730+0000] {dagbag.py:587} INFO - Filling up the DagBag from /opt/airflow/dags/weather_etl.py
[2026-09-25T23:01:32.753+0000] {logging_mixin.py:190} INFO - [2026-09-25T23:01:32.750+0000] {dagbag.py:386} ERROR - Failed to import: /opt/airflow/dags/weather_etl.py
Traceback (most recent call last):
  File "/home/airflow/.local/lib/python3.12/site-packages/airflow/models/dagbag.py", line 382, in parse
    loader.exec_module(new_module)
  File "<frozen importlib._bootstrap_external>", line 995, in exec_module
  File "<frozen importlib._bootstrap>", line 488, in _call_with_frames_removed
  File "/opt/airflow/dags/weather_etl.py", line 133, in <module>
    load_task >> trigger_dbt
    ^^^^^^^^^
NameError: name 'load_task' is not defined
[2026-09-25T23:01:32.755+0000] {processor.py:927} WARNING - No viable dags retrieved from /opt/airflow/dags/weather_etl.py
[2026-09-25T23:01:32.759+0000] {processor.py:208} INFO - Processing /opt/airflow/dags/weather_etl.py took 0.042 seconds
[2026-09-25T23:02:03.163+0000] {processor.py:186} INFO - Started process (PID=2309) to work on /opt/airflow/dags/weather_etl.py
[2026-09-25T23:02:03.167+0000] {processor.py:914} INFO - Processing file /opt/airflow/dags/weather_etl.py for tasks to queue
[2026-09-25T23:02:03.168+0000] {logging_mixin.py:190} INFO - [2026-09-25T23:02:03.168+0000] {dagbag.py:587} INFO - Filling up the DagBag from /opt/airflow/dags/weather_etl.py
[2026-09-25T23:02:03.191+0000] {logging_mixin.py:190} INFO - [2026-09-25T23:02:03.189+0000] {dagbag.py:386} ERROR - Failed to import: /opt/airflow/dags/weather_etl.py
Traceback (most recent call last):
  File "/home/airflow/.local/lib/python3.12/site-packages/airflow/models/dagbag.py", line 382, in parse
    loader.exec_module(new_module)
  File "<frozen importlib._bootstrap_external>", line 995, in exec_module
  File "<frozen importlib._bootstrap>", line 488, in _call_with_frames_removed
  File "/opt/airflow/dags/weather_etl.py", line 133, in <module>
    load_task >> trigger_dbt
    ^^^^^^^^^
NameError: name 'load_task' is not defined
[2026-09-25T23:02:03.192+0000] {processor.py:927} WARNING - No viable dags retrieved from /opt/airflow/dags/weather_etl.py
[2026-09-25T23:02:03.198+0000] {processor.py:208} INFO - Processing /opt/airflow/dags/weather_etl.py took 0.041 seconds
[2026-09-25T23:02:33.610+0000] {processor.py:186} INFO - Started process (PID=2325) to work on /opt/airflow/dags/weather_etl.py
[2026-09-25T23:02:33.614+0000] {processor.py:914} INFO - Processing file /opt/airflow/dags/weather_etl.py for tasks to queue
[2026-09-25T23:02:33.615+0000] {logging_mixin.py:190} INFO - [2026-09-25T23:02:33.615+0000] {dagbag.py:587} INFO - Filling up the DagBag from /opt/airflow/dags/weather_etl.py
[2026-09-25T23:02:33.639+0000] {logging_mixin.py:190} INFO - [2026-09-25T23:02:33.637+0000] {dagbag.py:386} ERROR - Failed to import: /opt/airflow/dags/weather_etl.py
Traceback (most recent call last):
  File "/home/airflow/.local/lib/python3.12/site-packages/airflow/models/dagbag.py", line 382, in parse
    loader.exec_module(new_module)
  File "<frozen importlib._bootstrap_external>", line 995, in exec_module
  File "<frozen importlib._bootstrap>", line 488, in _call_with_frames_removed
  File "/opt/airflow/dags/weather_etl.py", line 133, in <module>
    load_task >> trigger_dbt
    ^^^^^^^^^
NameError: name 'load_task' is not defined
[2026-09-25T23:02:33.640+0000] {processor.py:927} WARNING - No viable dags retrieved from /opt/airflow/dags/weather_etl.py
[2026-09-25T23:02:33.644+0000] {processor.py:208} INFO - Processing /opt/airflow/dags/weather_etl.py took 0.043 seconds
[2026-09-25T23:03:04.028+0000] {processor.py:186} INFO - Started process (PID=2341) to work on /opt/airflow/dags/weather_etl.py
[2026-09-25T23:03:04.032+0000] {processor.py:914} INFO - Processing file /opt/airflow/dags/weather_etl.py for tasks to queue
[2026-09-25T23:03:04.033+0000] {logging_mixin.py:190} INFO - [2026-09-25T23:03:04.033+0000] {dagbag.py:587} INFO - Filling up the DagBag from /opt/airflow/dags/weather_etl.py
[2026-09-25T23:03:04.053+0000] {logging_mixin.py:190} INFO - [2026-09-25T23:03:04.051+0000] {dagbag.py:386} ERROR - Failed to import: /opt/airflow/dags/weather_etl.py
Traceback (most recent call last):
  File "/home/airflow/.local/lib/python3.12/site-packages/airflow/models/dagbag.py", line 382, in parse
    loader.exec_module(new_module)
  File "<frozen importlib._bootstrap_external>", line 995, in exec_module
  File "<frozen importlib._bootstrap>", line 488, in _call_with_frames_removed
  File "/opt/airflow/dags/weather_etl.py", line 133, in <module>
    load_task >> trigger_dbt
    ^^^^^^^^^
NameError: name 'load_task' is not defined
[2026-09-25T23:03:04.055+0000] {processor.py:927} WARNING - No viable dags retrieved from /opt/airflow/dags/weather_etl.py
[2026-09-25T23:03:04.059+0000] {processor.py:208} INFO - Processing /opt/airflow/dags/weather_etl.py took 0.039 seconds
[2026-09-25T23:03:34.480+0000] {processor.py:186} INFO - Started process (PID=2357) to work on /opt/airflow/dags/weather_etl.py
[2026-09-25T23:03:34.486+0000] {processor.py:914} INFO - Processing file /opt/airflow/dags/weather_etl.py for tasks to queue
[2026-09-25T23:03:34.487+0000] {logging_mixin.py:190} INFO - [2026-09-25T23:03:34.487+0000] {dagbag.py:587} INFO - Filling up the DagBag from /opt/airflow/dags/weather_etl.py
[2026-09-25T23:03:34.510+0000] {logging_mixin.py:190} INFO - [2026-09-25T23:03:34.508+0000] {dagbag.py:386} ERROR - Failed to import: /opt/airflow/dags/weather_etl.py
Traceback (most recent call last):
  File "/home/airflow/.local/lib/python3.12/site-packages/airflow/models/dagbag.py", line 382, in parse
    loader.exec_module(new_module)
  File "<frozen importlib._bootstrap_external>", line 995, in exec_module
  File "<frozen importlib._bootstrap>", line 488, in _call_with_frames_removed
  File "/opt/airflow/dags/weather_etl.py", line 133, in <module>
    load_task >> trigger_dbt
    ^^^^^^^^^
NameError: name 'load_task' is not defined
[2026-09-25T23:03:34.511+0000] {processor.py:927} WARNING - No viable dags retrieved from /opt/airflow/dags/weather_etl.py
[2026-09-25T23:03:34.516+0000] {processor.py:208} INFO - Processing /opt/airflow/dags/weather_etl.py took 0.043 seconds
[2026-09-25T23:04:04.898+0000] {processor.py:186} INFO - Started process (PID=2373) to work on /opt/airflow/dags/weather_etl.py
[2026-09-25T23:04:04.901+0000] {processor.py:914} INFO - Processing file /opt/airflow/dags/weather_etl.py for tasks to queue
[2026-09-25T23:04:04.902+0000] {logging_mixin.py:190} INFO - [2026-09-25T23:04:04.901+0000] {dagbag.py:587} INFO - Filling up the DagBag from /opt/airflow/dags/weather_etl.py
[2026-09-25T23:04:04.925+0000] {logging_mixin.py:190} INFO - [2026-09-25T23:04:04.923+0000] {dagbag.py:386} ERROR - Failed to import: /opt/airflow/dags/weather_etl.py
Traceback (most recent call last):
  File "/home/airflow/.local/lib/python3.12/site-packages/airflow/models/dagbag.py", line 382, in parse
    loader.exec_module(new_module)
  File "<frozen importlib._bootstrap_external>", line 995, in exec_module
  File "<frozen importlib._bootstrap>", line 488, in _call_with_frames_removed
  File "/opt/airflow/dags/weather_etl.py", line 133, in <module>
    load_task >> trigger_dbt
    ^^^^^^^^^
NameError: name 'load_task' is not defined
[2026-09-25T23:04:04.926+0000] {processor.py:927} WARNING - No viable dags retrieved from /opt/airflow/dags/weather_etl.py
[2026-09-25T23:04:04.930+0000] {processor.py:208} INFO - Processing /opt/airflow/dags/weather_etl.py took 0.039 seconds
[2026-09-25T23:04:21.124+0000] {processor.py:186} INFO - Started process (PID=2384) to work on /opt/airflow/dags/weather_etl.py
[2026-09-25T23:04:21.128+0000] {processor.py:914} INFO - Processing file /opt/airflow/dags/weather_etl.py for tasks to queue
[2026-09-25T23:04:21.130+0000] {logging_mixin.py:190} INFO - [2026-09-25T23:04:21.129+0000] {dagbag.py:587} INFO - Filling up the DagBag from /opt/airflow/dags/weather_etl.py
[2026-09-25T23:04:21.159+0000] {processor.py:925} INFO - DAG(s) 'weather_etl' retrieved from /opt/airflow/dags/weather_etl.py
[2026-09-25T23:04:21.217+0000] {logging_mixin.py:190} INFO - [2026-09-25T23:04:21.217+0000] {dag.py:3229} INFO - Sync 1 DAGs
[2026-09-25T23:04:21.228+0000] {logging_mixin.py:190} INFO - [2026-09-25T23:04:21.228+0000] {dag.py:4156} INFO - Setting next_dagrun for weather_etl to 2026-09-25 02:30:00+00:00, run_after=2026-09-26 02:30:00+00:00
[2026-09-25T23:04:21.237+0000] {processor.py:208} INFO - Processing /opt/airflow/dags/weather_etl.py took 0.121 seconds
[2026-09-25T23:04:51.509+0000] {processor.py:186} INFO - Started process (PID=2400) to work on /opt/airflow/dags/weather_etl.py
[2026-09-25T23:04:51.513+0000] {processor.py:914} INFO - Processing file /opt/airflow/dags/weather_etl.py for tasks to queue
[2026-09-25T23:04:51.514+0000] {logging_mixin.py:190} INFO - [2026-09-25T23:04:51.514+0000] {dagbag.py:587} INFO - Filling up the DagBag from /opt/airflow/dags/weather_etl.py
[2026-09-25T23:04:51.536+0000] {processor.py:925} INFO - DAG(s) 'weather_etl' retrieved from /opt/airflow/dags/weather_etl.py
[2026-09-25T23:04:51.543+0000] {logging_mixin.py:190} INFO - [2026-09-25T23:04:51.543+0000] {dag.py:3229} INFO - Sync 1 DAGs
[2026-09-25T23:04:51.554+0000] {logging_mixin.py:190} INFO - [2026-09-25T23:04:51.553+0000] {dag.py:4156} INFO - Setting next_dagrun for weather_etl to 2026-09-25 02:30:00+00:00, run_after=2026-09-26 02:30:00+00:00
[2026-09-25T23:04:51.560+0000] {processor.py:208} INFO - Processing /opt/airflow/dags/weather_etl.py took 0.056 seconds
[2026-09-25T23:05:21.899+0000] {processor.py:186} INFO - Started process (PID=2416) to work on /opt/airflow/dags/weather_etl.py
[2026-09-25T23:05:21.902+0000] {processor.py:914} INFO - Processing file /opt/airflow/dags/weather_etl.py for tasks to queue
[2026-09-25T23:05:21.903+0000] {logging_mixin.py:190} INFO - [2026-09-25T23:05:21.903+0000] {dagbag.py:587} INFO - Filling up the DagBag from /opt/airflow/dags/weather_etl.py
[2026-09-25T23:05:21.923+0000] {processor.py:925} INFO - DAG(s) 'weather_etl' retrieved from /opt/airflow/dags/weather_etl.py
[2026-09-25T23:05:21.930+0000] {logging_mixin.py:190} INFO - [2026-09-25T23:05:21.930+0000] {dag.py:3229} INFO - Sync 1 DAGs
[2026-09-25T23:05:21.940+0000] {logging_mixin.py:190} INFO - [2026-09-25T23:05:21.940+0000] {dag.py:4156} INFO - Setting next_dagrun for weather_etl to 2026-09-25 02:30:00+00:00, run_after=2026-09-26 02:30:00+00:00
[2026-09-25T23:05:21.945+0000] {processor.py:208} INFO - Processing /opt/airflow/dags/weather_etl.py took 0.052 seconds
[2026-09-25T23:05:52.323+0000] {processor.py:186} INFO - Started process (PID=2432) to work on /opt/airflow/dags/weather_etl.py
[2026-09-25T23:05:52.326+0000] {processor.py:914} INFO - Processing file /opt/airflow/dags/weather_etl.py for tasks to queue
[2026-09-25T23:05:52.328+0000] {logging_mixin.py:190} INFO - [2026-09-25T23:05:52.327+0000] {dagbag.py:587} INFO - Filling up the DagBag from /opt/airflow/dags/weather_etl.py
[2026-09-25T23:05:52.349+0000] {processor.py:925} INFO - DAG(s) 'weather_etl' retrieved from /opt/airflow/dags/weather_etl.py
[2026-09-25T23:05:52.356+0000] {logging_mixin.py:190} INFO - [2026-09-25T23:05:52.356+0000] {dag.py:3229} INFO - Sync 1 DAGs
[2026-09-25T23:05:52.367+0000] {logging_mixin.py:190} INFO - [2026-09-25T23:05:52.367+0000] {dag.py:4156} INFO - Setting next_dagrun for weather_etl to 2026-09-25 02:30:00+00:00, run_after=2026-09-26 02:30:00+00:00
[2026-09-25T23:05:52.373+0000] {processor.py:208} INFO - Processing /opt/airflow/dags/weather_etl.py took 0.056 seconds
[2026-09-25T23:06:22.744+0000] {processor.py:186} INFO - Started process (PID=2448) to work on /opt/airflow/dags/weather_etl.py
[2026-09-25T23:06:22.748+0000] {processor.py:914} INFO - Processing file /opt/airflow/dags/weather_etl.py for tasks to queue
[2026-09-25T23:06:22.749+0000] {logging_mixin.py:190} INFO - [2026-09-25T23:06:22.749+0000] {dagbag.py:587} INFO - Filling up the DagBag from /opt/airflow/dags/weather_etl.py
[2026-09-25T23:06:22.768+0000] {processor.py:925} INFO - DAG(s) 'weather_etl' retrieved from /opt/airflow/dags/weather_etl.py
[2026-09-25T23:06:22.774+0000] {logging_mixin.py:190} INFO - [2026-09-25T23:06:22.774+0000] {dag.py:3229} INFO - Sync 1 DAGs
[2026-09-25T23:06:22.785+0000] {logging_mixin.py:190} INFO - [2026-09-25T23:06:22.784+0000] {dag.py:4156} INFO - Setting next_dagrun for weather_etl to 2026-09-25 02:30:00+00:00, run_after=2026-09-26 02:30:00+00:00
[2026-09-25T23:06:22.791+0000] {processor.py:208} INFO - Processing /opt/airflow/dags/weather_etl.py took 0.053 seconds
[2026-09-25T23:06:53.158+0000] {processor.py:186} INFO - Started process (PID=2464) to work on /opt/airflow/dags/weather_etl.py
[2026-09-25T23:06:53.166+0000] {processor.py:914} INFO - Processing file /opt/airflow/dags/weather_etl.py for tasks to queue
[2026-09-25T23:06:53.167+0000] {logging_mixin.py:190} INFO - [2026-09-25T23:06:53.167+0000] {dagbag.py:587} INFO - Filling up the DagBag from /opt/airflow/dags/weather_etl.py
[2026-09-25T23:06:53.191+0000] {processor.py:925} INFO - DAG(s) 'weather_etl' retrieved from /opt/airflow/dags/weather_etl.py
[2026-09-25T23:06:53.198+0000] {logging_mixin.py:190} INFO - [2026-09-25T23:06:53.198+0000] {dag.py:3229} INFO - Sync 1 DAGs
[2026-09-25T23:06:53.211+0000] {logging_mixin.py:190} INFO - [2026-09-25T23:06:53.211+0000] {dag.py:4156} INFO - Setting next_dagrun for weather_etl to 2026-09-25 02:30:00+00:00, run_after=2026-09-26 02:30:00+00:00
[2026-09-25T23:06:53.218+0000] {processor.py:208} INFO - Processing /opt/airflow/dags/weather_etl.py took 0.066 seconds
[2026-09-25T23:07:23.522+0000] {processor.py:186} INFO - Started process (PID=2480) to work on /opt/airflow/dags/weather_etl.py
[2026-09-25T23:07:23.526+0000] {processor.py:914} INFO - Processing file /opt/airflow/dags/weather_etl.py for tasks to queue
[2026-09-25T23:07:23.527+0000] {logging_mixin.py:190} INFO - [2026-09-25T23:07:23.527+0000] {dagbag.py:587} INFO - Filling up the DagBag from /opt/airflow/dags/weather_etl.py
[2026-09-25T23:07:23.546+0000] {processor.py:925} INFO - DAG(s) 'weather_etl' retrieved from /opt/airflow/dags/weather_etl.py
[2026-09-25T23:07:23.553+0000] {logging_mixin.py:190} INFO - [2026-09-25T23:07:23.553+0000] {dag.py:3229} INFO - Sync 1 DAGs
[2026-09-25T23:07:23.563+0000] {logging_mixin.py:190} INFO - [2026-09-25T23:07:23.562+0000] {dag.py:4156} INFO - Setting next_dagrun for weather_etl to 2026-09-25 02:30:00+00:00, run_after=2026-09-26 02:30:00+00:00
[2026-09-25T23:07:23.569+0000] {processor.py:208} INFO - Processing /opt/airflow/dags/weather_etl.py took 0.053 seconds
[2026-09-25T23:07:53.940+0000] {processor.py:186} INFO - Started process (PID=2496) to work on /opt/airflow/dags/weather_etl.py
[2026-09-25T23:07:53.943+0000] {processor.py:914} INFO - Processing file /opt/airflow/dags/weather_etl.py for tasks to queue
[2026-09-25T23:07:53.944+0000] {logging_mixin.py:190} INFO - [2026-09-25T23:07:53.944+0000] {dagbag.py:587} INFO - Filling up the DagBag from /opt/airflow/dags/weather_etl.py
[2026-09-25T23:07:53.962+0000] {processor.py:925} INFO - DAG(s) 'weather_etl' retrieved from /opt/airflow/dags/weather_etl.py
[2026-09-25T23:07:53.969+0000] {logging_mixin.py:190} INFO - [2026-09-25T23:07:53.969+0000] {dag.py:3229} INFO - Sync 1 DAGs
[2026-09-25T23:07:53.980+0000] {logging_mixin.py:190} INFO - [2026-09-25T23:07:53.979+0000] {dag.py:4156} INFO - Setting next_dagrun for weather_etl to 2026-09-25 02:30:00+00:00, run_after=2026-09-26 02:30:00+00:00
[2026-09-25T23:07:53.986+0000] {processor.py:208} INFO - Processing /opt/airflow/dags/weather_etl.py took 0.051 seconds
[2026-09-25T23:08:24.364+0000] {processor.py:186} INFO - Started process (PID=2512) to work on /opt/airflow/dags/weather_etl.py
[2026-09-25T23:08:24.368+0000] {processor.py:914} INFO - Processing file /opt/airflow/dags/weather_etl.py for tasks to queue
[2026-09-25T23:08:24.369+0000] {logging_mixin.py:190} INFO - [2026-09-25T23:08:24.368+0000] {dagbag.py:587} INFO - Filling up the DagBag from /opt/airflow/dags/weather_etl.py
[2026-09-25T23:08:24.389+0000] {processor.py:925} INFO - DAG(s) 'weather_etl' retrieved from /opt/airflow/dags/weather_etl.py
[2026-09-25T23:08:24.395+0000] {logging_mixin.py:190} INFO - [2026-09-25T23:08:24.395+0000] {dag.py:3229} INFO - Sync 1 DAGs
[2026-09-25T23:08:24.405+0000] {logging_mixin.py:190} INFO - [2026-09-25T23:08:24.405+0000] {dag.py:4156} INFO - Setting next_dagrun for weather_etl to 2026-09-25 02:30:00+00:00, run_after=2026-09-26 02:30:00+00:00
[2026-09-25T23:08:24.411+0000] {processor.py:208} INFO - Processing /opt/airflow/dags/weather_etl.py took 0.054 seconds
[2026-09-25T23:08:54.773+0000] {processor.py:186} INFO - Started process (PID=2528) to work on /opt/airflow/dags/weather_etl.py
[2026-09-25T23:08:54.777+0000] {processor.py:914} INFO - Processing file /opt/airflow/dags/weather_etl.py for tasks to queue
[2026-09-25T23:08:54.778+0000] {logging_mixin.py:190} INFO - [2026-09-25T23:08:54.778+0000] {dagbag.py:587} INFO - Filling up the DagBag from /opt/airflow/dags/weather_etl.py
[2026-09-25T23:08:54.798+0000] {processor.py:925} INFO - DAG(s) 'weather_etl' retrieved from /opt/airflow/dags/weather_etl.py
[2026-09-25T23:08:54.804+0000] {logging_mixin.py:190} INFO - [2026-09-25T23:08:54.804+0000] {dag.py:3229} INFO - Sync 1 DAGs
[2026-09-25T23:08:54.814+0000] {logging_mixin.py:190} INFO - [2026-09-25T23:08:54.814+0000] {dag.py:4156} INFO - Setting next_dagrun for weather_etl to 2026-09-25 02:30:00+00:00, run_after=2026-09-26 02:30:00+00:00
[2026-09-25T23:08:54.820+0000] {processor.py:208} INFO - Processing /opt/airflow/dags/weather_etl.py took 0.052 seconds
[2026-09-25T23:09:11.047+0000] {processor.py:186} INFO - Started process (PID=2544) to work on /opt/airflow/dags/weather_etl.py
[2026-09-25T23:09:11.051+0000] {processor.py:914} INFO - Processing file /opt/airflow/dags/weather_etl.py for tasks to queue
[2026-09-25T23:09:11.052+0000] {logging_mixin.py:190} INFO - [2026-09-25T23:09:11.052+0000] {dagbag.py:587} INFO - Filling up the DagBag from /opt/airflow/dags/weather_etl.py
[2026-09-25T23:09:11.080+0000] {processor.py:925} INFO - DAG(s) 'weather_etl' retrieved from /opt/airflow/dags/weather_etl.py
[2026-09-25T23:09:11.088+0000] {logging_mixin.py:190} INFO - [2026-09-25T23:09:11.087+0000] {dag.py:3229} INFO - Sync 1 DAGs
[2026-09-25T23:09:11.099+0000] {logging_mixin.py:190} INFO - [2026-09-25T23:09:11.099+0000] {dag.py:4156} INFO - Setting next_dagrun for weather_etl to 2026-09-25 02:30:00+00:00, run_after=2026-09-26 02:30:00+00:00
[2026-09-25T23:09:11.107+0000] {processor.py:208} INFO - Processing /opt/airflow/dags/weather_etl.py took 0.067 seconds
[2026-09-25T23:09:41.503+0000] {processor.py:186} INFO - Started process (PID=2560) to work on /opt/airflow/dags/weather_etl.py
[2026-09-25T23:09:41.506+0000] {processor.py:914} INFO - Processing file /opt/airflow/dags/weather_etl.py for tasks to queue
[2026-09-25T23:09:41.507+0000] {logging_mixin.py:190} INFO - [2026-09-25T23:09:41.506+0000] {dagbag.py:587} INFO - Filling up the DagBag from /opt/airflow/dags/weather_etl.py
[2026-09-25T23:09:41.527+0000] {processor.py:925} INFO - DAG(s) 'weather_etl' retrieved from /opt/airflow/dags/weather_etl.py
[2026-09-25T23:09:41.533+0000] {logging_mixin.py:190} INFO - [2026-09-25T23:09:41.533+0000] {dag.py:3229} INFO - Sync 1 DAGs
[2026-09-25T23:09:41.543+0000] {logging_mixin.py:190} INFO - [2026-09-25T23:09:41.543+0000] {dag.py:4156} INFO - Setting next_dagrun for weather_etl to 2026-09-25 02:30:00+00:00, run_after=2026-09-26 02:30:00+00:00
[2026-09-25T23:09:41.549+0000] {processor.py:208} INFO - Processing /opt/airflow/dags/weather_etl.py took 0.052 seconds
[2026-09-25T23:10:11.883+0000] {processor.py:186} INFO - Started process (PID=2576) to work on /opt/airflow/dags/weather_etl.py
[2026-09-25T23:10:11.886+0000] {processor.py:914} INFO - Processing file /opt/airflow/dags/weather_etl.py for tasks to queue
[2026-09-25T23:10:11.887+0000] {logging_mixin.py:190} INFO - [2026-09-25T23:10:11.887+0000] {dagbag.py:587} INFO - Filling up the DagBag from /opt/airflow/dags/weather_etl.py
[2026-09-25T23:10:11.906+0000] {processor.py:925} INFO - DAG(s) 'weather_etl' retrieved from /opt/airflow/dags/weather_etl.py
[2026-09-25T23:10:11.912+0000] {logging_mixin.py:190} INFO - [2026-09-25T23:10:11.912+0000] {dag.py:3229} INFO - Sync 1 DAGs
[2026-09-25T23:10:11.921+0000] {logging_mixin.py:190} INFO - [2026-09-25T23:10:11.921+0000] {dag.py:4156} INFO - Setting next_dagrun for weather_etl to 2026-09-25 02:30:00+00:00, run_after=2026-09-26 02:30:00+00:00
[2026-09-25T23:10:11.927+0000] {processor.py:208} INFO - Processing /opt/airflow/dags/weather_etl.py took 0.049 seconds
[2026-09-25T23:10:42.270+0000] {processor.py:186} INFO - Started process (PID=2592) to work on /opt/airflow/dags/weather_etl.py
[2026-09-25T23:10:42.274+0000] {processor.py:914} INFO - Processing file /opt/airflow/dags/weather_etl.py for tasks to queue
[2026-09-25T23:10:42.275+0000] {logging_mixin.py:190} INFO - [2026-09-25T23:10:42.275+0000] {dagbag.py:587} INFO - Filling up the DagBag from /opt/airflow/dags/weather_etl.py
[2026-09-25T23:10:42.298+0000] {processor.py:925} INFO - DAG(s) 'weather_etl' retrieved from /opt/airflow/dags/weather_etl.py
[2026-09-25T23:10:42.304+0000] {logging_mixin.py:190} INFO - [2026-09-25T23:10:42.304+0000] {dag.py:3229} INFO - Sync 1 DAGs
[2026-09-25T23:10:42.315+0000] {logging_mixin.py:190} INFO - [2026-09-25T23:10:42.315+0000] {dag.py:4156} INFO - Setting next_dagrun for weather_etl to 2026-09-25 02:30:00+00:00, run_after=2026-09-26 02:30:00+00:00
[2026-09-25T23:10:42.321+0000] {processor.py:208} INFO - Processing /opt/airflow/dags/weather_etl.py took 0.058 seconds
[2026-09-25T23:11:12.665+0000] {processor.py:186} INFO - Started process (PID=2608) to work on /opt/airflow/dags/weather_etl.py
[2026-09-25T23:11:12.670+0000] {processor.py:914} INFO - Processing file /opt/airflow/dags/weather_etl.py for tasks to queue
[2026-09-25T23:11:12.671+0000] {logging_mixin.py:190} INFO - [2026-09-25T23:11:12.671+0000] {dagbag.py:587} INFO - Filling up the DagBag from /opt/airflow/dags/weather_etl.py
[2026-09-25T23:11:12.691+0000] {processor.py:925} INFO - DAG(s) 'weather_etl' retrieved from /opt/airflow/dags/weather_etl.py
[2026-09-25T23:11:12.698+0000] {logging_mixin.py:190} INFO - [2026-09-25T23:11:12.697+0000] {dag.py:3229} INFO - Sync 1 DAGs
[2026-09-25T23:11:12.708+0000] {logging_mixin.py:190} INFO - [2026-09-25T23:11:12.708+0000] {dag.py:4156} INFO - Setting next_dagrun for weather_etl to 2026-09-25 02:30:00+00:00, run_after=2026-09-26 02:30:00+00:00
[2026-09-25T23:11:12.714+0000] {processor.py:208} INFO - Processing /opt/airflow/dags/weather_etl.py took 0.054 seconds
[2026-09-25T23:11:43.087+0000] {processor.py:186} INFO - Started process (PID=2624) to work on /opt/airflow/dags/weather_etl.py
[2026-09-25T23:11:43.092+0000] {processor.py:914} INFO - Processing file /opt/airflow/dags/weather_etl.py for tasks to queue
[2026-09-25T23:11:43.093+0000] {logging_mixin.py:190} INFO - [2026-09-25T23:11:43.092+0000] {dagbag.py:587} INFO - Filling up the DagBag from /opt/airflow/dags/weather_etl.py
[2026-09-25T23:11:43.116+0000] {processor.py:925} INFO - DAG(s) 'weather_etl' retrieved from /opt/airflow/dags/weather_etl.py
[2026-09-25T23:11:43.124+0000] {logging_mixin.py:190} INFO - [2026-09-25T23:11:43.124+0000] {dag.py:3229} INFO - Sync 1 DAGs
[2026-09-25T23:11:43.135+0000] {logging_mixin.py:190} INFO - [2026-09-25T23:11:43.135+0000] {dag.py:4156} INFO - Setting next_dagrun for weather_etl to 2026-09-25 02:30:00+00:00, run_after=2026-09-26 02:30:00+00:00
[2026-09-25T23:11:43.142+0000] {processor.py:208} INFO - Processing /opt/airflow/dags/weather_etl.py took 0.070 seconds
[2026-09-25T23:12:13.549+0000] {processor.py:186} INFO - Started process (PID=2640) to work on /opt/airflow/dags/weather_etl.py
[2026-09-25T23:12:13.554+0000] {processor.py:914} INFO - Processing file /opt/airflow/dags/weather_etl.py for tasks to queue
[2026-09-25T23:12:13.555+0000] {logging_mixin.py:190} INFO - [2026-09-25T23:12:13.555+0000] {dagbag.py:587} INFO - Filling up the DagBag from /opt/airflow/dags/weather_etl.py
[2026-09-25T23:12:13.576+0000] {processor.py:925} INFO - DAG(s) 'weather_etl' retrieved from /opt/airflow/dags/weather_etl.py
[2026-09-25T23:12:13.582+0000] {logging_mixin.py:190} INFO - [2026-09-25T23:12:13.582+0000] {dag.py:3229} INFO - Sync 1 DAGs
[2026-09-25T23:12:13.593+0000] {logging_mixin.py:190} INFO - [2026-09-25T23:12:13.593+0000] {dag.py:4156} INFO - Setting next_dagrun for weather_etl to 2026-09-25 02:30:00+00:00, run_after=2026-09-26 02:30:00+00:00
[2026-09-25T23:12:13.599+0000] {processor.py:208} INFO - Processing /opt/airflow/dags/weather_etl.py took 0.056 seconds
[2026-09-25T23:12:44.015+0000] {processor.py:186} INFO - Started process (PID=2656) to work on /opt/airflow/dags/weather_etl.py
[2026-09-25T23:12:44.020+0000] {processor.py:914} INFO - Processing file /opt/airflow/dags/weather_etl.py for tasks to queue
[2026-09-25T23:12:44.021+0000] {logging_mixin.py:190} INFO - [2026-09-25T23:12:44.021+0000] {dagbag.py:587} INFO - Filling up the DagBag from /opt/airflow/dags/weather_etl.py
[2026-09-25T23:12:44.068+0000] {processor.py:925} INFO - DAG(s) 'weather_etl' retrieved from /opt/airflow/dags/weather_etl.py
[2026-09-25T23:12:44.084+0000] {logging_mixin.py:190} INFO - [2026-09-25T23:12:44.083+0000] {dag.py:3229} INFO - Sync 1 DAGs
[2026-09-25T23:12:44.126+0000] {logging_mixin.py:190} INFO - [2026-09-25T23:12:44.126+0000] {dag.py:4156} INFO - Setting next_dagrun for weather_etl to 2026-09-25 02:30:00+00:00, run_after=2026-09-26 02:30:00+00:00
[2026-09-25T23:12:44.134+0000] {processor.py:208} INFO - Processing /opt/airflow/dags/weather_etl.py took 0.131 seconds
[2026-09-25T23:13:14.424+0000] {processor.py:186} INFO - Started process (PID=2672) to work on /opt/airflow/dags/weather_etl.py
[2026-09-25T23:13:14.428+0000] {processor.py:914} INFO - Processing file /opt/airflow/dags/weather_etl.py for tasks to queue
[2026-09-25T23:13:14.429+0000] {logging_mixin.py:190} INFO - [2026-09-25T23:13:14.428+0000] {dagbag.py:587} INFO - Filling up the DagBag from /opt/airflow/dags/weather_etl.py
[2026-09-25T23:13:14.449+0000] {processor.py:925} INFO - DAG(s) 'weather_etl' retrieved from /opt/airflow/dags/weather_etl.py
[2026-09-25T23:13:14.455+0000] {logging_mixin.py:190} INFO - [2026-09-25T23:13:14.455+0000] {dag.py:3229} INFO - Sync 1 DAGs
[2026-09-25T23:13:14.465+0000] {logging_mixin.py:190} INFO - [2026-09-25T23:13:14.465+0000] {dag.py:4156} INFO - Setting next_dagrun for weather_etl to 2026-09-25 02:30:00+00:00, run_after=2026-09-26 02:30:00+00:00
[2026-09-25T23:13:14.471+0000] {processor.py:208} INFO - Processing /opt/airflow/dags/weather_etl.py took 0.054 seconds
[2026-09-25T23:13:44.778+0000] {processor.py:186} INFO - Started process (PID=2688) to work on /opt/airflow/dags/weather_etl.py
[2026-09-25T23:13:44.781+0000] {processor.py:914} INFO - Processing file /opt/airflow/dags/weather_etl.py for tasks to queue
[2026-09-25T23:13:44.782+0000] {logging_mixin.py:190} INFO - [2026-09-25T23:13:44.782+0000] {dagbag.py:587} INFO - Filling up the DagBag from /opt/airflow/dags/weather_etl.py
[2026-09-25T23:13:44.802+0000] {processor.py:925} INFO - DAG(s) 'weather_etl' retrieved from /opt/airflow/dags/weather_etl.py
[2026-09-25T23:13:44.809+0000] {logging_mixin.py:190} INFO - [2026-09-25T23:13:44.809+0000] {dag.py:3229} INFO - Sync 1 DAGs
[2026-09-25T23:13:44.819+0000] {logging_mixin.py:190} INFO - [2026-09-25T23:13:44.819+0000] {dag.py:4156} INFO - Setting next_dagrun for weather_etl to 2026-09-25 02:30:00+00:00, run_after=2026-09-26 02:30:00+00:00
[2026-09-25T23:13:44.825+0000] {processor.py:208} INFO - Processing /opt/airflow/dags/weather_etl.py took 0.054 seconds
[2026-09-25T23:14:15.212+0000] {processor.py:186} INFO - Started process (PID=2704) to work on /opt/airflow/dags/weather_etl.py
[2026-09-25T23:14:15.216+0000] {processor.py:914} INFO - Processing file /opt/airflow/dags/weather_etl.py for tasks to queue
[2026-09-25T23:14:15.218+0000] {logging_mixin.py:190} INFO - [2026-09-25T23:14:15.217+0000] {dagbag.py:587} INFO - Filling up the DagBag from /opt/airflow/dags/weather_etl.py
[2026-09-25T23:14:15.241+0000] {processor.py:925} INFO - DAG(s) 'weather_etl' retrieved from /opt/airflow/dags/weather_etl.py
[2026-09-25T23:14:15.247+0000] {logging_mixin.py:190} INFO - [2026-09-25T23:14:15.247+0000] {dag.py:3229} INFO - Sync 1 DAGs
[2026-09-25T23:14:15.258+0000] {logging_mixin.py:190} INFO - [2026-09-25T23:14:15.258+0000] {dag.py:4156} INFO - Setting next_dagrun for weather_etl to 2026-09-25 02:30:00+00:00, run_after=2026-09-26 02:30:00+00:00
[2026-09-25T23:14:15.264+0000] {processor.py:208} INFO - Processing /opt/airflow/dags/weather_etl.py took 0.060 seconds
[2026-09-25T23:14:45.618+0000] {processor.py:186} INFO - Started process (PID=2720) to work on /opt/airflow/dags/weather_etl.py
[2026-09-25T23:14:45.621+0000] {processor.py:914} INFO - Processing file /opt/airflow/dags/weather_etl.py for tasks to queue
[2026-09-25T23:14:45.622+0000] {logging_mixin.py:190} INFO - [2026-09-25T23:14:45.621+0000] {dagbag.py:587} INFO - Filling up the DagBag from /opt/airflow/dags/weather_etl.py
[2026-09-25T23:14:45.643+0000] {processor.py:925} INFO - DAG(s) 'weather_etl' retrieved from /opt/airflow/dags/weather_etl.py
[2026-09-25T23:14:45.649+0000] {logging_mixin.py:190} INFO - [2026-09-25T23:14:45.649+0000] {dag.py:3229} INFO - Sync 1 DAGs
[2026-09-25T23:14:45.661+0000] {logging_mixin.py:190} INFO - [2026-09-25T23:14:45.660+0000] {dag.py:4156} INFO - Setting next_dagrun for weather_etl to 2026-09-25 02:30:00+00:00, run_after=2026-09-26 02:30:00+00:00
[2026-09-25T23:14:45.667+0000] {processor.py:208} INFO - Processing /opt/airflow/dags/weather_etl.py took 0.056 seconds
[2026-09-25T23:15:16.023+0000] {processor.py:186} INFO - Started process (PID=2736) to work on /opt/airflow/dags/weather_etl.py
[2026-09-25T23:15:16.026+0000] {processor.py:914} INFO - Processing file /opt/airflow/dags/weather_etl.py for tasks to queue
[2026-09-25T23:15:16.027+0000] {logging_mixin.py:190} INFO - [2026-09-25T23:15:16.027+0000] {dagbag.py:587} INFO - Filling up the DagBag from /opt/airflow/dags/weather_etl.py
[2026-09-25T23:15:16.047+0000] {processor.py:925} INFO - DAG(s) 'weather_etl' retrieved from /opt/airflow/dags/weather_etl.py
[2026-09-25T23:15:16.053+0000] {logging_mixin.py:190} INFO - [2026-09-25T23:15:16.053+0000] {dag.py:3229} INFO - Sync 1 DAGs
[2026-09-25T23:15:16.063+0000] {logging_mixin.py:190} INFO - [2026-09-25T23:15:16.063+0000] {dag.py:4156} INFO - Setting next_dagrun for weather_etl to 2026-09-25 02:30:00+00:00, run_after=2026-09-26 02:30:00+00:00
[2026-09-25T23:15:16.069+0000] {processor.py:208} INFO - Processing /opt/airflow/dags/weather_etl.py took 0.051 seconds
[2026-09-25T23:15:46.425+0000] {processor.py:186} INFO - Started process (PID=2752) to work on /opt/airflow/dags/weather_etl.py
[2026-09-25T23:15:46.429+0000] {processor.py:914} INFO - Processing file /opt/airflow/dags/weather_etl.py for tasks to queue
[2026-09-25T23:15:46.430+0000] {logging_mixin.py:190} INFO - [2026-09-25T23:15:46.430+0000] {dagbag.py:587} INFO - Filling up the DagBag from /opt/airflow/dags/weather_etl.py
[2026-09-25T23:15:46.448+0000] {processor.py:925} INFO - DAG(s) 'weather_etl' retrieved from /opt/airflow/dags/weather_etl.py
[2026-09-25T23:15:46.455+0000] {logging_mixin.py:190} INFO - [2026-09-25T23:15:46.454+0000] {dag.py:3229} INFO - Sync 1 DAGs
[2026-09-25T23:15:46.464+0000] {logging_mixin.py:190} INFO - [2026-09-25T23:15:46.464+0000] {dag.py:4156} INFO - Setting next_dagrun for weather_etl to 2026-09-25 02:30:00+00:00, run_after=2026-09-26 02:30:00+00:00
[2026-09-25T23:15:46.471+0000] {processor.py:208} INFO - Processing /opt/airflow/dags/weather_etl.py took 0.051 seconds
[2026-09-25T23:16:16.845+0000] {processor.py:186} INFO - Started process (PID=2768) to work on /opt/airflow/dags/weather_etl.py
[2026-09-25T23:16:16.850+0000] {processor.py:914} INFO - Processing file /opt/airflow/dags/weather_etl.py for tasks to queue
[2026-09-25T23:16:16.850+0000] {logging_mixin.py:190} INFO - [2026-09-25T23:16:16.850+0000] {dagbag.py:587} INFO - Filling up the DagBag from /opt/airflow/dags/weather_etl.py
[2026-09-25T23:16:16.868+0000] {processor.py:925} INFO - DAG(s) 'weather_etl' retrieved from /opt/airflow/dags/weather_etl.py
[2026-09-25T23:16:16.874+0000] {logging_mixin.py:190} INFO - [2026-09-25T23:16:16.874+0000] {dag.py:3229} INFO - Sync 1 DAGs
[2026-09-25T23:16:16.885+0000] {logging_mixin.py:190} INFO - [2026-09-25T23:16:16.885+0000] {dag.py:4156} INFO - Setting next_dagrun for weather_etl to 2026-09-25 02:30:00+00:00, run_after=2026-09-26 02:30:00+00:00
[2026-09-25T23:16:16.891+0000] {processor.py:208} INFO - Processing /opt/airflow/dags/weather_etl.py took 0.052 seconds
[2026-09-25T23:16:47.216+0000] {processor.py:186} INFO - Started process (PID=2784) to work on /opt/airflow/dags/weather_etl.py
[2026-09-25T23:16:47.219+0000] {processor.py:914} INFO - Processing file /opt/airflow/dags/weather_etl.py for tasks to queue
[2026-09-25T23:16:47.220+0000] {logging_mixin.py:190} INFO - [2026-09-25T23:16:47.220+0000] {dagbag.py:587} INFO - Filling up the DagBag from /opt/airflow/dags/weather_etl.py
[2026-09-25T23:16:47.239+0000] {processor.py:925} INFO - DAG(s) 'weather_etl' retrieved from /opt/airflow/dags/weather_etl.py
[2026-09-25T23:16:47.245+0000] {logging_mixin.py:190} INFO - [2026-09-25T23:16:47.245+0000] {dag.py:3229} INFO - Sync 1 DAGs
[2026-09-25T23:16:47.255+0000] {logging_mixin.py:190} INFO - [2026-09-25T23:16:47.255+0000] {dag.py:4156} INFO - Setting next_dagrun for weather_etl to 2026-09-25 02:30:00+00:00, run_after=2026-09-26 02:30:00+00:00
[2026-09-25T23:16:47.261+0000] {processor.py:208} INFO - Processing /opt/airflow/dags/weather_etl.py took 0.050 seconds
[2026-09-25T23:17:17.598+0000] {processor.py:186} INFO - Started process (PID=2800) to work on /opt/airflow/dags/weather_etl.py
[2026-09-25T23:17:17.601+0000] {processor.py:914} INFO - Processing file /opt/airflow/dags/weather_etl.py for tasks to queue
[2026-09-25T23:17:17.602+0000] {logging_mixin.py:190} INFO - [2026-09-25T23:17:17.602+0000] {dagbag.py:587} INFO - Filling up the DagBag from /opt/airflow/dags/weather_etl.py
[2026-09-25T23:17:17.621+0000] {processor.py:925} INFO - DAG(s) 'weather_etl' retrieved from /opt/airflow/dags/weather_etl.py
[2026-09-25T23:17:17.628+0000] {logging_mixin.py:190} INFO - [2026-09-25T23:17:17.628+0000] {dag.py:3229} INFO - Sync 1 DAGs
[2026-09-25T23:17:17.639+0000] {logging_mixin.py:190} INFO - [2026-09-25T23:17:17.639+0000] {dag.py:4156} INFO - Setting next_dagrun for weather_etl to 2026-09-25 02:30:00+00:00, run_after=2026-09-26 02:30:00+00:00
[2026-09-25T23:17:17.645+0000] {processor.py:208} INFO - Processing /opt/airflow/dags/weather_etl.py took 0.053 seconds
[2026-09-25T23:17:48.103+0000] {processor.py:186} INFO - Started process (PID=2816) to work on /opt/airflow/dags/weather_etl.py
[2026-09-25T23:17:48.106+0000] {processor.py:914} INFO - Processing file /opt/airflow/dags/weather_etl.py for tasks to queue
[2026-09-25T23:17:48.109+0000] {logging_mixin.py:190} INFO - [2026-09-25T23:17:48.108+0000] {dagbag.py:587} INFO - Filling up the DagBag from /opt/airflow/dags/weather_etl.py
[2026-09-25T23:17:48.161+0000] {processor.py:925} INFO - DAG(s) 'weather_etl' retrieved from /opt/airflow/dags/weather_etl.py
[2026-09-25T23:17:48.171+0000] {logging_mixin.py:190} INFO - [2026-09-25T23:17:48.170+0000] {dag.py:3229} INFO - Sync 1 DAGs
[2026-09-25T23:17:48.190+0000] {logging_mixin.py:190} INFO - [2026-09-25T23:17:48.190+0000] {dag.py:4156} INFO - Setting next_dagrun for weather_etl to 2026-09-25 02:30:00+00:00, run_after=2026-09-26 02:30:00+00:00
[2026-09-25T23:17:48.199+0000] {processor.py:208} INFO - Processing /opt/airflow/dags/weather_etl.py took 0.109 seconds
[2026-09-25T23:18:18.488+0000] {processor.py:186} INFO - Started process (PID=2862) to work on /opt/airflow/dags/weather_etl.py
[2026-09-25T23:18:18.492+0000] {processor.py:914} INFO - Processing file /opt/airflow/dags/weather_etl.py for tasks to queue
[2026-09-25T23:18:18.493+0000] {logging_mixin.py:190} INFO - [2026-09-25T23:18:18.493+0000] {dagbag.py:587} INFO - Filling up the DagBag from /opt/airflow/dags/weather_etl.py
[2026-09-25T23:18:18.520+0000] {processor.py:925} INFO - DAG(s) 'weather_etl' retrieved from /opt/airflow/dags/weather_etl.py
[2026-09-25T23:18:18.533+0000] {logging_mixin.py:190} INFO - [2026-09-25T23:18:18.533+0000] {dag.py:3229} INFO - Sync 1 DAGs
[2026-09-25T23:18:18.558+0000] {logging_mixin.py:190} INFO - [2026-09-25T23:18:18.558+0000] {dag.py:4156} INFO - Setting next_dagrun for weather_etl to 2026-09-25 02:30:00+00:00, run_after=2026-09-26 02:30:00+00:00
[2026-09-25T23:18:18.568+0000] {processor.py:208} INFO - Processing /opt/airflow/dags/weather_etl.py took 0.087 seconds
[2026-09-25T23:18:49.032+0000] {processor.py:186} INFO - Started process (PID=2903) to work on /opt/airflow/dags/weather_etl.py
[2026-09-25T23:18:49.038+0000] {processor.py:914} INFO - Processing file /opt/airflow/dags/weather_etl.py for tasks to queue
[2026-09-25T23:18:49.041+0000] {logging_mixin.py:190} INFO - [2026-09-25T23:18:49.040+0000] {dagbag.py:587} INFO - Filling up the DagBag from /opt/airflow/dags/weather_etl.py
[2026-09-25T23:18:49.109+0000] {processor.py:925} INFO - DAG(s) 'weather_etl' retrieved from /opt/airflow/dags/weather_etl.py
[2026-09-25T23:18:49.121+0000] {logging_mixin.py:190} INFO - [2026-09-25T23:18:49.121+0000] {dag.py:3229} INFO - Sync 1 DAGs
[2026-09-25T23:18:49.148+0000] {logging_mixin.py:190} INFO - [2026-09-25T23:18:49.148+0000] {dag.py:4156} INFO - Setting next_dagrun for weather_etl to 2026-09-25 02:30:00+00:00, run_after=2026-09-26 02:30:00+00:00
[2026-09-25T23:18:49.158+0000] {processor.py:208} INFO - Processing /opt/airflow/dags/weather_etl.py took 0.150 seconds
[2026-09-25T23:19:19.394+0000] {processor.py:186} INFO - Started process (PID=2958) to work on /opt/airflow/dags/weather_etl.py
[2026-09-25T23:19:19.397+0000] {processor.py:914} INFO - Processing file /opt/airflow/dags/weather_etl.py for tasks to queue
[2026-09-25T23:19:19.398+0000] {logging_mixin.py:190} INFO - [2026-09-25T23:19:19.398+0000] {dagbag.py:587} INFO - Filling up the DagBag from /opt/airflow/dags/weather_etl.py
[2026-09-25T23:19:19.417+0000] {processor.py:925} INFO - DAG(s) 'weather_etl' retrieved from /opt/airflow/dags/weather_etl.py
[2026-09-25T23:19:19.424+0000] {logging_mixin.py:190} INFO - [2026-09-25T23:19:19.424+0000] {dag.py:3229} INFO - Sync 1 DAGs
[2026-09-25T23:19:19.438+0000] {logging_mixin.py:190} INFO - [2026-09-25T23:19:19.438+0000] {dag.py:4156} INFO - Setting next_dagrun for weather_etl to 2026-09-25 02:30:00+00:00, run_after=2026-09-26 02:30:00+00:00
[2026-09-25T23:19:19.444+0000] {processor.py:208} INFO - Processing /opt/airflow/dags/weather_etl.py took 0.063 seconds
[2026-09-25T23:19:49.867+0000] {processor.py:186} INFO - Started process (PID=2975) to work on /opt/airflow/dags/weather_etl.py
[2026-09-25T23:19:49.873+0000] {processor.py:914} INFO - Processing file /opt/airflow/dags/weather_etl.py for tasks to queue
[2026-09-25T23:19:49.874+0000] {logging_mixin.py:190} INFO - [2026-09-25T23:19:49.873+0000] {dagbag.py:587} INFO - Filling up the DagBag from /opt/airflow/dags/weather_etl.py
[2026-09-25T23:19:49.894+0000] {processor.py:925} INFO - DAG(s) 'weather_etl' retrieved from /opt/airflow/dags/weather_etl.py
[2026-09-25T23:19:49.901+0000] {logging_mixin.py:190} INFO - [2026-09-25T23:19:49.901+0000] {dag.py:3229} INFO - Sync 1 DAGs
[2026-09-25T23:19:49.917+0000] {logging_mixin.py:190} INFO - [2026-09-25T23:19:49.917+0000] {dag.py:4156} INFO - Setting next_dagrun for weather_etl to 2026-09-25 02:30:00+00:00, run_after=2026-09-26 02:30:00+00:00
[2026-09-25T23:19:49.923+0000] {processor.py:208} INFO - Processing /opt/airflow/dags/weather_etl.py took 0.070 seconds
[2026-09-25T23:20:20.335+0000] {processor.py:186} INFO - Started process (PID=2991) to work on /opt/airflow/dags/weather_etl.py
[2026-09-25T23:20:20.339+0000] {processor.py:914} INFO - Processing file /opt/airflow/dags/weather_etl.py for tasks to queue
[2026-09-25T23:20:20.340+0000] {logging_mixin.py:190} INFO - [2026-09-25T23:20:20.340+0000] {dagbag.py:587} INFO - Filling up the DagBag from /opt/airflow/dags/weather_etl.py
[2026-09-25T23:20:20.362+0000] {processor.py:925} INFO - DAG(s) 'weather_etl' retrieved from /opt/airflow/dags/weather_etl.py
[2026-09-25T23:20:20.368+0000] {logging_mixin.py:190} INFO - [2026-09-25T23:20:20.368+0000] {dag.py:3229} INFO - Sync 1 DAGs
[2026-09-25T23:20:20.378+0000] {logging_mixin.py:190} INFO - [2026-09-25T23:20:20.378+0000] {dag.py:4156} INFO - Setting next_dagrun for weather_etl to 2026-09-25 02:30:00+00:00, run_after=2026-09-26 02:30:00+00:00
[2026-09-25T23:20:20.384+0000] {processor.py:208} INFO - Processing /opt/airflow/dags/weather_etl.py took 0.058 seconds
[2026-09-25T23:20:50.756+0000] {processor.py:186} INFO - Started process (PID=3007) to work on /opt/airflow/dags/weather_etl.py
[2026-09-25T23:20:50.760+0000] {processor.py:914} INFO - Processing file /opt/airflow/dags/weather_etl.py for tasks to queue
[2026-09-25T23:20:50.761+0000] {logging_mixin.py:190} INFO - [2026-09-25T23:20:50.761+0000] {dagbag.py:587} INFO - Filling up the DagBag from /opt/airflow/dags/weather_etl.py
[2026-09-25T23:20:50.780+0000] {processor.py:925} INFO - DAG(s) 'weather_etl' retrieved from /opt/airflow/dags/weather_etl.py
[2026-09-25T23:20:50.786+0000] {logging_mixin.py:190} INFO - [2026-09-25T23:20:50.786+0000] {dag.py:3229} INFO - Sync 1 DAGs
[2026-09-25T23:20:50.796+0000] {logging_mixin.py:190} INFO - [2026-09-25T23:20:50.796+0000] {dag.py:4156} INFO - Setting next_dagrun for weather_etl to 2026-09-25 02:30:00+00:00, run_after=2026-09-26 02:30:00+00:00
[2026-09-25T23:20:50.802+0000] {processor.py:208} INFO - Processing /opt/airflow/dags/weather_etl.py took 0.053 seconds
[2026-09-25T23:21:21.154+0000] {processor.py:186} INFO - Started process (PID=3023) to work on /opt/airflow/dags/weather_etl.py
[2026-09-25T23:21:21.159+0000] {processor.py:914} INFO - Processing file /opt/airflow/dags/weather_etl.py for tasks to queue
[2026-09-25T23:21:21.160+0000] {logging_mixin.py:190} INFO - [2026-09-25T23:21:21.160+0000] {dagbag.py:587} INFO - Filling up the DagBag from /opt/airflow/dags/weather_etl.py
[2026-09-25T23:21:21.180+0000] {processor.py:925} INFO - DAG(s) 'weather_etl' retrieved from /opt/airflow/dags/weather_etl.py
[2026-09-25T23:21:21.186+0000] {logging_mixin.py:190} INFO - [2026-09-25T23:21:21.186+0000] {dag.py:3229} INFO - Sync 1 DAGs
[2026-09-25T23:21:21.196+0000] {logging_mixin.py:190} INFO - [2026-09-25T23:21:21.196+0000] {dag.py:4156} INFO - Setting next_dagrun for weather_etl to 2026-09-25 02:30:00+00:00, run_after=2026-09-26 02:30:00+00:00
[2026-09-25T23:21:21.202+0000] {processor.py:208} INFO - Processing /opt/airflow/dags/weather_etl.py took 0.056 seconds
[2026-09-25T23:21:51.555+0000] {processor.py:186} INFO - Started process (PID=3039) to work on /opt/airflow/dags/weather_etl.py
[2026-09-25T23:21:51.559+0000] {processor.py:914} INFO - Processing file /opt/airflow/dags/weather_etl.py for tasks to queue
[2026-09-25T23:21:51.560+0000] {logging_mixin.py:190} INFO - [2026-09-25T23:21:51.559+0000] {dagbag.py:587} INFO - Filling up the DagBag from /opt/airflow/dags/weather_etl.py
[2026-09-25T23:21:51.582+0000] {processor.py:925} INFO - DAG(s) 'weather_etl' retrieved from /opt/airflow/dags/weather_etl.py
[2026-09-25T23:21:51.588+0000] {logging_mixin.py:190} INFO - [2026-09-25T23:21:51.588+0000] {dag.py:3229} INFO - Sync 1 DAGs
[2026-09-25T23:21:51.598+0000] {logging_mixin.py:190} INFO - [2026-09-25T23:21:51.598+0000] {dag.py:4156} INFO - Setting next_dagrun for weather_etl to 2026-09-25 02:30:00+00:00, run_after=2026-09-26 02:30:00+00:00
[2026-09-25T23:21:51.604+0000] {processor.py:208} INFO - Processing /opt/airflow/dags/weather_etl.py took 0.056 seconds
[2026-09-25T23:22:21.989+0000] {processor.py:186} INFO - Started process (PID=3055) to work on /opt/airflow/dags/weather_etl.py
[2026-09-25T23:22:21.993+0000] {processor.py:914} INFO - Processing file /opt/airflow/dags/weather_etl.py for tasks to queue
[2026-09-25T23:22:21.994+0000] {logging_mixin.py:190} INFO - [2026-09-25T23:22:21.994+0000] {dagbag.py:587} INFO - Filling up the DagBag from /opt/airflow/dags/weather_etl.py
[2026-09-25T23:22:22.014+0000] {processor.py:925} INFO - DAG(s) 'weather_etl' retrieved from /opt/airflow/dags/weather_etl.py
[2026-09-25T23:22:22.020+0000] {logging_mixin.py:190} INFO - [2026-09-25T23:22:22.020+0000] {dag.py:3229} INFO - Sync 1 DAGs
[2026-09-25T23:22:22.030+0000] {logging_mixin.py:190} INFO - [2026-09-25T23:22:22.029+0000] {dag.py:4156} INFO - Setting next_dagrun for weather_etl to 2026-09-25 02:30:00+00:00, run_after=2026-09-26 02:30:00+00:00
[2026-09-25T23:22:22.035+0000] {processor.py:208} INFO - Processing /opt/airflow/dags/weather_etl.py took 0.052 seconds
[2026-09-25T23:22:52.395+0000] {processor.py:186} INFO - Started process (PID=3071) to work on /opt/airflow/dags/weather_etl.py
[2026-09-25T23:22:52.399+0000] {processor.py:914} INFO - Processing file /opt/airflow/dags/weather_etl.py for tasks to queue
[2026-09-25T23:22:52.400+0000] {logging_mixin.py:190} INFO - [2026-09-25T23:22:52.400+0000] {dagbag.py:587} INFO - Filling up the DagBag from /opt/airflow/dags/weather_etl.py
[2026-09-25T23:22:52.422+0000] {processor.py:925} INFO - DAG(s) 'weather_etl' retrieved from /opt/airflow/dags/weather_etl.py
[2026-09-25T23:22:52.429+0000] {logging_mixin.py:190} INFO - [2026-09-25T23:22:52.429+0000] {dag.py:3229} INFO - Sync 1 DAGs
[2026-09-25T23:22:52.443+0000] {logging_mixin.py:190} INFO - [2026-09-25T23:22:52.442+0000] {dag.py:4156} INFO - Setting next_dagrun for weather_etl to 2026-09-25 02:30:00+00:00, run_after=2026-09-26 02:30:00+00:00
[2026-09-25T23:22:52.449+0000] {processor.py:208} INFO - Processing /opt/airflow/dags/weather_etl.py took 0.061 seconds
[2026-09-25T23:23:22.803+0000] {processor.py:186} INFO - Started process (PID=3087) to work on /opt/airflow/dags/weather_etl.py
[2026-09-25T23:23:22.808+0000] {processor.py:914} INFO - Processing file /opt/airflow/dags/weather_etl.py for tasks to queue
[2026-09-25T23:23:22.808+0000] {logging_mixin.py:190} INFO - [2026-09-25T23:23:22.808+0000] {dagbag.py:587} INFO - Filling up the DagBag from /opt/airflow/dags/weather_etl.py
[2026-09-25T23:23:22.830+0000] {processor.py:925} INFO - DAG(s) 'weather_etl' retrieved from /opt/airflow/dags/weather_etl.py
[2026-09-25T23:23:22.837+0000] {logging_mixin.py:190} INFO - [2026-09-25T23:23:22.837+0000] {dag.py:3229} INFO - Sync 1 DAGs
[2026-09-25T23:23:22.847+0000] {logging_mixin.py:190} INFO - [2026-09-25T23:23:22.847+0000] {dag.py:4156} INFO - Setting next_dagrun for weather_etl to 2026-09-25 02:30:00+00:00, run_after=2026-09-26 02:30:00+00:00
[2026-09-25T23:23:22.853+0000] {processor.py:208} INFO - Processing /opt/airflow/dags/weather_etl.py took 0.056 seconds
[2026-09-25T23:23:53.207+0000] {processor.py:186} INFO - Started process (PID=3103) to work on /opt/airflow/dags/weather_etl.py
[2026-09-25T23:23:53.210+0000] {processor.py:914} INFO - Processing file /opt/airflow/dags/weather_etl.py for tasks to queue
[2026-09-25T23:23:53.210+0000] {logging_mixin.py:190} INFO - [2026-09-25T23:23:53.210+0000] {dagbag.py:587} INFO - Filling up the DagBag from /opt/airflow/dags/weather_etl.py
[2026-09-25T23:23:53.230+0000] {processor.py:925} INFO - DAG(s) 'weather_etl' retrieved from /opt/airflow/dags/weather_etl.py
[2026-09-25T23:23:53.236+0000] {logging_mixin.py:190} INFO - [2026-09-25T23:23:53.236+0000] {dag.py:3229} INFO - Sync 1 DAGs
[2026-09-25T23:23:53.247+0000] {logging_mixin.py:190} INFO - [2026-09-25T23:23:53.247+0000] {dag.py:4156} INFO - Setting next_dagrun for weather_etl to 2026-09-25 02:30:00+00:00, run_after=2026-09-26 02:30:00+00:00
[2026-09-25T23:23:53.253+0000] {processor.py:208} INFO - Processing /opt/airflow/dags/weather_etl.py took 0.051 seconds
[2026-09-25T23:24:23.650+0000] {processor.py:186} INFO - Started process (PID=3119) to work on /opt/airflow/dags/weather_etl.py
[2026-09-25T23:24:23.655+0000] {processor.py:914} INFO - Processing file /opt/airflow/dags/weather_etl.py for tasks to queue
[2026-09-25T23:24:23.656+0000] {logging_mixin.py:190} INFO - [2026-09-25T23:24:23.655+0000] {dagbag.py:587} INFO - Filling up the DagBag from /opt/airflow/dags/weather_etl.py
[2026-09-25T23:24:23.675+0000] {processor.py:925} INFO - DAG(s) 'weather_etl' retrieved from /opt/airflow/dags/weather_etl.py
[2026-09-25T23:24:23.681+0000] {logging_mixin.py:190} INFO - [2026-09-25T23:24:23.681+0000] {dag.py:3229} INFO - Sync 1 DAGs
[2026-09-25T23:24:23.691+0000] {logging_mixin.py:190} INFO - [2026-09-25T23:24:23.691+0000] {dag.py:4156} INFO - Setting next_dagrun for weather_etl to 2026-09-25 02:30:00+00:00, run_after=2026-09-26 02:30:00+00:00
[2026-09-25T23:24:23.697+0000] {processor.py:208} INFO - Processing /opt/airflow/dags/weather_etl.py took 0.053 seconds
[2026-09-25T23:24:54.068+0000] {processor.py:186} INFO - Started process (PID=3135) to work on /opt/airflow/dags/weather_etl.py
[2026-09-25T23:24:54.073+0000] {processor.py:914} INFO - Processing file /opt/airflow/dags/weather_etl.py for tasks to queue
[2026-09-25T23:24:54.074+0000] {logging_mixin.py:190} INFO - [2026-09-25T23:24:54.074+0000] {dagbag.py:587} INFO - Filling up the DagBag from /opt/airflow/dags/weather_etl.py
[2026-09-25T23:24:54.091+0000] {processor.py:925} INFO - DAG(s) 'weather_etl' retrieved from /opt/airflow/dags/weather_etl.py
[2026-09-25T23:24:54.097+0000] {logging_mixin.py:190} INFO - [2026-09-25T23:24:54.097+0000] {dag.py:3229} INFO - Sync 1 DAGs
[2026-09-25T23:24:54.109+0000] {logging_mixin.py:190} INFO - [2026-09-25T23:24:54.109+0000] {dag.py:4156} INFO - Setting next_dagrun for weather_etl to 2026-09-25 02:30:00+00:00, run_after=2026-09-26 02:30:00+00:00
[2026-09-25T23:24:54.117+0000] {processor.py:208} INFO - Processing /opt/airflow/dags/weather_etl.py took 0.055 seconds
[2026-09-25T23:25:24.466+0000] {processor.py:186} INFO - Started process (PID=3151) to work on /opt/airflow/dags/weather_etl.py
[2026-09-25T23:25:24.471+0000] {processor.py:914} INFO - Processing file /opt/airflow/dags/weather_etl.py for tasks to queue
[2026-09-25T23:25:24.472+0000] {logging_mixin.py:190} INFO - [2026-09-25T23:25:24.471+0000] {dagbag.py:587} INFO - Filling up the DagBag from /opt/airflow/dags/weather_etl.py
[2026-09-25T23:25:24.492+0000] {processor.py:925} INFO - DAG(s) 'weather_etl' retrieved from /opt/airflow/dags/weather_etl.py
[2026-09-25T23:25:24.499+0000] {logging_mixin.py:190} INFO - [2026-09-25T23:25:24.499+0000] {dag.py:3229} INFO - Sync 1 DAGs
[2026-09-25T23:25:24.509+0000] {logging_mixin.py:190} INFO - [2026-09-25T23:25:24.509+0000] {dag.py:4156} INFO - Setting next_dagrun for weather_etl to 2026-09-25 02:30:00+00:00, run_after=2026-09-26 02:30:00+00:00
[2026-09-25T23:25:24.515+0000] {processor.py:208} INFO - Processing /opt/airflow/dags/weather_etl.py took 0.055 seconds
[2026-09-25T23:25:54.845+0000] {processor.py:186} INFO - Started process (PID=3167) to work on /opt/airflow/dags/weather_etl.py
[2026-09-25T23:25:54.849+0000] {processor.py:914} INFO - Processing file /opt/airflow/dags/weather_etl.py for tasks to queue
[2026-09-25T23:25:54.850+0000] {logging_mixin.py:190} INFO - [2026-09-25T23:25:54.850+0000] {dagbag.py:587} INFO - Filling up the DagBag from /opt/airflow/dags/weather_etl.py
[2026-09-25T23:25:54.870+0000] {processor.py:925} INFO - DAG(s) 'weather_etl' retrieved from /opt/airflow/dags/weather_etl.py
[2026-09-25T23:25:54.877+0000] {logging_mixin.py:190} INFO - [2026-09-25T23:25:54.877+0000] {dag.py:3229} INFO - Sync 1 DAGs
[2026-09-25T23:25:54.888+0000] {logging_mixin.py:190} INFO - [2026-09-25T23:25:54.888+0000] {dag.py:4156} INFO - Setting next_dagrun for weather_etl to 2026-09-25 02:30:00+00:00, run_after=2026-09-26 02:30:00+00:00
[2026-09-25T23:25:54.894+0000] {processor.py:208} INFO - Processing /opt/airflow/dags/weather_etl.py took 0.058 seconds
[2026-09-25T23:26:25.302+0000] {processor.py:186} INFO - Started process (PID=3183) to work on /opt/airflow/dags/weather_etl.py
[2026-09-25T23:26:25.306+0000] {processor.py:914} INFO - Processing file /opt/airflow/dags/weather_etl.py for tasks to queue
[2026-09-25T23:26:25.307+0000] {logging_mixin.py:190} INFO - [2026-09-25T23:26:25.307+0000] {dagbag.py:587} INFO - Filling up the DagBag from /opt/airflow/dags/weather_etl.py
[2026-09-25T23:26:25.328+0000] {processor.py:925} INFO - DAG(s) 'weather_etl' retrieved from /opt/airflow/dags/weather_etl.py
[2026-09-25T23:26:25.334+0000] {logging_mixin.py:190} INFO - [2026-09-25T23:26:25.334+0000] {dag.py:3229} INFO - Sync 1 DAGs
[2026-09-25T23:26:25.344+0000] {logging_mixin.py:190} INFO - [2026-09-25T23:26:25.344+0000] {dag.py:4156} INFO - Setting next_dagrun for weather_etl to 2026-09-25 02:30:00+00:00, run_after=2026-09-26 02:30:00+00:00
[2026-09-25T23:26:25.350+0000] {processor.py:208} INFO - Processing /opt/airflow/dags/weather_etl.py took 0.057 seconds
[2026-09-25T23:26:55.718+0000] {processor.py:186} INFO - Started process (PID=3199) to work on /opt/airflow/dags/weather_etl.py
[2026-09-25T23:26:55.723+0000] {processor.py:914} INFO - Processing file /opt/airflow/dags/weather_etl.py for tasks to queue
[2026-09-25T23:26:55.723+0000] {logging_mixin.py:190} INFO - [2026-09-25T23:26:55.723+0000] {dagbag.py:587} INFO - Filling up the DagBag from /opt/airflow/dags/weather_etl.py
[2026-09-25T23:26:55.745+0000] {processor.py:925} INFO - DAG(s) 'weather_etl' retrieved from /opt/airflow/dags/weather_etl.py
[2026-09-25T23:26:55.751+0000] {logging_mixin.py:190} INFO - [2026-09-25T23:26:55.751+0000] {dag.py:3229} INFO - Sync 1 DAGs
[2026-09-25T23:26:55.761+0000] {logging_mixin.py:190} INFO - [2026-09-25T23:26:55.761+0000] {dag.py:4156} INFO - Setting next_dagrun for weather_etl to 2026-09-25 02:30:00+00:00, run_after=2026-09-26 02:30:00+00:00
[2026-09-25T23:26:55.767+0000] {processor.py:208} INFO - Processing /opt/airflow/dags/weather_etl.py took 0.056 seconds
[2026-09-25T23:27:26.151+0000] {processor.py:186} INFO - Started process (PID=3215) to work on /opt/airflow/dags/weather_etl.py
[2026-09-25T23:27:26.155+0000] {processor.py:914} INFO - Processing file /opt/airflow/dags/weather_etl.py for tasks to queue
[2026-09-25T23:27:26.156+0000] {logging_mixin.py:190} INFO - [2026-09-25T23:27:26.156+0000] {dagbag.py:587} INFO - Filling up the DagBag from /opt/airflow/dags/weather_etl.py
[2026-09-25T23:27:26.179+0000] {processor.py:925} INFO - DAG(s) 'weather_etl' retrieved from /opt/airflow/dags/weather_etl.py
[2026-09-25T23:27:26.185+0000] {logging_mixin.py:190} INFO - [2026-09-25T23:27:26.185+0000] {dag.py:3229} INFO - Sync 1 DAGs
[2026-09-25T23:27:26.197+0000] {logging_mixin.py:190} INFO - [2026-09-25T23:27:26.197+0000] {dag.py:4156} INFO - Setting next_dagrun for weather_etl to 2026-09-25 02:30:00+00:00, run_after=2026-09-26 02:30:00+00:00
[2026-09-25T23:27:26.203+0000] {processor.py:208} INFO - Processing /opt/airflow/dags/weather_etl.py took 0.059 seconds
[2026-09-25T23:27:56.602+0000] {processor.py:186} INFO - Started process (PID=3231) to work on /opt/airflow/dags/weather_etl.py
[2026-09-25T23:27:56.605+0000] {processor.py:914} INFO - Processing file /opt/airflow/dags/weather_etl.py for tasks to queue
[2026-09-25T23:27:56.606+0000] {logging_mixin.py:190} INFO - [2026-09-25T23:27:56.606+0000] {dagbag.py:587} INFO - Filling up the DagBag from /opt/airflow/dags/weather_etl.py
[2026-09-25T23:27:56.627+0000] {processor.py:925} INFO - DAG(s) 'weather_etl' retrieved from /opt/airflow/dags/weather_etl.py
[2026-09-25T23:27:56.633+0000] {logging_mixin.py:190} INFO - [2026-09-25T23:27:56.633+0000] {dag.py:3229} INFO - Sync 1 DAGs
[2026-09-25T23:27:56.643+0000] {logging_mixin.py:190} INFO - [2026-09-25T23:27:56.643+0000] {dag.py:4156} INFO - Setting next_dagrun for weather_etl to 2026-09-25 02:30:00+00:00, run_after=2026-09-26 02:30:00+00:00
[2026-09-25T23:27:56.649+0000] {processor.py:208} INFO - Processing /opt/airflow/dags/weather_etl.py took 0.056 seconds
[2026-09-25T23:28:27.083+0000] {processor.py:186} INFO - Started process (PID=3247) to work on /opt/airflow/dags/weather_etl.py
[2026-09-25T23:28:27.087+0000] {processor.py:914} INFO - Processing file /opt/airflow/dags/weather_etl.py for tasks to queue
[2026-09-25T23:28:27.087+0000] {logging_mixin.py:190} INFO - [2026-09-25T23:28:27.087+0000] {dagbag.py:587} INFO - Filling up the DagBag from /opt/airflow/dags/weather_etl.py
[2026-09-25T23:28:27.111+0000] {processor.py:925} INFO - DAG(s) 'weather_etl' retrieved from /opt/airflow/dags/weather_etl.py
[2026-09-25T23:28:27.118+0000] {logging_mixin.py:190} INFO - [2026-09-25T23:28:27.118+0000] {dag.py:3229} INFO - Sync 1 DAGs
[2026-09-25T23:28:27.130+0000] {logging_mixin.py:190} INFO - [2026-09-25T23:28:27.130+0000] {dag.py:4156} INFO - Setting next_dagrun for weather_etl to 2026-09-25 02:30:00+00:00, run_after=2026-09-26 02:30:00+00:00
[2026-09-25T23:28:27.140+0000] {processor.py:208} INFO - Processing /opt/airflow/dags/weather_etl.py took 0.066 seconds
[2026-09-25T23:28:57.611+0000] {processor.py:186} INFO - Started process (PID=3263) to work on /opt/airflow/dags/weather_etl.py
[2026-09-25T23:28:57.615+0000] {processor.py:914} INFO - Processing file /opt/airflow/dags/weather_etl.py for tasks to queue
[2026-09-25T23:28:57.616+0000] {logging_mixin.py:190} INFO - [2026-09-25T23:28:57.616+0000] {dagbag.py:587} INFO - Filling up the DagBag from /opt/airflow/dags/weather_etl.py
[2026-09-25T23:28:57.639+0000] {processor.py:925} INFO - DAG(s) 'weather_etl' retrieved from /opt/airflow/dags/weather_etl.py
[2026-09-25T23:28:57.645+0000] {logging_mixin.py:190} INFO - [2026-09-25T23:28:57.645+0000] {dag.py:3229} INFO - Sync 1 DAGs
[2026-09-25T23:28:57.657+0000] {logging_mixin.py:190} INFO - [2026-09-25T23:28:57.657+0000] {dag.py:4156} INFO - Setting next_dagrun for weather_etl to 2026-09-25 02:30:00+00:00, run_after=2026-09-26 02:30:00+00:00
[2026-09-25T23:28:57.663+0000] {processor.py:208} INFO - Processing /opt/airflow/dags/weather_etl.py took 0.064 seconds
[2026-09-25T23:29:28.054+0000] {processor.py:186} INFO - Started process (PID=3279) to work on /opt/airflow/dags/weather_etl.py
[2026-09-25T23:29:28.058+0000] {processor.py:914} INFO - Processing file /opt/airflow/dags/weather_etl.py for tasks to queue
[2026-09-25T23:29:28.059+0000] {logging_mixin.py:190} INFO - [2026-09-25T23:29:28.059+0000] {dagbag.py:587} INFO - Filling up the DagBag from /opt/airflow/dags/weather_etl.py
[2026-09-25T23:29:28.086+0000] {processor.py:925} INFO - DAG(s) 'weather_etl' retrieved from /opt/airflow/dags/weather_etl.py
[2026-09-25T23:29:28.094+0000] {logging_mixin.py:190} INFO - [2026-09-25T23:29:28.094+0000] {dag.py:3229} INFO - Sync 1 DAGs
[2026-09-25T23:29:28.108+0000] {logging_mixin.py:190} INFO - [2026-09-25T23:29:28.107+0000] {dag.py:4156} INFO - Setting next_dagrun for weather_etl to 2026-09-25 02:30:00+00:00, run_after=2026-09-26 02:30:00+00:00
[2026-09-25T23:29:28.115+0000] {processor.py:208} INFO - Processing /opt/airflow/dags/weather_etl.py took 0.068 seconds
[2026-09-25T23:29:58.510+0000] {processor.py:186} INFO - Started process (PID=3295) to work on /opt/airflow/dags/weather_etl.py
[2026-09-25T23:29:58.514+0000] {processor.py:914} INFO - Processing file /opt/airflow/dags/weather_etl.py for tasks to queue
[2026-09-25T23:29:58.515+0000] {logging_mixin.py:190} INFO - [2026-09-25T23:29:58.515+0000] {dagbag.py:587} INFO - Filling up the DagBag from /opt/airflow/dags/weather_etl.py
[2026-09-25T23:29:58.535+0000] {processor.py:925} INFO - DAG(s) 'weather_etl' retrieved from /opt/airflow/dags/weather_etl.py
[2026-09-25T23:29:58.541+0000] {logging_mixin.py:190} INFO - [2026-09-25T23:29:58.541+0000] {dag.py:3229} INFO - Sync 1 DAGs
[2026-09-25T23:29:58.551+0000] {logging_mixin.py:190} INFO - [2026-09-25T23:29:58.551+0000] {dag.py:4156} INFO - Setting next_dagrun for weather_etl to 2026-09-25 02:30:00+00:00, run_after=2026-09-26 02:30:00+00:00
[2026-09-25T23:29:58.558+0000] {processor.py:208} INFO - Processing /opt/airflow/dags/weather_etl.py took 0.056 seconds
[2026-09-25T23:30:28.966+0000] {processor.py:186} INFO - Started process (PID=3311) to work on /opt/airflow/dags/weather_etl.py
[2026-09-25T23:30:28.970+0000] {processor.py:914} INFO - Processing file /opt/airflow/dags/weather_etl.py for tasks to queue
[2026-09-25T23:30:28.971+0000] {logging_mixin.py:190} INFO - [2026-09-25T23:30:28.971+0000] {dagbag.py:587} INFO - Filling up the DagBag from /opt/airflow/dags/weather_etl.py
[2026-09-25T23:30:28.997+0000] {processor.py:925} INFO - DAG(s) 'weather_etl' retrieved from /opt/airflow/dags/weather_etl.py
[2026-09-25T23:30:29.004+0000] {logging_mixin.py:190} INFO - [2026-09-25T23:30:29.003+0000] {dag.py:3229} INFO - Sync 1 DAGs
[2026-09-25T23:30:29.015+0000] {logging_mixin.py:190} INFO - [2026-09-25T23:30:29.015+0000] {dag.py:4156} INFO - Setting next_dagrun for weather_etl to 2026-09-25 02:30:00+00:00, run_after=2026-09-26 02:30:00+00:00
[2026-09-25T23:30:29.022+0000] {processor.py:208} INFO - Processing /opt/airflow/dags/weather_etl.py took 0.062 seconds
[2026-09-25T23:30:59.391+0000] {processor.py:186} INFO - Started process (PID=3327) to work on /opt/airflow/dags/weather_etl.py
[2026-09-25T23:30:59.396+0000] {processor.py:914} INFO - Processing file /opt/airflow/dags/weather_etl.py for tasks to queue
[2026-09-25T23:30:59.396+0000] {logging_mixin.py:190} INFO - [2026-09-25T23:30:59.396+0000] {dagbag.py:587} INFO - Filling up the DagBag from /opt/airflow/dags/weather_etl.py
[2026-09-25T23:30:59.417+0000] {processor.py:925} INFO - DAG(s) 'weather_etl' retrieved from /opt/airflow/dags/weather_etl.py
[2026-09-25T23:30:59.423+0000] {logging_mixin.py:190} INFO - [2026-09-25T23:30:59.423+0000] {dag.py:3229} INFO - Sync 1 DAGs
[2026-09-25T23:30:59.436+0000] {logging_mixin.py:190} INFO - [2026-09-25T23:30:59.436+0000] {dag.py:4156} INFO - Setting next_dagrun for weather_etl to 2026-09-25 02:30:00+00:00, run_after=2026-09-26 02:30:00+00:00
[2026-09-25T23:30:59.442+0000] {processor.py:208} INFO - Processing /opt/airflow/dags/weather_etl.py took 0.057 seconds
[2026-09-25T23:31:29.827+0000] {processor.py:186} INFO - Started process (PID=3343) to work on /opt/airflow/dags/weather_etl.py
[2026-09-25T23:31:29.832+0000] {processor.py:914} INFO - Processing file /opt/airflow/dags/weather_etl.py for tasks to queue
[2026-09-25T23:31:29.833+0000] {logging_mixin.py:190} INFO - [2026-09-25T23:31:29.832+0000] {dagbag.py:587} INFO - Filling up the DagBag from /opt/airflow/dags/weather_etl.py
[2026-09-25T23:31:29.852+0000] {processor.py:925} INFO - DAG(s) 'weather_etl' retrieved from /opt/airflow/dags/weather_etl.py
[2026-09-25T23:31:29.860+0000] {logging_mixin.py:190} INFO - [2026-09-25T23:31:29.860+0000] {dag.py:3229} INFO - Sync 1 DAGs
[2026-09-25T23:31:29.870+0000] {logging_mixin.py:190} INFO - [2026-09-25T23:31:29.870+0000] {dag.py:4156} INFO - Setting next_dagrun for weather_etl to 2026-09-25 02:30:00+00:00, run_after=2026-09-26 02:30:00+00:00
[2026-09-25T23:31:29.876+0000] {processor.py:208} INFO - Processing /opt/airflow/dags/weather_etl.py took 0.055 seconds
[2026-09-25T23:32:00.309+0000] {processor.py:186} INFO - Started process (PID=3359) to work on /opt/airflow/dags/weather_etl.py
[2026-09-25T23:32:00.314+0000] {processor.py:914} INFO - Processing file /opt/airflow/dags/weather_etl.py for tasks to queue
[2026-09-25T23:32:00.315+0000] {logging_mixin.py:190} INFO - [2026-09-25T23:32:00.315+0000] {dagbag.py:587} INFO - Filling up the DagBag from /opt/airflow/dags/weather_etl.py
[2026-09-25T23:32:00.348+0000] {processor.py:925} INFO - DAG(s) 'weather_etl' retrieved from /opt/airflow/dags/weather_etl.py
[2026-09-25T23:32:00.357+0000] {logging_mixin.py:190} INFO - [2026-09-25T23:32:00.357+0000] {dag.py:3229} INFO - Sync 1 DAGs
[2026-09-25T23:32:00.377+0000] {logging_mixin.py:190} INFO - [2026-09-25T23:32:00.377+0000] {dag.py:4156} INFO - Setting next_dagrun for weather_etl to 2026-09-25 02:30:00+00:00, run_after=2026-09-26 02:30:00+00:00
[2026-09-25T23:32:00.385+0000] {processor.py:208} INFO - Processing /opt/airflow/dags/weather_etl.py took 0.085 seconds
[2026-09-25T23:32:30.787+0000] {processor.py:186} INFO - Started process (PID=3375) to work on /opt/airflow/dags/weather_etl.py
[2026-09-25T23:32:30.811+0000] {processor.py:914} INFO - Processing file /opt/airflow/dags/weather_etl.py for tasks to queue
[2026-09-25T23:32:30.813+0000] {logging_mixin.py:190} INFO - [2026-09-25T23:32:30.812+0000] {dagbag.py:587} INFO - Filling up the DagBag from /opt/airflow/dags/weather_etl.py
[2026-09-25T23:32:30.840+0000] {processor.py:925} INFO - DAG(s) 'weather_etl' retrieved from /opt/airflow/dags/weather_etl.py
[2026-09-25T23:32:30.852+0000] {logging_mixin.py:190} INFO - [2026-09-25T23:32:30.852+0000] {dag.py:3229} INFO - Sync 1 DAGs
[2026-09-25T23:32:30.884+0000] {logging_mixin.py:190} INFO - [2026-09-25T23:32:30.884+0000] {dag.py:4156} INFO - Setting next_dagrun for weather_etl to 2026-09-25 02:30:00+00:00, run_after=2026-09-26 02:30:00+00:00
[2026-09-25T23:32:30.898+0000] {processor.py:208} INFO - Processing /opt/airflow/dags/weather_etl.py took 0.126 seconds
[2026-09-25T23:33:01.254+0000] {processor.py:186} INFO - Started process (PID=3391) to work on /opt/airflow/dags/weather_etl.py
[2026-09-25T23:33:01.258+0000] {processor.py:914} INFO - Processing file /opt/airflow/dags/weather_etl.py for tasks to queue
[2026-09-25T23:33:01.259+0000] {logging_mixin.py:190} INFO - [2026-09-25T23:33:01.259+0000] {dagbag.py:587} INFO - Filling up the DagBag from /opt/airflow/dags/weather_etl.py
[2026-09-25T23:33:01.275+0000] {processor.py:925} INFO - DAG(s) 'weather_etl' retrieved from /opt/airflow/dags/weather_etl.py
[2026-09-25T23:33:01.281+0000] {logging_mixin.py:190} INFO - [2026-09-25T23:33:01.281+0000] {dag.py:3229} INFO - Sync 1 DAGs
[2026-09-25T23:33:01.292+0000] {logging_mixin.py:190} INFO - [2026-09-25T23:33:01.291+0000] {dag.py:4156} INFO - Setting next_dagrun for weather_etl to 2026-09-25 02:30:00+00:00, run_after=2026-09-26 02:30:00+00:00
[2026-09-25T23:33:01.298+0000] {processor.py:208} INFO - Processing /opt/airflow/dags/weather_etl.py took 0.054 seconds
[2026-09-25T23:33:31.626+0000] {processor.py:186} INFO - Started process (PID=3407) to work on /opt/airflow/dags/weather_etl.py
[2026-09-25T23:33:31.631+0000] {processor.py:914} INFO - Processing file /opt/airflow/dags/weather_etl.py for tasks to queue
[2026-09-25T23:33:31.632+0000] {logging_mixin.py:190} INFO - [2026-09-25T23:33:31.632+0000] {dagbag.py:587} INFO - Filling up the DagBag from /opt/airflow/dags/weather_etl.py
[2026-09-25T23:33:31.652+0000] {processor.py:925} INFO - DAG(s) 'weather_etl' retrieved from /opt/airflow/dags/weather_etl.py
[2026-09-25T23:33:31.659+0000] {logging_mixin.py:190} INFO - [2026-09-25T23:33:31.659+0000] {dag.py:3229} INFO - Sync 1 DAGs
[2026-09-25T23:33:31.670+0000] {logging_mixin.py:190} INFO - [2026-09-25T23:33:31.669+0000] {dag.py:4156} INFO - Setting next_dagrun for weather_etl to 2026-09-25 02:30:00+00:00, run_after=2026-09-26 02:30:00+00:00
[2026-09-25T23:33:31.676+0000] {processor.py:208} INFO - Processing /opt/airflow/dags/weather_etl.py took 0.056 seconds
[2026-09-25T23:34:01.961+0000] {processor.py:186} INFO - Started process (PID=3423) to work on /opt/airflow/dags/weather_etl.py
[2026-09-25T23:34:01.965+0000] {processor.py:914} INFO - Processing file /opt/airflow/dags/weather_etl.py for tasks to queue
[2026-09-25T23:34:01.967+0000] {logging_mixin.py:190} INFO - [2026-09-25T23:34:01.967+0000] {dagbag.py:587} INFO - Filling up the DagBag from /opt/airflow/dags/weather_etl.py
[2026-09-25T23:34:01.986+0000] {processor.py:925} INFO - DAG(s) 'weather_etl' retrieved from /opt/airflow/dags/weather_etl.py
[2026-09-25T23:34:01.993+0000] {logging_mixin.py:190} INFO - [2026-09-25T23:34:01.993+0000] {dag.py:3229} INFO - Sync 1 DAGs
[2026-09-25T23:34:02.003+0000] {logging_mixin.py:190} INFO - [2026-09-25T23:34:02.003+0000] {dag.py:4156} INFO - Setting next_dagrun for weather_etl to 2026-09-25 02:30:00+00:00, run_after=2026-09-26 02:30:00+00:00
[2026-09-25T23:34:02.009+0000] {processor.py:208} INFO - Processing /opt/airflow/dags/weather_etl.py took 0.055 seconds
[2026-09-25T23:34:32.368+0000] {processor.py:186} INFO - Started process (PID=3439) to work on /opt/airflow/dags/weather_etl.py
[2026-09-25T23:34:32.373+0000] {processor.py:914} INFO - Processing file /opt/airflow/dags/weather_etl.py for tasks to queue
[2026-09-25T23:34:32.374+0000] {logging_mixin.py:190} INFO - [2026-09-25T23:34:32.373+0000] {dagbag.py:587} INFO - Filling up the DagBag from /opt/airflow/dags/weather_etl.py
[2026-09-25T23:34:32.393+0000] {processor.py:925} INFO - DAG(s) 'weather_etl' retrieved from /opt/airflow/dags/weather_etl.py
[2026-09-25T23:34:32.400+0000] {logging_mixin.py:190} INFO - [2026-09-25T23:34:32.399+0000] {dag.py:3229} INFO - Sync 1 DAGs
[2026-09-25T23:34:32.410+0000] {logging_mixin.py:190} INFO - [2026-09-25T23:34:32.409+0000] {dag.py:4156} INFO - Setting next_dagrun for weather_etl to 2026-09-25 02:30:00+00:00, run_after=2026-09-26 02:30:00+00:00
[2026-09-25T23:34:32.416+0000] {processor.py:208} INFO - Processing /opt/airflow/dags/weather_etl.py took 0.055 seconds
[2026-09-25T23:35:02.779+0000] {processor.py:186} INFO - Started process (PID=3455) to work on /opt/airflow/dags/weather_etl.py
[2026-09-25T23:35:02.783+0000] {processor.py:914} INFO - Processing file /opt/airflow/dags/weather_etl.py for tasks to queue
[2026-09-25T23:35:02.786+0000] {logging_mixin.py:190} INFO - [2026-09-25T23:35:02.786+0000] {dagbag.py:587} INFO - Filling up the DagBag from /opt/airflow/dags/weather_etl.py
[2026-09-25T23:35:02.808+0000] {processor.py:925} INFO - DAG(s) 'weather_etl' retrieved from /opt/airflow/dags/weather_etl.py
[2026-09-25T23:35:02.815+0000] {logging_mixin.py:190} INFO - [2026-09-25T23:35:02.815+0000] {dag.py:3229} INFO - Sync 1 DAGs
[2026-09-25T23:35:02.829+0000] {logging_mixin.py:190} INFO - [2026-09-25T23:35:02.829+0000] {dag.py:4156} INFO - Setting next_dagrun for weather_etl to 2026-09-25 02:30:00+00:00, run_after=2026-09-26 02:30:00+00:00
[2026-09-25T23:35:02.835+0000] {processor.py:208} INFO - Processing /opt/airflow/dags/weather_etl.py took 0.063 seconds
[2026-09-25T23:35:33.187+0000] {processor.py:186} INFO - Started process (PID=3471) to work on /opt/airflow/dags/weather_etl.py
[2026-09-25T23:35:33.192+0000] {processor.py:914} INFO - Processing file /opt/airflow/dags/weather_etl.py for tasks to queue
[2026-09-25T23:35:33.193+0000] {logging_mixin.py:190} INFO - [2026-09-25T23:35:33.193+0000] {dagbag.py:587} INFO - Filling up the DagBag from /opt/airflow/dags/weather_etl.py
[2026-09-25T23:35:33.212+0000] {processor.py:925} INFO - DAG(s) 'weather_etl' retrieved from /opt/airflow/dags/weather_etl.py
[2026-09-25T23:35:33.219+0000] {logging_mixin.py:190} INFO - [2026-09-25T23:35:33.219+0000] {dag.py:3229} INFO - Sync 1 DAGs
[2026-09-25T23:35:33.230+0000] {logging_mixin.py:190} INFO - [2026-09-25T23:35:33.230+0000] {dag.py:4156} INFO - Setting next_dagrun for weather_etl to 2026-09-25 02:30:00+00:00, run_after=2026-09-26 02:30:00+00:00
[2026-09-25T23:35:33.237+0000] {processor.py:208} INFO - Processing /opt/airflow/dags/weather_etl.py took 0.056 seconds
[2026-09-25T23:36:03.553+0000] {processor.py:186} INFO - Started process (PID=3487) to work on /opt/airflow/dags/weather_etl.py
[2026-09-25T23:36:03.556+0000] {processor.py:914} INFO - Processing file /opt/airflow/dags/weather_etl.py for tasks to queue
[2026-09-25T23:36:03.557+0000] {logging_mixin.py:190} INFO - [2026-09-25T23:36:03.557+0000] {dagbag.py:587} INFO - Filling up the DagBag from /opt/airflow/dags/weather_etl.py
[2026-09-25T23:36:03.579+0000] {processor.py:925} INFO - DAG(s) 'weather_etl' retrieved from /opt/airflow/dags/weather_etl.py
[2026-09-25T23:36:03.587+0000] {logging_mixin.py:190} INFO - [2026-09-25T23:36:03.587+0000] {dag.py:3229} INFO - Sync 1 DAGs
[2026-09-25T23:36:03.599+0000] {logging_mixin.py:190} INFO - [2026-09-25T23:36:03.599+0000] {dag.py:4156} INFO - Setting next_dagrun for weather_etl to 2026-09-25 02:30:00+00:00, run_after=2026-09-26 02:30:00+00:00
[2026-09-25T23:36:03.605+0000] {processor.py:208} INFO - Processing /opt/airflow/dags/weather_etl.py took 0.057 seconds
[2026-09-25T23:36:34.051+0000] {processor.py:186} INFO - Started process (PID=3503) to work on /opt/airflow/dags/weather_etl.py
[2026-09-25T23:36:34.055+0000] {processor.py:914} INFO - Processing file /opt/airflow/dags/weather_etl.py for tasks to queue
[2026-09-25T23:36:34.057+0000] {logging_mixin.py:190} INFO - [2026-09-25T23:36:34.056+0000] {dagbag.py:587} INFO - Filling up the DagBag from /opt/airflow/dags/weather_etl.py
[2026-09-25T23:36:34.075+0000] {processor.py:925} INFO - DAG(s) 'weather_etl' retrieved from /opt/airflow/dags/weather_etl.py
[2026-09-25T23:36:34.082+0000] {logging_mixin.py:190} INFO - [2026-09-25T23:36:34.082+0000] {dag.py:3229} INFO - Sync 1 DAGs
[2026-09-25T23:36:34.093+0000] {logging_mixin.py:190} INFO - [2026-09-25T23:36:34.093+0000] {dag.py:4156} INFO - Setting next_dagrun for weather_etl to 2026-09-25 02:30:00+00:00, run_after=2026-09-26 02:30:00+00:00
[2026-09-25T23:36:34.099+0000] {processor.py:208} INFO - Processing /opt/airflow/dags/weather_etl.py took 0.057 seconds
[2026-09-25T23:37:04.472+0000] {processor.py:186} INFO - Started process (PID=3519) to work on /opt/airflow/dags/weather_etl.py
[2026-09-25T23:37:04.478+0000] {processor.py:914} INFO - Processing file /opt/airflow/dags/weather_etl.py for tasks to queue
[2026-09-25T23:37:04.479+0000] {logging_mixin.py:190} INFO - [2026-09-25T23:37:04.479+0000] {dagbag.py:587} INFO - Filling up the DagBag from /opt/airflow/dags/weather_etl.py
[2026-09-25T23:37:04.504+0000] {processor.py:925} INFO - DAG(s) 'weather_etl' retrieved from /opt/airflow/dags/weather_etl.py
[2026-09-25T23:37:04.510+0000] {logging_mixin.py:190} INFO - [2026-09-25T23:37:04.510+0000] {dag.py:3229} INFO - Sync 1 DAGs
[2026-09-25T23:37:04.521+0000] {logging_mixin.py:190} INFO - [2026-09-25T23:37:04.521+0000] {dag.py:4156} INFO - Setting next_dagrun for weather_etl to 2026-09-25 02:30:00+00:00, run_after=2026-09-26 02:30:00+00:00
[2026-09-25T23:37:04.527+0000] {processor.py:208} INFO - Processing /opt/airflow/dags/weather_etl.py took 0.063 seconds
[2026-09-25T23:37:34.905+0000] {processor.py:186} INFO - Started process (PID=3535) to work on /opt/airflow/dags/weather_etl.py
[2026-09-25T23:37:34.909+0000] {processor.py:914} INFO - Processing file /opt/airflow/dags/weather_etl.py for tasks to queue
[2026-09-25T23:37:34.909+0000] {logging_mixin.py:190} INFO - [2026-09-25T23:37:34.909+0000] {dagbag.py:587} INFO - Filling up the DagBag from /opt/airflow/dags/weather_etl.py
[2026-09-25T23:37:34.932+0000] {processor.py:925} INFO - DAG(s) 'weather_etl' retrieved from /opt/airflow/dags/weather_etl.py
[2026-09-25T23:37:34.938+0000] {logging_mixin.py:190} INFO - [2026-09-25T23:37:34.938+0000] {dag.py:3229} INFO - Sync 1 DAGs
[2026-09-25T23:37:34.949+0000] {logging_mixin.py:190} INFO - [2026-09-25T23:37:34.949+0000] {dag.py:4156} INFO - Setting next_dagrun for weather_etl to 2026-09-25 02:30:00+00:00, run_after=2026-09-26 02:30:00+00:00
[2026-09-25T23:37:34.955+0000] {processor.py:208} INFO - Processing /opt/airflow/dags/weather_etl.py took 0.056 seconds
[2026-09-25T23:38:05.285+0000] {processor.py:186} INFO - Started process (PID=3551) to work on /opt/airflow/dags/weather_etl.py
[2026-09-25T23:38:05.289+0000] {processor.py:914} INFO - Processing file /opt/airflow/dags/weather_etl.py for tasks to queue
[2026-09-25T23:38:05.290+0000] {logging_mixin.py:190} INFO - [2026-09-25T23:38:05.290+0000] {dagbag.py:587} INFO - Filling up the DagBag from /opt/airflow/dags/weather_etl.py
[2026-09-25T23:38:05.310+0000] {processor.py:925} INFO - DAG(s) 'weather_etl' retrieved from /opt/airflow/dags/weather_etl.py
[2026-09-25T23:38:05.316+0000] {logging_mixin.py:190} INFO - [2026-09-25T23:38:05.316+0000] {dag.py:3229} INFO - Sync 1 DAGs
[2026-09-25T23:38:05.327+0000] {logging_mixin.py:190} INFO - [2026-09-25T23:38:05.326+0000] {dag.py:4156} INFO - Setting next_dagrun for weather_etl to 2026-09-25 02:30:00+00:00, run_after=2026-09-26 02:30:00+00:00
[2026-09-25T23:38:05.333+0000] {processor.py:208} INFO - Processing /opt/airflow/dags/weather_etl.py took 0.053 seconds
[2026-09-25T23:38:35.742+0000] {processor.py:186} INFO - Started process (PID=3567) to work on /opt/airflow/dags/weather_etl.py
[2026-09-25T23:38:35.746+0000] {processor.py:914} INFO - Processing file /opt/airflow/dags/weather_etl.py for tasks to queue
[2026-09-25T23:38:35.747+0000] {logging_mixin.py:190} INFO - [2026-09-25T23:38:35.747+0000] {dagbag.py:587} INFO - Filling up the DagBag from /opt/airflow/dags/weather_etl.py
[2026-09-25T23:38:35.766+0000] {processor.py:925} INFO - DAG(s) 'weather_etl' retrieved from /opt/airflow/dags/weather_etl.py
[2026-09-25T23:38:35.772+0000] {logging_mixin.py:190} INFO - [2026-09-25T23:38:35.772+0000] {dag.py:3229} INFO - Sync 1 DAGs
[2026-09-25T23:38:35.783+0000] {logging_mixin.py:190} INFO - [2026-09-25T23:38:35.783+0000] {dag.py:4156} INFO - Setting next_dagrun for weather_etl to 2026-09-25 02:30:00+00:00, run_after=2026-09-26 02:30:00+00:00
[2026-09-25T23:38:35.791+0000] {processor.py:208} INFO - Processing /opt/airflow/dags/weather_etl.py took 0.054 seconds
[2026-09-25T23:39:06.201+0000] {processor.py:186} INFO - Started process (PID=3583) to work on /opt/airflow/dags/weather_etl.py
[2026-09-25T23:39:06.205+0000] {processor.py:914} INFO - Processing file /opt/airflow/dags/weather_etl.py for tasks to queue
[2026-09-25T23:39:06.206+0000] {logging_mixin.py:190} INFO - [2026-09-25T23:39:06.205+0000] {dagbag.py:587} INFO - Filling up the DagBag from /opt/airflow/dags/weather_etl.py
[2026-09-25T23:39:06.225+0000] {processor.py:925} INFO - DAG(s) 'weather_etl' retrieved from /opt/airflow/dags/weather_etl.py
[2026-09-25T23:39:06.231+0000] {logging_mixin.py:190} INFO - [2026-09-25T23:39:06.231+0000] {dag.py:3229} INFO - Sync 1 DAGs
[2026-09-25T23:39:06.242+0000] {logging_mixin.py:190} INFO - [2026-09-25T23:39:06.242+0000] {dag.py:4156} INFO - Setting next_dagrun for weather_etl to 2026-09-25 02:30:00+00:00, run_after=2026-09-26 02:30:00+00:00
[2026-09-25T23:39:06.248+0000] {processor.py:208} INFO - Processing /opt/airflow/dags/weather_etl.py took 0.053 seconds
[2026-09-25T23:39:36.539+0000] {processor.py:186} INFO - Started process (PID=3599) to work on /opt/airflow/dags/weather_etl.py
[2026-09-25T23:39:36.543+0000] {processor.py:914} INFO - Processing file /opt/airflow/dags/weather_etl.py for tasks to queue
[2026-09-25T23:39:36.544+0000] {logging_mixin.py:190} INFO - [2026-09-25T23:39:36.543+0000] {dagbag.py:587} INFO - Filling up the DagBag from /opt/airflow/dags/weather_etl.py
[2026-09-25T23:39:36.561+0000] {processor.py:925} INFO - DAG(s) 'weather_etl' retrieved from /opt/airflow/dags/weather_etl.py
[2026-09-25T23:39:36.567+0000] {logging_mixin.py:190} INFO - [2026-09-25T23:39:36.567+0000] {dag.py:3229} INFO - Sync 1 DAGs
[2026-09-25T23:39:36.578+0000] {logging_mixin.py:190} INFO - [2026-09-25T23:39:36.578+0000] {dag.py:4156} INFO - Setting next_dagrun for weather_etl to 2026-09-25 02:30:00+00:00, run_after=2026-09-26 02:30:00+00:00
[2026-09-25T23:39:36.584+0000] {processor.py:208} INFO - Processing /opt/airflow/dags/weather_etl.py took 0.050 seconds
[2026-09-25T23:40:06.902+0000] {processor.py:186} INFO - Started process (PID=3615) to work on /opt/airflow/dags/weather_etl.py
[2026-09-25T23:40:06.907+0000] {processor.py:914} INFO - Processing file /opt/airflow/dags/weather_etl.py for tasks to queue
[2026-09-25T23:40:06.909+0000] {logging_mixin.py:190} INFO - [2026-09-25T23:40:06.909+0000] {dagbag.py:587} INFO - Filling up the DagBag from /opt/airflow/dags/weather_etl.py
[2026-09-25T23:40:06.929+0000] {processor.py:925} INFO - DAG(s) 'weather_etl' retrieved from /opt/airflow/dags/weather_etl.py
[2026-09-25T23:40:06.936+0000] {logging_mixin.py:190} INFO - [2026-09-25T23:40:06.936+0000] {dag.py:3229} INFO - Sync 1 DAGs
[2026-09-25T23:40:06.946+0000] {logging_mixin.py:190} INFO - [2026-09-25T23:40:06.946+0000] {dag.py:4156} INFO - Setting next_dagrun for weather_etl to 2026-09-25 02:30:00+00:00, run_after=2026-09-26 02:30:00+00:00
[2026-09-25T23:40:06.952+0000] {processor.py:208} INFO - Processing /opt/airflow/dags/weather_etl.py took 0.057 seconds
[2026-09-25T23:40:37.326+0000] {processor.py:186} INFO - Started process (PID=3631) to work on /opt/airflow/dags/weather_etl.py
[2026-09-25T23:40:37.331+0000] {processor.py:914} INFO - Processing file /opt/airflow/dags/weather_etl.py for tasks to queue
[2026-09-25T23:40:37.332+0000] {logging_mixin.py:190} INFO - [2026-09-25T23:40:37.332+0000] {dagbag.py:587} INFO - Filling up the DagBag from /opt/airflow/dags/weather_etl.py
[2026-09-25T23:40:37.352+0000] {processor.py:925} INFO - DAG(s) 'weather_etl' retrieved from /opt/airflow/dags/weather_etl.py
[2026-09-25T23:40:37.358+0000] {logging_mixin.py:190} INFO - [2026-09-25T23:40:37.358+0000] {dag.py:3229} INFO - Sync 1 DAGs
[2026-09-25T23:40:37.369+0000] {logging_mixin.py:190} INFO - [2026-09-25T23:40:37.369+0000] {dag.py:4156} INFO - Setting next_dagrun for weather_etl to 2026-09-25 02:30:00+00:00, run_after=2026-09-26 02:30:00+00:00
[2026-09-25T23:40:37.375+0000] {processor.py:208} INFO - Processing /opt/airflow/dags/weather_etl.py took 0.054 seconds
[2026-09-25T23:41:07.798+0000] {processor.py:186} INFO - Started process (PID=3647) to work on /opt/airflow/dags/weather_etl.py
[2026-09-25T23:41:07.803+0000] {processor.py:914} INFO - Processing file /opt/airflow/dags/weather_etl.py for tasks to queue
[2026-09-25T23:41:07.805+0000] {logging_mixin.py:190} INFO - [2026-09-25T23:41:07.804+0000] {dagbag.py:587} INFO - Filling up the DagBag from /opt/airflow/dags/weather_etl.py
[2026-09-25T23:41:07.825+0000] {processor.py:925} INFO - DAG(s) 'weather_etl' retrieved from /opt/airflow/dags/weather_etl.py
[2026-09-25T23:41:07.831+0000] {logging_mixin.py:190} INFO - [2026-09-25T23:41:07.831+0000] {dag.py:3229} INFO - Sync 1 DAGs
[2026-09-25T23:41:07.842+0000] {logging_mixin.py:190} INFO - [2026-09-25T23:41:07.842+0000] {dag.py:4156} INFO - Setting next_dagrun for weather_etl to 2026-09-25 02:30:00+00:00, run_after=2026-09-26 02:30:00+00:00
[2026-09-25T23:41:07.848+0000] {processor.py:208} INFO - Processing /opt/airflow/dags/weather_etl.py took 0.056 seconds
[2026-09-25T23:41:38.210+0000] {processor.py:186} INFO - Started process (PID=3663) to work on /opt/airflow/dags/weather_etl.py
[2026-09-25T23:41:38.214+0000] {processor.py:914} INFO - Processing file /opt/airflow/dags/weather_etl.py for tasks to queue
[2026-09-25T23:41:38.215+0000] {logging_mixin.py:190} INFO - [2026-09-25T23:41:38.215+0000] {dagbag.py:587} INFO - Filling up the DagBag from /opt/airflow/dags/weather_etl.py
[2026-09-25T23:41:38.232+0000] {processor.py:925} INFO - DAG(s) 'weather_etl' retrieved from /opt/airflow/dags/weather_etl.py
[2026-09-25T23:41:38.238+0000] {logging_mixin.py:190} INFO - [2026-09-25T23:41:38.238+0000] {dag.py:3229} INFO - Sync 1 DAGs
[2026-09-25T23:41:38.248+0000] {logging_mixin.py:190} INFO - [2026-09-25T23:41:38.248+0000] {dag.py:4156} INFO - Setting next_dagrun for weather_etl to 2026-09-25 02:30:00+00:00, run_after=2026-09-26 02:30:00+00:00
[2026-09-25T23:41:38.255+0000] {processor.py:208} INFO - Processing /opt/airflow/dags/weather_etl.py took 0.051 seconds
[2026-09-25T23:42:08.570+0000] {processor.py:186} INFO - Started process (PID=3679) to work on /opt/airflow/dags/weather_etl.py
[2026-09-25T23:42:08.576+0000] {processor.py:914} INFO - Processing file /opt/airflow/dags/weather_etl.py for tasks to queue
[2026-09-25T23:42:08.577+0000] {logging_mixin.py:190} INFO - [2026-09-25T23:42:08.576+0000] {dagbag.py:587} INFO - Filling up the DagBag from /opt/airflow/dags/weather_etl.py
[2026-09-25T23:42:08.595+0000] {processor.py:925} INFO - DAG(s) 'weather_etl' retrieved from /opt/airflow/dags/weather_etl.py
[2026-09-25T23:42:08.603+0000] {logging_mixin.py:190} INFO - [2026-09-25T23:42:08.603+0000] {dag.py:3229} INFO - Sync 1 DAGs
[2026-09-25T23:42:08.613+0000] {logging_mixin.py:190} INFO - [2026-09-25T23:42:08.613+0000] {dag.py:4156} INFO - Setting next_dagrun for weather_etl to 2026-09-25 02:30:00+00:00, run_after=2026-09-26 02:30:00+00:00
[2026-09-25T23:42:08.619+0000] {processor.py:208} INFO - Processing /opt/airflow/dags/weather_etl.py took 0.056 seconds
[2026-09-25T23:42:39.006+0000] {processor.py:186} INFO - Started process (PID=3695) to work on /opt/airflow/dags/weather_etl.py
[2026-09-25T23:42:39.010+0000] {processor.py:914} INFO - Processing file /opt/airflow/dags/weather_etl.py for tasks to queue
[2026-09-25T23:42:39.011+0000] {logging_mixin.py:190} INFO - [2026-09-25T23:42:39.011+0000] {dagbag.py:587} INFO - Filling up the DagBag from /opt/airflow/dags/weather_etl.py
[2026-09-25T23:42:39.039+0000] {processor.py:925} INFO - DAG(s) 'weather_etl' retrieved from /opt/airflow/dags/weather_etl.py
[2026-09-25T23:42:39.047+0000] {logging_mixin.py:190} INFO - [2026-09-25T23:42:39.047+0000] {dag.py:3229} INFO - Sync 1 DAGs
[2026-09-25T23:42:39.059+0000] {logging_mixin.py:190} INFO - [2026-09-25T23:42:39.059+0000] {dag.py:4156} INFO - Setting next_dagrun for weather_etl to 2026-09-25 02:30:00+00:00, run_after=2026-09-26 02:30:00+00:00
[2026-09-25T23:42:39.069+0000] {processor.py:208} INFO - Processing /opt/airflow/dags/weather_etl.py took 0.068 seconds
[2026-09-25T23:43:09.380+0000] {processor.py:186} INFO - Started process (PID=3711) to work on /opt/airflow/dags/weather_etl.py
[2026-09-25T23:43:09.386+0000] {processor.py:914} INFO - Processing file /opt/airflow/dags/weather_etl.py for tasks to queue
[2026-09-25T23:43:09.386+0000] {logging_mixin.py:190} INFO - [2026-09-25T23:43:09.386+0000] {dagbag.py:587} INFO - Filling up the DagBag from /opt/airflow/dags/weather_etl.py
[2026-09-25T23:43:09.405+0000] {processor.py:925} INFO - DAG(s) 'weather_etl' retrieved from /opt/airflow/dags/weather_etl.py
[2026-09-25T23:43:09.410+0000] {logging_mixin.py:190} INFO - [2026-09-25T23:43:09.410+0000] {dag.py:3229} INFO - Sync 1 DAGs
[2026-09-25T23:43:09.423+0000] {logging_mixin.py:190} INFO - [2026-09-25T23:43:09.422+0000] {dag.py:4156} INFO - Setting next_dagrun for weather_etl to 2026-09-25 02:30:00+00:00, run_after=2026-09-26 02:30:00+00:00
[2026-09-25T23:43:09.428+0000] {processor.py:208} INFO - Processing /opt/airflow/dags/weather_etl.py took 0.057 seconds
[2026-09-25T23:43:39.862+0000] {processor.py:186} INFO - Started process (PID=3728) to work on /opt/airflow/dags/weather_etl.py
[2026-09-25T23:43:39.866+0000] {processor.py:914} INFO - Processing file /opt/airflow/dags/weather_etl.py for tasks to queue
[2026-09-25T23:43:39.869+0000] {logging_mixin.py:190} INFO - [2026-09-25T23:43:39.869+0000] {dagbag.py:587} INFO - Filling up the DagBag from /opt/airflow/dags/weather_etl.py
[2026-09-25T23:43:39.897+0000] {processor.py:925} INFO - DAG(s) 'weather_etl' retrieved from /opt/airflow/dags/weather_etl.py
[2026-09-25T23:43:39.908+0000] {logging_mixin.py:190} INFO - [2026-09-25T23:43:39.908+0000] {dag.py:3229} INFO - Sync 1 DAGs
[2026-09-25T23:43:39.929+0000] {logging_mixin.py:190} INFO - [2026-09-25T23:43:39.929+0000] {dag.py:4156} INFO - Setting next_dagrun for weather_etl to 2026-09-25 02:30:00+00:00, run_after=2026-09-26 02:30:00+00:00
[2026-09-25T23:43:39.937+0000] {processor.py:208} INFO - Processing /opt/airflow/dags/weather_etl.py took 0.082 seconds
[2026-09-25T23:44:10.258+0000] {processor.py:186} INFO - Started process (PID=3750) to work on /opt/airflow/dags/weather_etl.py
[2026-09-25T23:44:10.263+0000] {processor.py:914} INFO - Processing file /opt/airflow/dags/weather_etl.py for tasks to queue
[2026-09-25T23:44:10.264+0000] {logging_mixin.py:190} INFO - [2026-09-25T23:44:10.264+0000] {dagbag.py:587} INFO - Filling up the DagBag from /opt/airflow/dags/weather_etl.py
[2026-09-25T23:44:10.283+0000] {processor.py:925} INFO - DAG(s) 'weather_etl' retrieved from /opt/airflow/dags/weather_etl.py
[2026-09-25T23:44:10.290+0000] {logging_mixin.py:190} INFO - [2026-09-25T23:44:10.289+0000] {dag.py:3229} INFO - Sync 1 DAGs
[2026-09-25T23:44:10.300+0000] {logging_mixin.py:190} INFO - [2026-09-25T23:44:10.300+0000] {dag.py:4156} INFO - Setting next_dagrun for weather_etl to 2026-09-25 02:30:00+00:00, run_after=2026-09-26 02:30:00+00:00
[2026-09-25T23:44:10.306+0000] {processor.py:208} INFO - Processing /opt/airflow/dags/weather_etl.py took 0.052 seconds
[2026-09-25T23:44:40.680+0000] {processor.py:186} INFO - Started process (PID=3766) to work on /opt/airflow/dags/weather_etl.py
[2026-09-25T23:44:40.685+0000] {processor.py:914} INFO - Processing file /opt/airflow/dags/weather_etl.py for tasks to queue
[2026-09-25T23:44:40.686+0000] {logging_mixin.py:190} INFO - [2026-09-25T23:44:40.686+0000] {dagbag.py:587} INFO - Filling up the DagBag from /opt/airflow/dags/weather_etl.py
[2026-09-25T23:44:40.708+0000] {processor.py:925} INFO - DAG(s) 'weather_etl' retrieved from /opt/airflow/dags/weather_etl.py
[2026-09-25T23:44:40.714+0000] {logging_mixin.py:190} INFO - [2026-09-25T23:44:40.714+0000] {dag.py:3229} INFO - Sync 1 DAGs
[2026-09-25T23:44:40.725+0000] {logging_mixin.py:190} INFO - [2026-09-25T23:44:40.725+0000] {dag.py:4156} INFO - Setting next_dagrun for weather_etl to 2026-09-25 02:30:00+00:00, run_after=2026-09-26 02:30:00+00:00
[2026-09-25T23:44:40.731+0000] {processor.py:208} INFO - Processing /opt/airflow/dags/weather_etl.py took 0.058 seconds
[2026-09-25T23:45:11.176+0000] {processor.py:186} INFO - Started process (PID=3782) to work on /opt/airflow/dags/weather_etl.py
[2026-09-25T23:45:11.194+0000] {processor.py:914} INFO - Processing file /opt/airflow/dags/weather_etl.py for tasks to queue
[2026-09-25T23:45:11.201+0000] {logging_mixin.py:190} INFO - [2026-09-25T23:45:11.200+0000] {dagbag.py:587} INFO - Filling up the DagBag from /opt/airflow/dags/weather_etl.py
[2026-09-25T23:45:11.252+0000] {processor.py:925} INFO - DAG(s) 'weather_etl' retrieved from /opt/airflow/dags/weather_etl.py
[2026-09-25T23:45:11.263+0000] {logging_mixin.py:190} INFO - [2026-09-25T23:45:11.262+0000] {dag.py:3229} INFO - Sync 1 DAGs
[2026-09-25T23:45:11.280+0000] {logging_mixin.py:190} INFO - [2026-09-25T23:45:11.280+0000] {dag.py:4156} INFO - Setting next_dagrun for weather_etl to 2026-09-25 02:30:00+00:00, run_after=2026-09-26 02:30:00+00:00
[2026-09-25T23:45:11.289+0000] {processor.py:208} INFO - Processing /opt/airflow/dags/weather_etl.py took 0.171 seconds
[2026-09-25T23:45:41.531+0000] {processor.py:186} INFO - Started process (PID=3828) to work on /opt/airflow/dags/weather_etl.py
[2026-09-25T23:45:41.535+0000] {processor.py:914} INFO - Processing file /opt/airflow/dags/weather_etl.py for tasks to queue
[2026-09-25T23:45:41.537+0000] {logging_mixin.py:190} INFO - [2026-09-25T23:45:41.536+0000] {dagbag.py:587} INFO - Filling up the DagBag from /opt/airflow/dags/weather_etl.py
[2026-09-25T23:45:41.556+0000] {processor.py:925} INFO - DAG(s) 'weather_etl' retrieved from /opt/airflow/dags/weather_etl.py
[2026-09-25T23:45:41.563+0000] {logging_mixin.py:190} INFO - [2026-09-25T23:45:41.563+0000] {dag.py:3229} INFO - Sync 1 DAGs
[2026-09-25T23:45:41.575+0000] {logging_mixin.py:190} INFO - [2026-09-25T23:45:41.575+0000] {dag.py:4156} INFO - Setting next_dagrun for weather_etl to 2026-09-25 02:30:00+00:00, run_after=2026-09-26 02:30:00+00:00
[2026-09-25T23:45:41.582+0000] {processor.py:208} INFO - Processing /opt/airflow/dags/weather_etl.py took 0.058 seconds
[2026-09-25T23:46:11.907+0000] {processor.py:186} INFO - Started process (PID=3844) to work on /opt/airflow/dags/weather_etl.py
[2026-09-25T23:46:11.910+0000] {processor.py:914} INFO - Processing file /opt/airflow/dags/weather_etl.py for tasks to queue
[2026-09-25T23:46:11.911+0000] {logging_mixin.py:190} INFO - [2026-09-25T23:46:11.911+0000] {dagbag.py:587} INFO - Filling up the DagBag from /opt/airflow/dags/weather_etl.py
[2026-09-25T23:46:11.936+0000] {processor.py:925} INFO - DAG(s) 'weather_etl' retrieved from /opt/airflow/dags/weather_etl.py
[2026-09-25T23:46:11.945+0000] {logging_mixin.py:190} INFO - [2026-09-25T23:46:11.945+0000] {dag.py:3229} INFO - Sync 1 DAGs
[2026-09-25T23:46:11.958+0000] {logging_mixin.py:190} INFO - [2026-09-25T23:46:11.958+0000] {dag.py:4156} INFO - Setting next_dagrun for weather_etl to 2026-09-25 02:30:00+00:00, run_after=2026-09-26 02:30:00+00:00
[2026-09-25T23:46:11.965+0000] {processor.py:208} INFO - Processing /opt/airflow/dags/weather_etl.py took 0.065 seconds
[2026-09-25T23:46:42.241+0000] {processor.py:186} INFO - Started process (PID=3860) to work on /opt/airflow/dags/weather_etl.py
[2026-09-25T23:46:42.247+0000] {processor.py:914} INFO - Processing file /opt/airflow/dags/weather_etl.py for tasks to queue
[2026-09-25T23:46:42.247+0000] {logging_mixin.py:190} INFO - [2026-09-25T23:46:42.247+0000] {dagbag.py:587} INFO - Filling up the DagBag from /opt/airflow/dags/weather_etl.py
[2026-09-25T23:46:42.271+0000] {processor.py:925} INFO - DAG(s) 'weather_etl' retrieved from /opt/airflow/dags/weather_etl.py
[2026-09-25T23:46:42.277+0000] {logging_mixin.py:190} INFO - [2026-09-25T23:46:42.277+0000] {dag.py:3229} INFO - Sync 1 DAGs
[2026-09-25T23:46:42.289+0000] {logging_mixin.py:190} INFO - [2026-09-25T23:46:42.288+0000] {dag.py:4156} INFO - Setting next_dagrun for weather_etl to 2026-09-25 02:30:00+00:00, run_after=2026-09-26 02:30:00+00:00
[2026-09-25T23:46:42.295+0000] {processor.py:208} INFO - Processing /opt/airflow/dags/weather_etl.py took 0.061 seconds
[2026-09-25T23:47:12.604+0000] {processor.py:186} INFO - Started process (PID=3940) to work on /opt/airflow/dags/weather_etl.py
[2026-09-25T23:47:12.608+0000] {processor.py:914} INFO - Processing file /opt/airflow/dags/weather_etl.py for tasks to queue
[2026-09-25T23:47:12.609+0000] {logging_mixin.py:190} INFO - [2026-09-25T23:47:12.609+0000] {dagbag.py:587} INFO - Filling up the DagBag from /opt/airflow/dags/weather_etl.py
[2026-09-25T23:47:12.633+0000] {processor.py:925} INFO - DAG(s) 'weather_etl' retrieved from /opt/airflow/dags/weather_etl.py
[2026-09-25T23:47:12.640+0000] {logging_mixin.py:190} INFO - [2026-09-25T23:47:12.640+0000] {dag.py:3229} INFO - Sync 1 DAGs
[2026-09-25T23:47:12.651+0000] {logging_mixin.py:190} INFO - [2026-09-25T23:47:12.651+0000] {dag.py:4156} INFO - Setting next_dagrun for weather_etl to 2026-09-25 02:30:00+00:00, run_after=2026-09-26 02:30:00+00:00
[2026-09-25T23:47:12.657+0000] {processor.py:208} INFO - Processing /opt/airflow/dags/weather_etl.py took 0.061 seconds
[2026-09-25T23:47:43.068+0000] {processor.py:186} INFO - Started process (PID=3956) to work on /opt/airflow/dags/weather_etl.py
[2026-09-25T23:47:43.072+0000] {processor.py:914} INFO - Processing file /opt/airflow/dags/weather_etl.py for tasks to queue
[2026-09-25T23:47:43.073+0000] {logging_mixin.py:190} INFO - [2026-09-25T23:47:43.073+0000] {dagbag.py:587} INFO - Filling up the DagBag from /opt/airflow/dags/weather_etl.py
[2026-09-25T23:47:43.115+0000] {processor.py:925} INFO - DAG(s) 'weather_etl' retrieved from /opt/airflow/dags/weather_etl.py
[2026-09-25T23:47:43.127+0000] {logging_mixin.py:190} INFO - [2026-09-25T23:47:43.127+0000] {dag.py:3229} INFO - Sync 1 DAGs
[2026-09-25T23:47:43.146+0000] {logging_mixin.py:190} INFO - [2026-09-25T23:47:43.146+0000] {dag.py:4156} INFO - Setting next_dagrun for weather_etl to 2026-09-25 02:30:00+00:00, run_after=2026-09-26 02:30:00+00:00
[2026-09-25T23:47:43.153+0000] {processor.py:208} INFO - Processing /opt/airflow/dags/weather_etl.py took 0.100 seconds
[2026-09-25T23:48:13.560+0000] {processor.py:186} INFO - Started process (PID=3972) to work on /opt/airflow/dags/weather_etl.py
[2026-09-25T23:48:13.564+0000] {processor.py:914} INFO - Processing file /opt/airflow/dags/weather_etl.py for tasks to queue
[2026-09-25T23:48:13.565+0000] {logging_mixin.py:190} INFO - [2026-09-25T23:48:13.564+0000] {dagbag.py:587} INFO - Filling up the DagBag from /opt/airflow/dags/weather_etl.py
[2026-09-25T23:48:13.588+0000] {processor.py:925} INFO - DAG(s) 'weather_etl' retrieved from /opt/airflow/dags/weather_etl.py
[2026-09-25T23:48:13.594+0000] {logging_mixin.py:190} INFO - [2026-09-25T23:48:13.594+0000] {dag.py:3229} INFO - Sync 1 DAGs
[2026-09-25T23:48:13.605+0000] {logging_mixin.py:190} INFO - [2026-09-25T23:48:13.605+0000] {dag.py:4156} INFO - Setting next_dagrun for weather_etl to 2026-09-25 02:30:00+00:00, run_after=2026-09-26 02:30:00+00:00
[2026-09-25T23:48:13.611+0000] {processor.py:208} INFO - Processing /opt/airflow/dags/weather_etl.py took 0.058 seconds
[2026-09-25T23:48:43.991+0000] {processor.py:186} INFO - Started process (PID=3988) to work on /opt/airflow/dags/weather_etl.py
[2026-09-25T23:48:43.995+0000] {processor.py:914} INFO - Processing file /opt/airflow/dags/weather_etl.py for tasks to queue
[2026-09-25T23:48:43.996+0000] {logging_mixin.py:190} INFO - [2026-09-25T23:48:43.996+0000] {dagbag.py:587} INFO - Filling up the DagBag from /opt/airflow/dags/weather_etl.py
[2026-09-25T23:48:44.036+0000] {processor.py:925} INFO - DAG(s) 'weather_etl' retrieved from /opt/airflow/dags/weather_etl.py
[2026-09-25T23:48:44.050+0000] {logging_mixin.py:190} INFO - [2026-09-25T23:48:44.049+0000] {dag.py:3229} INFO - Sync 1 DAGs
[2026-09-25T23:48:44.070+0000] {logging_mixin.py:190} INFO - [2026-09-25T23:48:44.070+0000] {dag.py:4156} INFO - Setting next_dagrun for weather_etl to 2026-09-25 02:30:00+00:00, run_after=2026-09-26 02:30:00+00:00
[2026-09-25T23:48:44.077+0000] {processor.py:208} INFO - Processing /opt/airflow/dags/weather_etl.py took 0.102 seconds
[2026-09-25T23:49:14.432+0000] {processor.py:186} INFO - Started process (PID=4004) to work on /opt/airflow/dags/weather_etl.py
[2026-09-25T23:49:14.436+0000] {processor.py:914} INFO - Processing file /opt/airflow/dags/weather_etl.py for tasks to queue
[2026-09-25T23:49:14.437+0000] {logging_mixin.py:190} INFO - [2026-09-25T23:49:14.437+0000] {dagbag.py:587} INFO - Filling up the DagBag from /opt/airflow/dags/weather_etl.py
[2026-09-25T23:49:14.462+0000] {processor.py:925} INFO - DAG(s) 'weather_etl' retrieved from /opt/airflow/dags/weather_etl.py
[2026-09-25T23:49:14.471+0000] {logging_mixin.py:190} INFO - [2026-09-25T23:49:14.470+0000] {dag.py:3229} INFO - Sync 1 DAGs
[2026-09-25T23:49:14.485+0000] {logging_mixin.py:190} INFO - [2026-09-25T23:49:14.485+0000] {dag.py:4156} INFO - Setting next_dagrun for weather_etl to 2026-09-25 02:30:00+00:00, run_after=2026-09-26 02:30:00+00:00
[2026-09-25T23:49:14.492+0000] {processor.py:208} INFO - Processing /opt/airflow/dags/weather_etl.py took 0.071 seconds
[2026-09-25T23:49:44.871+0000] {processor.py:186} INFO - Started process (PID=4020) to work on /opt/airflow/dags/weather_etl.py
[2026-09-25T23:49:44.877+0000] {processor.py:914} INFO - Processing file /opt/airflow/dags/weather_etl.py for tasks to queue
[2026-09-25T23:49:44.878+0000] {logging_mixin.py:190} INFO - [2026-09-25T23:49:44.878+0000] {dagbag.py:587} INFO - Filling up the DagBag from /opt/airflow/dags/weather_etl.py
[2026-09-25T23:49:44.896+0000] {processor.py:925} INFO - DAG(s) 'weather_etl' retrieved from /opt/airflow/dags/weather_etl.py
[2026-09-25T23:49:44.903+0000] {logging_mixin.py:190} INFO - [2026-09-25T23:49:44.903+0000] {dag.py:3229} INFO - Sync 1 DAGs
[2026-09-25T23:49:44.914+0000] {logging_mixin.py:190} INFO - [2026-09-25T23:49:44.914+0000] {dag.py:4156} INFO - Setting next_dagrun for weather_etl to 2026-09-25 02:30:00+00:00, run_after=2026-09-26 02:30:00+00:00
[2026-09-25T23:49:44.919+0000] {processor.py:208} INFO - Processing /opt/airflow/dags/weather_etl.py took 0.069 seconds
[2026-09-25T23:50:15.281+0000] {processor.py:186} INFO - Started process (PID=4036) to work on /opt/airflow/dags/weather_etl.py
[2026-09-25T23:50:15.286+0000] {processor.py:914} INFO - Processing file /opt/airflow/dags/weather_etl.py for tasks to queue
[2026-09-25T23:50:15.287+0000] {logging_mixin.py:190} INFO - [2026-09-25T23:50:15.287+0000] {dagbag.py:587} INFO - Filling up the DagBag from /opt/airflow/dags/weather_etl.py
[2026-09-25T23:50:15.308+0000] {processor.py:925} INFO - DAG(s) 'weather_etl' retrieved from /opt/airflow/dags/weather_etl.py
[2026-09-25T23:50:15.316+0000] {logging_mixin.py:190} INFO - [2026-09-25T23:50:15.316+0000] {dag.py:3229} INFO - Sync 1 DAGs
[2026-09-25T23:50:15.327+0000] {logging_mixin.py:190} INFO - [2026-09-25T23:50:15.327+0000] {dag.py:4156} INFO - Setting next_dagrun for weather_etl to 2026-09-25 02:30:00+00:00, run_after=2026-09-26 02:30:00+00:00
[2026-09-25T23:50:15.333+0000] {processor.py:208} INFO - Processing /opt/airflow/dags/weather_etl.py took 0.059 seconds
[2026-09-25T23:50:45.832+0000] {processor.py:186} INFO - Started process (PID=4052) to work on /opt/airflow/dags/weather_etl.py
[2026-09-25T23:50:45.838+0000] {processor.py:914} INFO - Processing file /opt/airflow/dags/weather_etl.py for tasks to queue
[2026-09-25T23:50:45.840+0000] {logging_mixin.py:190} INFO - [2026-09-25T23:50:45.839+0000] {dagbag.py:587} INFO - Filling up the DagBag from /opt/airflow/dags/weather_etl.py
[2026-09-25T23:50:45.873+0000] {processor.py:925} INFO - DAG(s) 'weather_etl' retrieved from /opt/airflow/dags/weather_etl.py
[2026-09-25T23:50:45.899+0000] {logging_mixin.py:190} INFO - [2026-09-25T23:50:45.899+0000] {dag.py:3229} INFO - Sync 1 DAGs
[2026-09-25T23:50:45.932+0000] {logging_mixin.py:190} INFO - [2026-09-25T23:50:45.932+0000] {dag.py:4156} INFO - Setting next_dagrun for weather_etl to 2026-09-25 02:30:00+00:00, run_after=2026-09-26 02:30:00+00:00
[2026-09-25T23:50:45.942+0000] {processor.py:208} INFO - Processing /opt/airflow/dags/weather_etl.py took 0.120 seconds
[2026-09-25T23:51:16.386+0000] {processor.py:186} INFO - Started process (PID=4068) to work on /opt/airflow/dags/weather_etl.py
[2026-09-25T23:51:16.391+0000] {processor.py:914} INFO - Processing file /opt/airflow/dags/weather_etl.py for tasks to queue
[2026-09-25T23:51:16.392+0000] {logging_mixin.py:190} INFO - [2026-09-25T23:51:16.391+0000] {dagbag.py:587} INFO - Filling up the DagBag from /opt/airflow/dags/weather_etl.py
[2026-09-25T23:51:16.417+0000] {processor.py:925} INFO - DAG(s) 'weather_etl' retrieved from /opt/airflow/dags/weather_etl.py
[2026-09-25T23:51:16.423+0000] {logging_mixin.py:190} INFO - [2026-09-25T23:51:16.423+0000] {dag.py:3229} INFO - Sync 1 DAGs
[2026-09-25T23:51:16.434+0000] {logging_mixin.py:190} INFO - [2026-09-25T23:51:16.434+0000] {dag.py:4156} INFO - Setting next_dagrun for weather_etl to 2026-09-25 02:30:00+00:00, run_after=2026-09-26 02:30:00+00:00
[2026-09-25T23:51:16.441+0000] {processor.py:208} INFO - Processing /opt/airflow/dags/weather_etl.py took 0.067 seconds
[2026-09-25T23:51:46.787+0000] {processor.py:186} INFO - Started process (PID=4084) to work on /opt/airflow/dags/weather_etl.py
[2026-09-25T23:51:46.790+0000] {processor.py:914} INFO - Processing file /opt/airflow/dags/weather_etl.py for tasks to queue
[2026-09-25T23:51:46.791+0000] {logging_mixin.py:190} INFO - [2026-09-25T23:51:46.790+0000] {dagbag.py:587} INFO - Filling up the DagBag from /opt/airflow/dags/weather_etl.py
[2026-09-25T23:51:46.815+0000] {processor.py:925} INFO - DAG(s) 'weather_etl' retrieved from /opt/airflow/dags/weather_etl.py
[2026-09-25T23:51:46.823+0000] {logging_mixin.py:190} INFO - [2026-09-25T23:51:46.823+0000] {dag.py:3229} INFO - Sync 1 DAGs
[2026-09-25T23:51:46.839+0000] {logging_mixin.py:190} INFO - [2026-09-25T23:51:46.839+0000] {dag.py:4156} INFO - Setting next_dagrun for weather_etl to 2026-09-25 02:30:00+00:00, run_after=2026-09-26 02:30:00+00:00
[2026-09-25T23:51:46.847+0000] {processor.py:208} INFO - Processing /opt/airflow/dags/weather_etl.py took 0.066 seconds
[2026-09-25T23:52:17.217+0000] {processor.py:186} INFO - Started process (PID=4100) to work on /opt/airflow/dags/weather_etl.py
[2026-09-25T23:52:17.221+0000] {processor.py:914} INFO - Processing file /opt/airflow/dags/weather_etl.py for tasks to queue
[2026-09-25T23:52:17.221+0000] {logging_mixin.py:190} INFO - [2026-09-25T23:52:17.221+0000] {dagbag.py:587} INFO - Filling up the DagBag from /opt/airflow/dags/weather_etl.py
[2026-09-25T23:52:17.245+0000] {processor.py:925} INFO - DAG(s) 'weather_etl' retrieved from /opt/airflow/dags/weather_etl.py
[2026-09-25T23:52:17.252+0000] {logging_mixin.py:190} INFO - [2026-09-25T23:52:17.251+0000] {dag.py:3229} INFO - Sync 1 DAGs
[2026-09-25T23:52:17.262+0000] {logging_mixin.py:190} INFO - [2026-09-25T23:52:17.262+0000] {dag.py:4156} INFO - Setting next_dagrun for weather_etl to 2026-09-25 02:30:00+00:00, run_after=2026-09-26 02:30:00+00:00
[2026-09-25T23:52:17.269+0000] {processor.py:208} INFO - Processing /opt/airflow/dags/weather_etl.py took 0.059 seconds
[2026-09-25T23:52:47.636+0000] {processor.py:186} INFO - Started process (PID=4116) to work on /opt/airflow/dags/weather_etl.py
[2026-09-25T23:52:47.640+0000] {processor.py:914} INFO - Processing file /opt/airflow/dags/weather_etl.py for tasks to queue
[2026-09-25T23:52:47.641+0000] {logging_mixin.py:190} INFO - [2026-09-25T23:52:47.641+0000] {dagbag.py:587} INFO - Filling up the DagBag from /opt/airflow/dags/weather_etl.py
[2026-09-25T23:52:47.663+0000] {processor.py:925} INFO - DAG(s) 'weather_etl' retrieved from /opt/airflow/dags/weather_etl.py
[2026-09-25T23:52:47.669+0000] {logging_mixin.py:190} INFO - [2026-09-25T23:52:47.669+0000] {dag.py:3229} INFO - Sync 1 DAGs
[2026-09-25T23:52:47.680+0000] {logging_mixin.py:190} INFO - [2026-09-25T23:52:47.680+0000] {dag.py:4156} INFO - Setting next_dagrun for weather_etl to 2026-09-25 02:30:00+00:00, run_after=2026-09-26 02:30:00+00:00
[2026-09-25T23:52:47.687+0000] {processor.py:208} INFO - Processing /opt/airflow/dags/weather_etl.py took 0.061 seconds
[2026-09-25T23:53:18.113+0000] {processor.py:186} INFO - Started process (PID=4132) to work on /opt/airflow/dags/weather_etl.py
[2026-09-25T23:53:18.119+0000] {processor.py:914} INFO - Processing file /opt/airflow/dags/weather_etl.py for tasks to queue
[2026-09-25T23:53:18.119+0000] {logging_mixin.py:190} INFO - [2026-09-25T23:53:18.119+0000] {dagbag.py:587} INFO - Filling up the DagBag from /opt/airflow/dags/weather_etl.py
[2026-09-25T23:53:18.140+0000] {processor.py:925} INFO - DAG(s) 'weather_etl' retrieved from /opt/airflow/dags/weather_etl.py
[2026-09-25T23:53:18.146+0000] {logging_mixin.py:190} INFO - [2026-09-25T23:53:18.146+0000] {dag.py:3229} INFO - Sync 1 DAGs
[2026-09-25T23:53:18.157+0000] {logging_mixin.py:190} INFO - [2026-09-25T23:53:18.157+0000] {dag.py:4156} INFO - Setting next_dagrun for weather_etl to 2026-09-25 02:30:00+00:00, run_after=2026-09-26 02:30:00+00:00
[2026-09-25T23:53:18.163+0000] {processor.py:208} INFO - Processing /opt/airflow/dags/weather_etl.py took 0.059 seconds
[2026-09-25T23:53:48.586+0000] {processor.py:186} INFO - Started process (PID=4148) to work on /opt/airflow/dags/weather_etl.py
[2026-09-25T23:53:48.589+0000] {processor.py:914} INFO - Processing file /opt/airflow/dags/weather_etl.py for tasks to queue
[2026-09-25T23:53:48.590+0000] {logging_mixin.py:190} INFO - [2026-09-25T23:53:48.590+0000] {dagbag.py:587} INFO - Filling up the DagBag from /opt/airflow/dags/weather_etl.py
[2026-09-25T23:53:48.614+0000] {processor.py:925} INFO - DAG(s) 'weather_etl' retrieved from /opt/airflow/dags/weather_etl.py
[2026-09-25T23:53:48.620+0000] {logging_mixin.py:190} INFO - [2026-09-25T23:53:48.620+0000] {dag.py:3229} INFO - Sync 1 DAGs
[2026-09-25T23:53:48.633+0000] {logging_mixin.py:190} INFO - [2026-09-25T23:53:48.633+0000] {dag.py:4156} INFO - Setting next_dagrun for weather_etl to 2026-09-25 02:30:00+00:00, run_after=2026-09-26 02:30:00+00:00
[2026-09-25T23:53:48.640+0000] {processor.py:208} INFO - Processing /opt/airflow/dags/weather_etl.py took 0.059 seconds
[2026-09-25T23:54:18.971+0000] {processor.py:186} INFO - Started process (PID=4164) to work on /opt/airflow/dags/weather_etl.py
[2026-09-25T23:54:18.975+0000] {processor.py:914} INFO - Processing file /opt/airflow/dags/weather_etl.py for tasks to queue
[2026-09-25T23:54:18.976+0000] {logging_mixin.py:190} INFO - [2026-09-25T23:54:18.976+0000] {dagbag.py:587} INFO - Filling up the DagBag from /opt/airflow/dags/weather_etl.py
[2026-09-25T23:54:18.993+0000] {processor.py:925} INFO - DAG(s) 'weather_etl' retrieved from /opt/airflow/dags/weather_etl.py
[2026-09-25T23:54:18.999+0000] {logging_mixin.py:190} INFO - [2026-09-25T23:54:18.999+0000] {dag.py:3229} INFO - Sync 1 DAGs
[2026-09-25T23:54:19.010+0000] {logging_mixin.py:190} INFO - [2026-09-25T23:54:19.010+0000] {dag.py:4156} INFO - Setting next_dagrun for weather_etl to 2026-09-25 02:30:00+00:00, run_after=2026-09-26 02:30:00+00:00
[2026-09-25T23:54:19.016+0000] {processor.py:208} INFO - Processing /opt/airflow/dags/weather_etl.py took 0.052 seconds
[2026-09-25T23:54:49.339+0000] {processor.py:186} INFO - Started process (PID=4180) to work on /opt/airflow/dags/weather_etl.py
[2026-09-25T23:54:49.343+0000] {processor.py:914} INFO - Processing file /opt/airflow/dags/weather_etl.py for tasks to queue
[2026-09-25T23:54:49.344+0000] {logging_mixin.py:190} INFO - [2026-09-25T23:54:49.343+0000] {dagbag.py:587} INFO - Filling up the DagBag from /opt/airflow/dags/weather_etl.py
[2026-09-25T23:54:49.365+0000] {processor.py:925} INFO - DAG(s) 'weather_etl' retrieved from /opt/airflow/dags/weather_etl.py
[2026-09-25T23:54:49.371+0000] {logging_mixin.py:190} INFO - [2026-09-25T23:54:49.371+0000] {dag.py:3229} INFO - Sync 1 DAGs
[2026-09-25T23:54:49.382+0000] {logging_mixin.py:190} INFO - [2026-09-25T23:54:49.382+0000] {dag.py:4156} INFO - Setting next_dagrun for weather_etl to 2026-09-25 02:30:00+00:00, run_after=2026-09-26 02:30:00+00:00
[2026-09-25T23:54:49.388+0000] {processor.py:208} INFO - Processing /opt/airflow/dags/weather_etl.py took 0.055 seconds
[2026-09-25T23:55:19.759+0000] {processor.py:186} INFO - Started process (PID=4196) to work on /opt/airflow/dags/weather_etl.py
[2026-09-25T23:55:19.774+0000] {processor.py:914} INFO - Processing file /opt/airflow/dags/weather_etl.py for tasks to queue
[2026-09-25T23:55:19.775+0000] {logging_mixin.py:190} INFO - [2026-09-25T23:55:19.775+0000] {dagbag.py:587} INFO - Filling up the DagBag from /opt/airflow/dags/weather_etl.py
[2026-09-25T23:55:19.798+0000] {processor.py:925} INFO - DAG(s) 'weather_etl' retrieved from /opt/airflow/dags/weather_etl.py
[2026-09-25T23:55:19.806+0000] {logging_mixin.py:190} INFO - [2026-09-25T23:55:19.806+0000] {dag.py:3229} INFO - Sync 1 DAGs
[2026-09-25T23:55:19.819+0000] {logging_mixin.py:190} INFO - [2026-09-25T23:55:19.819+0000] {dag.py:4156} INFO - Setting next_dagrun for weather_etl to 2026-09-25 02:30:00+00:00, run_after=2026-09-26 02:30:00+00:00
[2026-09-25T23:55:19.825+0000] {processor.py:208} INFO - Processing /opt/airflow/dags/weather_etl.py took 0.074 seconds
[2026-09-25T23:55:50.111+0000] {processor.py:186} INFO - Started process (PID=4212) to work on /opt/airflow/dags/weather_etl.py
[2026-09-25T23:55:50.115+0000] {processor.py:914} INFO - Processing file /opt/airflow/dags/weather_etl.py for tasks to queue
[2026-09-25T23:55:50.116+0000] {logging_mixin.py:190} INFO - [2026-09-25T23:55:50.116+0000] {dagbag.py:587} INFO - Filling up the DagBag from /opt/airflow/dags/weather_etl.py
[2026-09-25T23:55:50.138+0000] {processor.py:925} INFO - DAG(s) 'weather_etl' retrieved from /opt/airflow/dags/weather_etl.py
[2026-09-25T23:55:50.145+0000] {logging_mixin.py:190} INFO - [2026-09-25T23:55:50.145+0000] {dag.py:3229} INFO - Sync 1 DAGs
[2026-09-25T23:55:50.157+0000] {logging_mixin.py:190} INFO - [2026-09-25T23:55:50.157+0000] {dag.py:4156} INFO - Setting next_dagrun for weather_etl to 2026-09-25 02:30:00+00:00, run_after=2026-09-26 02:30:00+00:00
[2026-09-25T23:55:50.163+0000] {processor.py:208} INFO - Processing /opt/airflow/dags/weather_etl.py took 0.058 seconds
[2026-09-25T23:56:20.432+0000] {processor.py:186} INFO - Started process (PID=4228) to work on /opt/airflow/dags/weather_etl.py
[2026-09-25T23:56:20.435+0000] {processor.py:914} INFO - Processing file /opt/airflow/dags/weather_etl.py for tasks to queue
[2026-09-25T23:56:20.435+0000] {logging_mixin.py:190} INFO - [2026-09-25T23:56:20.435+0000] {dagbag.py:587} INFO - Filling up the DagBag from /opt/airflow/dags/weather_etl.py
[2026-09-25T23:56:20.450+0000] {processor.py:925} INFO - DAG(s) 'weather_etl' retrieved from /opt/airflow/dags/weather_etl.py
[2026-09-25T23:56:20.455+0000] {logging_mixin.py:190} INFO - [2026-09-25T23:56:20.455+0000] {dag.py:3229} INFO - Sync 1 DAGs
[2026-09-25T23:56:20.465+0000] {logging_mixin.py:190} INFO - [2026-09-25T23:56:20.465+0000] {dag.py:4156} INFO - Setting next_dagrun for weather_etl to 2026-09-25 02:30:00+00:00, run_after=2026-09-26 02:30:00+00:00
[2026-09-25T23:56:20.471+0000] {processor.py:208} INFO - Processing /opt/airflow/dags/weather_etl.py took 0.044 seconds
[2026-09-25T23:56:50.867+0000] {processor.py:186} INFO - Started process (PID=4244) to work on /opt/airflow/dags/weather_etl.py
[2026-09-25T23:56:50.871+0000] {processor.py:914} INFO - Processing file /opt/airflow/dags/weather_etl.py for tasks to queue
[2026-09-25T23:56:50.872+0000] {logging_mixin.py:190} INFO - [2026-09-25T23:56:50.872+0000] {dagbag.py:587} INFO - Filling up the DagBag from /opt/airflow/dags/weather_etl.py
[2026-09-25T23:56:50.893+0000] {processor.py:925} INFO - DAG(s) 'weather_etl' retrieved from /opt/airflow/dags/weather_etl.py
[2026-09-25T23:56:50.900+0000] {logging_mixin.py:190} INFO - [2026-09-25T23:56:50.900+0000] {dag.py:3229} INFO - Sync 1 DAGs
[2026-09-25T23:56:50.911+0000] {logging_mixin.py:190} INFO - [2026-09-25T23:56:50.911+0000] {dag.py:4156} INFO - Setting next_dagrun for weather_etl to 2026-09-25 02:30:00+00:00, run_after=2026-09-26 02:30:00+00:00
[2026-09-25T23:56:50.919+0000] {processor.py:208} INFO - Processing /opt/airflow/dags/weather_etl.py took 0.059 seconds
[2026-09-25T23:57:21.289+0000] {processor.py:186} INFO - Started process (PID=4260) to work on /opt/airflow/dags/weather_etl.py
[2026-09-25T23:57:21.293+0000] {processor.py:914} INFO - Processing file /opt/airflow/dags/weather_etl.py for tasks to queue
[2026-09-25T23:57:21.295+0000] {logging_mixin.py:190} INFO - [2026-09-25T23:57:21.294+0000] {dagbag.py:587} INFO - Filling up the DagBag from /opt/airflow/dags/weather_etl.py
[2026-09-25T23:57:21.319+0000] {processor.py:925} INFO - DAG(s) 'weather_etl' retrieved from /opt/airflow/dags/weather_etl.py
[2026-09-25T23:57:21.331+0000] {logging_mixin.py:190} INFO - [2026-09-25T23:57:21.330+0000] {dag.py:3229} INFO - Sync 1 DAGs
[2026-09-25T23:57:21.348+0000] {logging_mixin.py:190} INFO - [2026-09-25T23:57:21.348+0000] {dag.py:4156} INFO - Setting next_dagrun for weather_etl to 2026-09-25 02:30:00+00:00, run_after=2026-09-26 02:30:00+00:00
[2026-09-25T23:57:21.357+0000] {processor.py:208} INFO - Processing /opt/airflow/dags/weather_etl.py took 0.074 seconds
[2026-09-25T23:57:51.795+0000] {processor.py:186} INFO - Started process (PID=4276) to work on /opt/airflow/dags/weather_etl.py
[2026-09-25T23:57:51.801+0000] {processor.py:914} INFO - Processing file /opt/airflow/dags/weather_etl.py for tasks to queue
[2026-09-25T23:57:51.803+0000] {logging_mixin.py:190} INFO - [2026-09-25T23:57:51.803+0000] {dagbag.py:587} INFO - Filling up the DagBag from /opt/airflow/dags/weather_etl.py
[2026-09-25T23:57:51.824+0000] {processor.py:925} INFO - DAG(s) 'weather_etl' retrieved from /opt/airflow/dags/weather_etl.py
[2026-09-25T23:57:51.832+0000] {logging_mixin.py:190} INFO - [2026-09-25T23:57:51.832+0000] {dag.py:3229} INFO - Sync 1 DAGs
[2026-09-25T23:57:51.848+0000] {logging_mixin.py:190} INFO - [2026-09-25T23:57:51.848+0000] {dag.py:4156} INFO - Setting next_dagrun for weather_etl to 2026-09-25 02:30:00+00:00, run_after=2026-09-26 02:30:00+00:00
[2026-09-25T23:57:51.858+0000] {processor.py:208} INFO - Processing /opt/airflow/dags/weather_etl.py took 0.076 seconds
[2026-09-25T23:58:22.183+0000] {processor.py:186} INFO - Started process (PID=4292) to work on /opt/airflow/dags/weather_etl.py
[2026-09-25T23:58:22.187+0000] {processor.py:914} INFO - Processing file /opt/airflow/dags/weather_etl.py for tasks to queue
[2026-09-25T23:58:22.188+0000] {logging_mixin.py:190} INFO - [2026-09-25T23:58:22.188+0000] {dagbag.py:587} INFO - Filling up the DagBag from /opt/airflow/dags/weather_etl.py
[2026-09-25T23:58:22.207+0000] {processor.py:925} INFO - DAG(s) 'weather_etl' retrieved from /opt/airflow/dags/weather_etl.py
[2026-09-25T23:58:22.214+0000] {logging_mixin.py:190} INFO - [2026-09-25T23:58:22.214+0000] {dag.py:3229} INFO - Sync 1 DAGs
[2026-09-25T23:58:22.225+0000] {logging_mixin.py:190} INFO - [2026-09-25T23:58:22.225+0000] {dag.py:4156} INFO - Setting next_dagrun for weather_etl to 2026-09-25 02:30:00+00:00, run_after=2026-09-26 02:30:00+00:00
[2026-09-25T23:58:22.234+0000] {processor.py:208} INFO - Processing /opt/airflow/dags/weather_etl.py took 0.057 seconds
[2026-09-25T23:58:52.678+0000] {processor.py:186} INFO - Started process (PID=4308) to work on /opt/airflow/dags/weather_etl.py
[2026-09-25T23:58:52.684+0000] {processor.py:914} INFO - Processing file /opt/airflow/dags/weather_etl.py for tasks to queue
[2026-09-25T23:58:52.685+0000] {logging_mixin.py:190} INFO - [2026-09-25T23:58:52.685+0000] {dagbag.py:587} INFO - Filling up the DagBag from /opt/airflow/dags/weather_etl.py
[2026-09-25T23:58:52.713+0000] {processor.py:925} INFO - DAG(s) 'weather_etl' retrieved from /opt/airflow/dags/weather_etl.py
[2026-09-25T23:58:52.721+0000] {logging_mixin.py:190} INFO - [2026-09-25T23:58:52.720+0000] {dag.py:3229} INFO - Sync 1 DAGs
[2026-09-25T23:58:52.733+0000] {logging_mixin.py:190} INFO - [2026-09-25T23:58:52.732+0000] {dag.py:4156} INFO - Setting next_dagrun for weather_etl to 2026-09-25 02:30:00+00:00, run_after=2026-09-26 02:30:00+00:00
[2026-09-25T23:58:52.739+0000] {processor.py:208} INFO - Processing /opt/airflow/dags/weather_etl.py took 0.073 seconds
[2026-09-25T23:59:23.084+0000] {processor.py:186} INFO - Started process (PID=4324) to work on /opt/airflow/dags/weather_etl.py
[2026-09-25T23:59:23.089+0000] {processor.py:914} INFO - Processing file /opt/airflow/dags/weather_etl.py for tasks to queue
[2026-09-25T23:59:23.090+0000] {logging_mixin.py:190} INFO - [2026-09-25T23:59:23.089+0000] {dagbag.py:587} INFO - Filling up the DagBag from /opt/airflow/dags/weather_etl.py
[2026-09-25T23:59:23.110+0000] {processor.py:925} INFO - DAG(s) 'weather_etl' retrieved from /opt/airflow/dags/weather_etl.py
[2026-09-25T23:59:23.118+0000] {logging_mixin.py:190} INFO - [2026-09-25T23:59:23.118+0000] {dag.py:3229} INFO - Sync 1 DAGs
[2026-09-25T23:59:23.130+0000] {logging_mixin.py:190} INFO - [2026-09-25T23:59:23.130+0000] {dag.py:4156} INFO - Setting next_dagrun for weather_etl to 2026-09-25 02:30:00+00:00, run_after=2026-09-26 02:30:00+00:00
[2026-09-25T23:59:23.136+0000] {processor.py:208} INFO - Processing /opt/airflow/dags/weather_etl.py took 0.059 seconds
[2026-09-25T23:59:53.484+0000] {processor.py:186} INFO - Started process (PID=4340) to work on /opt/airflow/dags/weather_etl.py
[2026-09-25T23:59:53.488+0000] {processor.py:914} INFO - Processing file /opt/airflow/dags/weather_etl.py for tasks to queue
[2026-09-25T23:59:53.489+0000] {logging_mixin.py:190} INFO - [2026-09-25T23:59:53.488+0000] {dagbag.py:587} INFO - Filling up the DagBag from /opt/airflow/dags/weather_etl.py
[2026-09-25T23:59:53.512+0000] {processor.py:925} INFO - DAG(s) 'weather_etl' retrieved from /opt/airflow/dags/weather_etl.py
[2026-09-25T23:59:53.518+0000] {logging_mixin.py:190} INFO - [2026-09-25T23:59:53.518+0000] {dag.py:3229} INFO - Sync 1 DAGs
[2026-09-25T23:59:53.528+0000] {logging_mixin.py:190} INFO - [2026-09-25T23:59:53.528+0000] {dag.py:4156} INFO - Setting next_dagrun for weather_etl to 2026-09-25 02:30:00+00:00, run_after=2026-09-26 02:30:00+00:00
[2026-09-25T23:59:53.534+0000] {processor.py:208} INFO - Processing /opt/airflow/dags/weather_etl.py took 0.059 seconds
